vin,plate_number,customer_id,make,model,year_manufactured,engine_type,transmission,colour
4LDGZ7MDH9Y4K2SCH,NOD-346VI,CUST00001,LEXUS,ES 350,1899,PETROL,Manual,DarkOrchid
1U50AHHFH89RB7UGM,STJ-493YU,CUST00002,KIA,Sorento,2018,hybrid,AUTOMATIC,Bisque
M2B28EHPHMMA5XHCJ,SBX-688DS,CUST00003,MERCEDES,E-Class,2007,diesel,automatic,DarkMagenta
0L4ASWCV5J8XZ9PGC,QLE-342EM,CUST00004,Toyota,Camry,2009,PETROL,AUTOMATIC,DimGray
J4ETT1L26FT4KPEUN,BJX-831JF,CUST00005,NISSAN,Pathfinder,1899,PETROL,Manual,LemonChiffon
41BSEUHH3EYF0YUKR,EAK-380AJ,CUST00006,Mercedes-Benz,C-Class,2017,Diesel,automatic,Gainsboro
W8GZVUGDLX1MZ27JT,EVI-109VH,CUST00007,honda,Civic,2009,Diesel,cvt,Lime
0S36M5Z69VU4RWFW3,EAU-889VC,CUST00008,toyota,Corolla,2007,PETROL,automatic,Aquamarine
V8A49J789H2ANA4ZS,SHJ-856DP,CUST00009,nissan,Pathfinder,2024,hybrid,Manual,BlanchedAlmond
RME0J9ZD481L0HYSH,MWL-397GK,CUST00010,HYUNDAI,Tucson,2014,PETROL,automatic,Aqua
9C68DZA6YWZGAZM2Z,ZBR-109DJ,CUST00011,Honda,Pilot,2020,petrol,cvt,LightGoldenRodYellow
3H8AKTR720W04MUG5,KGT-772TO,CUST00011,NISSAN,Almera,2009,Diesel,automatic,Peru
HNVCJ23YCLN7UH388,KRF-919HY,CUST00012,Kia,Sportage,2017,Diesel,AUTOMATIC,DarkSalmon
JKZ9ASDY4A47VV8F4,VNZ-353ND,CUST00013,TOYOTA,Sienna,2021,PETROL,manual,Indigo
S4N7G9MNKRHJ2CUNK,ZLV-536JM,CUST00014,Kia,Sorento,2011,petrol,Manual,Crimson
RRY47D94DWHU0UZ3S,SDE-427UP,CUST00015,Nissan,Almera,2006,petrol,manual,PaleGreen
UG4MT80YWHGAJY000,YKD-343ZX,CUST00015,honda,CR-V,1899,Diesel,automatic,Peru
HCNN5GEYW7NKCJN3T,MRG-998GE,CUST00016,honda,CR-V,2016,petrol,Manual,MistyRose
9BLUJVCDN289EL591,MXV-675BP,CUST00017,LEXUS,ES 350,2024,PETROL,AUTOMATIC,LightSkyBlue
A969TWRVUHLRCSVCK,KIG-384EN,CUST00018,Honda,CR-V,2006,PETROL,cvt,Aqua
0XFTJ3VXDAZRUMTBG,WTM-839JM,CUST01218,Toyota Motors,Sienna,1899,hybrid,AUTOMATIC,BlanchedAlmond
P2K5R40K7F8M6MMN8,PRF-846KK,CUST00019,Honda,CR-V,2005,PETROL,AUTOMATIC,Brown
NEKE4S62GJAG11BHA,KYE-881CD,CUST00019,Kia,Rio,2012,diesel,AUTOMATIC,Maroon
GYFNJ75LWY7KSDUHB,FTA-944WW,CUST00020,Kia,Rio,2022,petrol,cvt,LightSkyBlue
BR41KZVR1H8LHRG,ZGM-388UW,CUST00021,HONDA,Accord,2024,petrol,manual,OrangeRed
KM4YM4KWVZGU80TEA,UWI-982SR,CUST00021,TOYOTA,Sienna,2009,PETROL,Manual,DarkGray
7EH4UKFXJM1ZX8473,VAV-716GG,CUST00022,HYUNDAI,Elantra,2012,Diesel,cvt,SteelBlue
8R1F3RFS0APB07JHD,ZXJ-457BL,CUST00022,LEXUS,RX 350,2014,PETROL,cvt,Olive
RDJHK1B40DGE7LBK0,ELC-244SK,CUST00023,Honda,Civic,2007,hybrid,Manual,DeepPink
7JW73Y5AVHKDCM9LA,RDF-505OF,CUST00023,HONDA,Pilot,2022,hybrid,cvt,Lavender
LUF1JP2DR2ME67X21,NZR-268PJ,CUST00024,Hyundai,Tucson,2018,diesel,automatic,DodgerBlue
YBSVLGEPAWNNCSUFC,GHU-677MP,CUST00025,Toyota Motors,Corolla,2006,petrol,manual,Turquoise
29NX2ZJGY39G9KB17,XVC-700YI,CUST00026,Mercedes-Benz,GLK,2010,Diesel,automatic,MediumSlateBlue
PKL9Y5JYV04C1SPEK,SXN-680BC,CUST00027,HYUNDAI,Elantra,2005,diesel,cvt,Orange
XLVLEU0ZFEM6T7T5J,PNN-226ME,CUST00028,lexus,ES 350,2006,diesel,Manual,DeepSkyBlue
J509X0F395TCDSAKG,KOF-397GZ,CUST00029,KIA,Rio,2023,petrol,AUTOMATIC,Aquamarine
FZ666GFMG24N2YEXY,JXT-718JZ,CUST00029,LEXUS,RX 350,2020,diesel,Manual,DarkCyan
7KPXC1D047PDPB4UT,FGD-750UK,CUST00030,Nissan,Almera,2009,diesel,Manual,LightYellow
53PTMDF4YWLNZ377L,KER-813KX,CUST00031,MERCEDES BENZ,GLK,2023,petrol,cvt,MidnightBlue
KXXAK6K8XH3TA5J5G,FEL-137TX,CUST00032,TOYOTA,Sienna,2011,hybrid,AUTOMATIC,Salmon
NA00BWW9H8633ZZ4Y,QEQ-216WC,CUST00033,Honda,Pilot,2018,PETROL,cvt,DarkSlateGray
41V4VGFGFB3G8G59C,HKF-783CX,CUST00033,NISSAN,X-Trail,2011,Diesel,cvt,LightSlateGray
7HZ632A0R9VUTW3SA,ZAN-524RI,CUST00034,Toyota,Corolla,2005,diesel,cvt,Purple
XYL4S2N2D4J1M2XL4,XGN-336UX,CUST00034,Kia,Sorento,2009,petrol,cvt,DarkBlue
TLXPFFB4AKBF1BJ6Z,RAG-291CQ,CUST00035,Kia,Sorento,2012,PETROL,cvt,BlueViolet
1TDUFKBGH6HGKVTMF,NPD-179VY,CUST00035,KIA,Sportage,2011,petrol,Manual,LemonChiffon
EP31X5LMWAMCHYZ7A,SJA-262JG,CUST00036,lexus,GX 460,2013,PETROL,cvt,LightSteelBlue
KP0HPBXJRFJUU7NFZV,YKK-578ZE,CUST00037,nissan,X-Trail,2018,Diesel,AUTOMATIC,Ivory
U2GWLP8454UXG14NZ,YDQ-482FW,CUST00038,honda,Accord,2019,petrol,cvt,SeaGreen
Z2BHMX4MZSEP00KXH,DPI-109DG,CUST00039,NISSAN,Pathfinder,2005,PETROL,Manual,DarkBlue
1VPPGUE34XXNND88C,LUG-381ZX,CUST00040,HONDA,Accord,2008,PETROL,cvt,Plum
BVBA6VJ2CCYBE7G3W,MZV-381EU,CUST00041,NISSAN,X-Trail,2017,hybrid,manual,MediumSpringGreen
W68H0GBRDAJGX4RLF,MFN-295SV,CUST00042,nissan,X-Trail,2022,petrol,manual,Sienna
DWETY1ULJ6HJXK35H,HRD-634CI,CUST00042,Kia,Sorento,2020,diesel,manual,DeepSkyBlue
VFZSPEE8DPAP61N8G,EJO-448NU,CUST00043,Honda,CR-V,2014,PETROL,cvt,BlanchedAlmond
R0159N2NEU4LWGK6G,MXY-862DZ,CUST00043,Toyota,Camry,2005,PETROL,manual,MistyRose
5ZTHFZ4PK2949YD5U,YBE-478ND,CUST00044,Lexus,RX 350,2017,PETROL,manual,HotPink
U84GDSHRHDCUSEGUR,BWR-735BR,CUST00045,lexus,GX 460,2017,Diesel,automatic,LightCoral
U8PLPZVVAGM97WSLX,OLF-797JE,CUST00046,Hyundai,Elantra,2010,Diesel,AUTOMATIC,LightSalmon
YBMTELAZ7A8S7HCBV,ZFT-955TC,CUST00047,Hyundai,Santa Fe,2021,PETROL,automatic,PeachPuff
Y58ZT8T06AZWY7HUB,HNQ-251QL,CUST00048,MERCEDES BENZ,E-Class,2009,Diesel,automatic,CadetBlue
40PFN1GU5MTZY23UW,FBV-295WT,CUST00049,Nissan,Pathfinder,2021,hybrid,automatic,FireBrick
ZVHA8K6KVLW8VEVA6,MWA-141EE,CUST00050,Kia,Sportage,2023,petrol,Manual,WhiteSmoke
ADTJZV9KFUKN4FVR,SYK-132SB,CUST00050,MERCEDES BENZ,GLK,2012,Diesel,Manual,MidnightBlue
WM4XJNTJ3NWWFW6M1,SKY-901AJ,CUST01250,MERCEDES BENZ,C-Class,2009,Diesel,manual,Gray
6336BB3FJWS90JVD2,EUQ-228LN,CUST00051,LEXUS,GX 460,2005,hybrid,Manual,DarkViolet
GYGV7YDH9DPK8JRKW,UQU-743VV,CUST00052,toyota,Sienna,2005,hybrid,AUTOMATIC,MediumAquaMarine
HGSPG7B952DHW27MST,AJD-941JF,CUST00053,Toyota Motors,Sienna,2024,Diesel,AUTOMATIC,MediumAquaMarine
SL9N77VVG80U21G63,HYR-933AQ,CUST00054,HONDA,Civic,2005,Diesel,automatic,Turquoise
C5CZJ66UALZ99PZ19,UAC-164IO,CUST00055,TOYOTA,Sienna,2009,hybrid,manual,RoyalBlue
JUW2E717M9TJXZ2EC,OLG-130CN,CUST00055,lexus,RX 350,2012,petrol,Manual,Gold
SGM13EDTHCE50BMXG,ASI-815XK,CUST00056,MERCEDES BENZ,ML350,1899,hybrid,AUTOMATIC,OldLace
5VRNL4NFBGPCJA03E,NWN-448MR,CUST00056,Honda,Pilot,2011,hybrid,Manual,Aquamarine
JE541EFJWGH8RDYBR,XXB-941TT,CUST00057,MERC,GLK,2017,petrol,AUTOMATIC,SteelBlue
S9W2DH7TBCY3TNYDJ,HSF-309PD,CUST00058,toyota,Sienna,2006,Diesel,automatic,PaleVioletRed
3F7JUCGC89RZ47WRB,AWW-156IB,CUST01258,Mercedes-Benz,E-Class,1899,Diesel,automatic,Turquoise
1J44JH5H0ZNY4DSRF,WVH-702LD,CUST00059,Toyota,Camry,2018,hybrid,automatic,Pink
SDEDJ5MVCXZSVJ27HE,XLJ-178MK,CUST00059,KIA,Sorento,2011,diesel,AUTOMATIC,Yellow
0VSUX9GDZ38UFPJRW,BYS-859QS,CUST00060,Hyundai,Elantra,2016,petrol,AUTOMATIC,PowderBlue
6HB8CUU1WFDU18B11,OSS-554NG,CUST00060,Hyundai,Elantra,2011,PETROL,Manual,DarkCyan
ZBYTPBY44DG1V64TL,ZGF-490PB,CUST00061,HYUNDAI,Santa Fe,2012,petrol,manual,PaleVioletRed
VY2CU0UTAHWXTM56B,GFV-550WN,CUST00062,Toyota,RAV4,2006,Diesel,cvt,YellowGreen
FUXE5MTUT8JRMKDRH,GOC-770GL,CUST00063,Lexus,RX 350,2021,hybrid,manual,BlanchedAlmond
DTTBZCSZGE95H9ESP,QSA-433NO,CUST00064,nissan,X-Trail,2018,Diesel,manual,SaddleBrown
0Y307VBL0CVKBGPX9,JYH-832ME,CUST00065,toyota,Camry,1899,petrol,AUTOMATIC,DarkRed
FER93HD75XUNVSYS0,WYD-336AP,CUST00066,KIA,Sportage,2008,Diesel,Manual,Orchid
9E07R53RJS3JTVYXH,AXY-183OG,CUST00066,MERCEDES BENZ,ML350,2021,hybrid,Manual,LightSkyBlue
ALH3T7GJC4BLEJ914,RQQ-462TY,CUST00067,Honda,Pilot,2022,diesel,automatic,PapayaWhip
GCEZ5354V7JM9FKA0,RPA-790AC,CUST01267,KIA,Sportage,2015,PETROL,cvt,Aquamarine
W8YD94VX1XMKCP4UX,BJY-201XH,CUST00068,KIA,Sportage,2010,diesel,manual,MediumAquaMarine
LVTGRUKGP9LBCNA8B,VKK-478BP,CUST00069,Lexus,ES 350,2023,Diesel,cvt,OrangeRed
VHH548TFJUHZFREXL,MNP-619ZD,CUST00069,HONDA,CR-V,2019,petrol,manual,Pink
XNCASJ1RNT7K8M8VJ,IOY-303UL,CUST00070,lexus,RX 350,2021,petrol,Manual,PaleGreen
PMC3T1SZ7MWRV882Z,UHK-656BO,CUST00071,LEXUS,ES 350,2008,petrol,manual,DarkGreen
4HM6XHZ2J783SBVU9,TZI-320GH,CUST00072,LEXUS,RX 350,2022,diesel,manual,OrangeRed
542TDU8RYCW53RLPH,WOQ-728JK,CUST00072,lexus,ES 350,1899,hybrid,automatic,MediumBlue
YZEDP0NL2RVL0Y3PS,NFF-113BB,CUST01272,Kia,Rio,2021,hybrid,Manual,Aqua
WBRSCUH12JUFEE93B,OXL-115JB,CUST00073,TOYOTA,Corolla,2023,PETROL,cvt,YellowGreen
X49BWU6NGT71V4FR3,FKY-674BV,CUST00073,KIA,Sportage,2014,hybrid,AUTOMATIC,DarkSeaGreen
20G5RB2R507GWYKFG,DOO-674XW,CUST00074,TOYOTA,Camry,1899,PETROL,automatic,GhostWhite
7RD8T3WYKCX3AUP88,PPO-420TM,CUST00074,honda,Civic,2015,Diesel,cvt,WhiteSmoke
E1JALHLN5HC48L8J3,PUX-508ZY,CUST00075,Toyota,Hilux,2008,diesel,manual,OldLace
LKVP0T76PYJL7AX3M,XQQ-253DR,CUST01275,NISSAN,Almera,2005,PETROL,AUTOMATIC,DarkBlue
GD6LEZRZANUV4W02T,JOB-674OL,CUST00076,nissan,Pathfinder,2011,hybrid,AUTOMATIC,DarkKhaki
MTGJ1YU7PLARPFKKL,HDM-586HG,CUST00077,Hyundai,Tucson,2007,PETROL,cvt,DarkTurquoise
XW9HS2117ZWXFPLUK,SQL-960FE,CUST00078,LEXUS,GX 460,2019,diesel,automatic,Snow
ZMB06Z4PN10MAN50N,XNZ-105GF,CUST00078,nissan,X-Trail,2015,diesel,manual,Beige
U72CTUDB768M7GC0B,AEF-727OE,CUST00079,nissan,Almera,2010,petrol,Manual,HoneyDew
DXGUNBYXL0A23DEN9,RAY-251UO,CUST00080,toyota,Corolla,2010,petrol,manual,RoyalBlue
MAWUZHY6F6FHFMFMX,ZKL-705TA,CUST00081,Hyundai,Elantra,2005,diesel,Manual,Fuchsia
WNJWD1VMUJX3RNUNM,QKO-402MC,CUST00082,HYUNDAI,Santa Fe,2019,petrol,Manual,DarkOrchid
5LC1KP4ZVPY9UF9PT,VWE-323NM,CUST00083,NISSAN,X-Trail,2006,hybrid,AUTOMATIC,YellowGreen
X01CXGZAL37YYGMZW,AKH-266VQ,CUST01283,HONDA,Civic,2005,hybrid,Manual,DarkRed
427ST0Y72WCR9G34U,MMB-691IB,CUST01283,NISSAN,Pathfinder,2005,hybrid,AUTOMATIC,Tomato
NJJYDFWKZ62L6AKNM,GWJ-408NX,CUST00084,NISSAN,Almera,2010,PETROL,Manual,DarkOrange
0A7LZG72P716SG1JX,NBU-881IO,CUST00085,Hyundai,Tucson,2015,Diesel,cvt,DarkBlue
8BRMS00Y9A2ERJ8NC,USI-316RR,CUST00086,NISSAN,X-Trail,2007,Diesel,AUTOMATIC,SkyBlue
W17CT3ML2G6FZG2AL,MFW-426TJ,CUST00086,Lexus,GX 460,2021,Diesel,automatic,LightYellow
24DW4TH5907Y0HM41,DVZ-991FB,CUST00087,Hyundai,Elantra,2005,hybrid,manual,Thistle
64D6VCH860D0T4YVB,ZMQ-655LM,CUST00087,HONDA,Civic,2014,Diesel,automatic,LightSeaGreen
CHZC2SMFGJK84UZ6S,ZGL-945YX,CUST00088,MERCEDES BENZ,C-Class,2007,diesel,automatic,Magenta
G19FYW42BMTF4HNTW,KYN-730UF,CUST00088,honda,Civic,2006,hybrid,Manual,Plum
UMU9C2MVUA3PB3JUU,CBM-573VR,CUST00089,KIA,Rio,2012,petrol,manual,MediumAquaMarine
63Y17AYYXZ5K68PL1,NGM-361YB,CUST01289,Toyota Motors,Corolla,2023,Diesel,cvt,Green
0WVX56BKLZ43BV8S1,KWX-650OE,CUST00090,TOYOTA,RAV4,2024,petrol,Manual,RoyalBlue
VML23ZP3UX0GX92R2,KCG-606QL,CUST00091,HONDA,CR-V,2019,PETROL,Manual,PaleTurquoise
Y6MG1333NBRJ9F3BX,SMP-724HW,CUST00092,TOYOTA,Camry,2023,petrol,manual,Orchid
19NL60SM7NXJVEBP6,BHL-570ZU,CUST01292,Hyundai,Santa Fe,2024,PETROL,AUTOMATIC,Pink
YLS6EAC371E3THB57,YLW-947PE,CUST00093,nissan,Almera,2014,petrol,manual,IndianRed
954HGKTHL03YKS7PT,QXX-199JX,CUST00093,LEXUS,GX 460,2007,Diesel,AUTOMATIC,Maroon
5Y5TUCJKVBR00VWLW,HAU-586SA,CUST00094,MERCEDES BENZ,GLK,2009,PETROL,cvt,MediumPurple
RBPWKAT0927LZK9X0,NDK-487YU,CUST00095,KIA,Sorento,2010,Diesel,AUTOMATIC,Lavender
YRWPRKUHNZ86ARN,JEY-472SM,CUST00096,lexus,RX 350,2017,diesel,cvt,HotPink
FD5SSTMSR6MCUUFNE,HNG-235JR,CUST00096,toyota,Corolla,2011,PETROL,cvt,Crimson
DXEN7H5F7NGP8WA4H,KPA-837RW,CUST00097,LEXUS,GX 460,1899,hybrid,Manual,PowderBlue
3U8MY979VWTSYU9W5,UUM-214MD,CUST00097,TOYOTA,RAV4,2005,hybrid,Manual,Snow
4WG5YMNGRPW9WX7GW,FCR-724AH,CUST00098,Honda,Civic,2015,PETROL,Manual,DarkRed
LLX73URT7W0KWYZX5,CKM-415UL,CUST00098,KIA,Sorento,2017,petrol,Manual,OliveDrab
J6UBNPTV0BX41XNP9,PKB-550SB,CUST00099,LEXUS,RX 350,2007,PETROL,manual,AntiqueWhite
C18SU1DGDYU05VH7J,DSI-867ZC,CUST00100,Hyundai,Tucson,2018,PETROL,cvt,White
F5SXTVBJEX05PMX6R,HCV-571PB,CUST00100,MERC,GLK,2011,diesel,cvt,CornflowerBlue
3428DD90B4C9X8VYE,EGZ-852AU,CUST00101,Honda,Accord,2022,hybrid,AUTOMATIC,LimeGreen
NE4U65KYEMY64B2VA,RUW-738WZ,CUST00102,NISSAN,Almera,2005,diesel,Manual,Cyan
X6NZKNKPWMGBCJZEX,JXU-991FN,CUST00103,MERC,E-Class,2011,diesel,AUTOMATIC,BurlyWood
PZBJ5H1B5P1D552NP,ZTS-889DF,CUST00104,MERCEDES BENZ,C-Class,2007,hybrid,cvt,DarkRed
LPH8ZX3NPF907T9H6,XNG-116BO,CUST00104,Hyundai,Tucson,2018,petrol,manual,BurlyWood
4WRF17BUXCKSMAJKJ,AIG-811US,CUST00105,MERCEDES BENZ,C-Class,1899,PETROL,manual,PowderBlue
L3MMKM0HLB8PW20TX,OKF-129MU,CUST00106,Nissan,X-Trail,2005,petrol,AUTOMATIC,NavajoWhite
LLGAZRF3EH7635JAW,IAS-587DQ,CUST00107,Toyota Motors,Hilux,2009,hybrid,manual,Brown
G78NJR9JKRFG2VGSR,HDT-356EQ,CUST00107,Nissan,Pathfinder,2014,Diesel,cvt,MediumPurple
X40KC1DNMAKCSL2XA,SNY-685ZY,CUST00108,KIA,Sportage,2016,hybrid,Manual,LightPink
T5HU9YYMTY86GYTE0,SKI-536LD,CUST00109,honda,Accord,2022,petrol,AUTOMATIC,DarkOrchid
HVJZW54F9M29NKRBN,IUJ-851WL,CUST00109,lexus,ES 350,1899,PETROL,cvt,PaleVioletRed
RL0LGLRK4NUD2V137,OCQ-579HH,CUST00110,KIA,Rio,2014,petrol,manual,Wheat
ED3JK7LS2L32NSZER,PKE-382QF,CUST00111,Honda,Pilot,1899,PETROL,AUTOMATIC,LightSeaGreen
XAHWG7R5WH6KEYUC1,UXU-958EO,CUST00112,HONDA,Accord,2019,hybrid,AUTOMATIC,DarkGoldenRod
8VRGF0S843DGUUT9Y,QXS-529TF,CUST00112,HYUNDAI,Tucson,2007,petrol,Manual,MidnightBlue
4UG811CGGGHS032CZ,JPQ-762PV,CUST00113,NISSAN,X-Trail,2023,petrol,Manual,GreenYellow
PMBYGV3B6TZZZSU5D,SEE-432FD,CUST00114,HYUNDAI,Santa Fe,2013,PETROL,cvt,HotPink
X2ZM8FYZRXWGF2X8M,AQN-874DY,CUST00114,KIA,Rio,2013,diesel,manual,Gold
LXBHNW9VM2ENFF2TK,FGV-833NL,CUST01314,MERC,GLK,2017,Diesel,automatic,Wheat
VFXR5CSKUB8RRSR5P,GUW-248TT,CUST01314,Kia,Sportage,2012,hybrid,Manual,SaddleBrown
N3M21T0T400SXZEJX,PJG-980GI,CUST00115,lexus,RX 350,1899,PETROL,automatic,Indigo
7XGRZR6UD6584ELB5,XYC-672NG,CUST00115,Kia,Sportage,2020,petrol,manual,Green
TB84J2P5WWYR93KXA,XZM-724ER,CUST00116,Hyundai,Santa Fe,1899,petrol,automatic,Peru
LNSMMB8HYFG21317J,KRT-967KP,CUST00117,NISSAN,Almera,2008,diesel,AUTOMATIC,DarkKhaki
MT2NRZFY5GTBDD0GL,JDG-101VH,CUST01317,Mercedes-Benz,C-Class,2015,diesel,automatic,LawnGreen
0EMN8MPZGK0M5M9K5,BDL-131RB,CUST01317,Kia,Sorento,2008,diesel,automatic,Sienna
LG8NKY615HEYS0KS8,QHC-292WQ,CUST00118,HYUNDAI,Elantra,2016,Diesel,cvt,DarkOrchid
X2NVXJ5NV4241F8B8,JFW-206BN,CUST00119,KIA,Sorento,1899,Diesel,manual,DeepPink
DCNFWMXDBDW1NZD49,ZGB-636GV,CUST00120,Kia,Sorento,2016,PETROL,automatic,CadetBlue
RXEP8PAC1PHVASYM1,CRX-946GD,CUST00120,Lexus,ES 350,2017,PETROL,AUTOMATIC,Olive
4WPU3A331UN8TA2C5,UBM-231SM,CUST00121,nissan,Pathfinder,2012,petrol,automatic,PaleGreen
MXLT2VVVTGH2NF8NJ,LMR-630HM,CUST00122,Kia,Sportage,2020,petrol,AUTOMATIC,Snow
FES405K5C9NPXCAKY,HBG-980RD,CUST00123,KIA,Rio,2016,PETROL,automatic,LightBlue
V9ERMNY5B5ESVLKXD,HOH-214DC,CUST00124,lexus,RX 350,2018,hybrid,automatic,LightGreen
X0CKGRA1AD1HRCEB7,PEI-685GR,CUST00124,nissan,X-Trail,1899,Diesel,Manual,Ivory
TZ67K60RKVM1TL0B4,NST-924ZZ,CUST00125,HYUNDAI,Elantra,2006,Diesel,cvt,OrangeRed
ZP233655160YX2JPS,GOU-322SR,CUST00126,lexus,RX 350,2023,hybrid,manual,Snow
30WP2K7G5W3DNPYL1,NKY-629NW,CUST00127,NISSAN,Almera,2019,PETROL,Manual,LightSlateGray
UK2NK3X6SJ8XCGEFB,TMS-108UA,CUST00127,Nissan,X-Trail,2007,diesel,AUTOMATIC,DarkGray
E0X57YMVWGLKL3H3L,LGS-675NE,CUST01327,honda,Pilot,2013,petrol,AUTOMATIC,Linen
J1717LB05M5B8ZYF0,SPK-170UR,CUST00128,TOYOTA,Camry,2024,Diesel,AUTOMATIC,CornflowerBlue
NXVFZ8B3L0TN9UB8X,KLV-270DJ,CUST00128,Toyota,Sienna,2012,diesel,Manual,Aquamarine
6FYCJABW1N711CU1Y,QEB-475VB,CUST00129,MERCEDES BENZ,ML350,2015,diesel,manual,Fuchsia
VUF5FX9HBJGSEM0EK,QEK-685RW,CUST00129,Nissan,Almera,2007,petrol,manual,Aqua
6YGHDJNFMFFA4RPDF,MWE-496LA,CUST00130,HONDA,Civic,2020,Diesel,cvt,SlateGray
D5M9AFMNTKNHENMXR,PEH-266CB,CUST00131,LEXUS,GX 460,2023,hybrid,Manual,LightSteelBlue
ZSATVLEDE8ZD4F5AF,OHG-426KW,CUST00132,honda,CR-V,2024,hybrid,manual,DarkViolet
708W8XNRLCZ366X26,XGG-989TZ,CUST00133,LEXUS,ES 350,2009,Diesel,Manual,MediumSeaGreen
X1K20A4MKMPGB27KU,CFV-445WI,CUST00134,Kia,Rio,2020,PETROL,manual,LightCyan
844L8DZGEX7VKS8P3,QFQ-602XD,CUST00135,Honda,CR-V,2010,diesel,cvt,Aquamarine
JVY0J07EB503SPXRX,WTT-749VH,CUST00136,NISSAN,X-Trail,2022,hybrid,manual,SkyBlue
JXRSS87BX9G1KXF86,HRR-717HU,CUST00136,HYUNDAI,Elantra,2019,PETROL,manual,Beige
D7SRAXZ7KUX8XNNHV,JAO-851QJ,CUST00137,Mercedes-Benz,E-Class,2021,diesel,AUTOMATIC,MintCream
AWTPKVBB3F06K51L5,FBP-876KV,CUST00138,LEXUS,RX 350,2013,diesel,AUTOMATIC,Plum
VLJXBHDX70KX1B4X2,XNV-282FM,CUST00138,HYUNDAI,Santa Fe,2006,diesel,cvt,OldLace
J8EEJKGLSF0ZYF3YE,OGR-604OR,CUST00139,NISSAN,Pathfinder,2006,Diesel,Manual,YellowGreen
P5LHTRSDBDR7CCRRK,CHL-991QR,CUST00140,Nissan,Pathfinder,2015,Diesel,Manual,MediumVioletRed
8B3ECNCPR8AZF09L2,VZL-317AR,CUST00141,Nissan,Pathfinder,1899,diesel,manual,Magenta
NTYNXT2HV5B592PMH,MCL-142HS,CUST00142,NISSAN,Almera,2011,hybrid,manual,MediumSpringGreen
06DRTP9BWAPMYP81X,NHB-568YD,CUST00143,NISSAN,Pathfinder,2010,Diesel,cvt,MediumTurquoise
SEGABDAUAW51LGD0P,SHA-761FR,CUST00144,Kia,Sportage,2016,diesel,Manual,DarkViolet
HWKT6PHB7MAHFS6UU,DRJ-123HS,CUST00145,MERCEDES BENZ,C-Class,2009,petrol,Manual,DodgerBlue
463MACEUV7NUBUNS5,TFS-929EZ,CUST00146,Toyota,Sienna,1899,Diesel,cvt,LightYellow
RDV0F067L00KXZ3M2,ADC-481NS,CUST00146,HYUNDAI,Tucson,2014,Diesel,cvt,DarkRed
FTJYZ65LCY9KYLJP2,DFT-183AB,CUST00147,MERCEDES BENZ,C-Class,2021,petrol,cvt,MidnightBlue
TLRY8HX022RZ3GR6K,QAD-954QI,CUST00147,TOYOTA,Sienna,2005,petrol,Manual,MediumVioletRed
WS2WPGNBBBVHPMEET,SYG-563QX,CUST00148,Toyota,RAV4,2016,petrol,cvt,DeepSkyBlue
PW47C8C8XZBT71G4Z,FTR-801JU,CUST00149,MERCEDES BENZ,C-Class,2017,Diesel,automatic,Gray
FSG61YS7CXW5P3GAJ,BLF-707SO,CUST00150,Mercedes-Benz,ML350,2007,PETROL,Manual,BlanchedAlmond
1DTH8M5VLCVY4HKEN,EWP-593ZR,CUST00150,MERCEDES BENZ,E-Class,2005,PETROL,Manual,OliveDrab
Y8R5HGLJJB5804B0G,BZG-528QT,CUST00151,MERCEDES BENZ,C-Class,2013,hybrid,Manual,Magenta
Z729SJHBLFMN50T7E,LKB-908RU,CUST00152,TOYOTA,Highlander,2018,hybrid,automatic,DarkSlateGray
J2A0D9AHUAWJXS7PN,RXM-779QI,CUST00153,HONDA,Pilot,2020,petrol,AUTOMATIC,PapayaWhip
EKJ9KE79ELS30RT3D,JMT-870TF,CUST00154,NISSAN,Almera,2015,petrol,AUTOMATIC,Lime
025RJ793LSV8E4B3E,KOD-675IL,CUST00154,Hyundai,Santa Fe,2009,diesel,manual,OldLace
YWXW7981J7YF8YETU,YBG-377IH,CUST00155,MERC,E-Class,2015,PETROL,cvt,Red
WNY3UT4NJVN0XP6MH,SUG-841RT,CUST00155,honda,CR-V,2012,hybrid,manual,MintCream
0S27U6YKTETH12AEN,DWB-931DA,CUST00156,HYUNDAI,Tucson,2019,hybrid,manual,PaleVioletRed
48G741XHJMH0DCEUG,DBJ-661BX,CUST00157,honda,CR-V,2009,Diesel,AUTOMATIC,PeachPuff
DAHYUV4SRRUZSKBXR,FWI-275NT,CUST00157,Toyota Motors,Camry,1899,petrol,AUTOMATIC,LemonChiffon
U8HGS3RS6LMRUGASW,LGX-545IN,CUST00158,nissan,Pathfinder,2017,PETROL,AUTOMATIC,YellowGreen
55K11BUP84YXB8915,KSD-721WZ,CUST00159,Kia,Sportage,2009,hybrid,Manual,DarkSalmon
PXZ2USVR17BSE5B1Z,ZQA-468DZ,CUST00160,KIA,Rio,2020,Diesel,Manual,Tomato
RU0T7LLRNC10DRFLF,DDF-730DR,CUST00161,lexus,GX 460,2006,petrol,cvt,DarkMagenta
K4UMR3WLERFDMV74L,VMG-341SK,CUST00162,Lexus,RX 350,2024,petrol,automatic,SkyBlue
H60MKMSAXLU9B99D2,SVD-238HV,CUST01362,Kia,Rio,2020,PETROL,AUTOMATIC,Teal
6S6MHSLCE1JAV6822,VTD-637SN,CUST00163,NISSAN,Pathfinder,2021,hybrid,cvt,Tomato
3L98JCPE0WH311W0B,JJV-422FI,CUST00164,KIA,Rio,2005,Diesel,AUTOMATIC,Ivory
JW2SKBR5T82660P6J,ROJ-525TO,CUST00164,Lexus,RX 350,2009,diesel,manual,Magenta
14EVZ97C7EZYNW9LA,UAZ-203FN,CUST01364,MERCEDES,GLK,2006,hybrid,AUTOMATIC,Green
Y6ZXV0DH5849C9EK1,HEA-438JM,CUST00165,Toyota Motors,Sienna,2013,PETROL,AUTOMATIC,DarkOrchid
2RCCWAJN3N3K4TPAE,HGP-267NG,CUST00166,Nissan,X-Trail,2020,PETROL,Manual,Sienna
F6Y07TYXKUSRB47UY,BGC-621ZD,CUST00167,HYUNDAI,Tucson,2017,hybrid,manual,DarkRed
RRS6KG90323YWFSL7,TZE-778LP,CUST00168,Toyota,Hilux,2006,Diesel,Manual,YellowGreen
BY0HWS882P24SVSLY,QNR-263CQ,CUST00169,lexus,ES 350,2023,petrol,automatic,DarkRed
AK48FKDA7MCJV0ZFC,BJO-269BL,CUST00170,toyota,Hilux,2008,hybrid,automatic,DarkTurquoise
L28GUVEVJE6TL9G,VQP-608KG,CUST00171,nissan,Almera,2014,Diesel,manual,YellowGreen
5Z9WV23SWXPS6KKCF,MEE-160SS,CUST00172,Hyundai,Elantra,2008,PETROL,AUTOMATIC,DarkGreen
XS743HWP7C0L2NZED,LFX-132QR,CUST00173,MERC,ML350,2010,Diesel,Manual,OrangeRed
X4XMALT3F8YKCJS98,YSZ-384GD,CUST01373,Lexus,GX 460,2010,petrol,automatic,PapayaWhip
0YAG79NPKY9U2N4C6,BJB-836SD,CUST00174,HYUNDAI,Santa Fe,2019,diesel,manual,DarkOrchid
E736RXR5TWCRT2TAR,KYA-141LT,CUST00175,Lexus,ES 350,2012,petrol,Manual,BlanchedAlmond
U3B9WD8PVHS1YMNA4,PPQ-181NC,CUST00176,toyota,Sienna,2012,petrol,automatic,BlueViolet
LVT3L4PL0GVWEEKHA,WID-345UD,CUST00177,Hyundai,Tucson,2010,Diesel,manual,LightSalmon
69H7UFZFZM1NTBFEL,AKW-249GG,CUST00178,NISSAN,Almera,2021,PETROL,Manual,HoneyDew
14G92PLN7ER861X0N,WTH-142YG,CUST00179,Toyota,RAV4,2011,hybrid,manual,Coral
Y3AX6FJGHJ78YHCXS,LPJ-419WP,CUST00180,HYUNDAI,Tucson,2006,petrol,manual,MediumSlateBlue
1KUY3E0E8WW3BBVXM,DTY-828IR,CUST00181,Hyundai,Elantra,1899,hybrid,automatic,LimeGreen
TYXHMPFRDUWFWWG2C,ZEP-419EY,CUST00182,Toyota Motors,Corolla,2015,petrol,AUTOMATIC,SeaShell
AG7C702GTLSFYLMGB,MQL-581KT,CUST00183,TOYOTA,Sienna,2009,hybrid,AUTOMATIC,Tan
UN8SD4P1NVZJ23VUS,XQH-731QI,CUST00184,Toyota,Sienna,2018,hybrid,Manual,MediumBlue
2NTJMHSJCRSCE2JPU,LLW-215LN,CUST00184,Toyota,Sienna,2011,petrol,Manual,PaleGreen
KKH0X31U5NKP1ZNS8,ECB-600UK,CUST00185,MERC,ML350,2006,petrol,Manual,Lavender
D6VP3HVKVUM4A7E6Z,GQG-410FR,CUST00186,honda,Civic,2019,diesel,Manual,Sienna
7R5JBS81R9KHU0TGU,UWO-982XZ,CUST00186,lexus,GX 460,2014,petrol,automatic,LavenderBlush
TSM8AKBX3YA7NMGW4,GLU-357YW,CUST00187,honda,CR-V,2023,Diesel,cvt,PeachPuff
NSXCYZ7SY8R4BEGJR,EDN-520QH,CUST00188,Toyota,Camry,2019,hybrid,automatic,Blue
5JRPP0GCTA3HU5PFY,VEC-342WX,CUST00189,Hyundai,Elantra,1899,hybrid,AUTOMATIC,Black
LA8P3YGF9RUA4ZZ5L,LUG-127SC,CUST00190,lexus,RX 350,2023,diesel,AUTOMATIC,OldLace
CMNPNJV6D5RJCHP0W,IOK-954JM,CUST00191,KIA,Rio,2007,Diesel,Manual,Gray
M3GFLPEK3G4RLUY5L,QFC-948RS,CUST00192,honda,Civic,2019,PETROL,cvt,Ivory
PBN2V16FHJDRH72JD,MVK-630BH,CUST00193,MERCEDES,E-Class,2009,petrol,cvt,GoldenRod
ESFYFTTYJMC48PJRF,FLB-630OQ,CUST00193,Kia,Sorento,2019,Diesel,cvt,DarkGray
6LUYBCABBBFXLFFN7,NCZ-924IA,CUST00194,Hyundai,Tucson,2022,petrol,cvt,MistyRose
ZX1H9VVTLFK7V8EKM,XAK-944IE,CUST00195,HYUNDAI,Santa Fe,2024,diesel,Manual,MediumSpringGreen
6BCDATS1ZYF0UK21H,LRU-341UP,CUST00196,Toyota Motors,Camry,2013,PETROL,manual,Wheat
0WL1CC7D3PS36ZBMJ,FMN-166KE,CUST00196,Mercedes-Benz,GLK,2006,Diesel,manual,SteelBlue
ATTM78SN1NE2USKEK,WWN-813JI,CUST00197,NISSAN,Pathfinder,2014,hybrid,cvt,CornflowerBlue
BS3J04PGWTF6C1V1L,CBO-463YE,CUST00198,LEXUS,ES 350,2006,Diesel,AUTOMATIC,Cyan
MVNBF71W3UV99BRG0,IYH-347TG,CUST00199,MERCEDES,GLK,2015,Diesel,cvt,DarkOrchid
CVDVSPPPZNTXH2RKG,FOD-192MI,CUST00200,Hyundai,Santa Fe,2024,hybrid,Manual,MediumPurple
NSFN8PJ2XRC3CEF98,BOS-876QY,CUST00201,NISSAN,X-Trail,2008,hybrid,Manual,MintCream
PBBGY3HJAS1Y78TVH,EKS-842EI,CUST00202,Toyota Motors,Corolla,2024,Diesel,manual,LawnGreen
EWEHVGVRR27YBJ3NL,HNG-934TZ,CUST00203,honda,Civic,1899,hybrid,cvt,Chartreuse
UYY3EFTCVJ3C0BYS8,ISH-504LE,CUST01403,Toyota Motors,RAV4,2006,petrol,automatic,LightGray
BCNDP012FB1K6EXPG,PBC-279VA,CUST00204,Lexus,ES 350,2015,petrol,Manual,LightGoldenRodYellow
884KPTVCHSWA5NYWS,MVW-588DI,CUST00205,lexus,GX 460,2021,Diesel,automatic,GreenYellow
HDG05BD90EVVMB5TL,JUV-512WQ,CUST00206,honda,Pilot,1899,Diesel,manual,Chocolate
VK01SKYGVB9WNMNGM,PFE-959ZK,CUST00207,TOYOTA,Hilux,2009,Diesel,cvt,Blue
D3B7K2H63B5MPWRRX,WEA-786MV,CUST00207,nissan,Pathfinder,2016,hybrid,AUTOMATIC,Cyan
VAZ3HK4YBK2ZK4UF1,JEI-686RU,CUST00208,KIA,Sportage,2018,PETROL,automatic,BlueViolet
KNXYHTNU2KSW9UCBL,GCF-589GO,CUST00209,Kia,Rio,2005,Diesel,cvt,MediumVioletRed
1EDH19NEFNYBDE1DU,BET-182YO,CUST00209,LEXUS,GX 460,2024,diesel,automatic,Beige
N53KD0RUUB855V2LD,DBX-831YZ,CUST00210,LEXUS,RX 350,2017,PETROL,cvt,Gray
F871DLETB2TENNN6R,IMY-191RR,CUST00210,Honda,CR-V,2016,PETROL,manual,Azure
F6APLGFLA1HR4S9XJ,JED-578YX,CUST00211,Toyota Motors,Highlander,2023,Diesel,automatic,OldLace
EVWTDLXDK2V9CG4UV,SIB-154SB,CUST00211,Honda,Pilot,2011,petrol,Manual,DarkSlateGray
K689LMEALF8MGNT3L,HCH-686NX,CUST00212,nissan,X-Trail,1899,Diesel,AUTOMATIC,MidnightBlue
RSH9MX3BYR5B842H6,MVB-589DP,CUST00212,Kia,Sportage,2020,Diesel,cvt,Lavender
0A1KFLMRZXLF20AY5,FLA-207OA,CUST00213,KIA,Sportage,2023,petrol,cvt,WhiteSmoke
JX26CUS4VBLJCYCR4,KCZ-836AU,CUST00214,toyota,Highlander,2014,diesel,cvt,LightBlue
9EFVZ596C5FZMS251,DED-589IC,CUST00215,Kia,Sorento,2010,hybrid,Manual,Gainsboro
E6881K498KJXN8CXA,SCU-508WM,CUST00216,lexus,RX 350,2012,petrol,manual,LemonChiffon
011Y6CBHLUMY0UTM2,SIM-571ZE,CUST00217,HYUNDAI,Elantra,2009,hybrid,manual,DarkRed
JU2RNGY2LTFXMY7MY,QEE-498QI,CUST00218,Hyundai,Santa Fe,2010,hybrid,AUTOMATIC,GreenYellow
0GR9G200B8T1XBX8V,FTV-944WO,CUST00219,MERC,E-Class,2005,diesel,cvt,Red
EH77LDNYSUCF0P2WF,TTX-433XJ,CUST01419,HYUNDAI,Tucson,2008,diesel,AUTOMATIC,LightSteelBlue
0P37GS45XCBUKGVFC,PPH-894RU,CUST00220,HONDA,Civic,2019,hybrid,cvt,Yellow
7DJ7AU0JS9Z2LJY43,GGD-159WA,CUST00221,HYUNDAI,Santa Fe,2021,Diesel,cvt,SlateBlue
LJ8Y9YUY40XVM9JWH,RFN-184IH,CUST00222,MERCEDES BENZ,GLK,2005,petrol,automatic,Lavender
W0RRESJHXXEPAXY7C,TVJ-634NH,CUST00222,TOYOTA,Sienna,2018,PETROL,automatic,Navy
118K8R455V3KAJ09L,UYJ-477CP,CUST00223,MERC,E-Class,2007,PETROL,AUTOMATIC,Purple
EJNKAWFD1AFS3T8LP,PWD-834HB,CUST00224,HYUNDAI,Tucson,2005,PETROL,Manual,SpringGreen
6MMZ76XT0U7J1KCXK,CRR-733LY,CUST00225,Nissan,Pathfinder,2019,hybrid,AUTOMATIC,Lime
DM5H7ME6PN5PMBXMM,FDR-258NY,CUST00225,Hyundai,Santa Fe,2018,petrol,Manual,Snow
EWSKSLX0SPXWU3H86,BYY-854CC,CUST00226,HYUNDAI,Elantra,2010,diesel,AUTOMATIC,Ivory
T8HM55AMM5ELDYS68,NYL-836QB,CUST00227,Nissan,Almera,2020,PETROL,cvt,White
GJ02DNMCCT86995ZP,DQT-809CI,CUST00228,honda,CR-V,2021,PETROL,AUTOMATIC,MediumVioletRed
CNBUWS1FXH6EZLPFB,BMW-897VQ,CUST00229,TOYOTA,Sienna,2023,hybrid,manual,IndianRed
N7U9NDNA37FP8FHK,WBV-507UN,CUST00229,Hyundai,Santa Fe,2009,petrol,AUTOMATIC,PowderBlue
636JDHFHH12GJMCHC,BYU-557VW,CUST00230,TOYOTA,Sienna,2015,Diesel,AUTOMATIC,Chartreuse
PCVN41YPAM6WGKVMG,ZGJ-192YU,CUST00231,NISSAN,Almera,2022,hybrid,AUTOMATIC,LightSlateGray
XJKV1JBN0Z1EAPZJ8B,IDB-894KU,CUST00232,Kia,Rio,2019,PETROL,manual,Tomato
X01WJPBTEKBK7D4H0,QKY-728DV,CUST00233,Lexus,ES 350,2012,Diesel,manual,LavenderBlush
D5F44B3RJJVGYXTLA,IAR-327ZR,CUST00234,honda,CR-V,2006,petrol,automatic,LightSalmon
28504WE05Z0V4MST7,FPX-961IS,CUST00235,Nissan,Almera,2013,Diesel,automatic,MediumSlateBlue
H9HCPB3RG52UF8L4C,KZC-657NR,CUST00236,Toyota,Highlander,2008,Diesel,automatic,MistyRose
GYD6FN9C35GSD6RYF,RQQ-148YP,CUST00237,NISSAN,X-Trail,2021,Diesel,manual,Aquamarine
HNBB4MZZ544T8BPHA,HTK-441QU,CUST00238,Kia,Sorento,1899,Diesel,AUTOMATIC,LightGray
24KFZESJ7BCDU234G,LCD-418BC,CUST00239,MERC,C-Class,2007,petrol,Manual,Aqua
6HTCBTSEUAXSEXMCT,DCW-725EO,CUST00239,nissan,Pathfinder,1899,diesel,cvt,IndianRed
8REN65H31VG31GKP8,ADL-393FR,CUST00240,Lexus,ES 350,1899,diesel,AUTOMATIC,Maroon
X4MP9VH5AETL4JBP6,ECL-152QX,CUST00240,honda,Pilot,2022,petrol,automatic,LightSalmon
BTGFS0995KHF5B9V9,QFI-131OO,CUST00241,Toyota,Highlander,2017,diesel,cvt,ForestGreen
H5Z9R5905AMDBTC37,JNP-427DO,CUST00241,HONDA,Accord,2010,Diesel,cvt,DarkOrange
FFL98UL49K627DUCZ,PCL-334RG,CUST00242,Mercedes-Benz,GLK,1899,Diesel,automatic,Purple
SM8VRY1ZG62MVC3V1,LUC-492JT,CUST00243,lexus,RX 350,1899,Diesel,automatic,Khaki
KE5AKYG1KLZS3UJA9,DTQ-687QB,CUST00244,Lexus,ES 350,2022,hybrid,cvt,MidnightBlue
4JT27K5E4BEFWEPHS,ITC-466MP,CUST00245,nissan,Pathfinder,2010,Diesel,automatic,MediumVioletRed
3AYMSCTX9G2YBL0UW,GEG-607CH,CUST00246,Honda,CR-V,1899,petrol,Manual,Teal
NVUB32E77EJTCA26K,EPN-199UK,CUST00247,HYUNDAI,Elantra,2019,Diesel,cvt,Navy
XM21T4S25W91WFXYT,RAE-421PB,CUST01447,Kia,Rio,1899,PETROL,cvt,LightSkyBlue
70S1CZHE7F4DR2P3X,JBU-354MY,CUST00248,Toyota Motors,Sienna,2009,hybrid,cvt,MistyRose
D18ADBWJWTMDV11U4,VAP-541XE,CUST00249,MERCEDES BENZ,ML350,2006,Diesel,manual,LightYellow
WX4085YB5WXRN9B4J,NBK-348XC,CUST00250,toyota,Hilux,2017,PETROL,AUTOMATIC,LightSteelBlue
DG2YZRDA4LMHMKVM5,JLB-538GM,CUST00251,MERCEDES BENZ,ML350,2014,PETROL,manual,HotPink
BGFMUGF09T1DAAG72,ZUG-592TX,CUST00251,nissan,X-Trail,2022,PETROL,automatic,Teal
Z5AU5J3TL4EKHLDPT,YLT-334WN,CUST00252,nissan,X-Trail,2015,Diesel,manual,OldLace
D6ZL0T9MWJHR9XT0U,LCQ-148UJ,CUST00253,Kia,Sorento,2018,diesel,manual,Olive
YKNEHJNK5V8F552PS,WPF-780EO,CUST00253,MERC,E-Class,2020,petrol,AUTOMATIC,SteelBlue
E7ZADE1SCTYNC1RX9,KOJ-949UA,CUST00254,Hyundai,Tucson,2024,diesel,AUTOMATIC,WhiteSmoke
G9E2579V9E4ZMUTT0T,UHH-368ZD,CUST00254,MERCEDES BENZ,C-Class,2022,hybrid,manual,SeaShell
P5GAXSHK699T149KD,QHH-413CU,CUST00255,LEXUS,ES 350,2023,Diesel,automatic,LightGreen
JT1RCF1TMUJPR5LSS,MKS-681PV,CUST00256,Kia,Rio,2008,Diesel,automatic,LemonChiffon
PM9DPLKHCHAMRMABE,ZXX-808OD,CUST00257,KIA,Sportage,2018,petrol,automatic,Maroon
71HAFVN01FVDSVXSF,VHS-703PC,CUST00257,Toyota,RAV4,2013,hybrid,AUTOMATIC,PaleTurquoise
XGCANB62MA0UY15EY,XFW-120JG,CUST00258,Mercedes-Benz,ML350,2018,Diesel,manual,Crimson
20WFFRVA5XG2U7CA0N,XPE-540MO,CUST00259,Toyota Motors,Highlander,2011,hybrid,AUTOMATIC,RosyBrown
2L16AR4H78E0B04M0,YAO-564KI,CUST00260,Nissan,Pathfinder,2019,petrol,cvt,WhiteSmoke
FJ4Z6M1AWFA0JE60Y,PXA-622RL,CUST00260,HONDA,Accord,2019,Diesel,manual,DarkSlateGray
8V1MEGKUF2J4UMLK7,MQY-442SV,CUST00261,Hyundai,Tucson,2006,diesel,manual,Maroon
ZV08CX49JAKJ08ABD,HFA-164AG,CUST00262,Toyota Motors,Camry,2015,diesel,automatic,DarkViolet
JU7M9LXUADF8MLT5S,KFO-192XM,CUST00263,Honda,Pilot,2007,hybrid,manual,Gainsboro
DZDFH0AM6GFXM4FC0,DAK-332HA,CUST00263,Toyota Motors,Corolla,2023,PETROL,automatic,LightGray
4XAA7TF9WXVRK63P3,WJT-452EV,CUST00264,Lexus,GX 460,2013,Diesel,automatic,DarkGreen
9K7NWFPECTYCKZ2RM,ICB-170BS,CUST00265,KIA,Sportage,2011,Diesel,manual,FireBrick
SYK3D2U4C45NRTW9N,EIG-660HY,CUST00265,NISSAN,Almera,2015,Diesel,manual,Peru
YYD55UD205YZF02LP,WIZ-678SJ,CUST00266,Honda,Accord,2024,hybrid,manual,LawnGreen
C8WBGRGFG691GBKYV,TSH-821VV,CUST00266,KIA,Sorento,2017,PETROL,AUTOMATIC,DarkMagenta
0RXUFMAFJM5XZDAL3,UCE-877VW,CUST00267,lexus,RX 350,2007,petrol,manual,RosyBrown
MZT5YC5VC8G5NJ6DZ,AOC-825VB,CUST00268,KIA,Sorento,2005,petrol,automatic,LightSteelBlue
PWAPHAUZJCP4C9VEE,WES-655IU,CUST00269,LEXUS,GX 460,2024,PETROL,manual,Gainsboro
S0YKC01ECD38AB24D,UXL-175GF,CUST00270,nissan,X-Trail,2019,diesel,automatic,DeepPink
JPNVW0RBA2861LYXA,ALL-323XR,CUST00271,Lexus,GX 460,2016,petrol,Manual,SaddleBrown
J2MVG6TMDMKRRWYGE,YUC-115LG,CUST00272,lexus,RX 350,2023,Diesel,automatic,LightSeaGreen
39TSAKHF125RJAVY6Y,XGO-872TF,CUST00273,honda,Pilot,1899,PETROL,automatic,MediumSpringGreen
4WL2CRS3MAK60ZMET,DKH-573HL,CUST00274,NISSAN,Almera,2024,petrol,Manual,Teal
LRAMN4LGLEZH8A0G4,BSU-208YU,CUST00275,Toyota,Highlander,2018,hybrid,manual,Fuchsia
X67LG1CDYS7PE1K97,JCV-276UN,CUST00276,nissan,X-Trail,2015,petrol,automatic,Plum
7LADMPVJRJKDTFUU8,HRK-385NU,CUST00277,honda,Civic,2009,petrol,automatic,DarkGreen
NAJAJCPDUKRJJ58ZJ,WSK-812HS,CUST00278,Mercedes-Benz,E-Class,2016,petrol,AUTOMATIC,LightSalmon
YD3T2NADZR566Z2GR,FCO-235KS,CUST00278,Nissan,Pathfinder,2005,hybrid,automatic,LightGoldenRodYellow
E7W1CLPHBTSUE12LK,MWG-681OQ,CUST00279,Hyundai,Elantra,2008,Diesel,automatic,LightSeaGreen
20326C1R2KF9200DW,JGN-695JG,CUST00279,NISSAN,X-Trail,2014,Diesel,Manual,FloralWhite
NR3ZAW1L6NJL1J4HF,BMC-402II,CUST00280,Honda,CR-V,2011,PETROL,manual,GoldenRod
XUKG99C8G3KSWF1TR,AFB-305XN,CUST00280,HYUNDAI,Elantra,2009,Diesel,AUTOMATIC,LightSkyBlue
SRSTNCSEF082B0U06,KBU-897CH,CUST00281,HYUNDAI,Santa Fe,2023,Diesel,manual,DarkSalmon
UYN0S407U2191E4PU,DSH-229TT,CUST00282,Lexus,RX 350,2015,diesel,automatic,DarkOrchid
AYW9FYM2KX012W5MH,CBF-973QF,CUST00282,Nissan,Almera,2019,PETROL,AUTOMATIC,DarkSlateGray
HUM1HVDTNSL3HWXWP,RUQ-835HW,CUST00283,Kia,Sportage,2023,PETROL,Manual,Cyan
BBH8ZLKHF05FUXLP0,VYO-935UE,CUST00284,toyota,Sienna,2010,hybrid,Manual,MediumOrchid
8DH8NLB3YKR565J42,KGV-798RD,CUST00285,MERC,ML350,2011,Diesel,automatic,Thistle
CZK5EB0XCCBK7MJEW,RXE-290TS,CUST00286,MERC,ML350,2011,Diesel,automatic,Maroon
HP2F8LCNHN1ZZK2MB,CBG-715TY,CUST00287,honda,Civic,2023,PETROL,manual,Turquoise
ZPSKLK5RNMAV07RZR,UMJ-232QO,CUST00288,Hyundai,Tucson,2018,hybrid,manual,Blue
D6C9M18H9LN1CGA8H,OOA-259PI,CUST00289,LEXUS,RX 350,2016,PETROL,cvt,OldLace
84TT27NX5TJKPPKKL,ORM-829QE,CUST00290,Hyundai,Santa Fe,1899,diesel,manual,DeepPink
KMMZ2D1MYP0D1S7SE,FLU-975FS,CUST00291,Mercedes-Benz,C-Class,2013,Diesel,manual,DarkSeaGreen
8XRWHXKAER1M2D9V2,MOF-334HU,CUST00292,KIA,Sorento,2016,petrol,manual,HotPink
0XTEME0F4UEEYY4UB,ABE-683FJ,CUST00293,Kia,Sorento,1899,PETROL,cvt,HoneyDew
ZMD7AJBTL4LAE8GJF,TLC-253AS,CUST00294,LEXUS,RX 350,1899,PETROL,Manual,LightGray
62C7PEL487RFMJ51B,NYO-571LP,CUST00295,LEXUS,GX 460,2023,hybrid,cvt,MediumVioletRed
3ZSPWNHF1YWNB9YMR,EHQ-227LT,CUST00295,Lexus,RX 350,2010,hybrid,automatic,Lavender
81UV6V7ADAJ362WW,SQF-657FY,CUST00296,KIA,Sportage,2017,hybrid,Manual,OrangeRed
F3N1Z4CTYCB3SZXR7,MWI-303ES,CUST01496,Mercedes-Benz,ML350,1899,Diesel,cvt,DarkGray
5FHZJ1RXPD06AM0ZH,OHW-265WS,CUST01496,honda,Civic,2019,PETROL,Manual,PeachPuff
XVY2ZV34SWYTVRWTE,CUP-910QB,CUST00297,HONDA,Accord,1899,hybrid,cvt,DarkOrange
TU5VRU3TBLKRDY93J,LDU-719QH,CUST00298,KIA,Sorento,1899,hybrid,cvt,MediumTurquoise
GA5JDMH7C7XWZNV30,SZT-444IX,CUST00299,Toyota Motors,Highlander,2009,petrol,AUTOMATIC,SkyBlue
4W1EKRDBKZGJHP6Y2,ZFM-985AR,CUST00300,toyota,Highlander,2024,PETROL,manual,LavenderBlush
7A4FPET0WNTX21RFE,BSR-328GN,CUST00301,HYUNDAI,Elantra,2011,PETROL,AUTOMATIC,PaleTurquoise
JCSNW6VMT3PGBWR53,DJX-616UQ,CUST00302,honda,Pilot,2022,petrol,cvt,MediumAquaMarine
XKU1DKF85VE6TNCWP,AZZ-961CB,CUST00302,KIA,Rio,2009,hybrid,manual,PaleGoldenRod
U42YM5YLNNJKRAJBJ,QDR-438FU,CUST00303,HONDA,Accord,2011,petrol,AUTOMATIC,Indigo
365EH460A54K7ZXSD,VOC-277TC,CUST00304,HONDA,CR-V,2011,petrol,AUTOMATIC,PaleTurquoise
T8LSBPUJCJV6EBF6L,OKK-267IN,CUST00305,Hyundai,Tucson,2006,petrol,Manual,DarkOliveGreen
6G78XT3GMTD10R5K7,NNV-744IM,CUST00306,Kia,Sportage,2021,PETROL,AUTOMATIC,Yellow
Y12VT9KS8SN5EMGJF,BUB-188ZY,CUST00306,Mercedes-Benz,C-Class,2021,hybrid,automatic,DarkGoldenRod
3DE6D8VCRKZGTZMXH,XTV-605WX,CUST00307,Hyundai,Elantra,2010,Diesel,Manual,Coral
6MLB0VKKH1M1XT1NN,PDH-857NX,CUST00308,honda,Accord,2022,PETROL,manual,WhiteSmoke
BW989YAU6BLA019ZE,MKI-726ZT,CUST00309,MERC,E-Class,2019,diesel,cvt,Khaki
PLX3RUM587XLLZKB3,SZK-182XV,CUST00310,LEXUS,ES 350,2022,PETROL,cvt,PaleVioletRed
LKVHEX3PCKXX2R4S6,NJU-784PA,CUST00311,TOYOTA,Sienna,2018,hybrid,manual,Blue
EYT9BYGNPGRCCURLE,BWH-938GG,CUST00312,Toyota,Camry,2009,PETROL,automatic,Orchid
H0K4382WAGHXTD1WW,YFC-868KS,CUST00313,Hyundai,Santa Fe,2005,Diesel,AUTOMATIC,LimeGreen
7SXX12V2WH4JPVMHK,BOO-832XS,CUST00314,LEXUS,RX 350,2010,PETROL,AUTOMATIC,LightBlue
ECVLTPHV89HF75K3U,CRV-689HY,CUST00314,Toyota,Sienna,2010,PETROL,automatic,OldLace
443BLADAZNLYN2NGA,PZI-429VR,CUST00315,Toyota,Hilux,2010,PETROL,cvt,DarkBlue
ZL3LDD524L64SRMP9,EEG-724UT,CUST00316,NISSAN,Pathfinder,2011,Diesel,Manual,PapayaWhip
H2M26GS4WGAENK9LN,BAV-331IM,CUST00317,nissan,Pathfinder,2009,hybrid,cvt,DeepPink
6E7XB2781GC40LAGU,GVL-353YZ,CUST00318,Mercedes-Benz,E-Class,1899,Diesel,Manual,GoldenRod
HZ3SWZ8MBK21021LZ,MTY-688UB,CUST00319,Lexus,RX 350,2015,PETROL,manual,Thistle
U4A5WJB5U7K34WE52,VBT-596RD,CUST00320,Mercedes-Benz,C-Class,1899,Diesel,manual,Green
V2UE9N9WH36SV6YP2,GQP-850KE,CUST00321,Mercedes-Benz,ML350,1899,hybrid,automatic,OldLace
AL92AXLHCL2J6C22V,SBF-666OA,CUST00321,Mercedes-Benz,C-Class,2022,diesel,cvt,LightSeaGreen
RANCY7WS7TGZ3SAK5,ESS-907IG,CUST00322,MERC,C-Class,2006,PETROL,automatic,LemonChiffon
2GZPBZ1VGTN5V45D9,YBF-879UZ,CUST00323,HYUNDAI,Santa Fe,2005,hybrid,Manual,Navy
CBHP40HDRUVWTJC27,WIT-380GC,CUST00324,lexus,ES 350,2018,Diesel,manual,Ivory
1KJHXZ47JX4MMMHAY,KBZ-341XO,CUST00325,MERCEDES,GLK,2019,diesel,Manual,RosyBrown
WVX0R4XLGRRXA8FJV,XEK-441GP,CUST00326,lexus,ES 350,2011,PETROL,cvt,Magenta
2JMFE7SK68L4USZXX,VJZ-667OF,CUST00327,toyota,Camry,1899,diesel,AUTOMATIC,DarkGray
XG2H9X80F5EDYDD0W,JKN-713FL,CUST00328,Honda,CR-V,2019,diesel,manual,LightBlue
PZKW5VH6HZW6NTVPC,FJZ-441NE,CUST00329,Honda,Pilot,2021,petrol,AUTOMATIC,Turquoise
P3FENSM4C979MEZM7,UKW-656OD,CUST00329,HONDA,Civic,2005,hybrid,Manual,Snow
XMH5W3XPXR79DG9GZ,QAT-535VV,CUST00330,MERCEDES BENZ,E-Class,2014,Diesel,Manual,DeepPink
1L2EWRP2JT14TYDBC,CUS-214KM,CUST00331,Hyundai,Santa Fe,2024,diesel,Manual,PaleTurquoise
YLGF3VVLV1U9W60,ARS-548NW,CUST00332,Nissan,Pathfinder,2016,diesel,cvt,SlateGray
HDMKE56EJWN5F6AYW,IFU-368PP,CUST00333,KIA,Rio,2013,Diesel,Manual,MediumBlue
GFMPBP9Y4HFS8FUYA,DTE-940GJ,CUST00334,Nissan,Pathfinder,1899,PETROL,automatic,Cyan
0XK44PR0FX9B6AXNJ,GBS-789EY,CUST00335,LEXUS,RX 350,2008,hybrid,AUTOMATIC,DarkSalmon
ASJ7WJXZHS4CDXG9H,WAK-143HV,CUST00335,KIA,Sportage,2006,diesel,AUTOMATIC,DarkRed
Y8P12J5FPZ92SPZSD,KMC-821HC,CUST01535,Honda,CR-V,2022,Diesel,automatic,Peru
V5SFY11S8MZZHG1VS,FKO-502ZH,CUST01535,Mercedes-Benz,E-Class,2021,Diesel,Manual,SlateBlue
313AYSVMF1TTE3E,IVJ-135AZ,CUST00336,Lexus,GX 460,2019,PETROL,manual,Aqua
C0HCNAJ8PATK83P4J,SHB-977SU,CUST00337,lexus,RX 350,2013,diesel,Manual,LightPink
RXPB3C382TAMM9U96,HUN-883XK,CUST00338,NISSAN,X-Trail,2016,PETROL,manual,FireBrick
H6UNB4HG1UCNWP9E9,JSH-605RN,CUST01538,Honda,Pilot,2019,hybrid,AUTOMATIC,Navy
2V75ATGRAAHZN93BM,HMQ-658ED,CUST01538,Hyundai,Tucson,2009,diesel,AUTOMATIC,HoneyDew
LRFCZ56JAUUEBD8UG,VVU-678IK,CUST00339,MERCEDES,E-Class,2013,PETROL,cvt,Violet
WGKKU6B7K1T3PMM0F,TEA-607UA,CUST00340,toyota,Camry,2010,petrol,manual,Fuchsia
GDCNW14G1PD7AK25L,JEE-157AT,CUST00341,Honda,Accord,1899,diesel,AUTOMATIC,Gold
JE0N3BAY67XBDG8SJ,MSG-441ID,CUST00342,Kia,Rio,2019,hybrid,Manual,MediumPurple
C5LLFGP1C97E18KMH,GDN-125DM,CUST00342,toyota,Hilux,2013,petrol,Manual,DimGray
E7A6TWS3DKRWVJM0K,EWO-195JO,CUST00343,nissan,X-Trail,2005,diesel,AUTOMATIC,MediumTurquoise
FKBUW57M1BPM3ZXGR,OAM-233RS,CUST00344,NISSAN,X-Trail,2007,hybrid,manual,Pink
ZZZH1CJGGHXFL42V3,LUT-361XN,CUST00345,HYUNDAI,Santa Fe,2018,Diesel,AUTOMATIC,PaleGreen
DA9UW6TB9R5FHC8VJ,QJI-187PQ,CUST01545,LEXUS,ES 350,2006,Diesel,cvt,Green
JNXRUU94U5C9LHR3X,ELJ-380GU,CUST00346,LEXUS,RX 350,2009,PETROL,automatic,IndianRed
8KAZYAPPADBB1SV26,RLQ-345KG,CUST01546,honda,Accord,2024,petrol,cvt,DarkSalmon
2ABF1KSJ8N66C1AYW,ZHL-656PX,CUST00347,Toyota,Highlander,2018,diesel,Manual,OliveDrab
9URS4HGS5FGFXF0TY,VKX-613LM,CUST00348,TOYOTA,Highlander,2014,petrol,AUTOMATIC,LightSalmon
AE0PXSU33B5X1TVU2,ZVN-542QE,CUST00349,KIA,Rio,2006,petrol,cvt,HoneyDew
BJF9KJR95VAK2KCZ9,KAY-171ON,CUST01549,MERCEDES BENZ,GLK,2015,Diesel,AUTOMATIC,DarkGoldenRod
3WLRZ6BAVFLGJYGH3,ZNJ-171JK,CUST00350,Hyundai,Santa Fe,2015,hybrid,automatic,Sienna
2HCD6MRDT43BDFJSK,AUE-569DI,CUST00351,Hyundai,Elantra,2007,PETROL,AUTOMATIC,Teal
JBT0A844XRTW1CWMK,ZCB-550QE,CUST00352,Toyota Motors,Camry,2014,petrol,automatic,MediumOrchid
SA08PW8KTSZ3F83LL,TGW-425HP,CUST00352,Nissan,Pathfinder,2009,PETROL,Manual,OrangeRed
31Z2KJUE5359UV76F,YXY-778TE,CUST00353,TOYOTA,Highlander,2006,diesel,automatic,MidnightBlue
G9W97WKJSXUPWDW31,THU-660HF,CUST00353,TOYOTA,Corolla,2009,diesel,Manual,HotPink
ZLZTMB2UVFHG8NFK6,KOR-355TJ,CUST00354,Nissan,Pathfinder,2018,diesel,AUTOMATIC,PowderBlue
V99MEU3B22TBZGGCM,JCF-193SY,CUST00355,Hyundai,Tucson,2014,diesel,automatic,LightCoral
H2DW4AS8KG91DDNLD,RHJ-815BP,CUST00356,Honda,Accord,2024,hybrid,cvt,MediumVioletRed
UCAPW7HSG8G63CG1K,LBX-878DX,CUST00357,toyota,Sienna,2024,hybrid,manual,MediumTurquoise
6Y0AHEP5YRYLHB7L5,UBN-635NJ,CUST01557,nissan,Almera,2020,Diesel,cvt,Gold
H3G4B9H7KJN1T78HN,YXL-596VA,CUST00358,HYUNDAI,Elantra,2006,Diesel,cvt,Gray
VA0Z69CALTVNJP2ML,CXH-944MA,CUST00359,Toyota,RAV4,2023,Diesel,cvt,Magenta
6T27B15ZE4HS0KFXD,VGX-853QG,CUST00360,Nissan,X-Trail,2014,Diesel,automatic,Aquamarine
APN0CTLVPHRJVV9ER,MRC-124PR,CUST00360,Toyota,Hilux,2008,hybrid,automatic,Silver
CKG0E1701V2SRYRWF,ZCS-195TQ,CUST00361,Mercedes-Benz,GLK,2005,diesel,Manual,LightSalmon
K894HX7SYXHJE58YG,ODK-237BT,CUST00362,MERCEDES,GLK,2023,hybrid,automatic,SeaShell
K1C6LR1BKVV40U466,MOD-244FL,CUST00362,Mercedes-Benz,GLK,2007,petrol,automatic,Sienna
96H01T7R7DPG8XWRB,VPW-894IZ,CUST00363,Honda,Pilot,2014,diesel,cvt,DarkKhaki
6M1DLMYT22K5MWC53,CXB-538NT,CUST00363,KIA,Rio,2005,Diesel,AUTOMATIC,DeepSkyBlue
PYP273JZJP497D3BT,TVL-629IF,CUST00364,lexus,ES 350,2023,PETROL,automatic,PeachPuff
STAZBK7N3FX54TAXN,HDC-798OT,CUST00365,KIA,Sportage,2019,Diesel,cvt,Chocolate
ZTL4EBSTKM7P2J6PM,UGI-161RM,CUST00366,lexus,RX 350,2010,Diesel,automatic,Azure
6084H8G4LDVL0HVU2,VRU-690TK,CUST00366,TOYOTA,Corolla,2016,petrol,Manual,Moccasin
MMBM3AGUM2U8ED4BE,HAQ-561ZA,CUST00367,HONDA,Accord,2011,Diesel,AUTOMATIC,Chocolate
YACVNPM36MTU1RH5L,EMW-676GJ,CUST00368,KIA,Sportage,2018,hybrid,automatic,LightGreen
C2XTDLZXGRRJ6L8MF,FLC-263CR,CUST00368,nissan,Almera,2017,diesel,automatic,Gray
4DJ4352YL6LWZP8T0,SGA-123LO,CUST00369,KIA,Sorento,2005,hybrid,Manual,AliceBlue
803BLCAGLCLME0WSCU,TRJ-365WH,CUST00370,Kia,Sorento,2012,PETROL,manual,MediumSpringGreen
ALSZECK0YZDHRYVYC,DKS-331FK,CUST00371,HONDA,CR-V,1899,PETROL,AUTOMATIC,SandyBrown
S2L4JABZRHJUUFLD5,FHF-898LU,CUST00372,HONDA,Pilot,1899,hybrid,cvt,DarkCyan
S82NE76W0ULEA1MUF,LUL-679OB,CUST00373,TOYOTA,RAV4,1899,petrol,cvt,FloralWhite
ERG70R2J4U7XK92T1,YAN-205OX,CUST00374,Honda,Accord,2024,petrol,Manual,Salmon
LUXJUDNLGEZRYZAXGU,FUP-314TR,CUST00375,TOYOTA,Corolla,2023,diesel,AUTOMATIC,Gold
86JT6J0TJKF9STXHM,VWV-853IT,CUST00376,Nissan,X-Trail,2022,Diesel,automatic,CadetBlue
NPSL4ZGZDLY6V4UDY,YTS-751LR,CUST01576,lexus,ES 350,2021,PETROL,cvt,DarkSlateGray
X47J2MB9U27JL0WPX,KUA-854OM,CUST01576,HONDA,Accord,2023,PETROL,cvt,LightPink
ZAGMZ2LW5M3NTMAFL,MLS-911QS,CUST00377,Honda,Civic,2013,diesel,cvt,Purple
32L5CJ32ATYD04N,QFF-289WL,CUST01577,Nissan,X-Trail,2014,petrol,AUTOMATIC,Moccasin
FRS0NMJLW6FFR1AC3,WXP-121HC,CUST00378,TOYOTA,RAV4,2020,diesel,Manual,FloralWhite
3D74J2VPZAAXR6MNU,CLY-533JI,CUST00379,Lexus,ES 350,2018,PETROL,automatic,HoneyDew
3HATVF4WJNG1ZUVHN,SBW-570PZ,CUST00380,Kia,Sportage,2020,hybrid,manual,LightSlateGray
C4PTVMCU4E7XYG95B,NVS-188GJ,CUST00381,LEXUS,GX 460,1899,PETROL,AUTOMATIC,LightGreen
CLVR5WUUE8LRUZ4YN,FGX-613NQ,CUST00381,MERCEDES BENZ,GLK,1899,petrol,AUTOMATIC,IndianRed
0R1J3CU6MN4UEAAYR,DQC-612HH,CUST00382,KIA,Sorento,2015,diesel,AUTOMATIC,GhostWhite
SXBCR7ET4DW83GVR6,EID-617LU,CUST00383,lexus,ES 350,2013,Diesel,automatic,Navy
5Z3T36J1R2E0WF0CD,KYQ-252LC,CUST00384,HYUNDAI,Tucson,1899,petrol,automatic,MediumBlue
YC61BVS034CYCRS5U,SGO-535WA,CUST00384,Kia,Rio,2005,Diesel,Manual,DimGray
7HJMM337UFB95994Y,AEV-323VP,CUST00385,toyota,Sienna,2024,Diesel,Manual,DarkGreen
WL9972BXXBWJJH6DT,LWT-763KD,CUST00386,nissan,X-Trail,2007,Diesel,Manual,YellowGreen
MDE2LA7NM9FL8HK3X,LWB-887CZ,CUST00387,Lexus,RX 350,2019,Diesel,automatic,SaddleBrown
TL2VLBPSFSXWBHVZ3,LKS-560BU,CUST00388,Kia,Sportage,2024,petrol,cvt,PaleGoldenRod
5NA0TLUR9USDKE6H3,EPQ-582UX,CUST00388,Mercedes-Benz,ML350,2017,PETROL,automatic,MediumSlateBlue
DG1TK9FYAN5CH7DK3,ERZ-745TC,CUST01588,HYUNDAI,Elantra,2019,PETROL,automatic,Lavender
E6L2KL3MVWXBB6K9Y,WGG-678AB,CUST00389,Nissan,Pathfinder,2019,petrol,automatic,LightGreen
H1HL722JACJBSH6DM3,KZL-299BK,CUST00390,nissan,X-Trail,2013,PETROL,manual,Thistle
MTY8AFMAVKWL0P3BF,KTM-259SH,CUST00390,Kia,Sportage,2016,petrol,AUTOMATIC,Gray
DS15AJVS1XJWCZZR4,KWI-361IQ,CUST00391,nissan,Almera,2022,diesel,manual,MediumSeaGreen
U9KHZ58S0U23KNJR4,YDF-139TY,CUST01591,HONDA,Pilot,1899,hybrid,cvt,DarkTurquoise
J0W8MJDTM1ML3JA13,ZWD-507ZK,CUST00392,Mercedes-Benz,ML350,1899,Diesel,AUTOMATIC,Salmon
1KSPX729685M04AWH,AQJ-352ML,CUST00392,HONDA,Civic,2006,diesel,cvt,LimeGreen
NFKJ2ABAEVWD62KEW,TFL-858PN,CUST00393,TOYOTA,Corolla,1899,petrol,AUTOMATIC,PowderBlue
8XK7JC4X1WLJVAYKDM,FUP-339JR,CUST00394,toyota,Camry,1899,Diesel,Manual,Navy
GT2JC02JAF70SA533,AEK-202WG,CUST00395,nissan,X-Trail,2023,Diesel,AUTOMATIC,SeaShell
VAWSW8THLXREN7X2G,JRZ-113SN,CUST00395,Kia,Sportage,2020,PETROL,AUTOMATIC,SeaShell
ZDR3FMCKYEN7NP6CN,QYD-405TP,CUST00396,lexus,RX 350,2014,diesel,Manual,DarkGray
U84B53JRXEA73XEE7,YIU-744WI,CUST00397,Nissan,Pathfinder,2022,petrol,Manual,PaleGoldenRod
ZFUZ1NTCEZ9AZZFGX,XUS-955RU,CUST00398,HYUNDAI,Tucson,1899,Diesel,manual,Peru
2D87ADVASAWXWHUBS,MZI-718EW,CUST00399,nissan,Pathfinder,2009,petrol,cvt,SlateGray
12LCS902UB5AK2XLY,QVL-192BO,CUST00400,HYUNDAI,Tucson,1899,PETROL,AUTOMATIC,Fuchsia
JNDN6WTB99D48C97C,XPX-710XV,CUST00401,MERCEDES,C-Class,1899,hybrid,automatic,SteelBlue
FNK11GGYUYDYL2SMH,ANM-214WZ,CUST01601,KIA,Rio,2014,PETROL,AUTOMATIC,Crimson
7A77U0UV7DJNF5EV1,POI-863FM,CUST00402,Mercedes-Benz,GLK,1899,diesel,Manual,Brown
3J3MSX1A0RAJ1EWBJ,NTB-482FV,CUST00403,KIA,Sorento,2019,PETROL,Manual,OliveDrab
YD2SC22S4A0CJF4UA,PLB-738JS,CUST00403,nissan,Pathfinder,2008,PETROL,cvt,Magenta
LDSBK0JBTYLN6060R,YRE-978CQ,CUST00404,Nissan,Pathfinder,2010,petrol,automatic,PeachPuff
6Z8VXTUJCXVVVYR9F,LKZ-227RH,CUST01604,Toyota,Sienna,2022,hybrid,cvt,DarkMagenta
ZPVVY22LL0KH88DX3,DZF-489WR,CUST01604,Lexus,RX 350,2018,Diesel,AUTOMATIC,DarkGreen
5AV5K32BJNZE090BE,PZZ-483ZA,CUST00405,Nissan,Pathfinder,2005,Diesel,AUTOMATIC,DodgerBlue
GX4DZ5D0JMTWEPSXW,UIK-552GY,CUST00406,lexus,ES 350,2006,diesel,manual,SaddleBrown
X6DX6HF24W2P4Y1HS,AFP-299QZ,CUST00407,toyota,Sienna,2024,diesel,cvt,Peru
A06DMS77FTSAGMLB0,XDT-542BQ,CUST00408,LEXUS,RX 350,2011,PETROL,cvt,DarkOrange
JP2VTCMJXSL261MTL,MZZ-549CG,CUST00408,HYUNDAI,Elantra,2024,PETROL,cvt,Navy
JSMBGTAE4NRMUVJPW,XET-606VI,CUST00409,Hyundai,Santa Fe,2023,PETROL,cvt,Moccasin
YXFYUYJ1D5X4ENRHB,HYL-103BI,CUST00410,KIA,Sportage,2012,PETROL,AUTOMATIC,OliveDrab
KJ8566PPE39C22W7B,RFJ-921AV,CUST00411,HYUNDAI,Elantra,2011,diesel,automatic,LightGoldenRodYellow
CYXL9WJVFC7WDJ8UB,MGN-791UD,CUST00411,honda,Pilot,2020,hybrid,AUTOMATIC,PowderBlue
0A4LACS2N9Z2T3EV5,DDS-373CH,CUST00412,LEXUS,GX 460,1899,PETROL,automatic,SlateGray
8UET94CXXAVPK34VP,DXD-230MR,CUST00412,Nissan,Pathfinder,1899,diesel,Manual,NavajoWhite
EGYVYRTBAEM54LJNW,QBV-609RS,CUST00413,HONDA,Civic,2010,Diesel,Manual,Bisque
9KJP57DYVE1D1ENT0,IRL-510SW,CUST00414,toyota,RAV4,1899,hybrid,manual,PapayaWhip
X945U1NSA5KN2HDDK3,BCU-185TO,CUST00414,LEXUS,ES 350,2009,petrol,Manual,Blue
593UY82XXZ8ZGMT74,MHW-381UC,CUST00415,Mercedes-Benz,C-Class,2006,hybrid,Manual,White
3JVDZE31ZTXGKMTWT,VZP-170LF,CUST00416,nissan,Pathfinder,2024,diesel,automatic,White
NN34B9RX7CE5BS3NC,GIU-737JO,CUST00417,KIA,Sportage,2009,hybrid,Manual,Snow
YDRBUEPUA4E788JUY,BRW-256DS,CUST00418,honda,CR-V,2008,diesel,Manual,LemonChiffon
C6PZ18W9AX8RTBYC,UHK-243DC,CUST00419,nissan,X-Trail,2005,hybrid,manual,Crimson
CRFZJYUB6NWKCRG56,UXC-582JM,CUST00420,HONDA,Pilot,2019,hybrid,manual,DarkGreen
94ULNA9JX29UG3LSR,YGU-272FV,CUST00421,HYUNDAI,Elantra,2016,Diesel,cvt,LimeGreen
7VPG5NA12MPF0FF69,BZB-253LV,CUST00422,HONDA,Civic,2017,diesel,cvt,LightCyan
B3KSJ6KR7H59BKLR7,UPV-795FB,CUST01622,lexus,RX 350,2006,diesel,manual,DarkOrange
U65XTE538XXNEC5P6,YMK-626QT,CUST00423,Toyota,Hilux,2023,diesel,Manual,Thistle
W091L2P9T953PBKB7,IYP-508SZ,CUST00423,Nissan,Almera,1899,Diesel,automatic,BurlyWood
BYFGK1G9JB8A21CHD,XKE-565NW,CUST01623,TOYOTA,Camry,2020,hybrid,cvt,PowderBlue
RRU94W6CSXC38X693,RVS-982XL,CUST00424,lexus,GX 460,2012,diesel,manual,LightSalmon
5SGLPGXYYCX5CZJF7,GQC-732MZ,CUST00425,TOYOTA,Highlander,2013,diesel,automatic,Gainsboro
9PGEWEW7DGKRXDN25,RSR-216AA,CUST00425,MERC,ML350,1899,petrol,automatic,HoneyDew
5DKRWUZ49VT37VBR4,BYA-843QI,CUST00426,KIA,Sportage,2005,Diesel,AUTOMATIC,LightSalmon
7P89PHZ805LK5RG92,RDM-672YO,CUST00426,honda,Civic,2006,hybrid,automatic,MediumAquaMarine
WLRRMWF10EZTS41B6,GOO-312BT,CUST00427,NISSAN,X-Trail,2017,diesel,Manual,MediumOrchid
ZVF8UH4E5AYALLE9G,OEN-514SU,CUST00428,Hyundai,Santa Fe,2014,PETROL,manual,Salmon
DTP85VBJJ2VSNBK4Z,LAO-867MV,CUST00429,Hyundai,Santa Fe,2023,PETROL,automatic,Yellow
6H1334EAJX2SUMCJJ,YEJ-236AV,CUST00430,lexus,GX 460,2012,hybrid,cvt,MediumSpringGreen
P54R38ZBG75EXKWU2,UWC-223JD,CUST00431,toyota,Hilux,1899,PETROL,AUTOMATIC,SpringGreen
E6W204WJ1DH1S8J1P,NIS-168KR,CUST00432,KIA,Sorento,1899,diesel,manual,Orange
51TFWCBPXAMYYEPUV,QZC-799QK,CUST00433,HYUNDAI,Santa Fe,2017,PETROL,AUTOMATIC,Cyan
SRET0U1F07VNKZFH,OFJ-366WF,CUST00434,nissan,Pathfinder,2019,hybrid,Manual,HoneyDew
AVAXVS5844G9ND09D,VHX-161TS,CUST00435,Honda,Pilot,2012,diesel,AUTOMATIC,Maroon
ETR473LGA8E6GC2X4,CRD-408BJ,CUST00436,MERCEDES,GLK,2019,Diesel,cvt,FireBrick
NSE0TMNA2CDMNDM94,NWK-995BA,CUST00437,HONDA,CR-V,2005,PETROL,AUTOMATIC,Beige
VKB237CGXETXKBG24,WSJ-355VF,CUST00438,Hyundai,Santa Fe,2021,PETROL,AUTOMATIC,LavenderBlush
XRJMMD01JBGCEHPTW,YII-314YM,CUST00439,MERCEDES,C-Class,2011,PETROL,manual,DarkRed
HPLSTY3VYJPWM92WW,GZN-724NH,CUST00440,NISSAN,X-Trail,2005,diesel,cvt,LightSteelBlue
MDZS467SU0M7RZ2FY,LKX-804XV,CUST00441,Lexus,ES 350,2017,diesel,cvt,PaleGoldenRod
81L0S9D33WGU70RS2,JAW-969WN,CUST00441,KIA,Rio,2014,diesel,Manual,PeachPuff
RYP3JYSKVN18KWGY7,MRU-183XX,CUST01641,Hyundai,Santa Fe,2019,PETROL,cvt,DarkMagenta
PV3Y94SB3G2KV7SE3,QRO-198WO,CUST01641,HONDA,Civic,2021,petrol,Manual,MediumAquaMarine
BSB8P7J1D7LAGU47B,GII-669ZO,CUST00442,Hyundai,Tucson,1899,PETROL,automatic,PaleGreen
2NW52MXUKL1VZ2PNG,FWD-571SC,CUST00443,TOYOTA,Sienna,1899,diesel,automatic,DimGray
T9FHM31V6F35B3RPY,LZS-325AI,CUST00444,lexus,RX 350,2006,Diesel,automatic,MediumSeaGreen
BH2SUCFNRRUUP737P,WDP-802LR,CUST00445,MERC,C-Class,2014,hybrid,cvt,DarkGreen
E48PCETFG2AVFBDWL,YLP-139AA,CUST00446,TOYOTA,Highlander,2022,Diesel,automatic,PaleVioletRed
ECSVKHNT9YWTKDPXN,MOB-176NO,CUST00447,NISSAN,Almera,1899,petrol,Manual,DarkSlateGray
GP1DFX7GF8HPJGWBJ,NNG-410FM,CUST00447,KIA,Sorento,2005,hybrid,cvt,PaleTurquoise
J6WXJ8EP479081V4N,BUN-719PK,CUST00448,Mercedes-Benz,E-Class,2022,petrol,Manual,SeaShell
1HVLSKHZVDESFYPYD,RFX-520BV,CUST00449,nissan,Pathfinder,2018,Diesel,automatic,Orange
ZYLXM8WEAJ0V8E6UZ,JGM-536KD,CUST01649,NISSAN,Pathfinder,2014,hybrid,cvt,NavajoWhite
B0GY45Z2P009VKM5F,UPL-566ET,CUST01649,Honda,Pilot,2017,diesel,Manual,Green
A7BCFVUHRA193MTC9,UIS-555EB,CUST00450,Toyota,Corolla,2005,Diesel,cvt,GreenYellow
G8JKA73LN9HHZLJRK,KDD-665PR,CUST00451,Hyundai,Elantra,2010,PETROL,manual,Red
XKNZWCAUFCU5HR0GH,PYL-352DG,CUST00452,NISSAN,Pathfinder,2005,PETROL,manual,DarkOliveGreen
JA4VH08C6SBJBEBWG,ZMV-736KP,CUST00453,HONDA,CR-V,2012,petrol,cvt,SandyBrown
J9GTV736VJCMF9RB1,UEA-327VC,CUST00453,MERC,ML350,2022,PETROL,Manual,PaleTurquoise
R5TS2AXYXZ80WBUMA,HEY-954EY,CUST00454,HYUNDAI,Santa Fe,1899,petrol,manual,PapayaWhip
4A1ED1Y36SR5U05CF,QTI-508HT,CUST00455,HONDA,Civic,2019,petrol,AUTOMATIC,White
WDJZRB9UN72L2VUW6,TBC-892EU,CUST00456,HYUNDAI,Elantra,2015,hybrid,manual,Chocolate
KTMPW9ACUF6JWHYYS,SZZ-994UX,CUST00456,HYUNDAI,Santa Fe,2008,hybrid,manual,BlueViolet
B1M81ALUL05DSPRKY,XZT-791GO,CUST01656,lexus,ES 350,2016,PETROL,automatic,Purple
J1RCUBJ42MF5LG8VL,BYH-714GJ,CUST00457,Hyundai,Elantra,2005,petrol,Manual,LightGray
MHZSM21P7A2RJZCPH,WLW-959YH,CUST00458,Nissan,Pathfinder,2010,petrol,manual,FloralWhite
ZAMKC3GDGSSP0R88F,XAQ-718VJ,CUST00458,Nissan,Almera,2006,PETROL,cvt,LemonChiffon
KMY1U8E90ZWA5KRAV,YEN-912QG,CUST00459,LEXUS,GX 460,2011,PETROL,automatic,MediumPurple
6EVY1V5VS5AHVZNGF,PSE-786DT,CUST00460,HYUNDAI,Tucson,2018,Diesel,manual,SlateGray
73EJBLFX7D3EDKJSE,WPW-791QV,CUST00460,Toyota,RAV4,2020,Diesel,automatic,LightYellow
4PYSJKN8HZKEJ1V90,SCV-524YC,CUST00461,Hyundai,Tucson,2007,diesel,AUTOMATIC,LightGoldenRodYellow
BCBS6YSKSEPKT4Z91,KRM-489CW,CUST00461,nissan,Almera,2009,hybrid,manual,DarkSlateGray
N83YEYPJCGGUB1ZL4,JHS-502BO,CUST00462,LEXUS,RX 350,2018,PETROL,manual,NavajoWhite
MUXZRS802X173T59V,KXT-702ST,CUST00463,KIA,Rio,2010,hybrid,manual,DimGray
W3JXA3J3X1YHKD3J5,KOT-996ET,CUST00464,KIA,Sorento,2020,hybrid,AUTOMATIC,Purple
PTUJEJHW40AMKNV8,RSJ-572VZ,CUST00465,Hyundai,Tucson,2016,hybrid,Manual,DarkSalmon
VD6BPRJFV5KSN5KDU,JMS-424YQ,CUST00466,Mercedes-Benz,ML350,2020,Diesel,automatic,Khaki
RJ4NAHEJKBDV9UJ1T,BNL-891TJ,CUST00467,honda,Civic,2011,Diesel,Manual,Aquamarine
B9L28FP1AYTV4JB03,QXU-386GV,CUST00467,Hyundai,Elantra,2011,diesel,cvt,Tomato
P0DAEGYV2H7ZDDP9C,ZEN-392KW,CUST00468,KIA,Sorento,2007,diesel,automatic,DeepSkyBlue
219YEPYNGU9P7W6XZ,LGU-617HX,CUST00469,Honda,Civic,1899,petrol,automatic,OldLace
1V5H85TCFCK6G2P7G,FPK-546HE,CUST00470,Nissan,Almera,2016,Diesel,Manual,ForestGreen
4HF715ZNNL3E7CXBY,EYA-649QE,CUST00470,Kia,Sportage,2011,diesel,cvt,MediumSpringGreen
X5K0S0SS9LVL12KG6,OTN-895OJ,CUST00471,nissan,X-Trail,2015,petrol,automatic,LightSeaGreen
448PANAK9YPL6M714,MXU-706YH,CUST00472,nissan,Pathfinder,2012,diesel,automatic,Gray
DLXJ0W4GSA6NA7JA6,WFD-883KO,CUST00473,Kia,Sorento,2010,Diesel,Manual,Aquamarine
HH9VJXJ791NADA5FK,VYY-174HO,CUST00474,Hyundai,Elantra,2013,PETROL,manual,Green
PDZ757G4H7G104Z22,XQC-888ZO,CUST00474,HYUNDAI,Tucson,2014,hybrid,cvt,DarkGreen
NVUBB0KLVJ10N6NMJ,VGE-957RJ,CUST00475,Nissan,Pathfinder,2007,PETROL,cvt,White
0V7S3DHY8HFYCGC,VIF-170ZD,CUST00475,HYUNDAI,Santa Fe,2009,petrol,automatic,RosyBrown
PT6Y6PRXV99PZ8FMG,KHP-390PQ,CUST00476,honda,Pilot,1899,petrol,manual,Gainsboro
931VSKBPF8J340KKW,SPP-502OS,CUST00477,honda,CR-V,1899,PETROL,Manual,SaddleBrown
ACCKB2DFW1BXFBYUP,LCM-943RJ,CUST00477,Hyundai,Tucson,2008,PETROL,automatic,LightSeaGreen
3P1NAFDDCDSE5HAWC,FVM-277UE,CUST00478,honda,Civic,2015,petrol,manual,DarkSeaGreen
RDTR534FS32LB9FJJ,HTD-790NO,CUST00479,nissan,X-Trail,2021,diesel,cvt,LemonChiffon
T6AZREFCZPSA48N59,LWL-397ED,CUST00480,Kia,Rio,1899,petrol,manual,DarkGreen
R73ZBG2847G9872JP,IYD-518UY,CUST00481,Hyundai,Tucson,2022,diesel,automatic,Cornsilk
L62MLM444599AN52F,MEH-504CF,CUST00482,HYUNDAI,Elantra,2010,hybrid,cvt,Sienna
SXGJXY776K4X81VBN,MGI-670LN,CUST00483,LEXUS,GX 460,2022,diesel,automatic,SlateBlue
VH5G1Y7NEJZ2ZF5FH,TKA-961LB,CUST00484,HYUNDAI,Santa Fe,2018,petrol,manual,DarkOliveGreen
MTUM58Z6DRBKNBHGK,UCX-448PM,CUST00485,Toyota,Corolla,2021,petrol,Manual,SaddleBrown
B2ZKMLRN3PHB1LCA8,AQW-754AM,CUST00486,Honda,Accord,2009,PETROL,Manual,LightPink
50S7VBX8FUW2038TD,FOL-837VG,CUST00487,HONDA,Pilot,2011,diesel,manual,SkyBlue
YEU143Z9NU9NVRZ4L,GSP-975TQ,CUST00487,MERCEDES BENZ,ML350,2011,Diesel,manual,White
6707A9VSL3PTWS4YC,PVR-464RJ,CUST00488,Honda,CR-V,2015,diesel,automatic,SteelBlue
6LAD6NUMNC65R8KXU,TOC-750HW,CUST00489,NISSAN,Pathfinder,2005,hybrid,automatic,Gainsboro
ZHZCJAWYBMGWPYREJ,FAU-575GE,CUST01689,lexus,ES 350,2012,Diesel,cvt,Snow
GHKSZBUL2ZM6TK41M,KLE-925WB,CUST00490,honda,CR-V,2008,hybrid,manual,LimeGreen
ZZVYFT4CFRXGF7WZZ,GCV-420OR,CUST00491,honda,Civic,2019,Diesel,AUTOMATIC,WhiteSmoke
G36NS5T1GJFX704L4,LMX-363GW,CUST00491,Lexus,RX 350,2018,hybrid,manual,Lavender
52LAD4RF4SBSYE48D,NTG-418TU,CUST00492,NISSAN,Almera,1899,hybrid,cvt,Wheat
35RGMPURCW9ZFVKDK,EGR-478TN,CUST00493,Kia,Sportage,2014,petrol,AUTOMATIC,HoneyDew
GSTJ700516MEHYVBV,KRJ-743UK,CUST00494,KIA,Rio,2007,PETROL,manual,GoldenRod
0RFCL77HGXB3KH6J1,XZY-901KK,CUST00495,LEXUS,RX 350,2019,PETROL,cvt,DimGray
FD98RKLGS2EX5P647,UHE-216PM,CUST00496,Kia,Sportage,1899,hybrid,Manual,PapayaWhip
VZF0NDTUXDAMAJ1S8,XUR-668OQ,CUST00497,Toyota,Camry,2014,petrol,AUTOMATIC,SeaShell
252DSDUAPU36ZWEKS,TXJ-907TV,CUST00497,NISSAN,Pathfinder,2021,petrol,automatic,MidnightBlue
J5MEDXGSSU1DGWLKA,VUC-200TB,CUST00498,Kia,Sorento,2022,diesel,AUTOMATIC,OrangeRed
NE1H3R3ASF7S1A69W,WAA-763WZ,CUST00499,Toyota Motors,RAV4,2020,petrol,automatic,Chartreuse
TGD7A6H4SU0BXGMP6,AWP-106ZI,CUST00500,MERC,C-Class,1899,petrol,cvt,SaddleBrown
0T037K2ZY1HM648FS,XRB-549TM,CUST00501,KIA,Sorento,2008,hybrid,Manual,HoneyDew
Z2GJ215RB008P6GN7,QTQ-865SX,CUST00502,KIA,Rio,2010,PETROL,manual,Bisque
21M84PPAVHE63GWMG,UBY-483YU,CUST00503,TOYOTA,Hilux,2021,petrol,cvt,Green
3P3T7BT1X1197BP1R,ZNN-103GC,CUST00503,Lexus,ES 350,2022,Diesel,cvt,LightSalmon
FZMKHL7D1YRUECTD1,GEP-860KU,CUST00504,lexus,RX 350,2023,petrol,cvt,Silver
LU7HNBFH52D7Y5T7V,ULE-695CX,CUST00505,honda,Pilot,1899,petrol,manual,Orange
JG8HHU3Y3ZGGA4E8P,STF-747PR,CUST00505,honda,CR-V,2018,petrol,Manual,OldLace
60Z5M3G3W3P89EFPD,DGD-501OV,CUST00506,Kia,Sorento,2006,PETROL,automatic,LightSalmon
8ZNLH1RN3HSE7YUCC,IXC-417SH,CUST00507,Toyota,Camry,2020,hybrid,manual,SeaShell
Y9RY3SHK7UPKKXYG5,IVE-928UX,CUST00507,HYUNDAI,Elantra,2024,diesel,cvt,PaleVioletRed
T83MGMN2CH2RTZTGP,JJL-840TK,CUST00508,HYUNDAI,Tucson,2012,diesel,Manual,Green
SA72YC4W06JUCMG67,JFC-751PU,CUST00509,Kia,Sportage,2007,Diesel,cvt,YellowGreen
P7N45B7JH7RVAMWJL,WQQ-761JH,CUST00510,TOYOTA,Sienna,2013,hybrid,cvt,LightSteelBlue
3SMS4XWAGGWVULVUK,SBI-785XX,CUST00511,Kia,Rio,2013,diesel,automatic,CornflowerBlue
FH94EY3UAVGW8ZNEN,YST-578VU,CUST00512,Lexus,ES 350,2014,diesel,manual,MistyRose
D9M1EEBNX1XUMMCMS,XCV-591NL,CUST00513,HYUNDAI,Santa Fe,2017,hybrid,Manual,MediumBlue
ZRR1FTFENBRWJUKVA,DOD-487XV,CUST00514,KIA,Sorento,2010,PETROL,manual,Gray
WRSTP70G14TC940VM,RTQ-391QM,CUST00515,Honda,Civic,1899,PETROL,cvt,Beige
5UPYBZL0U7AS44VXP,IHP-430AB,CUST00515,Mercedes-Benz,ML350,2017,petrol,manual,Orchid
NACYUJ96PUV21445T,ZFZ-567DH,CUST00516,Toyota,RAV4,2008,petrol,Manual,Chocolate
T5FFBPT5GY27Z34XA,GXB-768KB,CUST00516,NISSAN,Almera,2022,Diesel,automatic,BlanchedAlmond
VTMPVP04XBUXBY33R,GZU-596YI,CUST00517,LEXUS,ES 350,2006,diesel,AUTOMATIC,SlateGray
LY5HWCJYDSX84M1W9,SKV-908OE,CUST01717,Toyota,Sienna,2018,hybrid,manual,Crimson
3D1NX9ZRBFBFK51YF,KFJ-925XH,CUST01717,nissan,Pathfinder,2011,diesel,cvt,White
86Z17DP1X3KDN4PTW,KZG-796FK,CUST00518,HONDA,Civic,2024,Diesel,cvt,SeaGreen
SRGEKNR053F7D5RH5,NPM-408WE,CUST00519,HYUNDAI,Tucson,2019,Diesel,AUTOMATIC,Plum
J1S25XC988T80UVSV,RDC-959VJ,CUST00519,HYUNDAI,Elantra,2023,PETROL,Manual,MediumPurple
BS71637VBTKB736ZF,ELP-415KV,CUST00520,KIA,Sportage,2011,petrol,automatic,SaddleBrown
PPDDCCUC302Z9KSVT,HXS-451VB,CUST00520,MERCEDES,GLK,2018,PETROL,manual,Beige
J34CACT6BFEDSW03E,ZKS-180AN,CUST00521,honda,Pilot,2015,petrol,cvt,Orange
9P5U24EWW754F9398,BAO-784UB,CUST00522,Hyundai,Tucson,1899,Diesel,Manual,DeepPink
B0J02Y0BEULRRAMM8,QOL-532RX,CUST00523,NISSAN,Almera,2015,Diesel,AUTOMATIC,MediumOrchid
MKETDZEPF11CW8W5S,IDP-318QM,CUST00523,nissan,Pathfinder,2007,Diesel,cvt,MidnightBlue
WWJANXTVGBLR97RZF,TKJ-650MX,CUST01723,honda,Pilot,2018,Diesel,Manual,DarkViolet
P0E9NAKZ90NU3XFZP,NTL-736GB,CUST00524,toyota,Sienna,2010,Diesel,cvt,White
DWEL1Y0H16ZMPPGRW,MCX-645II,CUST00525,Mercedes-Benz,C-Class,2006,hybrid,automatic,MediumVioletRed
TJMWLG06SDGME9XK7,EUU-297OQ,CUST00526,KIA,Rio,2007,Diesel,automatic,HoneyDew
Z0NDEXRCNDWVA55FG,MTK-148BR,CUST00527,honda,Pilot,1899,hybrid,manual,Lavender
4SWXWHMGK3UYKD3WF,NXW-732BI,CUST00528,Mercedes-Benz,C-Class,2018,Diesel,Manual,Purple
JLTJH2K39JKF8Z2L1,HYB-955CV,CUST00529,Toyota Motors,Camry,2005,PETROL,manual,HoneyDew
FAAZRJZ8JJ6DNLKBC,YDC-760CZ,CUST00530,nissan,X-Trail,2013,diesel,cvt,Gray
TN6HKZFVYMCY9BK2B,NXY-925LH,CUST00530,LEXUS,RX 350,2014,petrol,AUTOMATIC,DarkGoldenRod
W7T52YCBTF99Y42T,LGL-309UH,CUST00531,Mercedes-Benz,C-Class,2017,diesel,Manual,DarkRed
89951Z4SEP1D3JJBF,KWN-200HF,CUST00532,honda,Civic,2022,petrol,manual,MintCream
5FAP9BPYHTXSLVWEH,VUA-365MN,CUST00533,KIA,Sorento,2006,PETROL,manual,DarkGoldenRod
SZF37PDYRJ28AT923,ZGX-954EQ,CUST00533,LEXUS,ES 350,1899,PETROL,manual,Teal
LAHPKS0PC499Y4W48,HDB-519AY,CUST00534,KIA,Sorento,1899,Diesel,manual,PeachPuff
7UUX7YKFRZNF7XZYL,ZGW-615XT,CUST00535,KIA,Sportage,2022,diesel,automatic,Coral
1L45XHH84TYRU3ZXE,BPT-885OS,CUST00536,HYUNDAI,Santa Fe,2018,petrol,cvt,DarkBlue
4SADPZ9MDH2NCFX7K,PPZ-276YE,CUST00537,LEXUS,RX 350,2009,diesel,cvt,Azure
WL713DT4DF9CUAPNW,RUP-666UC,CUST00537,Kia,Rio,2015,Diesel,AUTOMATIC,DarkTurquoise
228GZXTU3BZSK2C48,PLK-976AI,CUST00538,KIA,Sorento,2017,Diesel,AUTOMATIC,Tomato
P2WEGKZ35K90CLFZX,JIS-839EW,CUST00539,Hyundai,Santa Fe,2012,Diesel,Manual,Blue
JFL1M3TP0279UV2A5,DMZ-674NV,CUST00540,Kia,Sportage,2015,hybrid,cvt,LightYellow
6700EKUWGWLYPG4UM,XNA-632KA,CUST00541,nissan,Almera,2021,hybrid,Manual,ForestGreen
Z1XC7B0XWTPWR478G,LHJ-444VZ,CUST00542,LEXUS,GX 460,2010,petrol,cvt,Gainsboro
D82SWHZP066HDDHHY,XHY-758KB,CUST00543,KIA,Sportage,2019,diesel,cvt,SpringGreen
T7JMZ069Y2TGRYU8W,NTZ-197OX,CUST00544,HONDA,CR-V,2016,PETROL,cvt,LightGray
K00ZBZ8W809G32CKT,NUB-743YB,CUST00545,honda,Accord,2011,PETROL,AUTOMATIC,MediumPurple
W5AWB6GT25GT88SVH,BEC-669VJ,CUST00546,HYUNDAI,Santa Fe,1899,diesel,automatic,PaleTurquoise
02CH6BN1GBE6ZBCG5,CIY-867WM,CUST00547,Lexus,ES 350,1899,diesel,cvt,Violet
MXXG2KH0S452SZN48,KKG-345AW,CUST01747,LEXUS,GX 460,2016,hybrid,Manual,Ivory
JJPUFPRZGNAEUND6W,FAE-268HE,CUST00548,LEXUS,GX 460,1899,PETROL,Manual,SandyBrown
RX735EUBNAD6R040K,AIC-499IM,CUST00549,Kia,Sorento,2010,PETROL,Manual,AliceBlue
7TEK914GFJJNLETLX,TEE-987QI,CUST00549,Honda,Pilot,2007,hybrid,Manual,MediumBlue
W2X5TU10PM0XUVEHG,QIX-916NQ,CUST00550,KIA,Rio,2011,Diesel,AUTOMATIC,DarkGray
DPGP549WGU8FT1JLB,EFV-176KM,CUST00551,HYUNDAI,Santa Fe,2021,PETROL,AUTOMATIC,DarkSalmon
GHM5LP1ANA972V67C,OGI-849ZJ,CUST00552,Mercedes-Benz,ML350,2020,petrol,cvt,Ivory
K0A737E3MG8KCV2DW,QFV-205GT,CUST01752,KIA,Sorento,2012,PETROL,AUTOMATIC,PaleGreen
Y2T46WGF2CXRB1TC8,SNG-760PO,CUST00553,Kia,Rio,2014,diesel,automatic,LightCoral
5DHE0GN2K26A6UMHY,LUQ-352TV,CUST00553,Hyundai,Santa Fe,2012,PETROL,manual,SandyBrown
JMH4B960U9AKRN0R9,QLH-947HK,CUST00554,LEXUS,RX 350,2024,petrol,Manual,LightGreen
XF7WYT1PZHBLFWDFK,WIU-656BX,CUST00555,Lexus,RX 350,1899,diesel,manual,DarkViolet
RY6G88F8BNCZ395DW,LVC-175VZ,CUST00556,Nissan,X-Trail,2017,diesel,automatic,OliveDrab
RXPS51TH62664DA1U,ODY-329ML,CUST00556,LEXUS,ES 350,2023,PETROL,automatic,Aquamarine
RRMT35Y8TYHAWUCW5,JOC-842YP,CUST00557,Kia,Rio,2022,diesel,Manual,DodgerBlue
VL7D60W73HGGD772W,ZUA-560KE,CUST00557,toyota,Hilux,2016,diesel,Manual,SkyBlue
6KL1PV9YUBPA9T1Z3,WMO-111KZ,CUST00558,NISSAN,X-Trail,1899,PETROL,Manual,RoyalBlue
37C556506CP3K1R86,NDN-703QI,CUST00559,Honda,Pilot,2007,petrol,Manual,Purple
3MMC3LVNLRNSDKPRT,HVR-386PX,CUST00560,MERCEDES BENZ,C-Class,2017,Diesel,cvt,Thistle
A2ZJNY52XJWFJ9YS7,VVL-832QV,CUST00561,Hyundai,Elantra,2017,diesel,cvt,SlateBlue
YSGHATL0ZWKAXS53W,XJD-235QG,CUST00562,MERC,GLK,2005,hybrid,Manual,MediumSpringGreen
MCRJLHSE7CFX23PJ7,WHQ-679EY,CUST00563,nissan,X-Trail,2010,Diesel,AUTOMATIC,Moccasin
ETLW03MH72WWH4ASN,BPB-878II,CUST00563,Kia,Sorento,2022,petrol,Manual,DarkGray
CM8WYFKBKLAF80W0U,ODH-168HJ,CUST00564,Toyota Motors,Hilux,2021,hybrid,AUTOMATIC,LightYellow
U23J6XBGZL25TULDR,IWT-988CB,CUST00565,Toyota Motors,Corolla,2020,diesel,manual,DarkBlue
98KSP2A4DFTY5KRJ,GLZ-510GM,CUST01765,HONDA,Accord,2013,diesel,cvt,DarkTurquoise
AG0CG487JBJZEJCHK,ROX-662BM,CUST00566,nissan,Pathfinder,2016,PETROL,AUTOMATIC,MidnightBlue
AUN7Y9LGY0XHE4P5F,HMX-389JK,CUST00567,nissan,Almera,2005,diesel,Manual,Wheat
WMW6S3L1JZFSEMW75,HDZ-341IX,CUST00568,HYUNDAI,Santa Fe,2019,PETROL,manual,Yellow
NYW68L107HY2WRCLD,OSH-881KX,CUST00569,Honda,CR-V,2022,diesel,AUTOMATIC,DimGray
3DBDVAE3Z7R73JVL2,GRK-491OO,CUST00570,lexus,GX 460,2009,diesel,manual,Ivory
RDFUDGYK6SGH6MM2W,WTJ-167IN,CUST01770,toyota,RAV4,2015,hybrid,automatic,Peru
UJRPYU5WLLSX3377F,MRD-461ZS,CUST00571,Hyundai,Santa Fe,2005,PETROL,Manual,Orange
S2XACNKBCD4W63EWW,HAE-249DU,CUST00572,HYUNDAI,Santa Fe,2020,diesel,manual,DarkSlateBlue
VMSH28KD450URNWR2,UTA-701EQ,CUST00573,Hyundai,Tucson,2015,hybrid,AUTOMATIC,Magenta
RY6NS9GRSB7RUYSPD,NUN-285ME,CUST00574,Honda,Pilot,2014,PETROL,AUTOMATIC,Chocolate
TB0N6LDSRZCXE2DJS,WAI-941JE,CUST00575,Kia,Sportage,2008,Diesel,automatic,DodgerBlue
8DUDUKKWY2WEFL00F,WZP-234ZY,CUST00576,MERC,E-Class,2021,Diesel,cvt,DimGray
SZBZRWTE7HY8XZ8H2,PAZ-542LM,CUST00577,Nissan,Almera,2021,diesel,Manual,LightBlue
4H3JE04SXJAA64EXC,WEO-396RI,CUST00578,TOYOTA,Corolla,1899,hybrid,Manual,PaleGoldenRod
56EWNP4B9CCGCFV3G,HUV-969LR,CUST00579,Hyundai,Santa Fe,1899,PETROL,Manual,DeepPink
CU2H1SH397ZFZ3CZC,NCJ-776RR,CUST00580,nissan,X-Trail,2015,hybrid,cvt,MediumOrchid
CA7K8LAHV5KN6PZ3V,AOH-118HT,CUST00581,LEXUS,GX 460,2012,hybrid,AUTOMATIC,Violet
50GTZVP36FT17TC41,GXO-639ME,CUST00582,KIA,Sportage,2016,hybrid,manual,Lavender
WZ4CZ02PWSF9D5PKB,QCT-837HI,CUST00583,Toyota,Camry,2016,diesel,Manual,SaddleBrown
PS777SBNG187GL3G0,JEW-389UV,CUST00583,MERCEDES BENZ,E-Class,2005,PETROL,manual,LightPink
VYXBDYVC9CP826S97,CYQ-238HO,CUST00584,HONDA,Pilot,2008,PETROL,automatic,SeaGreen
VSRDBBFVRXLWRB8UG,BLK-548TS,CUST00585,KIA,Sportage,2013,Diesel,AUTOMATIC,SlateBlue
G1LKYK5X2DALJSCJR,WSO-393HG,CUST00586,Hyundai,Tucson,2017,Diesel,automatic,DarkCyan
0CTGL9AYE324CHMPJ,UMM-599XP,CUST00586,honda,CR-V,2013,hybrid,automatic,Snow
FXJ72XVWWKAKLTKT2,SBA-295DO,CUST00587,Kia,Rio,2019,Diesel,automatic,DarkKhaki
REHCK11HTHS3A1FBT,XRU-565UR,CUST00587,Mercedes-Benz,C-Class,1899,hybrid,AUTOMATIC,LightCoral
KW83PVECRTFUFNEGH,OGV-978AQ,CUST00588,Kia,Sportage,2005,petrol,AUTOMATIC,LightCoral
5AWW5C903AUD16GV9,WFA-569GT,CUST00589,MERCEDES,C-Class,2005,petrol,manual,SlateBlue
UX7JK6X7UD6UBRP5T,PLF-364OL,CUST00590,KIA,Rio,2024,PETROL,cvt,PowderBlue
VFM2WEA1BRL45ZREC,QRG-456XT,CUST00591,HYUNDAI,Tucson,2012,petrol,automatic,SlateBlue
YV3GLXR2C1VBDU5V2,JMK-575YM,CUST00592,nissan,X-Trail,2022,hybrid,cvt,Tomato
E6AS2GBD66AE58R7X,QYC-687MG,CUST00593,NISSAN,Pathfinder,2011,petrol,Manual,DarkGreen
E5G4DCUBLFUVVFZY4,KGH-558WP,CUST00594,toyota,Camry,2012,hybrid,manual,MistyRose
0LRG7BPR0SADWM12Z,LRT-319MA,CUST00595,HYUNDAI,Santa Fe,1899,Diesel,Manual,OrangeRed
6PW4KU98KNZ1YSK71,TVC-666WP,CUST00595,HONDA,Accord,2013,PETROL,manual,Purple
715C4A00G7RX6JHH1,DKH-239CZ,CUST00596,KIA,Rio,1899,hybrid,cvt,Plum
2W2P5AGVX08ARSTJ7,QBN-812KL,CUST00597,Mercedes-Benz,ML350,1899,PETROL,manual,Bisque
DYBM1DADFHDFX4E3E,OVG-966SA,CUST00598,honda,Pilot,2011,diesel,manual,Black
RAD9JNW1D27JNPEDT,UDQ-781WR,CUST01798,HONDA,Accord,2020,PETROL,Manual,MediumTurquoise
EJJEJJB3PF2VH71ER,WPR-948CY,CUST00599,Mercedes-Benz,E-Class,2011,diesel,automatic,BurlyWood
9NXE364UASKRERMYJ,UDS-907OQ,CUST00600,nissan,Almera,2017,petrol,AUTOMATIC,DodgerBlue
S6TXLMXM3TTWUS449,NJX-215JP,CUST00600,Lexus,RX 350,2014,PETROL,automatic,MediumBlue
BX87FYXZD1L77DLZGK,VZW-116WX,CUST00601,MERC,ML350,2012,PETROL,automatic,ForestGreen
22BPKNX9WEAMXZ86R,FFV-838WN,CUST00601,LEXUS,GX 460,1899,diesel,Manual,WhiteSmoke
KT5UFEE7P26AP4KZ2,VZO-768UT,CUST00602,KIA,Sportage,2008,PETROL,manual,DarkGreen
PPBAC02SC9KLTJ96R,UFO-958ZU,CUST00603,Hyundai,Elantra,2006,hybrid,cvt,SpringGreen
5R4ZVZKMA7JAE5BVJ,OLW-657YM,CUST00604,Toyota Motors,Hilux,2007,PETROL,Manual,LightGray
2XELXZYFBB0FC9HWT,TFW-827VZ,CUST00605,Kia,Rio,2018,PETROL,automatic,Purple
A5JJSXCKRANUKUN6Y,XWK-926KU,CUST00605,TOYOTA,Highlander,2008,hybrid,AUTOMATIC,Azure
32RH4417WASPAT0UT,HML-165TG,CUST00606,Kia,Sportage,2008,Diesel,manual,LightYellow
VVYBGYG83WK3LAJVG,WJI-221LZ,CUST00607,toyota,Corolla,2015,hybrid,Manual,Crimson
3GNHYLY0LSLJDX9N6,MFF-763TM,CUST00607,NISSAN,Pathfinder,2014,diesel,manual,PaleGreen
W82MYN0CGFHYLXX94,QJT-954VI,CUST00608,Hyundai,Tucson,2019,hybrid,cvt,MidnightBlue
F5UBSBTZ9A7H4EWJM,ZIY-723GV,CUST00609,Lexus,ES 350,2015,diesel,cvt,LightYellow
Z35X58FGN5RBWY63K,NKF-552UO,CUST00610,toyota,Hilux,2008,Diesel,automatic,Red
CGZLMHPN11DA9NU64,CPJ-797JQ,CUST00611,nissan,Almera,2009,hybrid,cvt,LightSalmon
8U1GHS7J6GY2DRP8Z,BFO-948SO,CUST00612,TOYOTA,Highlander,2016,hybrid,cvt,LemonChiffon
TS62SDAA7S8VWUX6T,OCP-990ZN,CUST00613,NISSAN,X-Trail,2008,Diesel,Manual,DarkViolet
L4J1YVRW5ZG2BTSY9,ASP-314BN,CUST00613,nissan,Pathfinder,1899,petrol,Manual,SkyBlue
X59R8Y3E17WPWC8PD,CAJ-553JK,CUST00614,Mercedes-Benz,ML350,2019,petrol,AUTOMATIC,GoldenRod
A89P1LKNN9XVASN3Y,ALH-233LZ,CUST00614,MERC,C-Class,2010,petrol,AUTOMATIC,Orange
6SXYHV5KTDNJJSU78,VQT-176YX,CUST00615,MERC,ML350,2024,petrol,cvt,LightGray
X0Z5CKCC3H7TEN3WT,BXX-911PU,CUST00615,HONDA,CR-V,2020,petrol,AUTOMATIC,Yellow
FK7A3XB52GKLKSB01,WES-403IU,CUST01815,NISSAN,X-Trail,2022,PETROL,automatic,LightBlue
YYDJ3PY4A888WPRJ8,YIL-519IG,CUST00616,MERCEDES,C-Class,2013,petrol,automatic,Tan
S21K4BMMKD50YB2G6,TEI-891UG,CUST00617,Hyundai,Tucson,2019,petrol,manual,Khaki
PPTWC647LH1MENSRE,UWT-858SP,CUST00618,honda,Civic,2023,hybrid,AUTOMATIC,Ivory
RB7FLM3CDJK9R65UM,DRK-564DD,CUST00619,Toyota,Hilux,1899,hybrid,manual,Purple
5LKD2NKLBFL3DVT33,FLB-474EK,CUST00620,HYUNDAI,Elantra,2013,Diesel,automatic,Beige
B4T5KTYM06P56T78T,JCJ-114PD,CUST00620,KIA,Rio,2024,Diesel,manual,MediumTurquoise
D4FK996KWK2DJ9K2E,ETJ-824ER,CUST00621,lexus,ES 350,2013,Diesel,automatic,MidnightBlue
8E4CY129ANE21W70E,EUR-247KQ,CUST00621,Toyota Motors,Highlander,2021,petrol,AUTOMATIC,Black
0S0UF2BFFTB5AH7A9,TMF-898BT,CUST00622,honda,Pilot,2020,diesel,AUTOMATIC,DarkSlateBlue
GD7VDVRR40515KV3F,ZNQ-785CT,CUST00623,Lexus,ES 350,2007,petrol,cvt,WhiteSmoke
DG80BMA0DKZV7LRMC,SRT-183VO,CUST00624,Toyota,Sienna,1899,Diesel,manual,Teal
YR4X5WTLZK1TLDVF2,AJX-391IR,CUST00625,Mercedes-Benz,GLK,2011,diesel,automatic,Maroon
0FNS6R54251H1AXY8,AND-885TW,CUST00625,Kia,Sportage,1899,petrol,manual,MintCream
9FUUC9DPY92LVCZ5T,LHX-371EN,CUST00626,NISSAN,Almera,1899,hybrid,cvt,Coral
0SXK5GGHFD0ET349X,HAU-710KU,CUST00627,Honda,Civic,2007,diesel,cvt,GoldenRod
PD6NUACKK3TKZ8JAY,PMX-971WL,CUST00627,LEXUS,ES 350,2022,hybrid,cvt,Gainsboro
GKEV7TU5W1AVMS6G7,BPF-838UH,CUST00628,KIA,Sorento,2020,petrol,manual,MediumPurple
M8YDUZKM4549667YV,FGZ-385KS,CUST00628,LEXUS,GX 460,2013,diesel,automatic,Orange
JP3AY4M6YEPT1SBHKU,ZAY-961SE,CUST00629,MERC,GLK,1899,PETROL,Manual,DarkSlateGray
E032JJSD6B3YTBXRG,VLG-487TW,CUST00630,Lexus,RX 350,2009,diesel,AUTOMATIC,Fuchsia
5M8E3LVW6Z3NEGJEP,TBQ-656FF,CUST00631,Toyota,RAV4,2022,hybrid,Manual,GhostWhite
XWZ9Y921RZ4XVFBLM,QZM-446OW,CUST00632,Lexus,RX 350,2010,hybrid,Manual,Cyan
XU1WM9LV5CYKCSFRL,VCW-934GH,CUST00633,nissan,Pathfinder,2022,petrol,AUTOMATIC,LightCyan
BP414VJ571J4YM7K6,BMD-856JD,CUST00633,HONDA,Accord,2012,petrol,cvt,Navy
U5FA3MRRUZ07SY4MN,GKA-765HA,CUST00634,Lexus,ES 350,2020,petrol,manual,AntiqueWhite
Z7PDJ6RJLZ5BWLTCK,UYT-439BZ,CUST00634,MERC,GLK,2014,hybrid,cvt,Navy
6CVGG37E03V26R2Y1,ELM-723ON,CUST00635,Nissan,X-Trail,2013,diesel,Manual,SpringGreen
MMELVYZ65BA4LSTXU,LIN-263WG,CUST00636,HYUNDAI,Tucson,2006,Diesel,automatic,DeepSkyBlue
XPDFJDRS9BHS98F1K,MXK-657LC,CUST00636,Hyundai,Elantra,2016,hybrid,cvt,Fuchsia
ECBH0PP6UNX26BJ58,GJC-269BN,CUST00637,MERCEDES BENZ,C-Class,2015,diesel,cvt,Blue
6VZ8YY00BYXS1JF5H,IYH-407ZT,CUST01837,HYUNDAI,Tucson,2007,PETROL,cvt,LightSteelBlue
XJ0KD69LE2XGEMFW0,GWR-603LL,CUST01837,MERC,GLK,2015,petrol,AUTOMATIC,Tomato
J71T6NB9KWDN0SMFL,KGF-855MM,CUST00638,KIA,Sportage,2005,hybrid,AUTOMATIC,DeepSkyBlue
BTFMFC0LZ7XDBV7TF,NVD-239QJ,CUST00639,honda,Civic,2009,diesel,Manual,Orange
FHPWRT907ENP4M643,YCH-189QJ,CUST00639,TOYOTA,RAV4,2012,PETROL,automatic,Coral
FP9FRCFVWCLDE13,VPX-409JP,CUST01839,HONDA,Civic,2011,hybrid,automatic,SlateGray
PNX2PG5KR428DWE7F,MYZ-111CW,CUST00640,nissan,Almera,1899,petrol,cvt,Chocolate
7VCXBHSPLBSUT04B8,EZQ-178TW,CUST00641,NISSAN,Pathfinder,2020,diesel,automatic,DarkGreen
KZ6KRE1PH2BN89EFD,HFQ-423PU,CUST00642,lexus,ES 350,2005,hybrid,cvt,Violet
PD426BAZU222SJSP6,KKS-160IH,CUST00642,Lexus,ES 350,2008,hybrid,automatic,OrangeRed
EUD3NSMPWPB2Y8VVN,WIP-738MS,CUST00643,nissan,Almera,2012,diesel,cvt,MediumBlue
MKXK0YUZXHPH3BPWL,ICW-896MS,CUST00644,Kia,Sportage,2020,hybrid,AUTOMATIC,Pink
NKSBCTS3T50W33U47,ZBY-828FF,CUST00645,HONDA,Accord,2017,Diesel,automatic,Bisque
RG6YZL572CHTZ9WA9,FGU-205JE,CUST00645,Honda,CR-V,2013,diesel,Manual,Orange
WP1EE31HGW1BN1EFL,TFY-509XS,CUST00646,nissan,Pathfinder,2005,diesel,manual,Chartreuse
TM29S19TR85FUBNVU,HCM-747FT,CUST00647,lexus,ES 350,2013,hybrid,manual,Yellow
ARAFF3JK8KR17UJG5,LPU-861VD,CUST01847,Kia,Sportage,2021,hybrid,manual,White
DX5BNTBF30CHEN3TB,BDT-346YM,CUST01847,HYUNDAI,Santa Fe,2013,diesel,AUTOMATIC,MidnightBlue
A3M8YYHWMZTV14YVJ,IDR-955BV,CUST00648,Kia,Sorento,2020,Diesel,AUTOMATIC,Teal
9AAH3E5PUW6VXMRXH,HLG-935XR,CUST00648,LEXUS,GX 460,2011,PETROL,AUTOMATIC,Brown
98FCDF5A6GJVY52ES,NGD-141LO,CUST01848,MERC,GLK,2022,petrol,manual,MediumAquaMarine
SXZKNP7L7Z28HPDJ3,ETN-433FN,CUST01848,HONDA,CR-V,2019,petrol,automatic,Aquamarine
E6CUEA8HH3HEW2TT1,CYN-829SH,CUST00649,nissan,Almera,1899,hybrid,AUTOMATIC,LightSteelBlue
0WMW8PYMS87V86AD7,APQ-673VL,CUST00650,Kia,Sorento,2009,PETROL,AUTOMATIC,Orange
BLL27D323BK40PP06,OXZ-164CJ,CUST00651,Toyota Motors,Hilux,2017,PETROL,automatic,DarkTurquoise
7AB5CS8D934RLC8C9S,MPN-379QQ,CUST00652,KIA,Sorento,2009,Diesel,manual,Peru
M3ZD7VUY2X5J4720U,RKT-191OT,CUST00653,Kia,Sorento,2008,hybrid,manual,GreenYellow
ZACNWYJKDM4M2RDPJ,PVR-965AS,CUST00653,lexus,ES 350,2013,PETROL,manual,Aqua
C6TC1RYF49YKKU627,AAY-476RM,CUST00654,Honda,Civic,2015,PETROL,Manual,SlateBlue
BDZP23PNJ84RPTJKZ,QMA-813OS,CUST00654,KIA,Rio,2021,Diesel,AUTOMATIC,Orchid
MYPGCRR7DAWKPTCP5,CSX-111CI,CUST00655,LEXUS,RX 350,2011,PETROL,automatic,Ivory
2FJ08AU6R5G0H731B,EOH-768HK,CUST00656,nissan,X-Trail,2014,diesel,manual,SlateGray
KG08R6L4VBXPK5N40,ELI-731UK,CUST01856,Hyundai,Tucson,2009,hybrid,AUTOMATIC,LightCyan
6PPF0BSLG903Z0FBJ,RTS-439ZS,CUST00657,Honda,Pilot,2018,hybrid,Manual,WhiteSmoke
RW837FW4SKZFARYMW,SSK-250QG,CUST00658,LEXUS,ES 350,2010,petrol,manual,DarkOrchid
S5VP3RTYVANZXV304,ZMF-897JF,CUST01858,nissan,Pathfinder,2016,petrol,Manual,Green
CDKFBK6P11RLZ16PM,IHC-274EE,CUST00659,nissan,Almera,2014,Diesel,manual,DarkMagenta
42AGHCAW42B5PK3WW,HOC-873YL,CUST00660,NISSAN,Pathfinder,2023,Diesel,cvt,DarkBlue
UF74DBN8G3V0GAVZ8,WSZ-934EP,CUST00661,Nissan,Pathfinder,2013,Diesel,cvt,PowderBlue
PR5DXJ9BY14ZFN5W5,NXC-553VJ,CUST00662,Mercedes-Benz,E-Class,2019,PETROL,manual,Red
29XP9C2LXDKSC91U2,MXC-921QG,CUST01862,TOYOTA,Hilux,2012,PETROL,manual,Gold
YMHMGZ1CS95EACPYW,XNU-529UC,CUST00663,nissan,X-Trail,2017,petrol,manual,Aquamarine
T5U64HF4FMMHYCS2X,JVQ-459LW,CUST00664,honda,Pilot,2021,hybrid,automatic,SandyBrown
HXRPP0J32AGR9XXAB,MPD-271ZY,CUST00665,KIA,Sportage,2011,petrol,automatic,DeepSkyBlue
VZ6GF0D1FVHN20CZY,SGE-223OL,CUST00666,Toyota,Sienna,2023,hybrid,Manual,GoldenRod
8E7AAWKPL0B8G4FKR,VQU-312CB,CUST00667,TOYOTA,Corolla,2011,hybrid,manual,Purple
CTCDP7E780Z1K5TA1,EPM-509HS,CUST00667,Honda,Accord,2010,PETROL,automatic,DodgerBlue
0E4X8FLHH4DEFHJRR,JJU-300DH,CUST00668,Toyota,Camry,2015,hybrid,cvt,Coral
JD4KRHVY49GB1G2DV,AHI-467BN,CUST00669,Nissan,X-Trail,2010,petrol,AUTOMATIC,FloralWhite
P4AH2UGATT3CE8GTC,UUX-923CJ,CUST00669,Kia,Sportage,1899,diesel,manual,DarkKhaki
B2AY9C3J6TY24RZC8,ROA-364YA,CUST00670,Nissan,Pathfinder,2013,diesel,AUTOMATIC,Chartreuse
654MXNV621FZNCG2V,YXK-607HO,CUST00671,MERCEDES,ML350,2008,diesel,Manual,Blue
J1J51FH11J24ANWJU,KIE-927BP,CUST00672,NISSAN,Pathfinder,2024,Diesel,automatic,Sienna
L88VCLE08JPFKXKUM,KPY-307SR,CUST00673,LEXUS,RX 350,2015,petrol,automatic,Orange
W1E5MG0DYKA0RYNFN,CVP-836RF,CUST00674,Hyundai,Santa Fe,2013,Diesel,automatic,LightCoral
RVKSKJHAFKUTRGUEU,WOD-982EJ,CUST00675,Nissan,Pathfinder,2020,PETROL,manual,SaddleBrown
67KWCKGH4KRFP8F9G,IXO-768JS,CUST00676,Hyundai,Elantra,2023,PETROL,manual,ForestGreen
64PY0975VZJ3PW9KN,YQK-866XV,CUST00677,LEXUS,GX 460,2009,diesel,manual,Beige
NXHE6MBYCSTY0RM97,BZT-262JC,CUST00678,Honda,CR-V,2019,Diesel,Manual,Salmon
J8WX95FJD7XPEP10N,ATI-205OZ,CUST00679,LEXUS,GX 460,2009,PETROL,automatic,DarkSalmon
7VFTTRAHA1FUVZK1W,OWN-460ZA,CUST00679,HYUNDAI,Tucson,2013,PETROL,automatic,PapayaWhip
0RRSU5L46BFBCPWRV,DUC-408CY,CUST00680,Toyota Motors,Hilux,2022,hybrid,Manual,SandyBrown
9F792DJH0K8TP64R9,XVU-230QZ,CUST00680,HYUNDAI,Tucson,2023,PETROL,AUTOMATIC,DarkSlateBlue
RXTC5AV5PHWP26W67,UHN-840PN,CUST01880,HONDA,CR-V,2005,petrol,AUTOMATIC,Gold
Z2AA51JLKHMJHP93L,KMU-592QY,CUST00681,lexus,ES 350,2019,Diesel,manual,Moccasin
PNAW04LC222CUZRGM,DJW-307YA,CUST00681,HYUNDAI,Santa Fe,2013,diesel,cvt,Navy
FHW4ZGKTMHB1S6F7B,PTN-414ZJ,CUST00682,nissan,Pathfinder,2012,diesel,cvt,SeaShell
YZ00TLES8NGP3N2Y8,GIP-281CT,CUST00683,Toyota Motors,RAV4,2019,hybrid,Manual,PaleVioletRed
P04EPWF8TEZRBWM48,DMN-975VJ,CUST01883,Lexus,RX 350,1899,hybrid,automatic,DimGray
2H0BCGEFRGYWAWVMN,QYH-522BL,CUST01883,HYUNDAI,Tucson,2024,petrol,manual,Red
2G1T6BWFY7RB1616R1,BSN-562YK,CUST00684,TOYOTA,Corolla,2023,petrol,automatic,ForestGreen
M4WRMD0915LU07G00,RVR-798KX,CUST00685,KIA,Sorento,2011,Diesel,Manual,DeepSkyBlue
YWG68PM3A49Y393EC,PZK-874YZ,CUST00686,toyota,Sienna,2024,PETROL,manual,Gray
VPN3UU8DL1NK8284Z,JAU-708DP,CUST00687,LEXUS,ES 350,2015,Diesel,Manual,DarkSeaGreen
T5FZZSU5TXCJTB0S5,WFU-607NW,CUST00687,Lexus,GX 460,2005,diesel,cvt,Wheat
TYBS5ZUC7A0RPN02N,VOC-291RG,CUST00688,Mercedes-Benz,E-Class,1899,Diesel,manual,Coral
UB7R6PDUFZA1PMTBX,FBA-205DV,CUST00688,Hyundai,Santa Fe,2009,diesel,cvt,DarkGoldenRod
4PNV26U4U24CSPJ8N,UWM-941VJ,CUST00689,KIA,Sportage,2008,hybrid,AUTOMATIC,HotPink
VEDFBM84C7HXH2WT6,TEX-587NU,CUST00690,HYUNDAI,Elantra,2021,PETROL,automatic,RosyBrown
PX50U7PYBZM3CM6B2,EVT-981LS,CUST00691,Toyota Motors,Hilux,2018,petrol,Manual,LimeGreen
HLMS2GPHJN86T0WGP,GZJ-354KJ,CUST00691,Toyota Motors,RAV4,2021,petrol,manual,DodgerBlue
C20HB4UC8C6PW5U9N,AHI-924NA,CUST00692,Lexus,RX 350,2013,diesel,Manual,DimGray
YVAVTJ7M9DANH59S1,JJO-922ES,CUST00693,LEXUS,RX 350,2007,Diesel,cvt,LightSeaGreen
UTUCXPBNMC604AYK4,SPH-734QJ,CUST00694,Hyundai,Elantra,2016,PETROL,automatic,Red
21NRBLSZ2ZTASB5HZ,GWC-381IY,CUST01894,Nissan,Almera,2019,PETROL,automatic,Sienna
ZPFXABVJNFJC1JDWH,YEK-900XB,CUST00695,honda,Accord,2023,petrol,manual,MistyRose
5PZ585PKUYXSG0FL8,CLK-248LC,CUST00696,nissan,Almera,2021,Diesel,manual,Beige
G9YM0063FYYCSD9H4,FQK-845WV,CUST00697,nissan,Pathfinder,2015,diesel,cvt,DarkBlue
YAV9VHXB9JTV3VCSY,XEL-127IN,CUST00698,LEXUS,ES 350,2024,diesel,manual,Lime
P0Y99ED9JK55YW558,RZJ-604HY,CUST00698,NISSAN,X-Trail,2023,diesel,manual,Gray
5KVS77CB8DVY0VW36,OUS-371TY,CUST00699,honda,Accord,2018,PETROL,AUTOMATIC,DarkBlue
8HKY0RYBL545TB1WH,WMZ-901FB,CUST00700,Kia,Rio,2020,Diesel,Manual,PapayaWhip
V0HNUG8DDYV0YSVZZ,KXQ-737MG,CUST00701,HONDA,CR-V,2018,petrol,Manual,LightSeaGreen
7339DZAWFB93DVNF7,HBF-190UK,CUST00702,HONDA,CR-V,2020,diesel,AUTOMATIC,CadetBlue
6RR21CSE3C9ZBFC00,PPS-909TQ,CUST00703,Hyundai,Santa Fe,2007,petrol,manual,RosyBrown
2VDCNSP4S8CMAS5LE,BVC-673RV,CUST00704,honda,Civic,2021,diesel,Manual,Salmon
542SUJARW9FMVM24V,QFV-592JC,CUST00705,KIA,Rio,2018,diesel,automatic,DarkSeaGreen
NL843S5XF75WULW15,NAV-779KB,CUST00706,Lexus,ES 350,2013,hybrid,AUTOMATIC,LimeGreen
XY42WKNUAK1A1U113,YME-783YY,CUST00707,honda,Accord,2008,PETROL,AUTOMATIC,Blue
JU18JMDR6PR8UD1EP,SRR-627SY,CUST00708,HONDA,Pilot,2014,diesel,Manual,MediumSeaGreen
YX1X520691ADZYEJ2,XZG-752YB,CUST00709,Toyota Motors,Sienna,2018,diesel,cvt,PaleTurquoise
RL6C03GT4ZNTTMCDV,TVI-254WU,CUST00710,Honda,Pilot,2019,Diesel,automatic,LightGoldenRodYellow
XFFZBY30GSRXXDFTN,JMF-290SR,CUST00711,Honda,Pilot,2018,PETROL,AUTOMATIC,DarkBlue
DUJPPGA2C9E8CC0KJ,CQF-717ZQ,CUST00712,Hyundai,Santa Fe,2013,Diesel,manual,MediumAquaMarine
30BYJ7BMZ4GHVPX9N,GHB-145ZI,CUST00712,NISSAN,Almera,2020,diesel,automatic,DarkMagenta
AKJG26VYN6HV5SKCV,PEL-351XE,CUST00713,Toyota,Highlander,2009,diesel,AUTOMATIC,DeepSkyBlue
3Z2CMRN2F3ZY9B3KT,KZP-564XF,CUST00714,HONDA,CR-V,2015,Diesel,Manual,Crimson
27DK6XHAAZ48C4AX6,AUA-177VZ,CUST00715,Toyota,Camry,2007,petrol,Manual,MediumSpringGreen
NMS0NRRB0UVXF3Y7D,NEJ-552LO,CUST01915,KIA,Rio,2009,hybrid,AUTOMATIC,Salmon
M2T3YYHBKCWEEXW9C,OVY-897QG,CUST01915,toyota,Corolla,1899,PETROL,AUTOMATIC,DarkRed
SR3NSAX70WN6DAVH2,DTI-889MV,CUST00716,LEXUS,RX 350,2019,petrol,AUTOMATIC,Cyan
U5DHMYLRP7F501G61,LFT-719FA,CUST00717,KIA,Sportage,2006,hybrid,automatic,Plum
SBEDZ0F1NSE8P1V8B,YRO-631ND,CUST00718,HYUNDAI,Santa Fe,2014,Diesel,manual,Cyan
VZKYN06B810AT2MA7,YUO-650HM,CUST00718,HYUNDAI,Tucson,2009,Diesel,automatic,Sienna
1EH49BHBR4AEUAE,MTF-769MT,CUST00719,LEXUS,RX 350,2006,PETROL,Manual,GhostWhite
BZ6688DFU6J19JGGY,ESU-537RL,CUST00720,HYUNDAI,Tucson,2018,Diesel,Manual,Chocolate
01HLKCZHP02S6VMZC,CLG-149AF,CUST00720,HONDA,CR-V,2008,Diesel,manual,Fuchsia
0HJH88T95V85S0YWP,MQJ-649IK,CUST00721,Hyundai,Tucson,1899,hybrid,cvt,Gold
MZKCFND1T4HK18HF3,SHS-699WE,CUST00721,lexus,RX 350,2011,PETROL,automatic,Gold
7PCX2J970RSYYM4LD,LUW-239OK,CUST00722,HYUNDAI,Santa Fe,2020,Diesel,cvt,Orchid
L2NV0H5RLJJRF5694,OLS-443MA,CUST00723,Toyota,Camry,2023,Diesel,manual,Tan
787F6WPEJWPWXPZS9,OSN-812BQ,CUST00724,Mercedes-Benz,C-Class,2015,diesel,automatic,MediumTurquoise
U9CN105Z3MTNNG316,VPH-104AP,CUST00725,lexus,GX 460,2015,petrol,Manual,LightCoral
UUGDEBWK87TNZUKHA,SWK-209ED,CUST00726,honda,Accord,2021,hybrid,Manual,Coral
S05XPW9EGFX8CNW60,FWU-505DN,CUST00727,Honda,Accord,2018,PETROL,Manual,Plum
YXV3LAMHRYT1LKSVA,FRW-601TC,CUST00728,Mercedes-Benz,ML350,2012,PETROL,manual,Aquamarine
YT7DD3DSED5ZG2NYJ,VRF-176UL,CUST00729,LEXUS,GX 460,2007,petrol,AUTOMATIC,MistyRose
G8Y2E19CY4TFYUHNP,SRM-790RE,CUST00729,Honda,Pilot,2017,petrol,AUTOMATIC,LightGray
EY4XH5G07LDYMWMLF,UUC-933WV,CUST01929,nissan,Almera,2008,PETROL,cvt,Silver
HVAFP902NHVL3XKAH,XFT-948WF,CUST00730,Nissan,Pathfinder,2005,Diesel,manual,Maroon
9WW499220WEK6MHS1,IVM-568OL,CUST00731,honda,CR-V,2024,Diesel,manual,FloralWhite
HXNKHBGGNDXJPGZ2L,CSW-341AD,CUST00732,HYUNDAI,Elantra,2022,petrol,AUTOMATIC,SandyBrown
T2M27FSLAJXSTLS45,UYZ-919DD,CUST00733,Hyundai,Tucson,2020,petrol,manual,RoyalBlue
N8427WD88JEC5YMVD,JJV-120WY,CUST00734,Nissan,Almera,2006,petrol,automatic,PeachPuff
6JZUM4ZVE4PM84RXM,BIY-324UY,CUST00735,honda,Accord,2022,hybrid,cvt,DeepPink
NL64B7CUMRZ6RF0SE,ZXA-940BY,CUST00735,Honda,Pilot,1899,PETROL,automatic,ForestGreen
6DZA7A870AWV2NZ61,JLL-616NG,CUST00736,MERCEDES BENZ,ML350,2009,PETROL,cvt,Azure
ZETUZULL0YYGNNCXE,ZEJ-459RV,CUST00737,KIA,Rio,2023,PETROL,manual,Gray
GB38WYGR4R2ZAYBTE,BFZ-603KT,CUST00738,Hyundai,Tucson,2009,PETROL,manual,LightSeaGreen
896CNMPHJF5ERZW5X,OMF-998MU,CUST00739,Lexus,RX 350,2007,Diesel,manual,SpringGreen
8PEFWPSGB92LSD4YT,BBK-789FQ,CUST00740,Honda,Accord,2012,petrol,cvt,Chocolate
3W0FCCJE9KWETBF5CJ,WGE-630UT,CUST00740,KIA,Sportage,2007,hybrid,Manual,Silver
NMEV7APJBUNW8TPPW,MSJ-412PH,CUST00741,Hyundai,Elantra,2006,diesel,automatic,Snow
BV2AEAVHNHSY0Y6WJ,ZNA-148FA,CUST00741,KIA,Rio,2009,hybrid,manual,Linen
6JF81E8684750EP97,OKV-575OT,CUST00742,Kia,Rio,1899,hybrid,automatic,Pink
R6LCU97RCU0HTXY93,NHM-622IH,CUST00742,Nissan,Pathfinder,2019,diesel,automatic,LightSkyBlue
2WCSGZ8X9YNGXS2JC,VUX-470ZS,CUST00743,LEXUS,ES 350,2024,PETROL,cvt,DarkSalmon
XTB3RX36AJD6EZN6U,XKE-290EB,CUST00744,Lexus,GX 460,2016,diesel,manual,RosyBrown
VC53669LJGCC6JAUB,XAP-887NU,CUST00745,HYUNDAI,Tucson,2007,PETROL,manual,Lavender
08AUGBW437F3TUK4J,UOE-888YR,CUST00746,toyota,Hilux,2020,diesel,cvt,MediumSpringGreen
FHBH966ARSLX6DVVR,KYV-904SM,CUST00746,Nissan,X-Trail,2012,diesel,Manual,DarkSalmon
7TDPDTR9G659KT2LV,UYO-578KO,CUST00747,Kia,Sportage,2021,petrol,AUTOMATIC,LavenderBlush
4VSJSFTZ10G9HL60F,PFK-936EB,CUST00747,Toyota Motors,Corolla,2005,diesel,AUTOMATIC,Maroon
KZ17VBYP1JXFKPHEY,GGY-364WJ,CUST00748,Mercedes-Benz,C-Class,1899,petrol,AUTOMATIC,MediumBlue
8GS2PDC0JMEWTL45S,FHF-866DM,CUST00748,toyota,Camry,2022,PETROL,manual,LightGreen
3GXWUK3FUYXP5XK2J,ECY-837XM,CUST00749,toyota,Corolla,2022,diesel,cvt,LightSalmon
WCMNJNZ0RZ9DPYL9B,TJX-444XD,CUST00749,Nissan,X-Trail,2015,Diesel,cvt,Sienna
5P0TVJZMU7887TVU1,POO-370AU,CUST00750,nissan,Almera,2006,Diesel,manual,MintCream
19J1W4J600P86RZV1,NEJ-121JY,CUST00751,Toyota,Camry,2008,diesel,automatic,LightPink
TZN4CF4DRKT6B5K2J,UFU-469MI,CUST00752,honda,Accord,2020,PETROL,automatic,Green
DPJ0DRWS9TUK6ZKS4,ZPM-192MM,CUST00752,HYUNDAI,Santa Fe,1899,Diesel,manual,DarkOrchid
ZZ69HM5NG8VK5GRJK,SUD-799VM,CUST00753,KIA,Rio,2010,hybrid,AUTOMATIC,Violet
J71G63UBUCU1Y0GFL,ZGS-665PY,CUST00754,KIA,Rio,2021,petrol,automatic,OldLace
JLC7VYZLJ5387UM,BSA-311TQ,CUST00754,MERCEDES,GLK,2013,PETROL,Manual,GreenYellow
5P3MFZHCAJ1A85LET,JSB-298BP,CUST01954,HYUNDAI,Santa Fe,2021,hybrid,Manual,PeachPuff
E0Z7SHBZMANE6RB0D,FXD-587XJ,CUST00755,honda,Civic,2012,Diesel,AUTOMATIC,RosyBrown
NUFWYDL60BK3BAD7K,OYJ-276KM,CUST00756,Honda,Pilot,2007,petrol,cvt,Red
X3CJSPEX6ZH605BNL,WUG-301RD,CUST00757,Mercedes-Benz,C-Class,2018,hybrid,manual,LightSalmon
LUHRBD5948Z8XYYAY,MTM-688DS,CUST00758,Lexus,ES 350,2015,diesel,cvt,DodgerBlue
23V2J5M94YGHVJCWR,LIU-766BH,CUST00759,honda,CR-V,2015,diesel,Manual,CadetBlue
1TNVNVG415TC5390X,UJE-557XJ,CUST00759,HONDA,Accord,2007,Diesel,Manual,Maroon
4VF95S5XP67DELUPH,UYJ-541BO,CUST00760,HYUNDAI,Tucson,2024,PETROL,manual,PowderBlue
5AU5AVC7N1ZE9502M,PUZ-542LU,CUST00760,honda,Civic,2006,PETROL,Manual,BlanchedAlmond
HK017MEKSABY69ZH0,PSU-339KW,CUST01960,MERCEDES,GLK,2010,Diesel,Manual,BlueViolet
AY8P3CPBNUES2YNJ9,GDU-430TT,CUST00761,Toyota Motors,Sienna,2022,hybrid,cvt,DarkSeaGreen
5B8C4CB8U1GUSS5CD,FEE-902IJ,CUST00762,KIA,Sorento,2023,Diesel,manual,DarkKhaki
5F1S964MFZ78WAXT0,HKT-953PF,CUST00762,MERCEDES BENZ,ML350,2008,PETROL,manual,MistyRose
L890RETG997M3PTMF,WVF-748AV,CUST01962,MERCEDES,E-Class,2011,hybrid,cvt,CornflowerBlue
LHXBA6HPJAVU9TZ36,FZI-914DH,CUST01962,KIA,Rio,2016,petrol,Manual,PapayaWhip
3RFG2W0528520741,PYZ-510SJ,CUST00763,LEXUS,ES 350,2017,hybrid,manual,DarkCyan
YJ4WYXME80DV8J98K6,NCK-469HW,CUST00763,HONDA,CR-V,2009,petrol,Manual,LightGoldenRodYellow
0C3L6R4UCD17JW34N,OPD-698PR,CUST00764,Hyundai,Elantra,2010,diesel,AUTOMATIC,Bisque
NSSBFGH9TB2ZT9XY8,DPS-427OE,CUST00765,HONDA,Civic,2014,PETROL,cvt,BlueViolet
UN36TZ6PXE5N96FSY,COW-457OJ,CUST00766,Toyota Motors,RAV4,2024,PETROL,AUTOMATIC,DarkSlateGray
Z4TE6KX1CHH4JT4W7,GUU-531YW,CUST00766,Kia,Sorento,2011,hybrid,manual,Orchid
0H86N47DFAJ8EDXJA,BGW-292SF,CUST00767,lexus,GX 460,2019,petrol,AUTOMATIC,Bisque
0ECUZ1LWU3MKCG2Y4,QTS-517AJ,CUST00768,Kia,Sorento,1899,PETROL,manual,CornflowerBlue
NJ1JXSFUASD8XXVEU,CML-263CN,CUST00769,Nissan,Almera,2014,diesel,AUTOMATIC,Khaki
0APSM9D6BJTUAWNFB,LFA-734WS,CUST00770,Toyota,RAV4,2020,hybrid,AUTOMATIC,Cyan
SJ87R84ZYT52E5J5Z,LXG-587KZ,CUST00771,Hyundai,Tucson,2015,hybrid,automatic,HotPink
M134GYSPJUM6DJEZD,JIA-757OV,CUST00772,Lexus,RX 350,2013,PETROL,cvt,LightSkyBlue
Y9MV57NPEJCR5HHK5,RJX-454GY,CUST00773,lexus,RX 350,2023,diesel,Manual,DimGray
FF3MMC2XFCAUTN2TP,MWM-501QV,CUST00774,MERC,GLK,2013,PETROL,cvt,Gray
KLAD6KL529SXL69D9,UQZ-556HP,CUST01974,nissan,X-Trail,2020,petrol,cvt,LightSlateGray
0PCACCD4PJY9475YV,CBC-512MP,CUST01974,HONDA,Pilot,2008,PETROL,cvt,Thistle
SVU3PRMV1Z3VEYV3N,XZN-440LH,CUST00775,Lexus,ES 350,2015,PETROL,manual,BlueViolet
0G821Z03X3ACRR5XK,YZG-286VN,CUST00776,KIA,Sorento,2013,diesel,AUTOMATIC,Green
MJXFTYZ70N6JR823C,WKV-379VT,CUST00777,Toyota,Hilux,2009,diesel,AUTOMATIC,HotPink
7CER8KMKHBN0KWNKL,LTX-721DD,CUST00778,honda,CR-V,2006,diesel,cvt,Khaki
B64YND6PV826BD59K,KQN-418GB,CUST00779,HONDA,Pilot,2018,Diesel,cvt,Magenta
R4AWP39LZBXYMY4L7,ANL-911VN,CUST00779,MERCEDES,ML350,1899,PETROL,AUTOMATIC,SpringGreen
L8SW3L7DU6MNSTT43,UYU-507UD,CUST01979,Mercedes-Benz,C-Class,2016,diesel,cvt,OrangeRed
192L917LUTTBS0F4X,MWK-527FE,CUST00780,Toyota,Camry,2014,petrol,cvt,LightSlateGray
SGSBH2NU73EJP88SA,YQP-193EN,CUST00780,nissan,Almera,2010,petrol,Manual,DarkMagenta
0MBAKSG0KPENS2PEV,ABN-886DA,CUST00781,Toyota,Highlander,2022,petrol,AUTOMATIC,LightSalmon
H47MCHMZBSG68X2AA,ATC-815YU,CUST00782,Toyota,Sienna,1899,petrol,Manual,DimGray
PMVWSTP97H0EXV8W4,GDX-733NP,CUST00782,Lexus,RX 350,2019,hybrid,Manual,Gold
MCTDCSANVHMPLH1AB,BVX-483ER,CUST01982,honda,Civic,2010,petrol,cvt,PapayaWhip
ZM51L0KCLFRHG46ZV,PBT-269XC,CUST00783,honda,Civic,2010,Diesel,automatic,DarkOrchid
259HH463JAMXGYN92,TJQ-995DZ,CUST00784,HYUNDAI,Elantra,2018,PETROL,automatic,GreenYellow
WF7YPBVA0NEUEDYB5,HOV-430RY,CUST00785,HONDA,Accord,2021,hybrid,manual,Black
85DR89T458DARB52U,ELA-775HF,CUST00786,NISSAN,Almera,2015,PETROL,manual,LavenderBlush
F8L5L65SJMBHSJA0G,DLS-192JR,CUST00787,Hyundai,Elantra,2011,petrol,Manual,LightPink
BEC0BMWC2XEE7U7EF,BSK-571EE,CUST00788,Kia,Sorento,2017,hybrid,manual,DeepSkyBlue
92NFLTD5BWWFSHDHG,NEZ-871RY,CUST00789,NISSAN,X-Trail,2018,Diesel,Manual,Black
EYJU2BG7CKG54WYE7,CFB-990DA,CUST00789,LEXUS,RX 350,2009,PETROL,cvt,ForestGreen
ZRW59L56JXNKDZMU7,AKC-902QE,CUST00790,MERCEDES,GLK,2021,PETROL,Manual,LightSeaGreen
NPY7BLTBS924NW1VV,TSU-372EM,CUST00791,Nissan,Pathfinder,2019,hybrid,cvt,LightGreen
2ZJSE362LK7SYRSWA,BQR-499MP,CUST00792,MERCEDES,C-Class,2008,Diesel,AUTOMATIC,RosyBrown
HTJF02NTYM3P2L3MP,ZAP-299CK,CUST00793,MERC,ML350,2006,diesel,manual,PowderBlue
HWPUVKFEG6YTTVY7V,JSF-270YO,CUST00794,Mercedes-Benz,GLK,2010,Diesel,AUTOMATIC,BurlyWood
HH3U8MT1VM95MT5PX,SXF-319MX,CUST00795,MERCEDES BENZ,GLK,2023,diesel,AUTOMATIC,SaddleBrown
HT0ERU7MSDY6LTXNE,EIK-126XQ,CUST00796,Toyota,Camry,2013,diesel,AUTOMATIC,Navy
1LWPDEU3A431HB13S,UJI-867JU,CUST00797,NISSAN,X-Trail,2024,PETROL,automatic,MediumTurquoise
C1YA4EU5FZAGGLXAJ,ALL-844ZX,CUST00797,Nissan,Almera,2018,petrol,manual,SeaGreen
7L39RJHMD2FTVK0C6,WXS-733JR,CUST00798,HONDA,Pilot,1899,Diesel,cvt,Snow
DEVFUUJT2A7R8LS4E,RIA-835XB,CUST00799,HONDA,CR-V,2010,diesel,cvt,DarkCyan
74P89LRBYX877P154,MQI-116VW,CUST00800,LEXUS,ES 350,2008,diesel,cvt,SeaGreen
GXAURDSY4BJZ314A3,CWI-316RK,CUST00801,NISSAN,X-Trail,2019,petrol,Manual,BlueViolet
LFDF9VJ1LJ1WVGBJU,VGO-453JM,CUST00802,KIA,Rio,2021,hybrid,AUTOMATIC,MediumSpringGreen
YLUS76YC530X6R8TZ,IOV-844KZ,CUST00803,lexus,RX 350,2015,PETROL,AUTOMATIC,DarkSlateGray
V36DF8XLL7MU4XLP2,YNS-608ZF,CUST00804,KIA,Sorento,1899,hybrid,automatic,PeachPuff
YUC5ADTFYFJVK3X7X,HGI-326CH,CUST00805,toyota,Corolla,1899,Diesel,Manual,DarkKhaki
V3EWJ4LBUD9ZKB2SP,KAQ-369JQ,CUST00806,MERCEDES BENZ,C-Class,2007,hybrid,Manual,FireBrick
M1ZNP9CVGE7F1DSNR,VOR-162TY,CUST00807,honda,CR-V,2014,petrol,cvt,MediumSeaGreen
34DMBNFR7DLECS383,FHU-610UZ,CUST00807,HYUNDAI,Tucson,2019,Diesel,manual,Navy
ZWYDPT9HYTNZHGDJ1,JZH-739QZ,CUST00808,Lexus,GX 460,2015,PETROL,AUTOMATIC,Indigo
JNSNFP0EWXYB6BK1T,KWV-117AS,CUST00808,KIA,Rio,2018,Diesel,Manual,DarkMagenta
HWW974LG3VSTJ66SD,OOP-278DJ,CUST00809,HYUNDAI,Elantra,1899,diesel,Manual,Gold
CLR09P66HL0MTFWZF,TAY-493GZ,CUST00810,MERC,C-Class,2023,diesel,Manual,DarkMagenta
XKSABTE0LWK180YT8,FJE-109ST,CUST00811,Mercedes-Benz,ML350,1899,diesel,automatic,LawnGreen
5CR48KYCJ9BDWE67C,WZT-948NI,CUST00812,HYUNDAI,Elantra,2013,petrol,AUTOMATIC,DarkGray
WA8JF1UZ7XM8ZVM9N,MBB-990BS,CUST00813,Lexus,GX 460,2017,hybrid,manual,DarkOrchid
429EZZ6HX033F33WC,NLX-679RE,CUST00814,MERCEDES,ML350,2012,diesel,Manual,CornflowerBlue
0XH3HERPY3NMJT0E9,QCH-252BW,CUST00815,MERC,ML350,2024,petrol,cvt,PaleGreen
45W18W793NF4RDZL8,ASM-742TV,CUST00816,Toyota,Hilux,2011,hybrid,AUTOMATIC,Orange
F4TJSAHJ7V2AH81PG,XNT-871BN,CUST00817,Kia,Sorento,2021,PETROL,Manual,Silver
ZR1A3KMNA3NZ37PZ8,ONL-565CR,CUST02017,KIA,Sportage,2024,PETROL,cvt,SlateGray
WACPL7PBPJWM5W1PX,CFU-230WB,CUST00818,Kia,Sportage,2018,petrol,cvt,LightCyan
A4Y93JEYNEGGL9F68,SEZ-914YW,CUST00819,Toyota,Camry,2017,Diesel,Manual,WhiteSmoke
W7M9ESL3X9UYANN8D,XGB-834SL,CUST00820,Lexus,GX 460,2024,petrol,AUTOMATIC,MediumVioletRed
NGNKTYJ5Y35GYDSD0,RFB-512YC,CUST00821,MERCEDES BENZ,C-Class,2019,PETROL,Manual,SlateBlue
VE9ZL9S99LAEXHU65,WFE-608QI,CUST00821,MERCEDES BENZ,GLK,2023,PETROL,Manual,DarkGoldenRod
53ZJ9LJ1GXUBJWTVN,FPU-787TO,CUST00822,lexus,ES 350,2015,Diesel,Manual,DarkGray
S4YYBCF0Z259NKP0N,DYV-492VP,CUST02022,Toyota,Corolla,2023,petrol,AUTOMATIC,SeaShell
31GXR3C8C5JAJBRPG,CUT-168JX,CUST02022,Hyundai,Elantra,1899,Diesel,Manual,RoyalBlue
5LBN5RVT9R1037A6G,NNA-693GA,CUST00823,lexus,GX 460,2005,Diesel,manual,DarkSalmon
N387CXT25NSE2TAYU,LRX-535BG,CUST00823,lexus,GX 460,2022,PETROL,automatic,Red
4HDLYPGJM43JXU89D,EGL-802DR,CUST00824,Nissan,Pathfinder,2015,petrol,manual,Orange
V1HX6ACBEDC5P9XT2,ZIP-551UD,CUST00825,Kia,Sorento,2014,diesel,AUTOMATIC,LightCoral
CUGPGX18ERKGNAZVJ,LHS-776HF,CUST00826,KIA,Sorento,2010,petrol,automatic,ForestGreen
CNZWAVLVEMX5CRJS5,CSK-795CS,CUST00826,Toyota Motors,RAV4,2017,petrol,Manual,MediumPurple
XENWBP7P6VVNBG9N3,BHR-344JE,CUST00827,Kia,Sorento,2023,hybrid,Manual,Gray
1S9LA7HZWFXHRRGE7,EFP-621AY,CUST00828,HONDA,Accord,2015,Diesel,Manual,Fuchsia
JJCRDK5X5UCZ9MSAP,XYC-527TL,CUST00829,Lexus,ES 350,2019,hybrid,Manual,Ivory
LU7M1XY6EN2V37T0G,VRL-811FO,CUST00829,toyota,Hilux,2012,diesel,AUTOMATIC,Red
WKXJ3DH0GGHX47SRZ,ZSH-176GK,CUST00830,LEXUS,ES 350,2018,Diesel,Manual,DarkSlateGray
3AN9PERT4XDM8X94D,IVM-354KB,CUST00831,HYUNDAI,Santa Fe,2016,PETROL,AUTOMATIC,Purple
KSW0JUX5DYEXY7J2N,FXY-648SB,CUST00832,Kia,Sorento,2011,diesel,AUTOMATIC,Beige
1L916T73MP7BPZU75,THS-870XO,CUST02032,TOYOTA,RAV4,2021,hybrid,AUTOMATIC,YellowGreen
KMUFMRJ9A2MZSTG90,GAE-381CR,CUST02032,toyota,Hilux,2013,hybrid,cvt,PowderBlue
SFTADRZ2RBNL9K47N,JSB-434EE,CUST00833,MERC,C-Class,2014,hybrid,cvt,DarkCyan
494JFNK0D3M3X1VPW,QQW-548EZ,CUST02033,MERCEDES BENZ,C-Class,2021,PETROL,AUTOMATIC,Tan
05MV26P2PE2NSBV1C,PIH-205BK,CUST02033,Toyota Motors,Camry,2017,hybrid,automatic,DarkCyan
2WD9V8VFF4STRCRGD,KLQ-830MC,CUST00834,honda,Accord,2017,PETROL,Manual,YellowGreen
KU0XWEVAY61KLZEGA,XJQ-623EE,CUST00835,HONDA,Pilot,2007,Diesel,Manual,GhostWhite
DM1AV3BG5TYN9G1JW,LAH-384JC,CUST00835,Hyundai,Elantra,2018,Diesel,cvt,Lavender
RKE4ZDMUKPNZUTA6E,MJT-919IV,CUST00836,Mercedes-Benz,C-Class,2019,hybrid,cvt,OrangeRed
BZB445GTYRRNH8FT6,AXD-688GY,CUST00837,toyota,Hilux,2013,PETROL,cvt,Aquamarine
MLAM9EZMD9ZJH52AH,HHQ-934RL,CUST00838,MERCEDES,ML350,2024,PETROL,manual,Wheat
D7RJUERVSDSL0CL8T,ATZ-714IU,CUST00839,KIA,Rio,2012,PETROL,cvt,LemonChiffon
R72ZTPUKZBNRB3TGV,EZN-669MQ,CUST00840,MERCEDES BENZ,E-Class,1899,petrol,cvt,Sienna
U98GYBXHJP68LGD,EEN-729GL,CUST00841,Kia,Sportage,2013,diesel,Manual,Orange
E7H8TABNTZ29U2Y8P,JOO-590IZ,CUST02041,NISSAN,X-Trail,2024,Diesel,Manual,Cornsilk
21DV7TGKAGAN4P9KZ,JQI-960GJ,CUST00842,Lexus,GX 460,2023,petrol,manual,CornflowerBlue
0H2BJ2Y750J43VDPG,EGE-537KK,CUST00843,Nissan,X-Trail,2020,petrol,Manual,LightBlue
ESYS81UL9RRAPZS0J,OWA-858OX,CUST00844,honda,Pilot,2006,hybrid,manual,Ivory
6SVBFFT8W6YU8N56C,QAD-382WB,CUST00845,honda,Accord,2023,Diesel,cvt,BlueViolet
1Y75R1GCNTBY7P2GD,UXZ-631BM,CUST00846,nissan,Almera,2014,Diesel,manual,Navy
PC7LG9966E4G1X96M,ZCM-337OV,CUST00847,NISSAN,Almera,2014,petrol,automatic,DarkSalmon
Y535HK1X7LEKHL890,ENY-764GA,CUST00847,MERCEDES,GLK,1899,petrol,cvt,DimGray
VGZY0N6RDUP63PHX0,PMH-679SF,CUST00848,Toyota Motors,RAV4,2005,petrol,Manual,Crimson
TTGUWAADUC503CKSH,BMB-152AE,CUST00848,KIA,Sportage,2006,hybrid,Manual,DarkBlue
LM9YWK6PUT8K0H7N3,TXJ-517XP,CUST00849,nissan,X-Trail,2013,diesel,cvt,BlueViolet
S7EDXNKZD486HXN2A,XRZ-886RD,CUST00850,Kia,Sportage,2014,petrol,manual,MediumSpringGreen
LZ1DCVHNG3286ZK7A,TIM-548UT,CUST00850,Toyota,Camry,1899,Diesel,automatic,SeaShell
XA3VM6LBVP9G8362J,GFY-985WS,CUST00851,Lexus,ES 350,2006,diesel,manual,DarkSlateGray
2REX9W3U7JY3DV169,EVF-261SF,CUST00851,honda,Accord,2011,hybrid,automatic,MediumSpringGreen
XZCM2ESTB7RFJKD41,IHN-549OE,CUST00852,HYUNDAI,Tucson,2015,petrol,manual,LightCoral
MULH3URYRL94E6A0E,ORR-345SM,CUST00852,honda,Accord,2015,PETROL,AUTOMATIC,Thistle
51VZY0J3HXHB5AZ08,OUU-108PK,CUST00853,HONDA,Civic,2024,petrol,cvt,Gold
UVFJNY4MX2K2SX4BC,WTM-492VH,CUST00854,nissan,Almera,2015,petrol,manual,PaleVioletRed
50EN7TYPEM6NUTYBE,RQM-739BQ,CUST00854,Toyota Motors,RAV4,2010,PETROL,manual,Gold
U1EXK4YSKKJT5C9GA,XNY-209IZ,CUST00855,KIA,Sorento,2008,hybrid,Manual,LightYellow
UCTS5WHJ29H8SAABX,MRR-627XT,CUST00855,Toyota,Hilux,2021,hybrid,automatic,Yellow
VBYCHDY1RY4CMGSEG,JUN-520ZD,CUST00856,Toyota Motors,Highlander,2014,petrol,AUTOMATIC,Turquoise
V454TK9HKZN2LD6U9,LHU-943US,CUST00857,honda,CR-V,2023,hybrid,automatic,LightBlue
KASRFT403Z8H32Z89G,NMY-316OV,CUST00858,Lexus,ES 350,1899,diesel,automatic,Gainsboro
2VG2UZC1KXNJJRB7K,PZF-377XP,CUST00859,honda,Pilot,2017,petrol,AUTOMATIC,OrangeRed
008TX2H9AX9NSWCR0,ETR-377KD,CUST00860,toyota,Camry,2020,hybrid,manual,WhiteSmoke
9HMA4101NM03K64LJ,VJQ-345ME,CUST00860,NISSAN,Pathfinder,2012,PETROL,Manual,LightCoral
HPZY7CLJ9BF68FB3J,HYJ-677ZA,CUST02060,HONDA,CR-V,2005,Diesel,cvt,CornflowerBlue
0PUGVSEBPMSH446D4,MZQ-532FD,CUST00861,MERCEDES BENZ,GLK,2020,PETROL,automatic,LightSalmon
DVAR9TS6M2BF577ZR,GKA-292MR,CUST00862,toyota,Camry,2009,PETROL,cvt,CadetBlue
TJ0875M66T05YDLGZ,BOF-291MG,CUST00863,Nissan,Almera,2014,diesel,Manual,Sienna
NR289WMBV6YS09W57,BYU-157HI,CUST00864,HONDA,Civic,2023,hybrid,manual,Gainsboro
DKXW3F37V355E4P3F,HXW-994ZD,CUST00865,Honda,CR-V,2024,diesel,cvt,BlueViolet
HY5MRYDFU6P884J2N,ERG-617JI,CUST00866,HYUNDAI,Tucson,1899,hybrid,Manual,LightGreen
7KJBCHBBGTM933D2M,IYG-427VR,CUST00867,Nissan,X-Trail,2020,hybrid,manual,Peru
C25GA9AATZ97MULM7,NCQ-978KD,CUST00867,toyota,Sienna,2023,Diesel,manual,Aqua
NCZH6H6KYEMPTPSXR,HVN-542UR,CUST00868,NISSAN,X-Trail,2019,Diesel,Manual,LightSkyBlue
J1Y7XDPEAW5FTA77E,BPO-744ON,CUST00869,MERCEDES,C-Class,2018,hybrid,cvt,LightGreen
2238U7KF6HLVR0149,JWP-772JB,CUST00870,Lexus,GX 460,2006,PETROL,manual,MediumAquaMarine
0K0X518PXA7FD8MRW,WOK-931ZY,CUST00871,LEXUS,ES 350,2013,petrol,AUTOMATIC,GreenYellow
P2SG2M5Y2WTRCXEY2,INB-510KF,CUST00872,TOYOTA,Corolla,2006,PETROL,Manual,LightPink
HDZE1TD596DW9GFP0,ZFH-883GP,CUST00872,Honda,Pilot,1899,Diesel,manual,PaleTurquoise
LX2567DY0WC7FM1GX,OPD-399NK,CUST00873,lexus,GX 460,2010,petrol,automatic,ForestGreen
GPJ29N7T3BLES4VE0,ORG-611AP,CUST02073,NISSAN,Almera,1899,petrol,cvt,Linen
0EZ3F740YLKR00JX8,BLM-784YC,CUST00874,Honda,Pilot,2011,PETROL,AUTOMATIC,HotPink
SZK58G0NZ3W8L3W8U,OGF-522AT,CUST00875,NISSAN,Pathfinder,2016,petrol,Manual,Red
AHZDD7X2WZBYHAXAG,CJV-101YN,CUST00876,nissan,Pathfinder,2022,Diesel,cvt,Olive
T84FP541N1V1YSRRW,BIW-936RN,CUST00877,KIA,Sportage,1899,Diesel,AUTOMATIC,SlateGray
KK4L9HEZAMP8VP8SV,BYH-420VU,CUST00877,Honda,CR-V,2010,hybrid,manual,Beige
AT7J3B74LEUZ85S31,FGN-116YC,CUST00878,MERC,C-Class,2024,petrol,Manual,GreenYellow
R140P5Z5W9Z05HSHT,XJT-368EM,CUST00879,LEXUS,GX 460,2024,petrol,Manual,OldLace
MY7T777US5LFKR9U9,KYZ-566NN,CUST00880,KIA,Sportage,2017,hybrid,automatic,Maroon
RJMCBDXAXVZH5R1X0,WZR-391PT,CUST00881,Mercedes-Benz,GLK,2023,hybrid,AUTOMATIC,LightSteelBlue
MV3J7GJNRSD3YSN0N,OYM-997EB,CUST00881,MERC,ML350,1899,hybrid,automatic,LemonChiffon
MH2A88X79K7N64SD7,PSE-566CT,CUST00882,Kia,Sorento,2021,Diesel,Manual,Beige
89XYADVU0C5J2LBF,YKW-117XY,CUST00882,LEXUS,GX 460,2012,PETROL,Manual,Beige
LZV1SBYWFZ48HE65X,FBU-308CB,CUST00883,honda,Pilot,2010,diesel,cvt,DarkCyan
6C99WA8YXNA0N2Y7K,BQW-547OR,CUST00884,Hyundai,Santa Fe,2016,Diesel,automatic,Moccasin
C335MEJGX1S5BM7YR,QEK-560KO,CUST00885,TOYOTA,Corolla,1899,PETROL,manual,Tomato
7SA4NC0PC3T9P4H45,MHZ-265MC,CUST00886,Honda,Pilot,2018,Diesel,automatic,Olive
ZZ5SXVGAX57JZAVCM,XDW-436OF,CUST00887,lexus,GX 460,1899,hybrid,cvt,DimGray
XX5KPY89V07KCBKVHB,FNS-912JD,CUST00887,toyota,Corolla,2016,Diesel,manual,LightCoral
AH4HFY014FRVBU5ZC,FHQ-143CJ,CUST00888,Toyota,Hilux,2015,diesel,automatic,LightYellow
B2C1WWSY4Z9CR2PP2,JBR-399LO,CUST00889,HONDA,Civic,2010,diesel,manual,PaleTurquoise
RSZEVMTU32SCCCTZP,TKH-705EO,CUST00890,lexus,GX 460,2005,hybrid,cvt,DarkGoldenRod
XGWA1H5D95PE8A9H2,NDK-516PY,CUST00891,lexus,GX 460,2008,petrol,AUTOMATIC,Fuchsia
V1GMG0DG1TXT31K05,SJE-337BK,CUST00891,Kia,Rio,2016,Diesel,automatic,LavenderBlush
952MLZ8W8U0CD95H6,BZM-337MT,CUST00892,lexus,RX 350,2007,Diesel,automatic,Crimson
M1FTT5F3YCTTG0M4T,EXG-390RY,CUST00893,toyota,Sienna,2021,hybrid,Manual,Fuchsia
0TFHR6CT984JBNN5S,IHX-708DJ,CUST00893,HYUNDAI,Tucson,2010,PETROL,Manual,NavajoWhite
8VHW4TUAL4HNZNVKX,ULJ-461IL,CUST00894,toyota,RAV4,2007,PETROL,AUTOMATIC,LemonChiffon
KFPTH0ZEAZUJ0K7YA,YAU-476KX,CUST00894,KIA,Sorento,2021,hybrid,manual,LightPink
7EK2NPWCMP8GSK3,GBG-581GD,CUST00895,Hyundai,Tucson,2012,PETROL,Manual,OrangeRed
45V4Y99HV156VKVUN,IKD-906EJ,CUST00896,Lexus,RX 350,2018,diesel,Manual,DarkSeaGreen
239TAYR2459PMCNE2,PMX-226KY,CUST00897,Kia,Rio,2020,hybrid,automatic,LightSeaGreen
PRNNGXG9BG22UALS4,DPD-238LT,CUST00898,honda,Accord,1899,PETROL,cvt,DarkOliveGreen
ZUS7G08STFXFB14A9,TPK-530OM,CUST00899,Honda,Civic,2017,petrol,manual,BlueViolet
3MKW8JKYGK4GSYC3J,EYI-166AS,CUST00900,Toyota,Highlander,2014,petrol,manual,Salmon
8B2JEC7ZM4230DP3F,HZF-881RW,CUST00900,KIA,Sorento,2010,diesel,automatic,Orchid
ND6FUNBNAKBDY2M2C,JIU-593ZH,CUST00901,Honda,Civic,2014,diesel,cvt,SeaGreen
5LERL6RHYMKPMJ6MX,PHW-362YM,CUST00901,Kia,Rio,1899,PETROL,cvt,PaleGreen
0VSF92W0U6DD7MU4P,WQH-509AK,CUST02101,LEXUS,GX 460,2021,Diesel,manual,SteelBlue
BUYS80CA86CDNH5KG,FIZ-745CN,CUST00902,Hyundai,Elantra,1899,hybrid,automatic,Cornsilk
H033TBHDFW2BFNPXM,MXT-107HM,CUST00903,HONDA,Civic,2010,petrol,cvt,PaleVioletRed
UJ12RRH1GVDKNGAE7,YYT-187XB,CUST00904,Toyota Motors,Corolla,1899,diesel,manual,Maroon
YH0BEAAY35RZL3R00,FMW-189BN,CUST00905,HYUNDAI,Tucson,2012,PETROL,manual,PowderBlue
BKM17GD23X4BLVLN0,XOW-556JC,CUST00905,Toyota Motors,RAV4,2014,diesel,cvt,DarkSlateGray
8YNKJ88ZL2HX6H2SG,PYT-588ZP,CUST00906,Mercedes-Benz,GLK,2008,petrol,manual,DarkTurquoise
LV9W0W35PEP5E7TFA,BOC-798QF,CUST00907,HYUNDAI,Tucson,2024,diesel,manual,PaleGoldenRod
ANTAHF82F6B1GPCHG,DTD-788XN,CUST00908,Nissan,X-Trail,2011,PETROL,automatic,SandyBrown
SX71Z4TABEEXVJ2D5,IAD-666PJ,CUST00909,Lexus,ES 350,2007,Diesel,manual,DarkGreen
MWEHT7XV24KUKJRD4,SXD-400WD,CUST00910,MERCEDES,C-Class,2007,hybrid,manual,OliveDrab
ZGYKSU42XKE8V4TXN,PBE-879MS,CUST00911,TOYOTA,Corolla,2018,hybrid,manual,MidnightBlue
XVGGP7GRV4SGA8C74,GJE-690CE,CUST00911,toyota,RAV4,2017,petrol,cvt,CornflowerBlue
XUV8W8SSUR07S47CG,WVM-780TG,CUST00912,Toyota Motors,Highlander,2016,diesel,AUTOMATIC,FireBrick
7XDTAP7BFHX25UBZL,AGJ-678VT,CUST00913,Hyundai,Tucson,2016,hybrid,manual,LightPink
EU5K129D2PMVE4GFZ,DBG-982NO,CUST00914,NISSAN,Almera,2017,Diesel,cvt,Turquoise
B9D29NFHKH6YJKLPS,XBC-183ZV,CUST00914,Hyundai,Tucson,2017,Diesel,AUTOMATIC,Salmon
PZ4H4M6HTFNUM88NK,WNU-306SX,CUST00915,toyota,Sienna,2020,Diesel,manual,CadetBlue
WKATMC5S7TH096EVK,ZHL-450HC,CUST02115,Kia,Sorento,1899,PETROL,manual,SlateBlue
A0Z88R2VM8P6Z6KRG,BWG-532CQ,CUST00916,Kia,Rio,2023,petrol,AUTOMATIC,Tan
ESPDGB7YN0CMT2UVG,EJY-274VQ,CUST00917,TOYOTA,Camry,2009,PETROL,AUTOMATIC,Purple
SX7DWPGS7AZ5P7LHR,UUO-214RJ,CUST00918,NISSAN,Pathfinder,2022,PETROL,Manual,DarkTurquoise
P5E0GRE5WUSAN5U5RH,WMF-198NY,CUST00919,Nissan,Almera,2019,diesel,cvt,LightSalmon
0XWB58AAXRZX9JPTG,ZOC-783CT,CUST00920,Lexus,GX 460,2005,PETROL,cvt,Aquamarine
DJU87LY98ZR6E04VG,IMA-428KM,CUST00921,Nissan,Almera,2006,petrol,Manual,PapayaWhip
8D2PRFGE4FGYYRBS8,ZJB-310JK,CUST00922,lexus,RX 350,2011,petrol,AUTOMATIC,LightCyan
E6AP8PB3GJDAV0JC7,NAE-247KC,CUST00922,Lexus,ES 350,2010,Diesel,manual,LightGray
U7SK0XD4YJBYR15HJ,UEY-124EO,CUST00923,MERCEDES BENZ,E-Class,1899,diesel,Manual,SeaGreen
XAG3TUX4X5F5TVMCX,KRF-366HF,CUST02123,Kia,Sorento,2016,diesel,manual,Salmon
UAMDH28XSCBERTFWC,ZVN-457UX,CUST00924,lexus,GX 460,2022,Diesel,Manual,SeaShell
TU4ZWTADACVCBV3TZ,QKJ-357JV,CUST00924,Toyota Motors,RAV4,2021,diesel,cvt,MediumPurple
3BVKV24JX54DFNC7Y,OQU-856HJ,CUST00925,Mercedes-Benz,C-Class,2021,PETROL,automatic,Turquoise
ZM0DH0YBWSGYB5E8T,RRZ-172MX,CUST00925,KIA,Sorento,2013,Diesel,Manual,LemonChiffon
GCRLSH627DL0W1G39,OBB-360ER,CUST00926,KIA,Sportage,1899,Diesel,manual,MediumPurple
9MTWFRM9EFS5JUU8L,GTF-899UZ,CUST00927,KIA,Sorento,1899,petrol,manual,CadetBlue
WBAW1YT2SKV98B7S7,LTZ-506QG,CUST00928,nissan,Pathfinder,2020,diesel,cvt,DarkViolet
CXSUKZHG6H4J5W546,JOY-542OP,CUST00929,HONDA,Pilot,1899,petrol,cvt,SandyBrown
0L1TJYPH548AZ35XH,JGS-126IG,CUST00929,toyota,Sienna,2018,hybrid,Manual,MistyRose
U577HUCZ56DJ0BF00,AVZ-388AK,CUST00930,toyota,Highlander,2014,hybrid,cvt,MediumPurple
XJ01P8TUUZYY713PS,TFP-947KN,CUST00930,NISSAN,Pathfinder,2013,petrol,manual,SkyBlue
PA5L77JK71X98DUL4,QEX-936UD,CUST00931,NISSAN,Almera,2012,Diesel,cvt,PowderBlue
64WTMVN0CD72G4ZR7,ZBJ-607AE,CUST00932,KIA,Sorento,2021,PETROL,manual,Black
VEH1N4YB7MYMZCG1E,VXH-457TP,CUST00933,Toyota Motors,Highlander,2020,petrol,Manual,SlateBlue
PD7CBENPWBKP7WRM4,FZL-687NZ,CUST00933,nissan,Almera,1899,diesel,automatic,Plum
ZHHMW3TCSEGK6GT4Z,PSP-704NZ,CUST00934,toyota,Corolla,2007,petrol,AUTOMATIC,FireBrick
D0144TKPVNP7ZVL9W,VKM-494UL,CUST00935,Nissan,X-Trail,2020,diesel,cvt,OldLace
AM57JF6PE2LZCYZNL,FGF-534FY,CUST00936,Toyota Motors,Highlander,2024,diesel,manual,Aqua
268S9UFL45L987T81,JIB-731FF,CUST00937,Hyundai,Elantra,2014,Diesel,Manual,DeepPink
1XMVGX8RE9DKBVBTE,DAE-821LC,CUST00938,Nissan,X-Trail,1899,petrol,AUTOMATIC,DarkSlateBlue
S6DM405GV2RZXBFP0,SXR-314RS,CUST00939,Honda,Accord,2005,diesel,cvt,MintCream
RFR7DCE6UNF503B8R,QKF-106CK,CUST02139,MERCEDES,C-Class,2019,Diesel,AUTOMATIC,Magenta
CFAGVL3LELLTAA3EP,VGC-636LF,CUST00940,KIA,Sportage,1899,Diesel,Manual,BlueViolet
XFUSYCU7FEBCWYDFX,NAM-864YK,CUST00941,Honda,Accord,1899,diesel,cvt,OrangeRed
K72NU8843DXT9Y1KX,FGR-583LS,CUST00942,toyota,Corolla,2013,PETROL,manual,Violet
D1T93H8YTGL88GHWG,ENS-491IE,CUST00942,Lexus,ES 350,2022,petrol,cvt,SandyBrown
YZ8CL281XCTUVFWUJ,MQK-739PX,CUST00943,HYUNDAI,Elantra,2017,petrol,cvt,Thistle
ZCEYHR593M39T5CVK,GFM-360OS,CUST00943,Nissan,X-Trail,2023,petrol,manual,LightSkyBlue
A51F5AC4ETR407KR6,CZV-500QK,CUST00944,KIA,Sorento,2008,diesel,manual,Sienna
FXCB84AF6ZHAA57TM,ZCW-619GT,CUST00945,KIA,Sportage,2016,Diesel,automatic,LightYellow
C448JFLMRWHTPAKH0,PTZ-262AZ,CUST00946,LEXUS,RX 350,1899,Diesel,cvt,LavenderBlush
6UDGLCZUV62BFMLY2,YTQ-916UN,CUST00946,Honda,Accord,2022,Diesel,automatic,LawnGreen
CKZ8CE2LD2S6DR0YZ,DJT-737JC,CUST00947,Kia,Sportage,2008,Diesel,Manual,Cyan
K2Z2N1DJ0S198NKDK,DLH-282JG,CUST00948,LEXUS,ES 350,2016,hybrid,automatic,RosyBrown
56P8GNVHDDA41XV9V,IJU-346ES,CUST00949,nissan,Pathfinder,2012,petrol,manual,MediumSeaGreen
X3A8C1US70AVV6DXS,SUL-159PT,CUST00949,LEXUS,ES 350,2005,Diesel,cvt,SkyBlue
4T0HNADXDHX8YW7P9,BAH-893PQ,CUST00950,Honda,CR-V,2010,diesel,automatic,LimeGreen
9XA5LZXRMA0J0EX0D,TNE-219PC,CUST00951,Honda,CR-V,2010,Diesel,automatic,Moccasin
97ZA0HPHUF9BZFVGJ,KZM-122WE,CUST00951,Toyota,RAV4,2013,diesel,manual,BurlyWood
PPK73K1T5R96NCK0M,CZQ-971YL,CUST00952,MERCEDES,C-Class,2017,diesel,Manual,SpringGreen
5FKWHP7PWFJXER41V,DQZ-990YT,CUST00953,Lexus,ES 350,2014,Diesel,manual,MediumBlue
XU03H0CXGV1RG573R,CIU-345VT,CUST00954,Toyota,Camry,2011,diesel,AUTOMATIC,Peru
SG1AKXBK8BTABWS41,QUW-539KS,CUST00955,honda,CR-V,2019,Diesel,AUTOMATIC,GhostWhite
6X7934N39BZP8NDKN,AYK-294QA,CUST00956,Toyota,Highlander,2019,petrol,cvt,DarkGoldenRod
LV68D60G2JGA93N26,FVJ-640CI,CUST00956,Kia,Sorento,2007,hybrid,cvt,LawnGreen
9EL8DWL0LU1X9B4E,GMF-793RM,CUST00957,Toyota Motors,Highlander,2009,diesel,automatic,Gainsboro
65APHCDPTAZTT6CUS,ACX-297AO,CUST00957,HYUNDAI,Tucson,2015,Diesel,Manual,MistyRose
GPE9B443WDX7WRB8A,TVZ-962NX,CUST00958,lexus,RX 350,2019,PETROL,manual,MediumSlateBlue
38BVFYX8GS5NEVLH7,AGE-784XG,CUST00959,LEXUS,ES 350,2009,Diesel,cvt,Green
NH8L5RCZ734JCWA5U,NJV-832RQ,CUST00960,HYUNDAI,Tucson,2005,diesel,Manual,Tan
1JH89X4YJXYWKTY42,RHZ-565HL,CUST00961,MERCEDES,E-Class,1899,petrol,Manual,Gray
37UC4BGXTGRL5R3PS,BXU-730ZC,CUST00961,Honda,Civic,1899,hybrid,Manual,SaddleBrown
T493M34FDR0208UDW,ULJ-305SI,CUST00962,HONDA,Accord,1899,PETROL,Manual,SaddleBrown
0A2CDEK43V1C4EVCF,CSV-106BA,CUST00963,Lexus,GX 460,2008,Diesel,manual,Coral
WSCDG7U2J8WLAXMJY,EAD-781MK,CUST00964,MERCEDES BENZ,E-Class,2006,PETROL,AUTOMATIC,Lavender
02GC5D2EH8FPTAKZC,ULO-122CQ,CUST00965,LEXUS,ES 350,2010,Diesel,Manual,Lime
W3YJ4ZDXNV88TFF3A,PCO-260QL,CUST00966,honda,CR-V,2023,PETROL,cvt,LightCyan
8XMDTEZXLLRDG2URB,ZQA-774HO,CUST00967,MERCEDES,E-Class,2024,Diesel,manual,BlueViolet
VRRKWZ648VDV76JT2,OCP-836ZA,CUST00967,MERC,ML350,2009,PETROL,manual,Plum
35EBC5VVM9LSE1TJH,DEZ-231ZR,CUST00968,nissan,Almera,2018,hybrid,manual,WhiteSmoke
MVEAY07F0TRTZ1ZHK,IAB-889GU,CUST00969,Kia,Sportage,2011,diesel,automatic,Linen
B9B3PESYVSX5UXB7P,XMQ-807DF,CUST00969,Hyundai,Elantra,2021,petrol,automatic,HotPink
KG9FXTT89P66D8D0B,IQJ-554SX,CUST00970,Honda,CR-V,2005,PETROL,Manual,DarkOrange
MTNJ4Y5KA8DT8C79S,PYJ-551UV,CUST00971,honda,Pilot,2020,PETROL,AUTOMATIC,Fuchsia
1GW0UUGR905KL2KBG,IPM-529AR,CUST00972,KIA,Rio,1899,hybrid,manual,Pink
V58G0YRNPE5REPW8Y,FVP-492PE,CUST00972,Honda,Pilot,2008,Diesel,manual,Beige
BBCL84WZ6DAZHJXR9,GIV-767UQ,CUST02172,Honda,Pilot,2011,hybrid,automatic,FloralWhite
1PL6L8V1MM297XNFE,QSQ-864QA,CUST00973,HONDA,Civic,2013,hybrid,Manual,DodgerBlue
5X5NGWWTUH1UX1MTN,BNU-666KX,CUST00974,KIA,Rio,2023,Diesel,Manual,DarkGray
R3YA5DXHKZFHBNF45,WST-233IS,CUST02174,Kia,Sportage,1899,petrol,manual,CornflowerBlue
34E3261AFYDUSUAFA,EJH-289AP,CUST00975,KIA,Sorento,2016,Diesel,Manual,Coral
206NJ77WFDYA4XBKS,XXY-349WR,CUST00976,Lexus,GX 460,2014,PETROL,automatic,Fuchsia
B3G1YR6RAXPVLA8E3,HWC-252VH,CUST00977,Hyundai,Elantra,2023,petrol,manual,SteelBlue
D42H2DR46DYDUHH67,XXI-553DG,CUST00978,lexus,ES 350,2011,hybrid,cvt,DarkRed
1D6U3EKK9RB98W759,EQN-616RY,CUST00979,Lexus,ES 350,2011,diesel,cvt,DarkBlue
4M5T9MRAC5EXT8YZB,WYF-218WL,CUST00980,Nissan,Almera,2017,PETROL,automatic,Orange
15EUBLMV2WHS5F3XD,ZMI-681QU,CUST00980,toyota,Sienna,2010,petrol,manual,Azure
FRHE0G9ES1BBU5DW4,NZY-851XF,CUST00981,HYUNDAI,Tucson,2024,petrol,manual,Coral
EYGRTK8FEL4DB94D4,KJV-946KH,CUST00981,Hyundai,Tucson,2014,Diesel,Manual,White
6KULA37DBYZKUAT78,MEW-828OW,CUST00982,toyota,Sienna,2020,diesel,automatic,Black
NF0E3F5Z4MKWW63TG,VYY-724WB,CUST00982,toyota,Highlander,2016,PETROL,AUTOMATIC,DarkKhaki
CFAJ2RPTJK587DXWL,ZGX-532ZZ,CUST00983,TOYOTA,Camry,2024,diesel,manual,HotPink
MFSAHHXY72UG0GP00,KMN-925OE,CUST00984,Hyundai,Elantra,2011,diesel,automatic,CornflowerBlue
H6XLXKRKUSTKGPZ74,VOQ-433XF,CUST00985,NISSAN,Almera,2022,Diesel,AUTOMATIC,Salmon
TXXCWLVC7L1M0Z5M,YUP-690XM,CUST00986,MERCEDES,ML350,2005,PETROL,manual,BlueViolet
BD0ZJJ3KNF360BEF0,CCM-302AK,CUST00987,Hyundai,Santa Fe,2019,PETROL,manual,MidnightBlue
V57Y193P8FS57ABYS,BQX-618PV,CUST00987,Kia,Sorento,2023,petrol,AUTOMATIC,PapayaWhip
R1Y50N81UVYHLX1KL,VAU-256DF,CUST00988,Hyundai,Santa Fe,2011,Diesel,manual,DarkSlateBlue
1HPD5E1C4NTYEC1NK,GMH-731JX,CUST00989,Kia,Rio,2017,hybrid,cvt,DarkOrange
M8908GDS3NA01Y3MX,LIE-741FJ,CUST00990,Toyota,Sienna,2023,hybrid,manual,MediumSpringGreen
XLA91BEFA6GVMP2BS,HNZ-898CY,CUST00990,Toyota Motors,Highlander,2005,diesel,cvt,MediumAquaMarine
UP8JHNM4883PREE9D,PTI-920BS,CUST00991,MERC,E-Class,2021,PETROL,automatic,Blue
Y19TMHHCE7U6LFRGH,GDT-263QI,CUST00992,NISSAN,X-Trail,2024,diesel,Manual,LightGoldenRodYellow
JPGJE8H5BWMSJ8XFF,YJR-645VA,CUST00992,toyota,Highlander,2010,Diesel,AUTOMATIC,Crimson
1ZJ6L2FGAZRGCBE6M,HXE-875FT,CUST00993,KIA,Rio,2012,PETROL,AUTOMATIC,Lime
EP5CMBFWAEU11FS2C,ABB-576SU,CUST00994,NISSAN,Almera,2020,petrol,manual,GhostWhite
A4PZRSP0BH2M3JXEC,TFI-419HM,CUST00995,toyota,RAV4,2008,PETROL,automatic,DarkGreen
YGPRJB25NDKVA7WFN,XHG-446QX,CUST00996,HYUNDAI,Tucson,2015,PETROL,cvt,MediumSeaGreen
R07UNRGX9BABWG2K1,UHL-599KN,CUST00997,HONDA,Accord,2007,Diesel,cvt,Cyan
20ABRT009V1VLDG9G,ODR-881TW,CUST00998,Hyundai,Elantra,2011,petrol,automatic,Yellow
A2BH8ZC6YHL167ZBU,FZT-510JK,CUST00999,Mercedes-Benz,ML350,2010,hybrid,manual,YellowGreen
4Z48LAKAT8FBR1YRV,TJQ-599TG,CUST00999,HONDA,CR-V,2007,diesel,AUTOMATIC,PaleGreen
5VYPEV00ZADDKB4ZW,WCT-581AF,CUST01000,TOYOTA,Hilux,2018,PETROL,Manual,MediumSeaGreen
TP3FCBLTXDHT4W5CK,RVD-956IE,CUST01000,Hyundai,Tucson,2005,diesel,automatic,DarkGray
ALM0LYXNFNTF53MMB,LAG-689EC,CUST01001,toyota,Hilux,2007,diesel,manual,SeaShell
1S5CZULH5NPP2GBL4,ZXZ-767IG,CUST01001,HYUNDAI,Tucson,2008,petrol,Manual,LightGray
371T6Z1LYDTZDEWSK,KLJ-464YP,CUST01002,LEXUS,RX 350,1899,PETROL,cvt,Cyan
ZYGTSKXYKASM3YHHCZ,VKL-290PK,CUST01003,TOYOTA,Highlander,2006,PETROL,automatic,DarkKhaki
ARDRVBG4762KEHBYA,OZB-964EN,CUST01003,LEXUS,RX 350,2023,petrol,cvt,DarkSalmon
WZUB4HWS9647PWSHX,KVR-862GP,CUST01004,LEXUS,ES 350,2020,hybrid,manual,PaleTurquoise
1M3RL7PLTR8CNFCX3,ARH-515RK,CUST01005,NISSAN,Pathfinder,2008,petrol,AUTOMATIC,Gold
52RK951F4CZFG7ALU,FJP-290DB,CUST01005,MERCEDES,ML350,2012,diesel,AUTOMATIC,HotPink
EPETNVENZ7H4K3HEG,NQY-858MH,CUST01006,HONDA,Pilot,2017,petrol,Manual,LightSteelBlue
7RZWHUXZ3W5NEG29X,WIZ-706LA,CUST01006,Honda,Pilot,2017,Diesel,automatic,LightSlateGray
URNCHW079G204ADTE,RPN-620HT,CUST01007,nissan,Pathfinder,2006,diesel,manual,PeachPuff
L4E6PT1C6P4NFTNFF,QPM-294FA,CUST01008,KIA,Rio,1899,PETROL,cvt,DarkOrange
WYARARUHF2V83TM7N,ZLM-674VQ,CUST01008,HYUNDAI,Santa Fe,2008,PETROL,Manual,DarkSalmon
8GE0ZPM09SCMFN28E,KLP-517LH,CUST01009,Hyundai,Santa Fe,2012,hybrid,manual,LightBlue
62AK98WA7L3T9EAYB,ITC-354OP,CUST01010,Hyundai,Tucson,2020,petrol,AUTOMATIC,Brown
RYRDKM5GU4ZSXS3KS,UER-894ZI,CUST01011,Lexus,RX 350,2019,diesel,cvt,IndianRed
FY4LRD18BEU18CFUE,RHK-969AP,CUST01012,TOYOTA,Highlander,2005,diesel,Manual,HoneyDew
LCN3JV5W9Y2MP54E7,THS-326AA,CUST01012,TOYOTA,RAV4,2019,petrol,Manual,DarkMagenta
YES3D407VE3TR32SS,VNC-587JJ,CUST02212,nissan,X-Trail,2018,hybrid,manual,DarkRed
5780JUY9R3E9N5VWL,XUA-294YQ,CUST01013,honda,Pilot,2006,PETROL,manual,Tomato
18DKH7MYE2GAR53P,RRC-882QM,CUST01014,MERCEDES,GLK,2005,hybrid,automatic,DarkViolet
FL4A91XXHA3G6A89P,NYW-739MQ,CUST01015,Honda,Accord,2012,hybrid,manual,LemonChiffon
0VMZCE20500X7W1PK,FFR-668BD,CUST01016,Honda,Accord,2020,diesel,Manual,LightCoral
X7PVHD2AB41H3EYNF,ABD-551KD,CUST01017,KIA,Sportage,2005,diesel,manual,Chocolate
F9FVPR15Y6Y0T2B1N,VDH-374SN,CUST01018,Lexus,ES 350,2005,PETROL,AUTOMATIC,PaleVioletRed
421DH96XCVGVBN3RW,HSJ-639SR,CUST01019,KIA,Sportage,2015,PETROL,Manual,Fuchsia
5DLLPBVVPELFNUXY5,BXA-721EY,CUST01020,nissan,Pathfinder,2005,Diesel,AUTOMATIC,Wheat
8JSD1P3Z5N5E0GDVG,ELD-341WT,CUST01021,LEXUS,ES 350,2019,Diesel,Manual,Ivory
NJJU17P6F37XY5HJB,CMS-957RE,CUST01022,KIA,Sportage,2013,PETROL,cvt,Orange
J152UHS118U492A74,RKE-337OC,CUST01023,Mercedes-Benz,GLK,2008,PETROL,manual,DarkSlateBlue
VDVVT6UM6D5J0WUYK,BXP-591PF,CUST01024,HYUNDAI,Elantra,1899,diesel,manual,OliveDrab
7UD6XFSHT1AS5LBRX,OJG-523PJ,CUST01025,Kia,Sorento,2005,diesel,cvt,DarkOliveGreen
A7ZBGNPMX257W2SF7,RUX-896HQ,CUST01025,LEXUS,RX 350,2021,PETROL,Manual,DarkGreen
3E2RR2PHSANK3JW3W,RQH-127ZT,CUST02225,HYUNDAI,Tucson,2017,diesel,cvt,PaleGreen
XR2WUSTYVGJG61LDC,BEK-968GP,CUST02225,Lexus,GX 460,2010,hybrid,AUTOMATIC,LightSkyBlue
ABLBZS1XBVZ243CCF,QZP-715WQ,CUST01026,Nissan,Almera,2011,diesel,AUTOMATIC,Wheat
HX6X9UK643FM75NSR,LOF-344HA,CUST01027,toyota,RAV4,2024,PETROL,automatic,DeepPink
X521F3M0D3VEAPEWE,BUX-751SX,CUST01028,nissan,X-Trail,2012,Diesel,manual,PeachPuff
400V4EJDRU36M4TWD,KVA-177EM,CUST01029,honda,Civic,1899,petrol,manual,GhostWhite
PYTMY4J4A89FS9V6Y,GUT-967UW,CUST01030,Kia,Rio,2013,Diesel,manual,Peru
XB0JTDZXU3ZEJD2B4,QSZ-211RL,CUST01031,Nissan,Pathfinder,1899,Diesel,AUTOMATIC,Green
ARHXU1WRTUJBXTBDL,OZQ-898MK,CUST01032,honda,Civic,1899,diesel,automatic,MintCream
SAYNBCSUPML1KBY00,GYE-823NM,CUST01032,LEXUS,GX 460,2017,hybrid,manual,LemonChiffon
Z5RRSVPEBZF99Z55M,UCV-904WE,CUST01033,Mercedes-Benz,GLK,2020,hybrid,AUTOMATIC,LawnGreen
NAE40V2B5VY3LX16A,IVF-314OB,CUST01033,Nissan,X-Trail,2008,hybrid,Manual,Azure
YDCJC8YJCT2D6VPB2,SEG-945KI,CUST01034,NISSAN,Pathfinder,2013,Diesel,AUTOMATIC,Lavender
TUA7SG7FAHEMDN28M,ACN-725DA,CUST01035,Toyota,Sienna,1899,diesel,AUTOMATIC,White
233U7EB8RZM5Y30JB,VEG-656RJ,CUST01036,TOYOTA,Corolla,2011,petrol,automatic,Purple
RMFYLCD8VE11UPC1B,TIO-922VN,CUST01036,HYUNDAI,Elantra,2022,petrol,Manual,IndianRed
W1TU7HC1D2D46S86L,XGC-174QA,CUST01037,HONDA,Accord,2022,petrol,automatic,PaleTurquoise
B9T7CGG6DZ2U64Y06,HRP-874LC,CUST01037,LEXUS,ES 350,2023,PETROL,AUTOMATIC,HoneyDew
XU8FBP7V2XLPCAVXP,FVP-298NH,CUST02237,HYUNDAI,Elantra,2005,hybrid,cvt,DarkGoldenRod
CABK26ZYT5ZN4VF4,ZQY-315MI,CUST02237,honda,Civic,2015,petrol,Manual,LawnGreen
NDNZ9LF7M1RSBDTA9,CES-830RI,CUST01038,KIA,Sorento,2007,PETROL,manual,FireBrick
RD2X67JFGJ5G2GAG6,QWS-525UA,CUST01039,MERCEDES BENZ,E-Class,2016,petrol,manual,SlateGray
5HEA5A234U3WGV7SZ,NYA-995VG,CUST01040,lexus,ES 350,2018,hybrid,manual,DarkCyan
MYMX65187R0F11CRL,GLO-784KR,CUST01041,Hyundai,Santa Fe,2020,petrol,manual,AliceBlue
D5EZG1RKRDW88KY3E,BSW-818WW,CUST01042,Nissan,X-Trail,2024,PETROL,AUTOMATIC,RoyalBlue
B4M9FX32DNBDZFPTN,JSK-380BV,CUST01043,TOYOTA,RAV4,2012,Diesel,cvt,DarkGray
85SV8KVTG461KG8VS,OKB-121QR,CUST01044,HYUNDAI,Tucson,2020,PETROL,cvt,GoldenRod
SW7BMYG3LCWZTK1J5,LKO-588VC,CUST02244,Honda,Civic,2008,diesel,cvt,Fuchsia
622RUATG5TT64YMJW,MNM-510IS,CUST01045,honda,Pilot,2021,petrol,Manual,Salmon
E6GS0KWXT6BXABZ5T,DQC-799ON,CUST01046,toyota,Sienna,2021,Diesel,Manual,DarkSlateBlue
WHRSHM64C8SNZVMJT,CHU-471UN,CUST01047,MERCEDES,GLK,2022,petrol,Manual,Moccasin
0SWG84ZW3GTGGGC,OWW-769TR,CUST01047,Kia,Sportage,2019,hybrid,automatic,Plum
SXTVAGJ67EJ58GX19,JSE-446KE,CUST01048,Kia,Sorento,1899,petrol,Manual,OldLace
TAANBLLC2TG1XVCKS,AKX-575CI,CUST01049,MERCEDES BENZ,GLK,2015,Diesel,manual,ForestGreen
LS1X3M3CAA0BH9AAS,RAG-100FW,CUST01050,Honda,CR-V,2011,hybrid,AUTOMATIC,DimGray
7LKDNA6EDE4LLP612,NEJ-271AG,CUST01050,Nissan,X-Trail,2013,diesel,automatic,PowderBlue
J6JLWK3PYSWL1N8UXZ,OSK-723RT,CUST01051,Lexus,RX 350,2024,PETROL,AUTOMATIC,Turquoise
9Z6K9RT2PG4FBZX80,TJR-312HL,CUST01052,Mercedes-Benz,E-Class,2023,petrol,manual,MediumPurple
WE46XLCM69GUYTFEH,CKM-584IQ,CUST01053,Kia,Sorento,2013,hybrid,manual,IndianRed
CCM3M2ZB8MBDBZ6BF,CBL-683NY,CUST01054,MERCEDES BENZ,GLK,2011,Diesel,manual,Red
JYZ039BU4AAGYHJP1,RUQ-977MN,CUST01054,Hyundai,Tucson,2010,hybrid,manual,Beige
JZHC25JWU4D078LV7,MZS-596YX,CUST01055,HYUNDAI,Tucson,2017,petrol,cvt,WhiteSmoke
JBGDC3SU6WF9ATJCK,DFL-260HY,CUST01055,Honda,Accord,1899,Diesel,manual,DarkSalmon
4M971Z50ZZJY93X10,DOV-125SI,CUST01056,honda,Pilot,2017,hybrid,Manual,DarkOliveGreen
2W97HRCDDMYZT2TYS,JEZ-344PL,CUST01056,NISSAN,X-Trail,2024,diesel,AUTOMATIC,DarkSlateBlue
9VV6AVHW0CY1PN7C4,DHL-717IO,CUST01057,HYUNDAI,Santa Fe,2008,hybrid,automatic,DarkSalmon
50ZXULMGNSKVE66FF,PDG-632MI,CUST01058,Hyundai,Elantra,2017,Diesel,manual,Cornsilk
DTAYK5GTR3U7TPW71,PIJ-813FV,CUST01058,Kia,Sorento,2021,petrol,Manual,Violet
761WXDVNF3XLE5CBX,IFQ-298QV,CUST01059,Hyundai,Elantra,2018,diesel,manual,DarkSlateBlue
WY054X0GL3FRC8S5P,LCB-211FN,CUST01060,MERCEDES,GLK,2023,petrol,AUTOMATIC,DarkSlateGray
TXMNM0DMVZX8EG1M6,ZYO-376SO,CUST01060,Hyundai,Tucson,2008,hybrid,AUTOMATIC,DarkCyan
DKPG6TCJEC1A81RVU,HJN-312CE,CUST01061,Honda,CR-V,2018,PETROL,Manual,Peru
02UE2M8CLYKG0FURZ,UOI-974FV,CUST01061,Honda,Pilot,2009,Diesel,cvt,MediumBlue
W0L1DKSYV7KLTCX0S,DKR-146RV,CUST01062,Toyota Motors,Corolla,2008,hybrid,automatic,Black
J70LNUD98C03RRY0Z,CWA-511XB,CUST01063,MERCEDES,GLK,2023,petrol,cvt,Bisque
P5W1CCZ08PNA6J21A,ZUB-691FU,CUST01064,nissan,X-Trail,2005,diesel,Manual,FireBrick
XAY32ZXC2X28JLNLV,WVZ-286OL,CUST01065,Toyota,Hilux,2012,petrol,Manual,Cyan
GC47GS1SYFFWKDK2G,FSM-236EZ,CUST01066,Hyundai,Elantra,2010,Diesel,automatic,DarkGreen
JVYWJKTKLVSBKRJDA,CYI-127PX,CUST01067,Toyota,Camry,2009,hybrid,cvt,Chartreuse
LTSYD8GRYRLX1H83M,YOV-702MB,CUST01068,NISSAN,Pathfinder,2021,Diesel,Manual,DeepPink
660P1EUANA6CD2SS1,WUY-156RH,CUST01069,MERCEDES,ML350,2011,diesel,Manual,Tan
L3E8N4MKVX756NMWN,PSW-614SQ,CUST01069,Lexus,RX 350,2013,PETROL,cvt,DimGray
LRNFN9XMLPYB1K8BV,FIJ-937MQ,CUST01070,Honda,Accord,2013,petrol,AUTOMATIC,Yellow
MKT015BRRZCU3LNN6,ESF-385HX,CUST01071,Mercedes-Benz,GLK,2011,hybrid,AUTOMATIC,Crimson
90FBYSCUY70ZD9MZ7,JLW-232SG,CUST01072,Hyundai,Elantra,2011,petrol,Manual,BlueViolet
E4W9W26V6ZLGUS010,UYE-142CG,CUST01073,nissan,Pathfinder,1899,PETROL,AUTOMATIC,PowderBlue
AMYJ0TGHD0Z3MWEK4,DBC-775MD,CUST01074,KIA,Sportage,2018,petrol,cvt,AliceBlue
DX2W7CSN4ULVXNKB4,QQP-427YW,CUST01074,KIA,Sorento,2012,Diesel,automatic,MediumSpringGreen
DP7EZKUNHCEY3SB0S,FXU-844HR,CUST02274,Honda,Civic,2010,PETROL,Manual,Wheat
56D451VVL93RC6B6F,JZY-852KH,CUST01075,Nissan,Pathfinder,2007,petrol,AUTOMATIC,LavenderBlush
A02WJGH97WBBUTEDD,AJZ-549RG,CUST01076,Kia,Sorento,2011,diesel,cvt,Khaki
PB3VDTFJED6CUPEBZ,UXQ-479DX,CUST01077,Toyota,Camry,2007,hybrid,cvt,Magenta
13A45ZHUHTRZEY2BZ,KYK-223YU,CUST01078,NISSAN,Pathfinder,2009,Diesel,automatic,BlueViolet
YR1HGYHHF4M7GTP0N,JTC-369OE,CUST01078,Hyundai,Elantra,2017,Diesel,manual,CadetBlue
8MXZPHC8N8EMKA5KX,ANP-851AM,CUST01079,Hyundai,Santa Fe,2014,PETROL,manual,Salmon
C4JXRS3CGASEGUDB9,NWY-217BX,CUST01080,Nissan,Pathfinder,2024,petrol,cvt,Violet
M5WEYTKZTNWYCK24T,LIE-760DR,CUST01081,Hyundai,Tucson,2012,Diesel,cvt,BurlyWood
UEFCYELJ6KUNB4878,HZQ-732HH,CUST01082,Kia,Sorento,2017,Diesel,cvt,Wheat
9JTD9RZFRNGZ6MD,VAQ-675OU,CUST01082,TOYOTA,Sienna,2012,Diesel,automatic,LightGoldenRodYellow
F5KXHJ12D34HFBUAS,PLJ-739EF,CUST01083,Hyundai,Santa Fe,2023,Diesel,Manual,LightBlue
3B3RPPZC22284AYZB,HMY-638TW,CUST01083,lexus,RX 350,2006,petrol,cvt,Gold
3M0D9CZ04VWEVEJTP,HPE-527ZR,CUST01084,Nissan,X-Trail,2006,petrol,AUTOMATIC,LemonChiffon
H9HWP38TASJF55UFH,JRE-885JS,CUST02284,LEXUS,ES 350,2019,diesel,automatic,PaleGoldenRod
8YNGY5ZJMXDS2CNDP,NRS-534UK,CUST01085,MERCEDES BENZ,GLK,2022,Diesel,manual,Turquoise
PXEXST8VNJ8AGLD6C,KPQ-880QU,CUST01086,lexus,RX 350,2011,hybrid,automatic,Linen
SKA9KSTG2AB6Z8Z,ATK-216BP,CUST01086,KIA,Sportage,1899,petrol,Manual,PeachPuff
DURV2E4KJL65J4GBY,WTI-375XU,CUST01087,Mercedes-Benz,E-Class,2017,PETROL,cvt,Wheat
3ZYKFX192TPN5UZNE,BNG-645TX,CUST01087,Hyundai,Elantra,2012,diesel,cvt,LightCoral
WWTRR5R1CD9Y5YR6W,FDC-553YS,CUST01088,LEXUS,RX 350,2008,PETROL,manual,Orange
BALVL8YLNV2FXELH4,KWW-603XW,CUST01088,HONDA,Accord,1899,Diesel,automatic,LightSteelBlue
4X959LWJ030JPYTCW,CLZ-839YO,CUST01089,toyota,Sienna,2015,PETROL,cvt,NavajoWhite
NT11BHTV2CJ2YRMRE,VIR-452LS,CUST01090,honda,Civic,2005,petrol,Manual,GoldenRod
GCV84BEZD9RSUXEMK,UBQ-717FE,CUST01090,nissan,Pathfinder,2013,diesel,automatic,OldLace
GW8WKZB6WRJCNZDD5,TAY-620RS,CUST01091,HONDA,Pilot,2019,diesel,automatic,Thistle
X71DR25PP1EUMT7UF,KHG-464BX,CUST01092,Kia,Sportage,2012,hybrid,manual,Ivory
U9LTS3WYE5L5087ND,UGX-880PJ,CUST01093,LEXUS,RX 350,2013,petrol,automatic,SteelBlue
F1WBDDKX39NY4J5S7,HLR-589VU,CUST01093,LEXUS,ES 350,2015,petrol,AUTOMATIC,DarkSlateBlue
7HVZHN5UAJL3Z4YMR,DNS-783DR,CUST01094,MERCEDES BENZ,ML350,2016,PETROL,Manual,MediumSpringGreen
TARW9S50ZYS2WLMDT,CSR-548OD,CUST01095,Kia,Sportage,2013,Diesel,Manual,LightSteelBlue
NAE61L5DUS9YK5EZR,PNN-377NW,CUST01096,nissan,Pathfinder,2013,petrol,AUTOMATIC,MidnightBlue
XWUMUDKTAW491C52N,MHQ-960LU,CUST01097,HYUNDAI,Santa Fe,2010,PETROL,manual,DarkRed
GHZ56N7FY3H2LE8P1,ZUO-585ZJ,CUST01097,Lexus,RX 350,2021,PETROL,automatic,DarkKhaki
PEH243H4LW2472ME9,FGT-241MD,CUST01098,TOYOTA,Hilux,1899,PETROL,AUTOMATIC,Violet
45C6G25FUZ6KY60MN,DUY-423HI,CUST01099,Lexus,GX 460,2021,petrol,cvt,BurlyWood
R5STYUJV7GEZXMMEH,MMP-946LF,CUST01100,MERC,C-Class,2019,hybrid,automatic,Gray
74NHPG2WXSNN2VLZ,FNI-430ZP,CUST02300,Kia,Rio,2016,PETROL,AUTOMATIC,MediumBlue
CGLYW25XEVZ57CRG7,OCA-101CU,CUST02300,KIA,Sportage,2022,diesel,cvt,Crimson
UPYW01N2799R494S3,FWN-747WG,CUST01101,HONDA,CR-V,1899,hybrid,automatic,SpringGreen
NJ35NJB1BUJVKJEFM,WUY-372GD,CUST02301,HYUNDAI,Tucson,2011,petrol,Manual,SteelBlue
DP97JHGJBP9K9NCG0,AXJ-102UH,CUST01102,nissan,Pathfinder,1899,diesel,manual,Aqua
F4D19CSCWBAXU3BFN,ALN-221BZ,CUST01102,LEXUS,RX 350,2012,petrol,manual,Black
GGHZUYJF7G1DES1VE,LGV-601XA,CUST01103,MERCEDES BENZ,GLK,2023,petrol,manual,DarkOliveGreen
P2BBE3AGFYP3B1VPW,JIM-472HA,CUST01103,nissan,Almera,1899,Diesel,AUTOMATIC,LemonChiffon
3CH0NYNBZRMZ4MWBW8,SYV-144EO,CUST01104,toyota,RAV4,2013,diesel,manual,SpringGreen
PLVCY5VGFP0NGAS9E,QUS-810MH,CUST01105,Toyota Motors,RAV4,2020,petrol,cvt,PapayaWhip
9Y91CTNTKAC9KXX79,ANR-909NZ,CUST01106,Honda,Accord,2011,petrol,AUTOMATIC,NavajoWhite
FKD03WZPD6T6ENTBZ,NYW-807ID,CUST01107,lexus,RX 350,2013,diesel,automatic,Crimson
GS1E8CACU9ZWGJNT9,TME-206ZH,CUST01107,Hyundai,Santa Fe,2023,diesel,AUTOMATIC,Violet
1KX04FUUGK5DEDNJH,OXK-441SG,CUST02307,MERCEDES,GLK,2008,Diesel,automatic,Yellow
W9RLTC2YJ3EJH13WF,SOO-819ZH,CUST01108,Toyota,Corolla,2007,PETROL,AUTOMATIC,Silver
61Y016SMRN19WGVS,VBL-414IW,CUST01109,HYUNDAI,Tucson,2010,hybrid,automatic,PaleTurquoise
DXN9AY0AULE4R2KY5,MKU-603KN,CUST01110,MERCEDES,C-Class,2005,Diesel,AUTOMATIC,Tan
HD0FZ69F0YYFWZ0L4,JEP-362CR,CUST01110,Lexus,GX 460,2015,PETROL,automatic,MediumSeaGreen
WKT7LDLBKE6M1XGST,VAE-249FQ,CUST01111,Honda,CR-V,2015,hybrid,automatic,Blue
01J0RDPDJUERBAHHP,SVU-167SI,CUST01111,HONDA,Pilot,2014,PETROL,automatic,Turquoise
79B0YJJ77BJ4DW627,IAV-727CX,CUST01112,honda,Pilot,2010,Diesel,cvt,Beige
EEPZA54V15L52NP39,XYV-126PF,CUST01113,Hyundai,Tucson,2008,hybrid,manual,Orchid
ZMJCGEK7AVKJ0RSJP,BBY-882VC,CUST01113,lexus,RX 350,2014,PETROL,automatic,Tomato
27WW38C8HHYEHH086,SGH-231VI,CUST01114,TOYOTA,Highlander,2006,Diesel,automatic,Pink
2AM2WJP2MWY9V1P5E,XBC-931MD,CUST01114,MERC,ML350,2022,diesel,automatic,Turquoise
6EE8TWUDDK8T9TLUW,NXY-336ZM,CUST01115,MERCEDES BENZ,E-Class,2017,Diesel,automatic,DarkCyan
26HHE3EL85RV56V35,WBY-630JR,CUST01116,MERC,GLK,2009,PETROL,AUTOMATIC,SaddleBrown
GX38XVHPYUZY56B6D,EUV-587NG,CUST01117,HYUNDAI,Santa Fe,2006,diesel,manual,ForestGreen
E8NGTGK7MZMGMZ15J,XNQ-364VW,CUST01118,Toyota,Hilux,2016,PETROL,manual,CadetBlue
Z4XK2WKUP5WK9JKBM,BGJ-230LB,CUST01119,Lexus,ES 350,2007,Diesel,manual,DarkMagenta
1YLDGU963D35R5L0C,FOF-156BW,CUST01120,TOYOTA,Camry,1899,diesel,Manual,DarkTurquoise
NMD0A4ZC21HYTUZJP,NNH-506QS,CUST01120,HYUNDAI,Santa Fe,2013,petrol,automatic,BlueViolet
LC182CWD3KSMG0H6X,HPT-227JA,CUST01121,KIA,Sportage,2023,hybrid,Manual,Wheat
ZRFUPUMMC8CVPFC66,CXM-272VT,CUST01122,MERCEDES,E-Class,2022,diesel,cvt,LavenderBlush
28VL2CF8275P9DHGE,EQJ-925VH,CUST01123,Nissan,Almera,2016,hybrid,AUTOMATIC,DarkSlateBlue
LKP68YCUVB2SMTU2T,ACN-519OP,CUST01124,Nissan,X-Trail,2008,Diesel,automatic,Navy
XWJ6SN7DJHW1E1CW7,NUH-785DG,CUST02324,HYUNDAI,Elantra,2006,hybrid,Manual,NavajoWhite
0TVFCTN86CL36CYAP,CSS-429BM,CUST02324,HYUNDAI,Elantra,2012,PETROL,manual,BurlyWood
X2AVZFFC2X2SMM28E,GXK-878LT,CUST01125,Hyundai,Elantra,2020,diesel,automatic,Coral
L6ME2VJKJKZSTE5Y7,ZSS-499KL,CUST01125,Honda,Pilot,2017,Diesel,AUTOMATIC,Azure
0S44A8PSVD9NN79P2,TCQ-970LZ,CUST02325,Hyundai,Tucson,2023,Diesel,Manual,FireBrick
BB703YSDBDMK80AN3,ZWM-774TK,CUST01126,Lexus,ES 350,2020,hybrid,AUTOMATIC,PeachPuff
R5FTKHP7V5M8RMK39,XNK-737ZY,CUST01126,NISSAN,Pathfinder,2015,PETROL,Manual,LightYellow
SS29PKWB7M9FZ9G3E,JPM-780WM,CUST02326,Hyundai,Santa Fe,2021,hybrid,cvt,SaddleBrown
TBPR2M5KUWYJM70TJ,FHS-499JI,CUST02326,NISSAN,Almera,2009,PETROL,AUTOMATIC,Moccasin
ZSKXDG2NM5T0GF2YE,LYO-532KP,CUST01127,Toyota,Highlander,2017,diesel,cvt,DarkViolet
44AY6XK22W7EF9FPJ,VKG-774SB,CUST01128,Toyota,RAV4,2009,hybrid,automatic,SteelBlue
2Y0D3P49YE1630ZE1,TKN-944YM,CUST01129,NISSAN,Pathfinder,2019,petrol,AUTOMATIC,ForestGreen
WZGVS5AUNTKVG3K4N,MGL-222XZ,CUST01130,HONDA,Pilot,2020,diesel,AUTOMATIC,Ivory
MWJG7N9FBRT5PG6XG,SXJ-132XB,CUST01131,honda,Civic,2023,hybrid,AUTOMATIC,PaleGreen
PSL7GBWXPXFPX4NVR,KJD-167AN,CUST01132,Toyota Motors,Corolla,2024,Diesel,AUTOMATIC,Beige
5FZTPS9LXWG83KKC2,JEJ-652ZO,CUST01133,Kia,Sorento,2023,diesel,cvt,DarkOrchid
WZ6H3G9F4M0VNGWXS,DWA-847BP,CUST01134,HONDA,CR-V,2008,PETROL,cvt,Red
36V1F4G4AXUSR5B7S,LVN-491TJ,CUST02334,Toyota Motors,Corolla,2009,diesel,Manual,Khaki
0SEMG6WA15J45KDUF,HMO-667UQ,CUST02334,Toyota Motors,Camry,2024,petrol,cvt,MistyRose
55X1T8TAHK0ZSH5YX,PPH-918IQ,CUST01135,Hyundai,Tucson,2017,Diesel,automatic,Azure
UDR6J17YVZ53DVFTJ,SAW-464AQ,CUST01136,Hyundai,Santa Fe,2016,PETROL,Manual,DarkOrchid
XL9MNHPK489PWNZ0G,JSK-992NB,CUST01137,honda,Pilot,2019,PETROL,cvt,MediumSpringGreen
KKYUR83N32M98GE6H,BJZ-927YJ,CUST01138,NISSAN,X-Trail,2011,hybrid,manual,PaleGreen
0D4Y9JT3SD6KYXUH5,LWW-694IR,CUST01139,Honda,CR-V,2012,diesel,cvt,DarkViolet
EZTWC261KWK08TCWB,BQR-896FY,CUST01140,MERC,E-Class,2020,petrol,AUTOMATIC,Olive
41RD558XEAB2ZGVB8,KYW-273AO,CUST01141,MERCEDES,GLK,2018,diesel,automatic,Cornsilk
E8D9KKJDKXFPBAMZC,NAJ-165EZ,CUST01142,Toyota,Hilux,2019,Diesel,AUTOMATIC,Pink
0XJS79NBT8Z7VX1VV,GRR-239JX,CUST01143,HYUNDAI,Elantra,2011,PETROL,cvt,Gold
YECPVNDJVFPCH4D2T,ZHU-777KV,CUST02343,HYUNDAI,Santa Fe,2006,diesel,cvt,DarkOrchid
H87NPVRC6HKGLF1B4,QMX-781RZ,CUST01144,Kia,Sorento,2010,petrol,cvt,Yellow
HFBDKSS27AJZ5XSZ4,JPL-417YX,CUST01145,LEXUS,GX 460,2007,hybrid,AUTOMATIC,Magenta
5M2S2LWBLR9TKDRE7,GRO-748CB,CUST01145,MERC,C-Class,2013,petrol,cvt,FireBrick
N07J1SYSFB17RRPM5,EWO-493AA,CUST01146,NISSAN,Almera,2014,petrol,AUTOMATIC,Thistle
LS0ZYMBEAH0WWWW8K,BMZ-104YE,CUST01147,NISSAN,X-Trail,2006,petrol,cvt,Chartreuse
JLG56YDJZTSEBPMAU,HWY-208GM,CUST01148,Toyota,Camry,2020,hybrid,automatic,Crimson
6MY5XZHK4P6DD84PP,FQM-818NV,CUST01148,Toyota,Camry,2010,petrol,Manual,Bisque
MHL8V3LGPPW0ZM02Z,DEY-507HD,CUST01149,Lexus,RX 350,2023,hybrid,manual,LightSeaGreen
WWEW80P54N5MZ3V9Z,FSO-656ME,CUST01149,KIA,Sportage,2020,Diesel,cvt,MediumBlue
88AXH30D263UYEG0A,DDA-420XL,CUST01150,Hyundai,Tucson,2018,Diesel,automatic,Turquoise
T18ZCDW23A1R9M90C,MLC-833PA,CUST01151,KIA,Rio,2018,Diesel,manual,DarkTurquoise
LBLMYMHMRAMVT1J81,DUX-349OO,CUST01152,KIA,Sorento,2008,hybrid,Manual,LightSeaGreen
FXGJYU0SXRRY9VE4Z,RBF-328CC,CUST01153,NISSAN,Pathfinder,2024,PETROL,AUTOMATIC,LightSkyBlue
FJACEF8W6SEHFV4SP,ZKD-533TC,CUST01154,Hyundai,Santa Fe,1899,petrol,automatic,DarkSlateGray
VX1G5UDB080PTVZUL,UZW-191AQ,CUST01154,Mercedes-Benz,GLK,2010,hybrid,manual,DarkSeaGreen
3XUC65MXYC0WHYHDP,MIW-568BJ,CUST01155,NISSAN,X-Trail,2019,Diesel,cvt,DarkGoldenRod
2F4UHP0GLTP1X00L8,VFU-574OE,CUST02355,Hyundai,Santa Fe,1899,hybrid,AUTOMATIC,OliveDrab
H01TB4BM84HBALRZE,DKK-773SM,CUST02355,Honda,Accord,2024,diesel,cvt,CornflowerBlue
7PTTNZ4NP7Z9UFS78,XXQ-991BZ,CUST01156,Nissan,Almera,2022,petrol,automatic,Violet
R7XLPNGUSLUF5A6GK,RIQ-601EM,CUST01156,Toyota Motors,Highlander,2018,PETROL,cvt,Gray
C9ENMMD9KMDWVVSXH,MDO-718FI,CUST01157,KIA,Sorento,2022,Diesel,manual,Maroon
HCVKYBAM9VLJUG8CH,WTK-652MW,CUST01157,nissan,Almera,2008,Diesel,Manual,PaleGoldenRod
RDY7LYF8RRSZHR39L,GDI-878FD,CUST01158,Honda,Accord,2007,PETROL,cvt,Aqua
0V2MFF15AD3LC9JGJ,NKR-374GF,CUST01159,Nissan,X-Trail,2017,diesel,manual,DodgerBlue
1KJHSYCGGSUT1XBJF,AYH-962OW,CUST01159,HYUNDAI,Santa Fe,1899,diesel,manual,Peru
U5KZV6KDV8TWJG503,PGQ-336UI,CUST01160,HYUNDAI,Santa Fe,2005,Diesel,manual,SeaGreen
TW308WEVXLXJ992W1,FIK-425WY,CUST01161,Kia,Sorento,2024,petrol,manual,DarkRed
VKESGR48YTRP887J5,MNC-855EQ,CUST01162,Toyota,Hilux,2013,PETROL,manual,YellowGreen
APPUGMV7JMR6KC5WE,STQ-713LD,CUST01163,HONDA,CR-V,2011,petrol,automatic,FloralWhite
86PR0LGAYN60ZM3RL,LUD-189JZ,CUST01164,honda,CR-V,2016,petrol,cvt,LightYellow
9FHGUMH8SVJA3TNNX,GCG-447BR,CUST01164,Nissan,X-Trail,2011,diesel,cvt,LightSkyBlue
5JAUDPMVKUNCBF6RH,DPC-485NR,CUST01165,Hyundai,Elantra,2009,PETROL,automatic,LightCoral
8LWT79SB8HJFL084E,GZE-151IG,CUST01165,Hyundai,Tucson,1899,hybrid,AUTOMATIC,DarkTurquoise
UV0MC51EZKPFF689Z,DVY-209FQ,CUST01166,KIA,Sportage,2016,petrol,cvt,Thistle
UVBK651DHJRG1JY70,KLE-194AK,CUST01166,Toyota,Corolla,2005,Diesel,Manual,DarkGoldenRod
S7SU5FU09E1RDMGME,FLI-648LG,CUST02366,Lexus,RX 350,2018,Diesel,AUTOMATIC,GoldenRod
JCPFDK1KR5B0C16VM,QHA-792KK,CUST01167,KIA,Rio,1899,PETROL,manual,YellowGreen
2YU81RE4FW0ZDP1YR,VVF-463YU,CUST01168,KIA,Rio,2011,PETROL,manual,Purple
1JL371E8W5AUZYLKV,OWB-841OI,CUST01169,Lexus,GX 460,2006,hybrid,Manual,LemonChiffon
K0V5D1UR7F2CNV98R,HGL-170IR,CUST01169,Mercedes-Benz,ML350,2006,diesel,Manual,MediumAquaMarine
0MFGXUMTAFZBTP6D3,ABV-957OK,CUST01170,honda,Accord,2021,PETROL,manual,RoyalBlue
R4TXT5057TJZVLDWP,VBF-493YS,CUST01171,MERCEDES,ML350,2015,hybrid,manual,YellowGreen
D547MXRD9GYA25T0G,UOB-210ZR,CUST01172,Hyundai,Santa Fe,2010,Diesel,Manual,DarkOrchid
K6YLP5GBAK01NXE8Z,DES-563DZ,CUST01172,Toyota,Hilux,2011,petrol,cvt,SpringGreen
BEVW3UG7LVEDP48XA,PZH-496XZ,CUST01173,lexus,GX 460,2012,hybrid,cvt,DarkViolet
F6ENCS8B6GT36D67R,YAX-587WA,CUST01174,TOYOTA,Sienna,2008,hybrid,AUTOMATIC,OldLace
8W3DFCB257VDA6DE9,IJF-320QK,CUST01175,MERCEDES,GLK,2017,petrol,cvt,Gainsboro
AYS6CA8DBGAKJJHL2,OOW-673UR,CUST01175,TOYOTA,Highlander,2006,petrol,automatic,DimGray
E1NUHA1647ECHVWFF,FZR-910QX,CUST02375,KIA,Rio,2010,PETROL,AUTOMATIC,Aquamarine
TJY91H45KGE8BKXTW,XVI-905CG,CUST01176,Toyota Motors,Hilux,2015,PETROL,manual,LightGray
KXTDY6ZYALVKTJ3PS,ZKJ-483UE,CUST01177,Hyundai,Elantra,2008,diesel,manual,Turquoise
NKAKB2FPJASG3546U,PXL-414EK,CUST01178,lexus,RX 350,2010,Diesel,cvt,DarkSlateGray
NDCW4RC13254M1CL4,UKZ-766DW,CUST01178,toyota,Highlander,2024,petrol,manual,BlueViolet
WXTX9TW3Z66HS5HZN,JLI-360XR,CUST02378,TOYOTA,RAV4,1899,PETROL,AUTOMATIC,LightGreen
6PKM614XTVJ8WV4WY,PBN-743MI,CUST02378,NISSAN,Pathfinder,2006,petrol,automatic,LightSlateGray
WR13XVZNMPJSWYSPZ,YIB-496KI,CUST01179,HYUNDAI,Santa Fe,2010,hybrid,cvt,Blue
70WKARAHNR62EE067,VZC-108MS,CUST01180,Kia,Sportage,2007,petrol,manual,Khaki
G1KPEZSULEHZ62YCE,QIB-485UM,CUST01180,Hyundai,Santa Fe,2019,petrol,manual,LightCoral
JH0ECFDBTVRACJ68R,GSP-241IT,CUST01181,Kia,Sorento,2017,Diesel,cvt,MediumSlateBlue
3NAM1NL253RGFWSFD,VNG-569JO,CUST01181,MERC,E-Class,2024,Diesel,automatic,Coral
M4VJRB1T1HVN9N9E3,PFS-609WC,CUST01182,toyota,Sienna,2009,hybrid,manual,YellowGreen
V7TSV8YJ97LWY6MMV,GDZ-448WC,CUST01183,KIA,Sorento,2014,diesel,AUTOMATIC,Purple
2HH75XU0PCZ511J4,FWL-708PI,CUST01184,TOYOTA,Camry,1899,diesel,AUTOMATIC,PaleGoldenRod
JZZNYM02P68PGMZLW,CYE-470MI,CUST01185,Toyota Motors,Corolla,2008,petrol,automatic,GhostWhite
8SP0N3KVMHYFY4WWR,BNC-666RY,CUST01186,LEXUS,GX 460,2020,Diesel,automatic,Crimson
PZ9FDZUMY4L7P4UNN,NEU-976OQ,CUST02386,Mercedes-Benz,ML350,2007,petrol,cvt,SandyBrown
7VK77YGXR25JD5ZC1,FNI-484FY,CUST01187,nissan,Pathfinder,2008,hybrid,manual,Yellow
UVF3VSPGFFX1XWBL1,JNK-866BG,CUST01188,Nissan,Almera,2021,Diesel,automatic,SpringGreen
3SLR0HXLKF4Z2FND5,TJI-852UH,CUST01188,Hyundai,Santa Fe,2021,petrol,manual,Gray
UWNBA6VY587VHV3ZG,FVC-613YP,CUST01189,Hyundai,Elantra,2017,PETROL,AUTOMATIC,White
S4NCY6Z6912D6DMYB,URH-567AZ,CUST02389,honda,Pilot,2018,petrol,Manual,GhostWhite
0K4FD3930ZPJ1T8UG,ROY-764PX,CUST01190,toyota,Corolla,2010,petrol,manual,CadetBlue
V9PX1DAAEKA98G1PH,SRB-706QX,CUST01191,Nissan,Pathfinder,2023,Diesel,automatic,Orange
RG7JG3YAGE6063AG9,YUN-132VR,CUST01192,nissan,X-Trail,2019,PETROL,AUTOMATIC,SaddleBrown
FYJRL9G24YF88NEPF,KCB-966RH,CUST01193,honda,Pilot,1899,PETROL,automatic,FireBrick
84MZYS840EFJX44YH,RIL-492XV,CUST01193,Honda,Accord,2019,Diesel,automatic,MediumSpringGreen
N3MFNVHRYBNNV2A7W,XRQ-706LH,CUST01194,MERCEDES BENZ,ML350,2015,diesel,manual,OrangeRed
TKH98PMGJYX987UCZ,DLZ-159MI,CUST01195,Hyundai,Elantra,2015,PETROL,manual,MidnightBlue
0D3X34R8UV78FRWFL,NSL-447OP,CUST01195,Kia,Sorento,2021,diesel,automatic,DarkSlateBlue
6J53103LC38DSRP15,RIV-975KR,CUST01196,lexus,ES 350,2019,diesel,automatic,OrangeRed
TN7HHMDAPUCSY9M7H,OMI-597KG,CUST01197,Kia,Sorento,2009,PETROL,automatic,MediumSpringGreen
V40G9U799869WZ98Z,ZKQ-576FR,CUST01198,lexus,GX 460,2020,petrol,manual,MediumOrchid
V3ED1MRZGBPJ8224W,LIW-249VU,CUST01199,Lexus,RX 350,2012,Diesel,manual,SkyBlue
DXJTGGULC530GRPYM,LVY-959KK,CUST01200,HYUNDAI,Santa Fe,2016,Diesel,automatic,FloralWhite
3EBUL7DWXP452EK53,ZLO-602SO,CUST02400,HYUNDAI,Elantra,2008,diesel,manual,MediumSpringGreen
