payment_id,invoice_number,payment_date,amount_ngn,payment_method
PAY-000001,INV-000001,2025-11-04 01:02:31,"NGN459,728.80",insurance
PAY-000002,INV-000002,2025-07-19 12:48:43,"7,498.12",cash
PAY-000003,INV-000003,2026-05-22 00:35:29,159562.28,card
PAY-000004,INV-000004,1743385140000,"1,074,065.31",CASH
PAY-000006,INV-000006,19/07/2026,"NGN387,454.50",TRANSFER
PAY-000007,INV-000007,1752463197000,355880.78,credit
PAY-000008,INV-000008,2026-07-08 22:50:46,"NGN673,959.76",transfer
PAY-000009,INV-000009,2025-04-19 20:51:29,"NGN1,083,931.43",insurance
PAY-000011,INV-000011,1765886608000,"3,981.47",insurance
PAY-000012,INV-000012,1734846390000,"158,078.75",insurance
PAY-000013,INV-000013,2025-04-20 14:10:01,"164,343.90",credit
PAY-000014,INV-000014,2026-07-26 23:28:48,"NGN76,835.62",credit
PAY-000015,INV-000015,31/12/2024,"14,711.38",credit
PAY-000016,INV-000016,05/03/2025,"NGN214,208.55",cash
PAY-000018,INV-000018,2025-06-19 17:21:14,27374.15,CASH
PAY-000019,INV-000019,2025-01-29 13:22:40,815045.38,CASH
PAY-000020,INV-000020,2026-01-26 20:42:36,"NGN308,318.61",transfer
PAY-000021,INV-000021,1757653827000,NGN 85462.50,card
PAY-000022,INV-000022,1732602103000,NGN 14996.25,insurance
PAY-000024,INV-000024,24/04/2026,NGN 10352.25,credit
PAY-000025,INV-000025,1774969020000,NGN 628174.70,cash
PAY-000026,INV-000026,2024-12-27 23:07:07,15802.50,transfer
PAY-000027,INV-000027,24/06/2025,"172,390.67",cash
PAY-000028,INV-000028,1734297407000,NGN 7202.50,card
PAY-000029,INV-000029,1788189959000,"NGN310,689.92",transfer
PAY-000031,INV-000031,02/12/2025,"773,827.49",TRANSFER
PAY-000032,INV-000032,2026-06-18 08:45:22,NGN 2096.25,TRANSFER
PAY-000033,INV-000033,1785645975000,"98,868.00",card
PAY-000034,INV-000034,1778434254000,NGN 1061314.44,card
PAY-000035,INV-000035,1769586817000,"NGN469,234.98",transfer
PAY-000037,INV-000037,16/10/2025,"442,076.74",TRANSFER
PAY-000038,INV-000038,2025-02-02 02:03:24,977913.29,TRANSFER
PAY-000039,INV-000039,1757164208000,"242,975.27",cash
PAY-000040,INV-000040,1769368660000,"890,144.00",credit
PAY-000041,INV-000041,2025-07-11 13:14:45,767936.96,CASH
PAY-000042,INV-000042,2026-02-28 10:48:54,NGN 40091.78,transfer
PAY-000043,INV-000043,2026-10-05 10:56:15,"65,145.41",credit
PAY-000046,INV-000046,1743735366000,NGN 227114.48,CASH
PAY-000047,INV-000047,2026-08-18 06:06:41,1486953.43,transfer
PAY-000048,INV-000048,2026-08-08 05:07:13,NGN 841633.76,TRANSFER
PAY-000049,INV-000049,2025-09-25 07:59:42,"NGN31,605.00",card
PAY-000050,INV-000050,11/01/2025,"NGN3,843.12",CASH
PAY-000051,INV-000051,1747752375000,523200.35,CASH
PAY-000052,INV-000052,2025-04-19 00:23:49,"266,674.69",cash
PAY-000054,INV-000054,20/01/2025,"NGN317,199.70",transfer
PAY-000055,INV-000055,1769000602000,316839.28,credit
PAY-000056,INV-000056,2026-04-23 12:45:00,"NGN289,283.94",credit
PAY-000057,INV-000057,09/08/2026,"NGN286,829.36",CASH
PAY-000058,INV-000058,2026-09-08 16:36:13,"NGN102,501.25",transfer
PAY-000059,INV-000059,22/08/2026,"NGN299,407.31",cash
PAY-000061,INV-000061,2025-01-09 01:55:19,"930,188.91",insurance
PAY-000063,INV-000063,2026-09-24 19:16:05,"NGN1,292,778.34",card
PAY-000065,INV-000065,1730225461000,NGN 645286.12,cash
PAY-000066,INV-000066,1779076729000,"53,736.04",transfer
PAY-000067,INV-000067,2025-08-27 06:44:29,NGN 168613.75,card
PAY-000068,INV-000068,1771773650000,"719,222.14",transfer
PAY-000069,INV-000069,1760531075000,NGN 19983.26,card
PAY-000070,INV-000070,2024-12-09 15:58:37,NGN 176085.00,transfer
PAY-000071,INV-000071,2026-06-14 19:43:49,"12,792.50",cash
PAY-000073,INV-000073,2024-09-24 08:28:46,"930,253.67",CASH
PAY-000074,INV-000074,21/12/2025,NGN 944746.23,credit
PAY-000075,INV-000075,07/11/2024,"279,936.85",card
PAY-000076,INV-000076,10/01/2026,NGN 22816.88,TRANSFER
PAY-000078,INV-000078,2024-12-08 04:54:16,NGN 269373.10,CASH
PAY-000079,INV-000079,2025-12-03 01:28:44,NGN 768648.93,CASH
PAY-000080,INV-000080,1744219223000,"NGN14,220.16",card
PAY-000082,INV-000082,1763033759000,"NGN126,764.65",card
PAY-000083,INV-000083,1741105464000,NGN 2096899.36,transfer
PAY-000084,INV-000084,2025-08-25 04:13:42,"894,311.35",transfer
PAY-000085,INV-000085,1779731212000,134319.53,TRANSFER
PAY-000086,INV-000086,1781806234000,841603.32,insurance
PAY-000087,INV-000087,12/08/2025,NGN 10131.88,credit
PAY-000088,INV-000088,08/04/2026,"52,438.50",insurance
PAY-000089,INV-000089,2026-06-24 12:19:51,NGN 599489.55,transfer
PAY-000090,INV-000090,1767086244000,"33,633.78",transfer
PAY-000091,INV-000091,25/04/2026,"NGN343,994.19",CASH
PAY-000094,INV-000094,2025-09-08 14:31:04,7363.75,cash
PAY-000096,INV-000096,25/03/2025,"NGN8,411.50",credit
PAY-000098,INV-000098,1769977137000,667425.19,card
PAY-000099,INV-000099,2026-02-09 10:27:15,44290.81,CASH
PAY-000101,INV-000101,01/04/2025,"NGN550,256.17",insurance
PAY-000102,INV-000102,1776508948000,733616.74,CASH
PAY-000103,INV-000103,1754945289000,"NGN1,254,589.94",credit
PAY-000104,INV-000104,20/02/2026,"689,025.51",cash
PAY-000105,INV-000105,24/12/2024,NGN 15162.88,card
PAY-000106,INV-000106,2025-11-10 13:02:45,"NGN718,889.17",TRANSFER
PAY-000107,INV-000107,2025-11-10 11:08:33,"61,275.00",insurance
PAY-000109,INV-000109,25/12/2025,264219.88,insurance
PAY-000111,INV-000111,2026-09-21 17:25:12,NGN 420196.71,CASH
PAY-000112,INV-000112,1749662684000,276030.90,cash
PAY-000113,INV-000113,1745695460000,NGN 579403.27,transfer
PAY-000115,INV-000115,1765019976000,1012206.06,credit
PAY-000116,INV-000116,2025-08-06 04:09:50,"9,218.12",credit
PAY-000118,INV-000118,10/12/2025,61228.64,cash
PAY-000120,INV-000120,2026-03-14 16:06:18,NGN 449951.95,TRANSFER
PAY-000122,INV-000122,2025-01-27 09:53:24,"6,611.25",transfer
PAY-000123,INV-000123,06/03/2025,"NGN9,142.88",cash
PAY-000124,INV-000124,02/09/2026,1196203.65,cash
PAY-000125,INV-000125,1731082523000,"948,722.78",transfer
PAY-000126,INV-000126,24/07/2026,NGN 112779.12,insurance
PAY-000127,INV-000127,1782367436000,"4,676.25",insurance
PAY-000128,INV-000128,1785204731000,"NGN464,675.02",insurance
PAY-000129,INV-000129,30/06/2025,92577.08,transfer
PAY-000131,INV-000131,11/11/2024,"NGN583,288.67",transfer
PAY-000132,INV-000132,2025-04-23 06:21:11,NGN 62234.33,insurance
PAY-000134,INV-000134,14/02/2026,"NGN6,595.64",CASH
PAY-000135,INV-000135,1758499117000,"848,248.39",cash
PAY-000136,INV-000136,22/12/2025,"2,365.00",card
PAY-000138,INV-000138,09/04/2026,274272.38,transfer
PAY-000139,INV-000139,14/07/2025,93067.49,insurance
PAY-000140,INV-000140,12/02/2026,"NGN1,086,412.79",insurance
PAY-000141,INV-000141,2026-06-26 08:10:40,NGN 1329659.74,cash
PAY-000142,INV-000142,04/11/2024,"NGN754,867.96",insurance
PAY-000143,INV-000143,25/09/2026,"63,736.75",TRANSFER
PAY-000145,INV-000145,23/04/2026,NGN 130005.14,CASH
PAY-000146,INV-000146,13/10/2024,NGN 379676.40,transfer
PAY-000147,INV-000147,11/02/2026,NGN 145696.60,card
PAY-000148,INV-000148,2024-12-06 06:11:05,NGN 1838765.62,insurance
PAY-000149,INV-000149,1785384173000,NGN 96387.07,insurance
PAY-000150,INV-000150,24/04/2025,"NGN28,152.16",TRANSFER
PAY-000151,INV-000151,1773454305000,234486.96,insurance
PAY-000152,INV-000152,2025-06-18 11:00:20,"1,261,202.07",transfer
PAY-000154,INV-000154,2026-07-21 20:09:57,NGN 327130.66,credit
PAY-000157,INV-000157,01/01/2026,NGN 1333855.82,credit
PAY-000158,INV-000158,13/02/2025,"NGN216,323.82",cash
PAY-000159,INV-000159,2024-12-19 19:01:56,"NGN188,174.21",card
PAY-000160,INV-000160,1728993692000,66357.01,transfer
PAY-000161,INV-000161,2025-10-04 04:27:47,224868.91,TRANSFER
PAY-000162,INV-000162,2025-07-13 14:52:56,NGN 773465.69,transfer
PAY-000163,INV-000163,2024-11-03 21:41:43,"NGN10,669.38",cash
PAY-000164,INV-000164,1752403038000,"NGN917,914.24",transfer
PAY-000165,INV-000165,2025-12-12 09:03:55,"204,157.78",insurance
PAY-000167,INV-000167,1756107153000,"NGN6,966.00",credit
PAY-000169,INV-000169,19/11/2025,48100.18,TRANSFER
PAY-000170,INV-000170,1787092968000,38728.87,CASH
PAY-000171,INV-000171,20/04/2025,2624.95,cash
PAY-000172,INV-000172,2024-10-30 00:34:47,NGN 377835.58,transfer
PAY-000173,INV-000173,14/02/2025,NGN 132234.94,CASH
PAY-000175,INV-000175,2026-07-27 08:16:37,"NGN21,474.95",card
PAY-000176,INV-000176,2025-05-20 01:39:12,174494.69,cash
PAY-000177,INV-000177,1767953260000,"50,768.09",CASH
PAY-000178,INV-000178,11/08/2026,"2,200,808.75",TRANSFER
PAY-000179,INV-000179,1778380830000,"NGN701,576.80",transfer
PAY-000180,INV-000180,17/02/2026,NGN 791887.05,card
PAY-000181,INV-000181,2026-07-02 04:32:11,NGN 3612.00,insurance
PAY-000182,INV-000182,2025-02-24 09:01:32,622212.80,card
PAY-000183,INV-000183,1755013451000,"780,308.51",insurance
PAY-000184,INV-000184,2025-05-09 12:23:46,"8,385.00",transfer
PAY-000185,INV-000185,1780547954000,"357,511.99",credit
PAY-000186,INV-000186,06/09/2025,"81,614.31",transfer
PAY-000189,INV-000189,2025-08-21 13:38:45,"132,690.16",TRANSFER
PAY-000190,INV-000190,19/02/2026,NGN 498595.92,insurance
PAY-000191,INV-000191,23/04/2026,"NGN125,450.92",TRANSFER
PAY-000192,INV-000192,09/06/2025,NGN 129208.16,credit
PAY-000195,INV-000195,20/03/2025,"NGN319,567.73",transfer
PAY-000196,INV-000196,1778789944000,NGN 338810.97,card
PAY-000197,INV-000197,2025-04-19 06:47:59,"689,858.16",card
PAY-000198,INV-000198,1740091510000,181255.24,cash
PAY-000199,INV-000199,19/11/2025,NGN 61990.71,TRANSFER
PAY-000202,INV-000202,2025-02-07 09:12:43,"NGN417,129.27",insurance
PAY-000203,INV-000203,18/05/2025,"NGN899,171.95",TRANSFER
PAY-000204,INV-000204,1750338459000,NGN 30865.72,cash
PAY-000205,INV-000205,2024-11-16 08:05:38,"NGN635,251.03",credit
PAY-000206,INV-000206,26/11/2025,"NGN52,663.00",TRANSFER
PAY-000208,INV-000208,2024-10-29 09:25:48,42128.37,card
PAY-000209,INV-000209,2025-06-30 15:19:51,554583.80,cash
PAY-000210,INV-000210,14/06/2026,"5,041.75",CASH
PAY-000212,INV-000212,2025-10-13 08:06:10,216490.17,credit
PAY-000213,INV-000213,29/08/2026,"435,617.52",insurance
PAY-000217,INV-000217,18/11/2024,NGN 593044.54,transfer
PAY-000220,INV-000220,2025-03-26 01:24:33,"245,445.17",transfer
PAY-000221,INV-000221,1787560014000,"NGN425,721.56",credit
PAY-000222,INV-000222,2025-12-28 16:24:46,"NGN181,435.38",CASH
PAY-000223,INV-000223,01/10/2025,274697.68,transfer
PAY-000224,INV-000224,2026-07-30 05:43:30,"NGN487,289.21",CASH
PAY-000225,INV-000225,1746123273000,161366.51,TRANSFER
PAY-000226,INV-000226,2025-11-25 00:43:46,NGN 1132552.57,transfer
PAY-000227,INV-000227,2026-03-17 01:59:43,NGN 1256028.52,insurance
PAY-000228,INV-000228,2024-11-28 02:24:34,673983.25,CASH
PAY-000229,INV-000229,16/07/2026,"447,846.51",insurance
PAY-000230,INV-000230,11/03/2025,43890.53,TRANSFER
PAY-000232,INV-000232,2024-10-17 20:44:58,895307.80,credit
PAY-000233,INV-000233,31/08/2025,NGN 16850.62,credit
PAY-000234,INV-000234,1755969192000,"NGN177,311.40",card
PAY-000235,INV-000235,04/09/2025,"NGN451,586.50",TRANSFER
PAY-000236,INV-000236,2026-08-12 22:54:45,"NGN394,304.32",insurance
PAY-000237,INV-000237,19/10/2025,2956.25,card
PAY-000238,INV-000238,03/02/2025,NGN 1575461.23,transfer
PAY-000240,INV-000240,2025-01-24 05:07:18,"NGN639,393.16",transfer
PAY-000241,INV-000241,1785560083000,"1,407,477.75",insurance
PAY-000243,INV-000243,15/05/2025,819244.06,cash
PAY-000245,INV-000245,1786593393000,"NGN45,182.25",CASH
PAY-000246,INV-000246,1736977038000,NGN 4289.25,CASH
PAY-000247,INV-000247,2025-02-02 03:41:05,"NGN1,558.75",cash
PAY-000248,INV-000248,24/02/2026,"NGN155,649.36",TRANSFER
PAY-000249,INV-000249,2025-03-19 23:09:26,NGN 17852.89,CASH
PAY-000250,INV-000250,12/11/2025,NGN 380961.37,credit
PAY-000251,INV-000251,1744116629000,"NGN285,783.40",card
PAY-000253,INV-000253,04/12/2024,"NGN717,030.71",transfer
PAY-000254,INV-000254,1777621643000,"340,515.51",credit
PAY-000255,INV-000255,2026-04-29 07:29:07,NGN 525318.45,card
PAY-000256,INV-000256,1772279080000,10400.62,transfer
PAY-000257,INV-000257,2026-07-05 09:11:28,"NGN885,130.21",cash
PAY-000259,INV-000259,08/12/2025,"NGN635,666.30",TRANSFER
PAY-000261,INV-000261,26/01/2026,NGN 559569.74,cash
PAY-000263,INV-000263,2025-05-06 13:06:13,154156.00,card
PAY-000264,INV-000264,05/08/2026,"7,659.38",insurance
PAY-000265,INV-000265,2026-02-07 02:11:17,NGN 815740.65,transfer
PAY-000266,INV-000266,10/03/2025,"NGN383,492.65",credit
PAY-000267,INV-000267,1740830624000,51841.88,CASH
PAY-000268,INV-000268,06/07/2026,1365504.92,CASH
PAY-000269,INV-000269,08/11/2024,"418,565.20",transfer
PAY-000271,INV-000271,2026-02-07 21:48:47,46226.83,transfer
PAY-000272,INV-000272,1787644107000,499532.31,card
PAY-000274,INV-000274,2026-05-21 05:42:59,220947.90,insurance
PAY-000275,INV-000275,13/05/2025,NGN 47223.27,insurance
PAY-000276,INV-000276,2025-06-06 09:29:08,NGN 15087.62,transfer
PAY-000277,INV-000277,13/03/2026,"6,073.75",cash
PAY-000279,INV-000279,2026-08-12 08:45:52,NGN 232207.80,credit
PAY-000280,INV-000280,1773410314000,175838.09,transfer
PAY-000281,INV-000281,24/12/2025,NGN 357764.32,card
PAY-000282,INV-000282,2025-12-15 01:40:49,"312,374.89",transfer
PAY-000284,INV-000284,1737862908000,NGN 1669904.29,card
PAY-000286,INV-000286,1744861215000,"NGN9,137.50",card
PAY-000288,INV-000288,1762756110000,43924.81,insurance
PAY-000289,INV-000289,12/01/2025,"2,487,894.63",card
PAY-000290,INV-000290,2026-08-11 12:49:38,"209,260.59",CASH
PAY-000291,INV-000291,04/06/2026,"700,458.07",card
PAY-000292,INV-000292,12/04/2025,52005.86,transfer
PAY-000293,INV-000293,2026-08-13 04:24:42,"131,417.62",transfer
PAY-000294,INV-000294,1757988513000,769618.43,transfer
PAY-000298,INV-000298,1757740047000,1047030.17,cash
PAY-000300,INV-000300,2026-06-08 13:24:54,346772.45,transfer
PAY-000302,INV-000302,21/06/2025,429639.45,card
PAY-000303,INV-000303,1769873625000,"NGN398,690.97",transfer
PAY-000304,INV-000304,1741175048000,NGN 865171.14,cash
PAY-000305,INV-000305,25/07/2026,NGN 250227.03,credit
PAY-000306,INV-000306,2026-05-12 10:55:22,NGN 838763.76,transfer
PAY-000307,INV-000307,1758091655000,"NGN20,027.25",card
PAY-000310,INV-000310,2026-02-15 22:46:43,"NGN580,700.52",insurance
PAY-000312,INV-000312,18/01/2026,"163,880.15",card
PAY-000313,INV-000313,1785978211000,NGN 1265119.78,card
PAY-000314,INV-000314,1784494394000,649784.45,cash
PAY-000315,INV-000315,2026-05-28 04:49:24,"NGN1,053,922.40",credit
PAY-000316,INV-000316,1785502378000,"36,546.47",card
PAY-000317,INV-000317,2026-04-02 02:57:35,"NGN291,043.60",cash
PAY-000318,INV-000318,2026-08-09 01:03:00,"694,408.70",CASH
PAY-000319,INV-000319,13/08/2025,"44,148.58",TRANSFER
PAY-000320,INV-000320,2026-02-24 00:45:32,NGN 164764.97,CASH
PAY-000322,INV-000322,07/02/2026,613718.54,insurance
PAY-000323,INV-000323,22/02/2026,696537.69,CASH
PAY-000324,INV-000324,2026-08-20 16:36:09,"1,799,193.52",card
PAY-000325,INV-000325,05/06/2025,18651.25,TRANSFER
PAY-000326,INV-000326,1778065247000,NGN 179195.66,TRANSFER
PAY-000327,INV-000327,1754762909000,"NGN325,072.34",insurance
PAY-000328,INV-000328,2025-09-09 05:34:07,219814.56,CASH
PAY-000329,INV-000329,14/08/2025,NGN 60146.25,cash
PAY-000330,INV-000330,1791714201000,"NGN851,150.02",card
PAY-000331,INV-000331,01/05/2025,"37,720.05",cash
PAY-000333,INV-000333,2025-11-27 18:35:31,"287,290.94",CASH
PAY-000334,INV-000334,15/02/2025,"NGN191,036.09",cash
PAY-000335,INV-000335,1785721232000,NGN 42513.60,cash
PAY-000338,INV-000338,15/06/2025,NGN 544380.23,credit
PAY-000339,INV-000339,2025-02-12 17:00:05,1031875.25,transfer
PAY-000340,INV-000340,2026-01-03 03:49:17,"421,170.62",insurance
PAY-000342,INV-000342,1770513500000,"1,705,138.96",card
PAY-000343,INV-000343,1775475178000,"NGN4,087.79",CASH
PAY-000344,INV-000344,1764028536000,NGN 20315.91,insurance
PAY-000345,INV-000345,1769502894000,5267.50,cash
PAY-000346,INV-000346,1730611164000,435497.95,card
PAY-000348,INV-000348,08/12/2025,"11,690.62",transfer
PAY-000349,INV-000349,1756414643000,NGN 1062872.28,credit
PAY-000350,INV-000350,12/08/2025,267006.48,cash
PAY-000351,INV-000351,10/11/2025,1059614.22,insurance
PAY-000352,INV-000352,12/04/2025,"NGN890,311.35",CASH
PAY-000353,INV-000353,1734643593000,246795.31,credit
PAY-000354,INV-000354,1748100583000,1032712.99,cash
PAY-000355,INV-000355,2025-06-05 06:36:28,"NGN706,817.69",CASH
PAY-000356,INV-000356,25/09/2026,"NGN672,285.05",insurance
PAY-000357,INV-000357,1788273107000,NGN 301541.00,transfer
PAY-000358,INV-000358,2025-06-08 13:48:07,"NGN71,325.68",insurance
PAY-000359,INV-000359,02/01/2025,361590.56,cash
PAY-000360,INV-000360,2025-07-19 01:26:06,31734.00,CASH
PAY-000361,INV-000361,30/07/2025,"NGN48,505.04",card
PAY-000363,INV-000363,2026-06-04 03:01:54,308586.10,card
PAY-000364,INV-000364,2025-04-07 22:59:37,"267,029.25",TRANSFER
PAY-000365,INV-000365,2026-04-23 21:21:19,NGN 811452.18,TRANSFER
PAY-000367,INV-000367,1737935069000,"NGN22,037.50",credit
PAY-000368,INV-000368,2025-09-19 11:59:59,194872.61,CASH
PAY-000369,INV-000369,2025-05-06 07:17:15,NGN 7041.25,card
PAY-000370,INV-000370,1743353462000,NGN 160098.76,credit
PAY-000371,INV-000371,1769077942000,"225,420.26",credit
PAY-000373,INV-000373,1745883223000,"177,561.85",card
PAY-000374,INV-000374,12/05/2026,"946,102.57",transfer
PAY-000375,INV-000375,05/09/2026,"NGN1,397,071.67",card
PAY-000376,INV-000376,06/12/2025,162126.87,insurance
PAY-000377,INV-000377,2025-09-29 07:53:35,"NGN759,218.21",insurance
PAY-000378,INV-000378,2026-05-26 03:49:23,NGN 1093404.79,TRANSFER
PAY-000379,INV-000379,08/01/2025,NGN 93170.22,TRANSFER
PAY-000380,INV-000380,2025-05-11 10:13:11,"NGN75,762.88",credit
PAY-000381,INV-000381,2025-07-24 02:23:00,"85,295.88",card
PAY-000382,INV-000382,1748069100000,424124.68,transfer
PAY-000384,INV-000384,12/05/2026,NGN 1303420.56,TRANSFER
PAY-000385,INV-000385,13/12/2024,"496,213.90",transfer
PAY-000386,INV-000386,10/09/2026,80216.50,TRANSFER
PAY-000387,INV-000387,2025-08-26 10:16:43,"196,478.19",TRANSFER
PAY-000388,INV-000388,31/01/2025,"1,470,180.21",transfer
PAY-000389,INV-000389,21/09/2026,"256,945.58",card
PAY-000390,INV-000390,06/06/2025,"306,416.57",cash
PAY-000391,INV-000391,2025-06-21 20:28:48,997087.84,CASH
PAY-000392,INV-000392,1782081831000,NGN 260455.61,card
PAY-000393,INV-000393,2025-10-18 18:19:27,NGN 251593.44,TRANSFER
PAY-000394,INV-000394,1730556740000,269421.42,CASH
PAY-000395,INV-000395,24/01/2025,NGN 905252.96,TRANSFER
PAY-000396,INV-000396,2025-12-03 17:54:55,"300,724.22",cash
PAY-000397,INV-000397,05/04/2026,177986.59,transfer
PAY-000398,INV-000398,1790491626000,"NGN39,018.84",insurance
PAY-000399,INV-000399,1787465269000,"NGN92,884.44",transfer
PAY-000400,INV-000400,30/06/2025,"412,900.15",insurance
PAY-000401,INV-000401,1749159395000,414375.57,transfer
PAY-000403,INV-000403,19/11/2024,NGN 103769.75,TRANSFER
PAY-000404,INV-000404,1757332812000,NGN 412316.21,CASH
PAY-000405,INV-000405,1788289087000,NGN 607265.72,CASH
PAY-000406,INV-000406,10/11/2025,"571,070.21",cash
PAY-000407,INV-000407,2026-06-23 12:40:33,NGN 647480.19,TRANSFER
PAY-000409,INV-000409,1790376424000,NGN 14215.43,CASH
PAY-000410,INV-000410,2025-02-06 06:56:19,"NGN341,496.12",transfer
PAY-000411,INV-000411,2024-12-30 07:53:50,"NGN403,439.16",insurance
PAY-000412,INV-000412,10/09/2026,"17,307.50",credit
PAY-000415,INV-000415,21/02/2026,"NGN261,275.12",TRANSFER
PAY-000416,INV-000416,1773908837000,NGN 712127.61,transfer
PAY-000417,INV-000417,1747066258000,NGN 579169.69,TRANSFER
PAY-000418,INV-000418,30/06/2025,"634,604.60",insurance
PAY-000419,INV-000419,07/05/2026,"125,885.12",insurance
PAY-000420,INV-000420,14/12/2025,"3,870.00",cash
PAY-000421,INV-000421,12/01/2025,"780,607.84",card
PAY-000422,INV-000422,2024-10-15 23:28:41,"581,467.54",cash
PAY-000423,INV-000423,05/10/2025,NGN 21446.25,insurance
PAY-000425,INV-000425,11/02/2026,"3,047.62",CASH
PAY-000426,INV-000426,1772850862000,"32,795.75",card
PAY-000427,INV-000427,1758899320000,NGN 1043695.76,insurance
PAY-000429,INV-000429,2025-08-06 18:48:57,"NGN72,604.53",CASH
PAY-000430,INV-000430,16/05/2026,NGN 313154.28,insurance
PAY-000431,INV-000431,31/01/2025,82524.46,insurance
PAY-000432,INV-000432,1737823124000,148790.85,credit
PAY-000433,INV-000433,2026-04-15 05:16:19,NGN 7256.25,card
PAY-000434,INV-000434,25/07/2026,"10,121.12",TRANSFER
PAY-000436,INV-000436,2025-09-25 19:55:18,"151,836.68",cash
PAY-000437,INV-000437,19/12/2024,NGN 890420.98,credit
PAY-000438,INV-000438,1739722143000,"NGN157,152.56",CASH
PAY-000439,INV-000439,2025-01-14 19:01:22,NGN 275248.76,transfer
PAY-000440,INV-000440,1767430384000,1277140.46,CASH
PAY-000441,INV-000441,2026-08-17 12:50:34,"NGN133,963.42",TRANSFER
PAY-000442,INV-000442,1740678376000,NGN 814477.67,insurance
PAY-000443,INV-000443,2026-01-01 07:59:01,NGN 8811.10,transfer
PAY-000444,INV-000444,2025-05-13 21:49:33,NGN 344854.59,cash
PAY-000445,INV-000445,1732411816000,473417.64,transfer
PAY-000446,INV-000446,05/12/2024,"NGN220,323.83",CASH
PAY-000448,INV-000448,1776792814000,231619.50,transfer
PAY-000449,INV-000449,2025-07-21 23:07:16,78122.51,TRANSFER
PAY-000450,INV-000450,10/10/2025,"NGN1,402,506.63",CASH
PAY-000451,INV-000451,2025-09-05 20:03:41,"23,835.24",card
PAY-000453,INV-000453,1756003895000,130391.18,credit
PAY-000454,INV-000454,1750876705000,"28,272.50",credit
PAY-000455,INV-000455,2025-09-26 01:26:13,"551,585.66",transfer
PAY-000457,INV-000457,2026-04-05 23:36:14,"420,640.64",transfer
PAY-000458,INV-000458,1740615403000,"28,408.53",TRANSFER
PAY-000460,INV-000460,2024-11-30 10:51:23,223073.35,TRANSFER
PAY-000463,INV-000463,23/12/2025,NGN 678971.54,TRANSFER
PAY-000464,INV-000464,1770362321000,"NGN1,176,703.66",transfer
PAY-000465,INV-000465,1763648197000,286350.33,CASH
PAY-000466,INV-000466,2025-01-11 05:55:22,24864.75,TRANSFER
PAY-000467,INV-000467,25/12/2025,"NGN198,399.49",CASH
PAY-000468,INV-000468,31/08/2026,NGN 106956.79,cash
PAY-000469,INV-000469,1781657607000,"2,069.38",cash
PAY-000470,INV-000470,1728572674000,NGN 13491.25,CASH
PAY-000472,INV-000472,2025-09-14 05:58:51,NGN 572140.11,TRANSFER
PAY-000473,INV-000473,2025-07-20 23:43:17,"717,889.83",card
PAY-000474,INV-000474,1753758253000,NGN 18140.62,CASH
PAY-000475,INV-000475,2025-07-22 08:05:46,"NGN812,550.60",CASH
PAY-000476,INV-000476,02/05/2026,"46,802.54",cash
PAY-000477,INV-000477,1769389413000,48458.36,card
PAY-000478,INV-000478,25/04/2025,316766.79,credit
PAY-000479,INV-000479,12/05/2026,232498.65,cash
PAY-000480,INV-000480,16/05/2026,"NGN11,502.50",CASH
PAY-000482,INV-000482,1744508513000,NGN 28057.50,TRANSFER
PAY-000483,INV-000483,05/09/2026,NGN 181111.59,credit
PAY-000484,INV-000484,1759594716000,"NGN602,508.42",credit
PAY-000485,INV-000485,1736362347000,NGN 14599.32,cash
PAY-000486,INV-000486,2025-03-14 08:17:40,NGN 1167465.60,card
PAY-000487,INV-000487,2025-10-06 23:34:30,"438,530.26",CASH
PAY-000488,INV-000488,15/05/2025,NGN 1935.00,insurance
PAY-000490,INV-000490,02/06/2026,NGN 151429.22,CASH
PAY-000491,INV-000491,2026-02-01 16:19:07,"NGN61,813.35",card
PAY-000494,INV-000494,2025-02-10 08:54:45,"NGN488,280.63",CASH
PAY-000495,INV-000495,10/04/2026,NGN 1426156.37,card
PAY-000496,INV-000496,27/12/2025,719987.73,transfer
PAY-000497,INV-000497,1739759232000,"NGN347,862.91",TRANSFER
PAY-000498,INV-000498,01/05/2026,"10,884.38",transfer
PAY-000499,INV-000499,2026-06-19 07:33:32,"NGN185,198.45",credit
PAY-000500,INV-000500,1773002040000,"860,843.83",transfer
PAY-000501,INV-000501,19/04/2025,"2,517.59",CASH
PAY-000502,INV-000502,1771673385000,486398.24,CASH
PAY-000503,INV-000503,2025-09-08 20:09:00,"933,195.10",TRANSFER
PAY-000504,INV-000504,08/12/2025,"157,599.97",TRANSFER
PAY-000505,INV-000505,17/08/2025,NGN 1113761.71,TRANSFER
PAY-000507,INV-000507,08/10/2024,135020.84,transfer
PAY-000508,INV-000508,2025-10-13 23:04:47,"NGN137,385.00",card
PAY-000509,INV-000509,2025-11-26 07:08:48,NGN 157477.28,cash
PAY-000510,INV-000510,1756411331000,NGN 598002.72,CASH
PAY-000511,INV-000511,2025-10-03 18:11:57,"7,175.62",CASH
PAY-000512,INV-000512,12/06/2025,647980.99,credit
PAY-000513,INV-000513,2026-09-23 06:03:52,"145,596.88",credit
PAY-000514,INV-000514,2025-08-30 00:50:48,384758.45,credit
PAY-000515,INV-000515,06/05/2025,NGN 3870.00,CASH
PAY-000516,INV-000516,26/09/2026,"NGN629,648.95",transfer
PAY-000517,INV-000517,1728039136000,"NGN158,159.24",card
PAY-000518,INV-000518,1728667495000,"576,555.57",credit
PAY-000520,INV-000520,1790946243000,"NGN334,759.33",cash
PAY-000521,INV-000521,2025-10-24 06:43:45,280996.89,insurance
PAY-000522,INV-000522,1729405565000,NGN 136539.87,card
PAY-000523,INV-000523,2025-04-18 04:02:02,"187,897.98",CASH
PAY-000524,INV-000524,1736337802000,NGN 1102850.84,CASH
PAY-000525,INV-000525,2026-08-24 16:53:53,NGN 1105641.34,TRANSFER
PAY-000526,INV-000526,13/11/2024,321183.18,cash
PAY-000528,INV-000528,23/07/2025,"364,208.92",insurance
PAY-000529,INV-000529,26/04/2026,963574.37,cash
PAY-000532,INV-000532,1765291200000,NGN 458972.88,TRANSFER
PAY-000533,INV-000533,2026-04-07 15:58:27,NGN 444837.84,transfer
PAY-000534,INV-000534,07/02/2026,"NGN46,194.09",CASH
PAY-000535,INV-000535,1789269128000,"653,859.65",cash
PAY-000536,INV-000536,25/11/2025,"114,491.65",CASH
PAY-000537,INV-000537,08/08/2026,NGN 207590.49,insurance
PAY-000538,INV-000538,1727906632000,333202.47,transfer
PAY-000539,INV-000539,1763976627000,"NGN143,094.69",card
PAY-000540,INV-000540,26/12/2024,NGN 15748.75,CASH
PAY-000541,INV-000541,06/08/2026,"109,234.42",CASH
PAY-000543,INV-000543,1744721605000,"NGN129,632.80",credit
PAY-000544,INV-000544,2025-11-16 19:40:29,"NGN190,352.45",cash
PAY-000545,INV-000545,2026-08-20 14:46:14,8390.38,cash
PAY-000546,INV-000546,25/12/2024,"82,769.23",insurance
PAY-000547,INV-000547,1776949265000,"330,813.27",card
PAY-000548,INV-000548,1787709381000,"NGN18,810.94",TRANSFER
PAY-000550,INV-000550,25/11/2025,7336.88,TRANSFER
PAY-000551,INV-000551,2025-03-16 20:49:41,299223.70,TRANSFER
PAY-000553,INV-000553,2025-01-22 06:59:06,626234.03,cash
PAY-000554,INV-000554,25/06/2026,NGN 245716.61,insurance
PAY-000555,INV-000555,2026-06-10 01:50:36,"438,771.94",CASH
PAY-000556,INV-000556,2025-11-12 12:53:38,"613,750.38",card
PAY-000557,INV-000557,1765724962000,NGN 1307226.93,insurance
PAY-000559,INV-000559,1738216729000,9675.00,insurance
PAY-000560,INV-000560,1781201024000,693751.60,transfer
PAY-000561,INV-000561,27/01/2025,744016.39,TRANSFER
PAY-000562,INV-000562,2025-10-06 07:23:32,"367,255.85",TRANSFER
PAY-000563,INV-000563,21/08/2025,"NGN59,845.94",card
PAY-000564,INV-000564,1771724272000,"NGN9,513.75",transfer
PAY-000565,INV-000565,2026-02-11 02:31:56,"741,245.35",cash
PAY-000567,INV-000567,1749201600000,NGN 6847.75,CASH
PAY-000568,INV-000568,2025-11-14 18:54:37,205084.92,credit
PAY-000571,INV-000571,2025-11-14 20:26:22,NGN 1139462.59,cash
PAY-000572,INV-000572,2024-12-30 02:19:27,NGN 890778.16,credit
PAY-000573,INV-000573,2025-09-08 05:20:04,NGN 802228.69,credit
PAY-000574,INV-000574,31/08/2025,"12,717.25",cash
PAY-000575,INV-000575,1745693874000,1093948.11,cash
PAY-000576,INV-000576,2025-02-21 16:07:52,"1,660,761.85",insurance
PAY-000577,INV-000577,1775634787000,"135,201.63",cash
PAY-000579,INV-000579,2026-09-23 06:02:59,1975247.53,credit
PAY-000580,INV-000580,07/09/2026,"NGN46,815.52",TRANSFER
PAY-000581,INV-000581,27/10/2025,"NGN216,273.75",TRANSFER
PAY-000582,INV-000582,15/02/2025,"NGN133,723.16",card
PAY-000583,INV-000583,1753148634000,NGN 146541.25,insurance
PAY-000584,INV-000584,03/04/2025,"1,168,054.69",TRANSFER
PAY-000585,INV-000585,1784584000000,344321.45,cash
PAY-000586,INV-000586,19/04/2025,"659,175.51",transfer
PAY-000587,INV-000587,2024-11-19 22:05:18,26990.57,credit
PAY-000588,INV-000588,2025-12-17 08:44:34,"81,952.86",cash
PAY-000590,INV-000590,2025-07-21 22:22:20,697239.77,TRANSFER
PAY-000591,INV-000591,1766943937000,NGN 79123.44,transfer
PAY-000592,INV-000592,2026-06-09 19:32:10,390639.00,cash
PAY-000593,INV-000593,26/01/2026,"NGN411,579.75",insurance
PAY-000594,INV-000594,2024-11-11 05:41:32,"7,336.88",cash
PAY-000595,INV-000595,2026-07-08 06:00:54,120430.93,insurance
PAY-000596,INV-000596,2025-11-18 01:41:19,NGN 847504.43,cash
PAY-000597,INV-000597,2025-09-04 02:45:50,"NGN1,005,555.52",transfer
PAY-000599,INV-000599,2024-11-12 02:10:34,873702.97,credit
PAY-000601,INV-000601,2025-11-15 05:57:56,"NGN1,648,232.74",credit
PAY-000602,INV-000602,2026-06-01 15:30:10,"2,875.14",CASH
PAY-000603,INV-000603,2025-04-29 18:00:39,11126.25,cash
PAY-000604,INV-000604,1753564381000,NGN 21016.25,TRANSFER
PAY-000605,INV-000605,2024-11-13 06:32:33,208738.33,CASH
PAY-000606,INV-000606,2026-02-08 03:36:28,NGN 566867.27,insurance
PAY-000607,INV-000607,1744817231000,NGN 1830394.21,credit
PAY-000608,INV-000608,1756114544000,"NGN39,205.25",cash
PAY-000609,INV-000609,14/12/2025,"73,606.86",CASH
PAY-000610,INV-000610,23/05/2025,"867,194.14",credit
PAY-000611,INV-000611,10/12/2024,"288,883.75",insurance
PAY-000612,INV-000612,1782241550000,"NGN86,028.92",CASH
PAY-000613,INV-000613,16/12/2025,"NGN412,321.44",insurance
PAY-000614,INV-000614,09/02/2025,4481.70,insurance
PAY-000615,INV-000615,2026-07-25 17:13:42,"NGN7,766.88",insurance
PAY-000617,INV-000617,1744964928000,NGN 573524.44,CASH
PAY-000618,INV-000618,1765043016000,"339,531.69",transfer
PAY-000619,INV-000619,2024-10-31 04:08:32,125011.56,TRANSFER
PAY-000620,INV-000620,1726996443000,605713.59,credit
PAY-000621,INV-000621,2025-11-01 09:06:06,"NGN622,407.01",cash
PAY-000622,INV-000622,2024-12-23 13:05:11,"304,334.75",CASH
PAY-000623,INV-000623,2026-03-17 13:53:28,453600.74,cash
PAY-000625,INV-000625,2024-10-14 01:15:52,1089620.82,credit
PAY-000626,INV-000626,29/12/2024,9288.00,transfer
PAY-000627,INV-000627,1771899597000,14512.50,insurance
PAY-000628,INV-000628,1771504099000,NGN 1257334.79,TRANSFER
PAY-000629,INV-000629,1753790626000,337905.25,insurance
PAY-000630,INV-000630,2026-02-20 04:46:39,"NGN237,904.95",card
PAY-000631,INV-000631,1751044102000,10449.00,transfer
PAY-000632,INV-000632,2026-02-12 00:42:43,"NGN54,012.38",cash
PAY-000635,INV-000635,2026-07-18 02:29:01,402748.48,TRANSFER
PAY-000636,INV-000636,2025-04-27 14:32:40,186932.38,CASH
PAY-000638,INV-000638,07/06/2026,"34,636.50",cash
PAY-000640,INV-000640,2025-09-16 08:16:36,NGN 195703.51,transfer
PAY-000641,INV-000641,12/02/2026,166002.84,insurance
PAY-000642,INV-000642,1741691014000,NGN 1117004.16,TRANSFER
PAY-000643,INV-000643,25/03/2025,169984.84,transfer
PAY-000644,INV-000644,2026-07-25 14:59:48,"769,234.22",credit
PAY-000645,INV-000645,25/06/2025,"1,276,950.73",CASH
PAY-000646,INV-000646,1742291418000,"101,141.53",TRANSFER
PAY-000647,INV-000647,05/03/2026,"NGN358,318.64",insurance
PAY-000648,INV-000648,09/05/2026,"564,496.85",card
PAY-000649,INV-000649,20/10/2024,"NGN802,239.92",TRANSFER
PAY-000650,INV-000650,18/07/2025,"NGN562,499.04",card
PAY-000651,INV-000651,2026-09-18 01:14:44,"275,337.12",card
PAY-000652,INV-000652,29/12/2024,647804.54,credit
PAY-000654,INV-000654,1742472766000,"494,373.17",cash
PAY-000655,INV-000655,2024-10-09 13:26:31,"1,772,338.10",cash
PAY-000656,INV-000656,12/02/2025,164556.87,insurance
PAY-000658,INV-000658,1757831713000,NGN 121479.05,cash
PAY-000659,INV-000659,2026-04-21 03:09:28,NGN 11223.00,credit
PAY-000661,INV-000661,19/06/2026,"222,859.18",credit
PAY-000663,INV-000663,2025-03-27 10:15:08,"865,547.06",card
PAY-000664,INV-000664,1781236862000,1100148.79,TRANSFER
PAY-000665,INV-000665,18/01/2025,"301,237.21",TRANSFER
PAY-000666,INV-000666,14/07/2026,"NGN595,338.59",transfer
PAY-000667,INV-000667,1738940179000,"NGN5,563.12",insurance
PAY-000668,INV-000668,1736669289000,14899.50,insurance
PAY-000669,INV-000669,27/10/2025,"NGN26,237.02",credit
PAY-000670,INV-000670,2026-08-28 02:40:43,NGN 17945.23,TRANSFER
PAY-000671,INV-000671,28/06/2026,"NGN8,868.75",transfer
PAY-000672,INV-000672,2026-03-23 04:38:10,"546,103.64",credit
PAY-000674,INV-000674,25/05/2025,212967.80,cash
PAY-000675,INV-000675,1758997314000,"893,505.04",TRANSFER
PAY-000676,INV-000676,1764027215000,"19,403.75",transfer
PAY-000677,INV-000677,1789465281000,"NGN154,082.82",cash
PAY-000678,INV-000678,07/04/2026,"NGN303,213.65",CASH
PAY-000680,INV-000680,2024-10-22 22:30:13,NGN 63627.97,insurance
PAY-000682,INV-000682,17/11/2024,NGN 304573.46,CASH
PAY-000683,INV-000683,1771445393000,"862,807.51",insurance
PAY-000684,INV-000684,12/08/2025,620954.32,cash
PAY-000686,INV-000686,19/03/2025,"NGN96,500.37",credit
PAY-000687,INV-000687,2025-09-13 14:08:50,"NGN54,448.75",cash
PAY-000688,INV-000688,2025-10-03 12:25:48,"NGN1,356,202.68",insurance
PAY-000689,INV-000689,08/05/2026,"NGN350,137.06",transfer
PAY-000690,INV-000690,01/02/2026,"262,719.23",TRANSFER
PAY-000693,INV-000693,2026-09-28 11:44:17,NGN 62717.90,CASH
PAY-000694,INV-000694,06/12/2024,"246,724.81",CASH
PAY-000695,INV-000695,1770428608000,NGN 17173.12,credit
PAY-000696,INV-000696,1775828497000,"NGN543,954.28",transfer
PAY-000697,INV-000697,2026-04-11 14:26:48,NGN 442913.93,cash
PAY-000699,INV-000699,1730824181000,40657.56,card
PAY-000702,INV-000702,2025-01-09 15:47:07,"428,712.27",insurance
PAY-000704,INV-000704,2026-06-02 12:57:32,"98,912.89",transfer
PAY-000706,INV-000706,24/07/2026,"315,125.81",card
PAY-000707,INV-000707,01/10/2024,"236,828.39",cash
PAY-000708,INV-000708,2025-05-02 02:32:09,"NGN17,630.00",transfer
PAY-000709,INV-000709,1761474372000,"449,791.04",CASH
PAY-000711,INV-000711,1789235812000,NGN 7551.88,TRANSFER
PAY-000713,INV-000713,16/01/2025,"372,738.45",credit
PAY-000714,INV-000714,2025-03-14 07:17:56,"447,027.45",transfer
PAY-000715,INV-000715,2026-08-10 20:47:34,"249,137.08",insurance
PAY-000717,INV-000717,1730261026000,33940.98,transfer
PAY-000718,INV-000718,28/08/2025,"NGN28,735.57",transfer
PAY-000719,INV-000719,02/07/2026,"NGN27,331.88",CASH
PAY-000720,INV-000720,20/01/2026,"452,245.62",CASH
PAY-000724,INV-000724,1767582267000,"1,238,259.46",insurance
PAY-000725,INV-000725,2026-02-13 13:29:24,510838.67,CASH
PAY-000726,INV-000726,1744915485000,629723.09,insurance
PAY-000727,INV-000727,06/11/2024,196778.19,transfer
PAY-000728,INV-000728,06/06/2026,NGN 462927.04,CASH
PAY-000729,INV-000729,27/06/2026,NGN 136528.60,transfer
PAY-000730,INV-000730,1732541130000,142764.39,TRANSFER
PAY-000731,INV-000731,06/03/2026,"NGN294,133.85",insurance
PAY-000732,INV-000732,1755752072000,"NGN1,402,340.64",card
PAY-000733,INV-000733,1786703714000,"NGN216,116.40",credit
PAY-000735,INV-000735,2024-09-28 20:38:18,NGN 23459.19,CASH
PAY-000737,INV-000737,2026-02-25 14:23:46,"4,174.10",cash
PAY-000739,INV-000739,18/07/2026,"3,632.69",transfer
PAY-000740,INV-000740,1766099027000,84716.18,insurance
PAY-000741,INV-000741,13/07/2025,"NGN2,230.62",transfer
PAY-000743,INV-000743,01/07/2026,6691.88,CASH
PAY-000744,INV-000744,1788226966000,"325,004.50",CASH
PAY-000745,INV-000745,1758283048000,"603,217.32",TRANSFER
PAY-000746,INV-000746,1761919638000,"NGN92,875.69",transfer
PAY-000747,INV-000747,28/01/2025,"NGN328,696.68",CASH
PAY-000748,INV-000748,1780921492000,"NGN1,112,742.47",TRANSFER
PAY-000749,INV-000749,1732396475000,"NGN1,104,624.66",TRANSFER
PAY-000751,INV-000751,2024-12-08 20:12:57,"452,784.43",card
PAY-000752,INV-000752,1770980346000,"22,236.38",credit
PAY-000755,INV-000755,1733089210000,"NGN674,128.53",credit
PAY-000756,INV-000756,05/10/2025,"NGN298,291.37",cash
PAY-000758,INV-000758,1768721658000,1393.59,credit
PAY-000759,INV-000759,2026-02-01 20:13:11,613657.65,transfer
PAY-000760,INV-000760,1755954891000,NGN 665242.28,CASH
PAY-000761,INV-000761,2025-04-24 23:44:41,NGN 847317.09,insurance
PAY-000762,INV-000762,2025-08-06 17:56:32,NGN 7114.38,TRANSFER
PAY-000763,INV-000763,1777114011000,"NGN588,619.13",transfer
PAY-000764,INV-000764,1773758116000,"9,513.75",transfer
PAY-000765,INV-000765,1746703338000,"NGN250,538.74",cash
PAY-000766,INV-000766,2026-06-18 10:57:37,"397,394.01",CASH
PAY-000768,INV-000768,1751558537000,NGN 96614.32,card
PAY-000769,INV-000769,2025-02-17 11:09:04,1843.62,cash
PAY-000771,INV-000771,2024-12-07 00:44:09,"NGN1,524,953.00",cash
PAY-000772,INV-000772,1768423551000,"NGN244,437.12",transfer
PAY-000773,INV-000773,2024-10-30 14:13:19,157524.23,credit
PAY-000774,INV-000774,23/03/2025,"3,861.03",transfer
PAY-000775,INV-000775,2026-01-06 18:17:31,"114,112.78",TRANSFER
PAY-000776,INV-000776,05/01/2026,639260.79,insurance
PAY-000778,INV-000778,23/05/2026,"20,994.75",card
PAY-000779,INV-000779,08/06/2025,504036.03,card
PAY-000780,INV-000780,2026-01-31 11:04:15,"NGN3,466.88",card
PAY-000782,INV-000782,2026-01-08 08:51:19,974846.18,TRANSFER
PAY-000783,INV-000783,1737231393000,452030.81,insurance
PAY-000784,INV-000784,1773057565000,NGN 217576.05,insurance
PAY-000785,INV-000785,1779326526000,"NGN548,685.58",cash
PAY-000787,INV-000787,1781911448000,"NGN721,904.43",card
PAY-000788,INV-000788,11/02/2026,"NGN540,118.37",insurance
PAY-000789,INV-000789,04/02/2025,"NGN918,589.59",CASH
PAY-000790,INV-000790,19/08/2026,NGN 681783.33,transfer
PAY-000791,INV-000791,2025-12-07 08:34:04,"58,912.18",cash
PAY-000793,INV-000793,1776746089000,234642.84,TRANSFER
PAY-000794,INV-000794,1739811352000,1413075.81,cash
PAY-000795,INV-000795,2025-02-26 21:42:19,"241,432.33",TRANSFER
PAY-000796,INV-000796,2025-11-19 15:02:07,"NGN180,111.40",CASH
PAY-000797,INV-000797,2026-03-13 03:14:03,"201,857.54",transfer
PAY-000798,INV-000798,07/07/2025,NGN 859209.95,card
PAY-000799,INV-000799,2025-06-11 03:26:29,792.93,cash
PAY-000800,INV-000800,2026-05-14 08:22:25,"210,926.16",CASH
PAY-000802,INV-000802,17/04/2025,2408.00,TRANSFER
PAY-000803,INV-000803,2025-04-02 14:41:58,"NGN21,365.62",card
PAY-000805,INV-000805,2024-10-15 23:08:05,"NGN1,502,641.29",transfer
PAY-000808,INV-000808,2024-12-28 11:32:10,100039.50,credit
PAY-000811,INV-000811,1789241049000,NGN 125797.99,cash
PAY-000812,INV-000812,2024-11-15 01:16:36,"113,707.16",TRANSFER
PAY-000813,INV-000813,27/07/2026,73046.25,credit
PAY-000814,INV-000814,15/06/2026,504643.42,cash
PAY-000815,INV-000815,19/12/2024,1014418.64,card
PAY-000819,INV-000819,1745068112000,"1,571,162.12",TRANSFER
PAY-000820,INV-000820,2025-04-24 14:18:27,"246,933.60",CASH
PAY-000823,INV-000823,12/05/2026,820958.29,credit
PAY-000825,INV-000825,2025-05-17 11:21:22,54710.40,cash
PAY-000826,INV-000826,05/04/2025,82976.30,CASH
PAY-000827,INV-000827,31/12/2025,"NGN269,469.63",CASH
PAY-000828,INV-000828,2026-03-06 14:17:27,1339962.06,card
PAY-000831,INV-000831,2025-03-18 22:06:43,"179,273.75",credit
PAY-000832,INV-000832,2025-01-24 02:25:55,NGN 1435695.51,credit
PAY-000833,INV-000833,1733155786000,295764.75,cash
PAY-000834,INV-000834,1773475621000,"NGN318,498.83",card
PAY-000835,INV-000835,2026-07-10 19:20:22,NGN 1926977.39,insurance
PAY-000836,INV-000836,1763646238000,"4,778.38",insurance
PAY-000838,INV-000838,1751660058000,91586.65,card
PAY-000839,INV-000839,1730797973000,NGN 525038.82,insurance
PAY-000840,INV-000840,1773660267000,"724,889.78",transfer
PAY-000841,INV-000841,2025-06-30 23:57:31,374078.00,cash
PAY-000844,INV-000844,20/01/2026,"NGN156,813.32",transfer
PAY-000845,INV-000845,2024-11-28 04:10:54,1129055.52,insurance
PAY-000846,INV-000846,13/12/2025,"15,426.25",transfer
PAY-000848,INV-000848,06/11/2025,NGN 776494.16,CASH
PAY-000849,INV-000849,2025-05-17 08:44:14,"NGN141,960.19",CASH
PAY-000852,INV-000852,1788243264000,NGN 563838.11,cash
PAY-000854,INV-000854,17/02/2025,"175,679.57",TRANSFER
PAY-000855,INV-000855,1744296705000,"178,442.58",transfer
PAY-000857,INV-000857,1762391957000,"NGN184,137.95",insurance
PAY-000858,INV-000858,1769260247000,7498.12,credit
PAY-000859,INV-000859,30/04/2026,NGN 2075258.23,card
PAY-000861,INV-000861,1759475857000,1211003.92,transfer
PAY-000862,INV-000862,2025-06-27 15:11:37,"NGN293,262.42",insurance
PAY-000863,INV-000863,1753376616000,NGN 268276.44,TRANSFER
PAY-000864,INV-000864,1733733195000,46611.75,TRANSFER
PAY-000865,INV-000865,1745751991000,"NGN15,363.32",cash
PAY-000866,INV-000866,09/02/2026,1190374.03,card
PAY-000867,INV-000867,1782706908000,"230,812.71",credit
PAY-000868,INV-000868,2026-08-31 08:40:31,NGN 127885.58,TRANSFER
PAY-000869,INV-000869,06/01/2026,368566.36,credit
PAY-000870,INV-000870,2026-02-11 17:43:18,10615.62,credit
PAY-000871,INV-000871,2026-10-16 22:16:44,"562,572.59",insurance
PAY-000872,INV-000872,01/08/2026,NGN 20559.38,transfer
PAY-000873,INV-000873,2026-03-20 17:21:08,NGN 7353.00,card
PAY-000874,INV-000874,2026-07-06 05:12:16,239342.16,CASH
PAY-000875,INV-000875,13/12/2025,"331,079.30",transfer
PAY-000876,INV-000876,12/06/2026,145446.85,insurance
PAY-000877,INV-000877,2025-04-23 09:30:54,"21,348.47",CASH
PAY-000879,INV-000879,1748929503000,NGN 292011.93,CASH
PAY-000880,INV-000880,1759844186000,NGN 747855.14,credit
PAY-000881,INV-000881,2025-10-31 16:10:09,"NGN8,030.25",credit
PAY-000882,INV-000882,2025-07-11 02:55:45,"454,061.70",card
PAY-000883,INV-000883,1759641085000,"NGN1,807,364.53",transfer
PAY-000885,INV-000885,18/12/2025,"27,170.62",TRANSFER
PAY-000886,INV-000886,2025-01-25 02:32:04,"5,106.25",insurance
PAY-000888,INV-000888,19/10/2024,"12,577.50",transfer
PAY-000889,INV-000889,14/07/2025,166997.13,transfer
PAY-000890,INV-000890,08/04/2025,NGN 971813.94,credit
PAY-000891,INV-000891,1765738928000,NGN 257738.72,transfer
PAY-000892,INV-000892,1728633825000,NGN 255118.44,cash
PAY-000893,INV-000893,1757211185000,"NGN8,804.25",insurance
PAY-000894,INV-000894,01/07/2026,36736.74,card
PAY-000897,INV-000897,2025-04-28 21:14:49,NGN 1063538.61,insurance
PAY-000898,INV-000898,1788686891000,"NGN416,416.43",TRANSFER
PAY-000899,INV-000899,10/10/2025,"NGN276,308.72",cash
PAY-000900,INV-000900,1729490825000,291695.46,card
PAY-000901,INV-000901,1767891169000,"516,237.17",insurance
PAY-000902,INV-000902,1775209989000,7716.23,TRANSFER
PAY-000903,INV-000903,1767445405000,"NGN513,799.29",CASH
PAY-000904,INV-000904,30/04/2025,NGN 19296.25,transfer
PAY-000905,INV-000905,2025-02-21 01:53:14,"1,999.61",transfer
PAY-000906,INV-000906,1779909640000,290245.38,insurance
PAY-000907,INV-000907,2025-03-11 19:24:32,945500.93,CASH
PAY-000908,INV-000908,1734441823000,"NGN38,219.90",transfer
PAY-000909,INV-000909,19/12/2025,NGN 120493.26,credit
PAY-000910,INV-000910,05/03/2025,NGN 413320.42,CASH
PAY-000911,INV-000911,2026-09-01 18:00:03,1485819.31,transfer
PAY-000912,INV-000912,2025-12-21 05:30:53,"1,027,001.87",card
PAY-000913,INV-000913,18/05/2026,NGN 49838.80,credit
PAY-000914,INV-000914,18/04/2025,"230,452.18",TRANSFER
PAY-000915,INV-000915,1782520659000,"NGN358,098.95",cash
PAY-000916,INV-000916,2025-12-12 20:37:32,"NGN378,498.52",insurance
PAY-000917,INV-000917,17/08/2026,"11,368.12",TRANSFER
PAY-000919,INV-000919,26/08/2025,"816,241.92",transfer
PAY-000922,INV-000922,2025-02-01 09:29:12,NGN 422410.64,TRANSFER
PAY-000923,INV-000923,1745213123000,NGN 216303.93,card
PAY-000925,INV-000925,2025-04-11 06:17:13,"265,302.05",credit
PAY-000926,INV-000926,10/07/2025,45069.05,TRANSFER
PAY-000928,INV-000928,2025-08-09 02:37:47,NGN 614560.01,insurance
PAY-000929,INV-000929,09/09/2026,2342.64,cash
PAY-000930,INV-000930,1740637409000,NGN 241123.12,cash
PAY-000931,INV-000931,1727320297000,242146.11,TRANSFER
PAY-000932,INV-000932,2025-04-15 16:46:43,"NGN93,409.11",cash
PAY-000933,INV-000933,16/01/2025,1429.75,CASH
PAY-000934,INV-000934,31/05/2025,"NGN621,245.91",card
PAY-000935,INV-000935,2025-10-03 18:27:04,"19,144.95",insurance
PAY-000936,INV-000936,1786325812000,"1,707.01",transfer
PAY-000937,INV-000937,1782960550000,"NGN8,438.75",transfer
PAY-000938,INV-000938,1735526290000,"NGN1,123,894.05",insurance
PAY-000940,INV-000940,2025-01-28 12:42:08,"NGN1,730.75",card
PAY-000941,INV-000941,1782481676000,"NGN118,545.75",cash
PAY-000942,INV-000942,03/09/2026,"11,374.11",credit
PAY-000943,INV-000943,01/05/2026,"NGN616,049.61",insurance
PAY-000945,INV-000945,01/04/2025,862972.84,CASH
PAY-000946,INV-000946,04/01/2026,NGN 595593.39,card
PAY-000947,INV-000947,2024-12-01 04:51:32,1462058.64,card
PAY-000948,INV-000948,14/01/2026,"1,147,022.13",credit
PAY-000949,INV-000949,1767096708000,"15,392.04",cash
PAY-000950,INV-000950,2026-01-25 01:32:35,69821.25,cash
PAY-000951,INV-000951,26/11/2024,"NGN29,425.35",card
PAY-000952,INV-000952,23/05/2025,583010.59,transfer
PAY-000956,INV-000956,2024-10-29 15:30:19,NGN 22252.50,cash
PAY-000957,INV-000957,2026-01-21 11:34:12,NGN 27493.12,CASH
PAY-000958,INV-000958,01/08/2025,"NGN239,842.07",card
PAY-000959,INV-000959,1766548506000,NGN 387695.23,card
PAY-000960,INV-000960,28/04/2025,"NGN102,829.12",CASH
PAY-000961,INV-000961,2025-08-14 16:32:36,"NGN1,679,509.53",cash
PAY-000964,INV-000964,1774326189000,1083842.55,TRANSFER
PAY-000965,INV-000965,2025-12-03 09:19:08,1338059.99,insurance
PAY-000969,INV-000969,08/11/2025,NGN 107454.19,transfer
PAY-000970,INV-000970,27/04/2025,"NGN15,372.50",TRANSFER
PAY-000971,INV-000971,1756704102000,NGN 539656.55,TRANSFER
PAY-000972,INV-000972,2025-06-07 03:46:42,"NGN227,436.73",credit
PAY-000973,INV-000973,2026-01-05 15:43:09,361862.34,transfer
PAY-000974,INV-000974,30/07/2026,434009.07,TRANSFER
PAY-000975,INV-000975,10/10/2025,NGN 432667.91,TRANSFER
PAY-000976,INV-000976,20/05/2025,"NGN241,574.32",TRANSFER
PAY-000977,INV-000977,1767657405000,"709,365.92",card
PAY-000978,INV-000978,1778658997000,"NGN98,077.46",transfer
PAY-000979,INV-000979,1761952672000,NGN 853987.58,cash
PAY-000981,INV-000981,2024-12-29 19:56:56,NGN 19833.75,cash
PAY-000982,INV-000982,1778669492000,NGN 6772.50,transfer
PAY-000983,INV-000983,10/03/2025,"NGN4,676.25",transfer
PAY-000984,INV-000984,24/01/2025,NGN 1956.50,cash
PAY-000985,INV-000985,2025-10-12 05:44:33,923874.63,cash
PAY-000987,INV-000987,2025-05-16 23:34:23,502132.28,CASH
PAY-000989,INV-000989,11/12/2024,NGN 914988.31,insurance
PAY-000990,INV-000990,2026-07-13 20:24:51,NGN 26538.02,insurance
PAY-000992,INV-000992,1759023566000,3251.06,card
PAY-000993,INV-000993,03/02/2026,592112.15,credit
PAY-000994,INV-000994,1750462131000,113257.38,CASH
PAY-000995,INV-000995,2024-12-10 16:53:52,NGN 1283579.53,credit
PAY-000996,INV-000996,13/02/2025,17495.62,transfer
PAY-000998,INV-000998,28/05/2026,NGN 330983.70,cash
PAY-001000,INV-001000,1731818230000,"313,300.41",card
PAY-001001,INV-001001,30/07/2026,"5,912.50",cash
PAY-001002,INV-001002,06/11/2024,"619,752.54",TRANSFER
PAY-001003,INV-001003,04/03/2026,NGN 229112.10,TRANSFER
PAY-001005,INV-001005,1751802163000,184395.95,card
PAY-001006,INV-001006,10/06/2026,"159,813.36",insurance
PAY-001007,INV-001007,22/03/2025,"21,231.25",insurance
PAY-001009,INV-001009,2025-03-21 08:07:12,"467,307.17",insurance
PAY-001010,INV-001010,12/03/2025,772347.58,cash
PAY-001011,INV-001011,2026-05-27 11:48:51,17006.50,credit
PAY-001012,INV-001012,22/05/2026,NGN 279552.30,TRANSFER
PAY-001014,INV-001014,10/07/2026,"NGN184,600.37",transfer
PAY-001015,INV-001015,05/04/2025,NGN 439929.11,credit
PAY-001016,INV-001016,2026-07-01 18:09:55,640191.99,cash
PAY-001018,INV-001018,08/06/2025,NGN 319547.38,cash
PAY-001020,INV-001020,04/08/2026,NGN 4273.12,CASH
PAY-001021,INV-001021,09/11/2025,"1,281,412.22",credit
PAY-001022,INV-001022,27/03/2025,NGN 14749.00,credit
PAY-001025,INV-001025,30/03/2025,"330,440.82",cash
PAY-001028,INV-001028,1753766269000,NGN 619589.90,transfer
PAY-001029,INV-001029,2026-07-23 06:07:47,"510,057.52",TRANSFER
PAY-001032,INV-001032,2026-02-21 05:28:10,"NGN208,749.29",TRANSFER
PAY-001033,INV-001033,2026-02-04 00:18:44,"340,559.48",CASH
PAY-001034,INV-001034,2026-03-14 00:03:12,"556,897.46",CASH
PAY-001035,INV-001035,18/01/2025,NGN 4891.25,transfer
PAY-001036,INV-001036,1788513489000,"NGN200,418.15",TRANSFER
PAY-001037,INV-001037,1778096900000,NGN 44229.17,transfer
PAY-001038,INV-001038,08/09/2025,528437.67,TRANSFER
PAY-001039,INV-001039,2025-07-27 06:36:34,1242111.32,credit
PAY-001041,INV-001041,07/12/2025,"NGN665,909.78",card
PAY-001042,INV-001042,31/08/2025,"NGN1,218,328.32",TRANSFER
PAY-001043,INV-001043,2025-02-11 17:51:49,3144.38,CASH
PAY-001044,INV-001044,2025-02-09 04:36:42,NGN 1015701.53,transfer
PAY-001045,INV-001045,1780657457000,"NGN3,063.75",credit
PAY-001047,INV-001047,1765433466000,NGN 266943.37,TRANSFER
PAY-001048,INV-001048,1789525785000,88591.06,transfer
PAY-001049,INV-001049,1744507789000,NGN 197679.43,CASH
PAY-001050,INV-001050,2024-12-01 01:38:42,NGN 51828.38,CASH
PAY-001051,INV-001051,2025-07-30 14:16:42,"NGN1,400,109.43",insurance
PAY-001054,INV-001054,16/07/2026,NGN 980160.85,transfer
PAY-001055,INV-001055,2024-12-06 12:08:01,"NGN375,206.97",CASH
PAY-001056,INV-001056,2025-04-11 15:23:11,"6,450.00",cash
PAY-001057,INV-001057,2025-06-19 10:04:39,NGN 639082.29,TRANSFER
PAY-001058,INV-001058,1733652826000,"675,464.47",credit
PAY-001059,INV-001059,1765298338000,486861.33,card
PAY-001062,INV-001062,02/04/2025,4913.53,insurance
PAY-001063,INV-001063,06/09/2026,740791.41,transfer
PAY-001064,INV-001064,1730934211000,"NGN16,801.91",TRANSFER
PAY-001065,INV-001065,1734443131000,"NGN11,453.80",credit
PAY-001066,INV-001066,01/09/2025,NGN 2821.88,CASH
PAY-001067,INV-001067,02/09/2025,"NGN391,750.86",TRANSFER
PAY-001068,INV-001068,2025-10-31 11:40:22,NGN 573959.84,cash
PAY-001071,INV-001071,1734522337000,NGN 113256.45,card
PAY-001072,INV-001072,19/09/2026,"128,970.38",CASH
PAY-001073,INV-001073,1786883215000,11606.15,credit
PAY-001074,INV-001074,1741294060000,"NGN16,737.75",CASH
PAY-001075,INV-001075,1769885899000,NGN 587850.20,transfer
PAY-001076,INV-001076,2025-12-13 01:45:25,"1,188,212.27",TRANSFER
PAY-001077,INV-001077,1765953184000,NGN 12964.50,insurance
PAY-001078,INV-001078,1781726099000,"288,297.20",CASH
PAY-001080,INV-001080,2025-07-30 19:08:18,"191,701.18",insurance
PAY-001082,INV-001082,2025-12-23 07:31:31,"702,800.52",cash
PAY-001083,INV-001083,1765352012000,3655.00,CASH
PAY-001084,INV-001084,16/04/2026,5509.38,transfer
PAY-001085,INV-001085,2024-12-02 11:36:01,NGN 3628.12,transfer
PAY-001086,INV-001086,1743094999000,5858.75,transfer
PAY-001087,INV-001087,1759904678000,NGN 39828.75,card
PAY-001088,INV-001088,16/02/2025,NGN 1237265.05,cash
PAY-001090,INV-001090,2025-05-31 12:44:37,"337,187.82",CASH
PAY-001091,INV-001091,21/05/2026,NGN 11686.12,cash
PAY-001092,INV-001092,1778633130000,NGN 342133.94,credit
PAY-001096,INV-001096,03/04/2025,NGN 96705.22,cash
PAY-001097,INV-001097,30/09/2026,"NGN8,030.25",credit
PAY-001098,INV-001098,1782722680000,NGN 818038.98,transfer
PAY-001099,INV-001099,2026-05-12 22:26:38,"NGN428,249.76",transfer
PAY-001100,INV-001100,04/07/2025,"NGN125,314.00",card
PAY-001101,INV-001101,2025-05-22 18:14:46,NGN 546423.46,credit
PAY-001102,INV-001102,2026-08-04 09:29:48,"NGN154,164.29",transfer
PAY-001103,INV-001103,2026-07-21 12:54:37,"634,643.73",card
PAY-001104,INV-001104,1763477119000,350353.64,CASH
PAY-001105,INV-001105,12/01/2025,NGN 16798.05,card
PAY-001106,INV-001106,2025-09-15 21:08:04,"NGN571,461.33",TRANSFER
PAY-001108,INV-001108,2024-11-18 11:05:17,NGN 196788.21,CASH
PAY-001109,INV-001109,1773013057000,"339,270.01",credit
PAY-001110,INV-001110,2024-12-24 20:19:44,NGN 143419.80,transfer
PAY-001112,INV-001112,2025-12-23 03:23:06,580728.95,insurance
PAY-001113,INV-001113,1785795983000,NGN 86979.31,cash
PAY-001114,INV-001114,25/10/2024,"19,156.50",CASH
PAY-001115,INV-001115,25/04/2026,NGN 291399.79,TRANSFER
PAY-001116,INV-001116,2026-04-23 01:53:06,228316.46,card
PAY-001117,INV-001117,20/04/2025,173683.92,transfer
PAY-001118,INV-001118,2025-12-12 19:59:56,"NGN652,121.80",cash
PAY-001121,INV-001121,1774684108000,NGN 13884.99,insurance
PAY-001122,INV-001122,1769651599000,"NGN99,596.26",transfer
PAY-001124,INV-001124,01/02/2025,"34,917.88",cash
PAY-001125,INV-001125,19/11/2025,NGN 8008.75,card
PAY-001126,INV-001126,1760912469000,1241231.08,insurance
PAY-001128,INV-001128,2025-07-22 05:21:28,"NGN3,311.00",transfer
PAY-001129,INV-001129,2025-10-08 15:28:16,116144.93,insurance
PAY-001131,INV-001131,1771335957000,663979.84,CASH
PAY-001133,INV-001133,1775438412000,"815,152.32",transfer
PAY-001134,INV-001134,1739520103000,"313,117.89",insurance
PAY-001135,INV-001135,26/10/2025,NGN 1307639.71,CASH
PAY-001136,INV-001136,31/03/2025,"78,222.98",cash
PAY-001137,INV-001137,10/07/2026,"546,671.77",TRANSFER
PAY-001139,INV-001139,1731959870000,NGN 9836.25,transfer
PAY-001140,INV-001140,1788163795000,NGN 1758.48,CASH
PAY-001142,INV-001142,03/02/2025,11513.25,insurance
PAY-001143,INV-001143,2025-03-27 09:40:20,"NGN178,697.25",cash
PAY-001144,INV-001144,2024-10-28 03:39:19,"NGN20,102.50",cash
PAY-001145,INV-001145,1781792729000,"17,630.00",CASH
PAY-001146,INV-001146,19/02/2026,"12,470.00",insurance
PAY-001147,INV-001147,02/10/2025,"11,636.88",insurance
PAY-001148,INV-001148,18/03/2026,"NGN1,078,364.61",TRANSFER
PAY-001149,INV-001149,2025-11-11 07:52:13,1727.07,credit
PAY-001150,INV-001150,2025-06-15 06:08:51,"48,384.70",credit
PAY-001151,INV-001151,2026-08-20 06:14:29,"256,023.97",cash
PAY-001152,INV-001152,2026-04-06 00:31:26,NGN 683590.51,transfer
PAY-001154,INV-001154,03/09/2026,"NGN56,792.25",credit
PAY-001156,INV-001156,01/05/2026,"NGN671,571.76",transfer
PAY-001157,INV-001157,2025-02-02 06:38:56,"NGN898,407.88",TRANSFER
PAY-001163,INV-001163,1736021487000,"151,644.22",credit
PAY-001164,INV-001164,1752900693000,"590,797.90",credit
PAY-001165,INV-001165,1741199319000,"406,315.97",CASH
PAY-001166,INV-001166,1752498037000,"1,134,887.16",insurance
PAY-001167,INV-001167,2025-04-19 03:39:27,"NGN153,115.84",credit
PAY-001168,INV-001168,2025-06-01 05:02:00,NGN 1145781.74,transfer
PAY-001169,INV-001169,1760371878000,4273.12,transfer
PAY-001170,INV-001170,2026-09-13 17:28:15,NGN 625840.95,card
PAY-001171,INV-001171,04/06/2025,NGN 418339.11,transfer
PAY-001173,INV-001173,19/06/2025,184547.27,transfer
PAY-001174,INV-001174,2025-08-25 22:21:51,"895,260.14",TRANSFER
PAY-001176,INV-001176,1758705687000,6847.75,card
PAY-001177,INV-001177,18/11/2025,1027161.17,credit
PAY-001178,INV-001178,2024-11-26 11:02:51,"NGN564,945.85",transfer
PAY-001181,INV-001181,1786958655000,"NGN4,816.00",credit
PAY-001182,INV-001182,2026-09-08 11:44:19,"NGN1,464,641.22",credit
PAY-001183,INV-001183,2025-04-28 00:42:37,"NGN400,054.12",transfer
PAY-001184,INV-001184,2026-03-17 12:14:02,"NGN15,372.50",card
PAY-001185,INV-001185,1774990897000,"5,154.62",card
PAY-001186,INV-001186,2026-06-04 22:16:30,191948.32,cash
PAY-001187,INV-001187,2025-06-28 04:45:41,NGN 1411623.06,TRANSFER
PAY-001188,INV-001188,1756178761000,NGN 370773.96,insurance
PAY-001189,INV-001189,2026-04-23 21:00:59,"581,119.55",card
PAY-001190,INV-001190,1746222210000,"NGN763,596.19",transfer
PAY-001191,INV-001191,2025-08-29 12:07:36,2365.00,card
PAY-001193,INV-001193,1742009680000,NGN 1001782.50,cash
PAY-001194,INV-001194,1741154479000,275439.76,transfer
PAY-001195,INV-001195,1776785908000,"NGN490,779.82",CASH
PAY-001196,INV-001196,17/03/2026,NGN 467689.79,insurance
PAY-001197,INV-001197,06/09/2026,"NGN1,071,745.08",insurance
PAY-001199,INV-001199,1747014784000,NGN 625675.41,CASH
PAY-001200,INV-001200,1779890637000,NGN 50041.25,card
PAY-001201,INV-001201,1728418986000,NGN 377334.67,TRANSFER
PAY-001203,INV-001203,2026-04-04 21:33:48,"216,398.93",transfer
PAY-001204,INV-001204,2025-08-27 03:37:04,NGN 11126.25,cash
PAY-001205,INV-001205,1757040991000,NGN 464513.17,credit
PAY-001207,INV-001207,09/07/2025,"NGN5,267.50",transfer
PAY-001208,INV-001208,20/08/2026,NGN 140148.37,TRANSFER
PAY-001209,INV-001209,1729219111000,"10,803.75",credit
PAY-001210,INV-001210,2025-03-16 06:01:58,"NGN11,889.50",cash
PAY-001211,INV-001211,13/09/2025,16447.50,credit
PAY-001212,INV-001212,22/09/2024,NGN 489139.49,cash
PAY-001213,INV-001213,2026-04-06 10:40:52,53290.46,cash
PAY-001215,INV-001215,1780785669000,NGN 631812.45,credit
PAY-001216,INV-001216,08/01/2025,"NGN736,056.99",cash
PAY-001217,INV-001217,17/06/2025,"NGN929,014.06",card
PAY-001218,INV-001218,1783746033000,"1,183,518.03",card
PAY-001219,INV-001219,2025-06-16 10:15:07,"310,547.60",TRANSFER
PAY-001222,INV-001222,1749806196000,NGN 11024.12,CASH
PAY-001223,INV-001223,2025-07-09 15:49:32,"NGN161,660.99",cash
PAY-001224,INV-001224,2025-09-04 14:27:24,"NGN4,751.06",CASH
PAY-001225,INV-001225,2025-01-14 20:35:48,768317.63,transfer
PAY-001226,INV-001226,1754245910000,"1,172,883.21",CASH
PAY-001228,INV-001228,1784808208000,354967.10,transfer
PAY-001229,INV-001229,2025-12-02 17:42:52,NGN 209659.06,credit
PAY-001230,INV-001230,15/03/2026,"NGN520,077.41",transfer
PAY-001232,INV-001232,26/06/2025,NGN 153818.54,card
PAY-001233,INV-001233,1790806712000,NGN 573470.39,transfer
PAY-001234,INV-001234,2026-06-22 16:23:33,805461.91,credit
PAY-001235,INV-001235,1732395513000,493283.63,TRANSFER
PAY-001236,INV-001236,2024-12-28 02:48:17,NGN 881342.32,cash
PAY-001237,INV-001237,2026-03-04 19:19:53,NGN 983537.18,insurance
PAY-001238,INV-001238,1744412287000,290185.65,transfer
PAY-001239,INV-001239,1773042810000,598303.17,cash
PAY-001240,INV-001240,1760614686000,NGN 756654.58,insurance
PAY-001241,INV-001241,1742897622000,"NGN797,094.50",insurance
PAY-001242,INV-001242,18/01/2026,NGN 1778291.11,CASH
PAY-001243,INV-001243,15/07/2025,"3,001.16",insurance
PAY-001244,INV-001244,2026-02-25 09:16:54,"84,898.12",insurance
PAY-001246,INV-001246,2026-07-12 10:46:45,"270,459.22",insurance
PAY-001249,INV-001249,2025-01-28 08:09:55,"NGN791,851.41",card
PAY-001250,INV-001250,1727523988000,"209,882.90",card
PAY-001251,INV-001251,27/01/2025,"1,266,049.88",CASH
PAY-001252,INV-001252,1777762715000,"NGN1,024,381.81",credit
PAY-001253,INV-001253,1772620583000,NGN 2633.75,CASH
PAY-001256,INV-001256,2026-05-18 13:46:00,1241233.15,cash
PAY-001257,INV-001257,28/07/2025,"NGN391,849.06",credit
PAY-001258,INV-001258,1782528383000,NGN 99974.34,TRANSFER
PAY-001259,INV-001259,1739393566000,"NGN582,523.79",credit
PAY-001260,INV-001260,07/02/2025,NGN 51928.70,CASH
PAY-001261,INV-001261,14/04/2026,NGN 312963.92,CASH
PAY-001262,INV-001262,1734660956000,10803.75,CASH
PAY-001263,INV-001263,14/05/2025,NGN 32217.75,cash
PAY-001264,INV-001264,2025-10-11 11:53:55,NGN 135718.47,card
PAY-001268,INV-001268,2026-01-18 20:34:35,44428.87,CASH
PAY-001269,INV-001269,1786518025000,363456.77,cash
PAY-001270,INV-001270,2025-08-01 05:49:06,986565.17,transfer
PAY-001271,INV-001271,11/12/2025,"61,540.96",cash
PAY-001272,INV-001272,2025-02-25 04:44:21,NGN 390386.82,card
PAY-001273,INV-001273,1765771436000,"NGN366,200.81",TRANSFER
PAY-001274,INV-001274,2025-05-10 10:47:45,"NGN22,727.15",card
PAY-001276,INV-001276,1789155211000,"237,307.82",insurance
PAY-001278,INV-001278,03/08/2025,"NGN256,386.03",cash
PAY-001279,INV-001279,16/08/2026,265244.40,card
PAY-001281,INV-001281,07/01/2025,153243.87,card
PAY-001284,INV-001284,1777459014000,"NGN368,237.86",card
PAY-001286,INV-001286,2025-06-09 12:14:06,NGN 2079280.54,insurance
PAY-001289,INV-001289,2025-09-18 03:25:35,"NGN20,385.99",cash
PAY-001290,INV-001290,14/01/2026,2126.27,insurance
PAY-001291,INV-001291,13/08/2026,"222,293.29",card
PAY-001292,INV-001292,2025-06-28 22:10:45,"681,781.26",CASH
PAY-001293,INV-001293,2025-05-31 15:14:18,NGN 93990.67,insurance
PAY-001294,INV-001294,08/06/2026,NGN 55914.60,transfer
PAY-001296,INV-001296,26/08/2026,"NGN3,950.62",insurance
PAY-001297,INV-001297,2025-10-16 15:04:25,171930.98,TRANSFER
PAY-001298,INV-001298,2026-04-05 08:17:29,NGN 831474.87,CASH
PAY-001299,INV-001299,2025-08-31 15:56:26,NGN 20586.25,TRANSFER
PAY-001300,INV-001300,2026-07-18 00:53:27,45433.20,CASH
PAY-001301,INV-001301,28/04/2025,NGN 846940.95,card
PAY-001302,INV-001302,1763344292000,"NGN863,213.81",CASH
PAY-001303,INV-001303,25/02/2025,"23,220.00",cash
PAY-001304,INV-001304,1735805561000,"NGN282,783.46",transfer
PAY-001306,INV-001306,1751129061000,"NGN656,229.22",cash
PAY-001307,INV-001307,2026-02-03 21:39:26,"NGN474,240.37",insurance
PAY-001308,INV-001308,2025-07-23 22:35:38,"46,278.35",cash
PAY-001309,INV-001309,1747438756000,NGN 60455.14,card
PAY-001310,INV-001310,2025-01-14 10:50:54,"NGN184,492.88",transfer
PAY-001313,INV-001313,1772655768000,693956.51,CASH
PAY-001314,INV-001314,1758425751000,NGN 269316.73,CASH
PAY-001315,INV-001315,08/08/2025,8330.58,credit
PAY-001316,INV-001316,1733781131000,NGN 1055077.83,transfer
PAY-001317,INV-001317,1748309962000,28057.50,TRANSFER
PAY-001318,INV-001318,05/12/2024,NGN 82350.24,credit
PAY-001319,INV-001319,2026-06-08 00:58:34,9997.50,card
PAY-001320,INV-001320,16/09/2025,187678.66,cash
PAY-001321,INV-001321,1743119875000,NGN 134268.94,insurance
PAY-001322,INV-001322,2026-09-07 13:42:35,"NGN96,907.05",cash
PAY-001323,INV-001323,1756927381000,473624.87,insurance
PAY-001324,INV-001324,1737744629000,"260,632.66",insurance
PAY-001327,INV-001327,31/05/2026,NGN 4124.19,cash
PAY-001328,INV-001328,29/03/2025,NGN 90245.62,transfer
PAY-001329,INV-001329,25/02/2026,"NGN22,897.50",transfer
PAY-001331,INV-001331,2026-03-25 03:51:09,"NGN41,239.88",transfer
PAY-001332,INV-001332,13/11/2025,"NGN190,620.99",CASH
PAY-001334,INV-001334,28/05/2025,"78,202.57",credit
PAY-001335,INV-001335,2026-06-27 11:28:10,"144,325.33",insurance
PAY-001336,INV-001336,21/06/2025,390603.83,transfer
PAY-001338,INV-001338,01/11/2025,"NGN1,363,357.78",cash
PAY-001339,INV-001339,2025-08-04 21:39:42,31605.00,cash
PAY-001340,INV-001340,2025-08-09 11:33:18,NGN 220128.37,insurance
PAY-001341,INV-001341,1769784304000,"1,163,433.77",cash
PAY-001343,INV-001343,14/10/2025,"273,869.64",CASH
PAY-001345,INV-001345,1729378792000,"NGN131,558.38",card
PAY-001346,INV-001346,13/06/2026,"327,764.78",cash
PAY-001347,INV-001347,1786408322000,"NGN55,111.09",card
PAY-001348,INV-001348,11/11/2024,1003716.76,transfer
PAY-001349,INV-001349,2025-08-02 03:53:14,NGN 534229.54,insurance
PAY-001350,INV-001350,23/12/2025,206869.45,cash
PAY-001351,INV-001351,15/04/2026,"8,465.62",card
PAY-001352,INV-001352,02/11/2024,"NGN199,353.13",insurance
PAY-001353,INV-001353,1777365578000,NGN 216856.78,TRANSFER
PAY-001354,INV-001354,1753575342000,2768.12,transfer
PAY-001356,INV-001356,22/02/2026,NGN 451303.68,credit
PAY-001357,INV-001357,1784684868000,"58,103.75",credit
PAY-001358,INV-001358,04/11/2024,NGN 2042.50,transfer
PAY-001359,INV-001359,2026-05-12 08:30:09,40636.83,insurance
PAY-001360,INV-001360,1759040142000,"NGN702,915.21",transfer
PAY-001361,INV-001361,04/08/2026,"739,205.53",insurance
PAY-001362,INV-001362,2026-01-27 23:23:54,323235.48,TRANSFER
PAY-001363,INV-001363,25/02/2026,"772,950.72",CASH
PAY-001364,INV-001364,2025-09-03 11:33:54,"595,492.05",insurance
PAY-001365,INV-001365,1767939608000,NGN 493968.18,insurance
PAY-001366,INV-001366,2025-03-13 07:57:02,998626.22,transfer
PAY-001367,INV-001367,1745606379000,"NGN1,164,955.12",credit
PAY-001368,INV-001368,30/04/2026,NGN 108613.66,TRANSFER
PAY-001370,INV-001370,07/05/2025,332963.82,credit
PAY-001371,INV-001371,1742471213000,"855,248.06",cash
PAY-001372,INV-001372,22/05/2025,279844.58,credit
PAY-001374,INV-001374,2026-09-25 07:46:59,NGN 188374.48,CASH
PAY-001375,INV-001375,1749656095000,"1,766,380.90",transfer
PAY-001376,INV-001376,08/08/2026,469452.71,insurance
PAY-001377,INV-001377,2025-05-08 07:59:30,15963.75,CASH
PAY-001378,INV-001378,1771010554000,"NGN189,298.06",CASH
PAY-001379,INV-001379,21/06/2026,"362,154.60",cash
PAY-001380,INV-001380,08/07/2026,554657.64,insurance
PAY-001381,INV-001381,2025-06-01 16:58:26,NGN 371733.26,credit
PAY-001382,INV-001382,2025-04-19 17:57:58,"147,301.66",insurance
PAY-001383,INV-001383,2026-06-09 08:50:50,NGN 75650.54,TRANSFER
PAY-001384,INV-001384,1780144047000,"NGN599,571.35",CASH
PAY-001385,INV-001385,17/01/2025,"117,459.69",TRANSFER
PAY-001386,INV-001386,02/04/2026,35339.16,insurance
PAY-001387,INV-001387,1780468193000,"NGN1,336,031.51",card
PAY-001388,INV-001388,1785368549000,950816.07,card
PAY-001389,INV-001389,19/12/2025,"NGN405,906.40",transfer
PAY-001390,INV-001390,24/05/2025,972551.38,card
PAY-001391,INV-001391,10/09/2026,"285,258.23",cash
PAY-001392,INV-001392,23/01/2026,NGN 4461.25,card
PAY-001394,INV-001394,1775711439000,"NGN65,625.90",insurance
PAY-001396,INV-001396,2026-08-02 16:45:48,"1,384,473.66",transfer
PAY-001397,INV-001397,1770548508000,"24,142.14",card
PAY-001398,INV-001398,1759052128000,"404,663.09",insurance
PAY-001400,INV-001400,15/05/2025,NGN 186676.16,TRANSFER
PAY-001401,INV-001401,22/09/2025,"NGN7,041.25",card
PAY-001402,INV-001402,2026-09-30 01:45:07,"NGN311,603.22",transfer
PAY-001403,INV-001403,2025-09-16 09:17:00,"599,916.63",cash
PAY-001404,INV-001404,20/12/2025,NGN 871935.65,CASH
PAY-001405,INV-001405,2025-12-19 07:40:51,475233.52,insurance
PAY-001407,INV-001407,1728422525000,NGN 35266.18,CASH
PAY-001408,INV-001408,16/04/2025,"7,981.88",transfer
PAY-001412,INV-001412,1779559723000,"389,374.72",cash
PAY-001413,INV-001413,27/05/2025,548184.02,transfer
PAY-001414,INV-001414,1746322497000,NGN 523437.53,insurance
PAY-001417,INV-001417,1730998456000,NGN 193309.45,insurance
PAY-001418,INV-001418,2026-05-25 16:50:36,109163.82,insurance
PAY-001419,INV-001419,2026-03-25 00:14:52,351743.56,cash
PAY-001420,INV-001420,2026-07-27 20:37:53,7256.25,insurance
PAY-001421,INV-001421,2025-07-06 18:23:06,"NGN991,728.79",CASH
PAY-001422,INV-001422,2024-12-31 03:13:14,NGN 467550.14,insurance
PAY-001424,INV-001424,2025-02-02 03:49:30,"191,464.65",transfer
PAY-001425,INV-001425,1731232403000,154880.62,insurance
PAY-001426,INV-001426,2026-03-02 11:17:52,"NGN465,682.08",cash
PAY-001427,INV-001427,1773815289000,"NGN658,162.17",transfer
PAY-001428,INV-001428,18/11/2025,NGN 601988.99,card
PAY-001431,INV-001431,1735670621000,"NGN616,506.55",TRANSFER
PAY-001432,INV-001432,26/08/2025,NGN 3493.75,cash
PAY-001434,INV-001434,19/02/2025,"466,329.43",insurance
PAY-001437,INV-001437,1750131733000,"NGN212,991.30",card
PAY-001438,INV-001438,08/06/2026,NGN 186029.30,cash
PAY-001439,INV-001439,26/05/2026,"NGN295,143.94",TRANSFER
PAY-001440,INV-001440,1788466945000,"156,613.51",CASH
PAY-001441,INV-001441,08/05/2026,"579,084.48",TRANSFER
PAY-001442,INV-001442,1781713399000,NGN 324060.83,insurance
PAY-001443,INV-001443,1728369316000,"498,317.37",cash
PAY-001444,INV-001444,2026-03-19 04:56:38,1542482.57,insurance
PAY-001446,INV-001446,1751298460000,"NGN544,125.32",card
PAY-001447,INV-001447,14/01/2026,NGN 655693.80,CASH
PAY-001449,INV-001449,1774533115000,NGN 66532.76,insurance
PAY-001451,INV-001451,31/05/2026,NGN 1479459.85,credit
PAY-001452,INV-001452,2026-08-18 05:18:57,NGN 2821.88,TRANSFER
PAY-001453,INV-001453,08/10/2025,NGN 60792.64,card
PAY-001454,INV-001454,1771494384000,20586.25,CASH
PAY-001455,INV-001455,03/08/2025,1534571.28,insurance
PAY-001459,INV-001459,1741126523000,189200.26,TRANSFER
PAY-001460,INV-001460,2024-12-27 23:52:04,616333.54,credit
PAY-001461,INV-001461,1776564956000,"NGN1,108,064.92",insurance
PAY-001462,INV-001462,2025-07-07 04:03:58,NGN 266725.20,transfer
PAY-001463,INV-001463,15/10/2025,NGN 267036.10,cash
PAY-001464,INV-001464,2024-12-23 22:41:32,"NGN3,837.75",cash
PAY-001465,INV-001465,23/06/2025,NGN 1148297.24,CASH
PAY-001466,INV-001466,07/12/2025,"NGN481,739.06",CASH
PAY-001467,INV-001467,1785518043000,"650,949.74",TRANSFER
PAY-001468,INV-001468,2026-02-26 06:42:31,NGN 855406.93,credit
PAY-001469,INV-001469,13/07/2025,"NGN518,335.54",transfer
PAY-001470,INV-001470,1743042113000,182662.07,credit
PAY-001472,INV-001472,1743668452000,"59,907.04",CASH
PAY-001474,INV-001474,2024-09-19 10:02:14,"NGN181,213.19",credit
PAY-001475,INV-001475,18/06/2025,"228,791.14",insurance
PAY-001476,INV-001476,09/09/2026,NGN 670081.35,credit
PAY-001477,INV-001477,2026-03-21 21:57:56,15883.12,TRANSFER
PAY-001478,INV-001478,04/06/2025,"107,260.44",cash
PAY-001479,INV-001479,1773793490000,"NGN282,058.44",TRANSFER
PAY-001480,INV-001480,2026-03-05 05:21:36,346485.48,insurance
PAY-001482,INV-001482,26/07/2026,NGN 179758.52,credit
PAY-001486,INV-001486,1750193387000,70063.12,credit
PAY-001488,INV-001488,1784676859000,"NGN2,426.74",insurance
PAY-001489,INV-001489,2026-08-18 18:58:03,NGN 3014.49,TRANSFER
PAY-001491,INV-001491,1756355881000,53309.25,credit
PAY-001492,INV-001492,1762951662000,1032712.87,insurance
PAY-001494,INV-001494,2025-10-22 19:18:37,653996.83,insurance
PAY-001495,INV-001495,07/03/2026,NGN 87701.36,cash
PAY-001496,INV-001496,02/10/2025,"17,092.50",CASH
PAY-001497,INV-001497,2026-08-05 01:59:25,NGN 139063.51,card
PAY-001498,INV-001498,1755909729000,NGN 146933.02,card
PAY-001500,INV-001500,20/09/2026,NGN 38527.11,credit
PAY-001503,INV-001503,1756776023000,"759,635.24",insurance
PAY-001505,INV-001505,1782995134000,NGN 47425.42,credit
PAY-001508,INV-001508,28/11/2025,"1,047,049.43",credit
PAY-001509,INV-001509,2025-05-31 07:49:56,722492.22,TRANSFER
PAY-001512,INV-001512,18/04/2025,"NGN156,504.86",cash
PAY-001514,INV-001514,1737988217000,"404,949.05",credit
PAY-001515,INV-001515,11/06/2025,NGN 360922.64,card
PAY-001516,INV-001516,2026-09-25 10:52:10,"NGN953,729.96",cash
PAY-001517,INV-001517,1783409871000,"17,705.25",insurance
PAY-001518,INV-001518,1732166480000,"NGN521,079.34",TRANSFER
PAY-001519,INV-001519,20/08/2026,NGN 326381.23,TRANSFER
PAY-001520,INV-001520,05/01/2026,"812,375.26",card
PAY-001522,INV-001522,2024-11-24 05:06:03,"27,949.34",transfer
PAY-001523,INV-001523,1743708905000,"NGN1,348,424.61",insurance
PAY-001524,INV-001524,2025-01-19 16:47:14,"71,293.51",insurance
PAY-001525,INV-001525,28/09/2025,"NGN733,594.89",transfer
PAY-001526,INV-001526,2025-11-14 13:20:06,NGN 34503.84,credit
PAY-001527,INV-001527,2025-09-17 15:09:55,NGN 139200.76,CASH
PAY-001528,INV-001528,1758216013000,NGN 288180.52,transfer
PAY-001529,INV-001529,26/07/2026,318771.39,insurance
PAY-001530,INV-001530,1746833732000,"NGN1,513,188.31",credit
PAY-001531,INV-001531,31/05/2025,"677,483.94",TRANSFER
PAY-001532,INV-001532,2025-12-01 22:40:24,375693.10,insurance
PAY-001533,INV-001533,2026-08-05 19:45:18,"1,614,007.23",transfer
PAY-001535,INV-001535,24/10/2025,"6,584.38",credit
PAY-001537,INV-001537,2026-03-08 12:37:51,NGN 151786.16,card
PAY-001538,INV-001538,25/02/2026,"204,923.91",TRANSFER
PAY-001539,INV-001539,2025-12-29 08:48:38,"NGN332,677.19",TRANSFER
PAY-001540,INV-001540,1786662872000,"112,820.06",CASH
PAY-001542,INV-001542,16/06/2026,"NGN2,847.87",CASH
PAY-001544,INV-001544,1754551339000,"72,954.37",insurance
PAY-001545,INV-001545,08/03/2026,"NGN726,263.64",transfer
PAY-001546,INV-001546,1736957688000,628058.20,cash
PAY-001547,INV-001547,18/01/2026,"NGN825,847.83",CASH
PAY-001548,INV-001548,1728046841000,304363.12,cash
PAY-001550,INV-001550,07/07/2026,"13,055.88",credit
PAY-001551,INV-001551,16/04/2026,NGN 248260.50,CASH
PAY-001553,INV-001553,20/07/2026,"798,402.07",card
PAY-001554,INV-001554,1788221294000,"NGN364,403.87",card
PAY-001557,INV-001557,12/07/2025,NGN 113197.97,CASH
PAY-001558,INV-001558,14/10/2024,"NGN538,143.13",insurance
PAY-001559,INV-001559,1734135525000,NGN 860266.18,TRANSFER
PAY-001560,INV-001560,2026-05-21 19:17:05,89848.23,TRANSFER
PAY-001562,INV-001562,1743324114000,NGN 20124.00,cash
PAY-001563,INV-001563,2024-11-09 21:00:30,NGN 202255.30,insurance
PAY-001565,INV-001565,15/03/2026,556313.35,credit
PAY-001566,INV-001566,1743383326000,"NGN992,524.30",CASH
PAY-001567,INV-001567,2025-04-03 16:02:15,1488799.46,transfer
PAY-001568,INV-001568,2025-08-16 09:41:27,"NGN1,318,762.73",TRANSFER
PAY-001569,INV-001569,2025-04-19 01:20:59,"NGN3,601.25",credit
PAY-001570,INV-001570,18/02/2026,"NGN497,795.29",credit
PAY-001571,INV-001571,2025-09-25 10:00:12,NGN 717333.58,card
PAY-001572,INV-001572,13/09/2025,NGN 116169.77,credit
PAY-001574,INV-001574,2025-05-08 22:47:16,"NGN378,895.68",credit
PAY-001576,INV-001576,2026-04-14 14:04:46,346623.06,card
PAY-001577,INV-001577,1753941502000,NGN 68841.94,CASH
PAY-001578,INV-001578,2025-05-07 20:20:18,"593,812.28",CASH
PAY-001581,INV-001581,1784571280000,525761.57,cash
PAY-001582,INV-001582,08/08/2026,NGN 75447.15,TRANSFER
PAY-001583,INV-001583,2026-03-09 09:40:15,"299,895.68",card
PAY-001584,INV-001584,2026-09-04 01:00:48,"NGN28,244.16",TRANSFER
PAY-001585,INV-001585,1788228278000,NGN 376905.08,cash
PAY-001586,INV-001586,2026-04-15 03:16:34,473745.04,credit
PAY-001587,INV-001587,2026-06-24 22:00:55,250855.96,card
PAY-001588,INV-001588,2025-07-27 03:59:46,"NGN918,244.12",credit
PAY-001589,INV-001589,2024-12-16 14:32:54,"377,522.82",TRANSFER
PAY-001590,INV-001590,2025-04-06 15:22:13,NGN 173374.11,insurance
PAY-001591,INV-001591,11/12/2024,"3,049.66",credit
PAY-001593,INV-001593,12/06/2025,"NGN12,674.25",TRANSFER
PAY-001594,INV-001594,09/08/2025,"NGN374,747.97",insurance
PAY-001596,INV-001596,23/03/2026,"157,464.52",card
PAY-001597,INV-001597,1747595613000,"238,661.21",CASH
PAY-001598,INV-001598,1742160634000,"NGN694,030.88",CASH
PAY-001600,INV-001600,1780961877000,"NGN75,115.62",credit
PAY-001601,INV-001601,2025-04-25 01:08:45,"198,319.35",insurance
PAY-001602,INV-001602,2025-09-04 06:24:22,24768.00,credit
PAY-001604,INV-001604,1749381865000,"NGN830,456.20",cash
PAY-001605,INV-001605,24/08/2025,"NGN818,560.62",insurance
PAY-001608,INV-001608,1769376832000,NGN 691765.06,transfer
PAY-001609,INV-001609,15/04/2025,"2,257.50",CASH
PAY-001610,INV-001610,1731933785000,"146,664.78",transfer
PAY-001611,INV-001611,1757316205000,NGN 310295.12,insurance
PAY-001612,INV-001612,25/06/2025,NGN 735295.27,insurance
PAY-001614,INV-001614,03/04/2026,NGN 145051.79,credit
PAY-001616,INV-001616,2025-03-24 05:46:14,NGN 74564.92,cash
PAY-001617,INV-001617,03/01/2026,"NGN22,306.25",TRANSFER
PAY-001619,INV-001619,1739879783000,"NGN1,166,681.83",transfer
PAY-001620,INV-001620,1729342024000,"NGN5,410.78",transfer
PAY-001621,INV-001621,15/02/2026,"NGN5,840.37",CASH
PAY-001622,INV-001622,1733407484000,"664,926.91",CASH
PAY-001623,INV-001623,13/06/2025,566779.47,cash
PAY-001624,INV-001624,11/12/2024,193833.03,TRANSFER
PAY-001625,INV-001625,2026-03-28 08:42:37,257649.85,insurance
PAY-001626,INV-001626,21/12/2024,"139,798.18",insurance
PAY-001627,INV-001627,2025-11-22 08:06:30,NGN 518563.76,CASH
PAY-001628,INV-001628,21/04/2025,"NGN431,736.11",cash
PAY-001629,INV-001629,24/01/2026,NGN 135091.20,CASH
PAY-001630,INV-001630,1760425721000,NGN 1032737.82,credit
PAY-001631,INV-001631,21/07/2026,NGN 49729.50,credit
PAY-001633,INV-001633,09/10/2025,NGN 166020.54,transfer
PAY-001635,INV-001635,2025-07-29 20:46:32,"NGN160,201.88",TRANSFER
PAY-001636,INV-001636,07/08/2026,"353,356.42",card
PAY-001637,INV-001637,02/04/2026,"NGN38,893.50",TRANSFER
PAY-001638,INV-001638,1753226806000,1821953.21,insurance
PAY-001640,INV-001640,2026-01-08 11:27:41,NGN 240862.07,insurance
PAY-001641,INV-001641,09/07/2025,554732.06,credit
PAY-001644,INV-001644,1744356374000,NGN 461473.93,card
PAY-001645,INV-001645,2026-03-27 12:44:10,NGN 463036.18,TRANSFER
PAY-001646,INV-001646,02/04/2025,NGN 25058.25,transfer
PAY-001647,INV-001647,2026-09-02 21:06:12,19446.75,CASH
PAY-001648,INV-001648,1778849302000,470635.51,CASH
PAY-001649,INV-001649,1745246272000,"872,983.37",transfer
PAY-001650,INV-001650,2026-04-07 08:46:53,"NGN316,852.63",transfer
PAY-001651,INV-001651,23/01/2025,"NGN1,529,606.17",transfer
PAY-001652,INV-001652,1742996451000,"NGN377,026.23",TRANSFER
PAY-001653,INV-001653,1755167278000,"NGN330,825.86",transfer
PAY-001654,INV-001654,1758534158000,"322,004.47",card
PAY-001655,INV-001655,07/10/2025,"NGN6,020.00",card
PAY-001657,INV-001657,16/02/2026,143566.96,TRANSFER
PAY-001658,INV-001658,09/01/2026,5966.25,card
PAY-001659,INV-001659,1781656637000,NGN 75689.29,transfer
PAY-001661,INV-001661,2025-11-22 17:50:04,"NGN234,616.10",insurance
PAY-001662,INV-001662,2025-02-17 01:58:01,NGN 294500.46,CASH
PAY-001663,INV-001663,25/08/2026,"302,749.76",insurance
PAY-001664,INV-001664,2025-03-29 16:56:51,NGN 61959.48,CASH
PAY-001665,INV-001665,2024-10-27 12:49:34,"NGN2,848.75",transfer
PAY-001667,INV-001667,02/12/2025,"NGN221,103.39",insurance
PAY-001668,INV-001668,2026-03-13 12:12:43,"NGN482,898.25",credit
PAY-001669,INV-001669,1772572887000,"NGN6,557.50",cash
PAY-001670,INV-001670,10/05/2025,39966.88,TRANSFER
PAY-001672,INV-001672,16/05/2026,NGN 71320.12,CASH
PAY-001675,INV-001675,30/10/2025,"299,555.06",CASH
PAY-001676,INV-001676,1743860755000,NGN 30175.25,CASH
PAY-001677,INV-001677,2024-12-24 09:12:12,NGN 26364.38,card
PAY-001678,INV-001678,1738656931000,NGN 8381.08,CASH
PAY-001679,INV-001679,27/02/2026,"821,453.45",insurance
PAY-001681,INV-001681,1739730634000,650095.37,CASH
PAY-001682,INV-001682,1780554302000,1237931.39,CASH
PAY-001683,INV-001683,11/05/2026,1018514.67,CASH
PAY-001684,INV-001684,2026-01-16 20:12:08,"415,326.58",TRANSFER
PAY-001685,INV-001685,2025-02-22 15:38:52,861202.54,transfer
PAY-001686,INV-001686,1744201250000,NGN 22343.75,card
PAY-001687,INV-001687,1735787542000,"180,995.66",CASH
PAY-001688,INV-001688,1753484046000,"404,356.01",credit
PAY-001689,INV-001689,2025-08-06 18:08:17,"726,987.84",transfer
PAY-001690,INV-001690,21/07/2025,"NGN1,585.62",TRANSFER
PAY-001691,INV-001691,1761720409000,"NGN31,830.75",transfer
PAY-001692,INV-001692,1771043436000,NGN 161421.81,cash
PAY-001694,INV-001694,2024-10-13 19:23:09,"NGN113,742.97",transfer
PAY-001695,INV-001695,2026-03-08 07:24:26,"NGN911,752.37",CASH
PAY-001697,INV-001697,2026-06-20 11:11:07,"578,986.12",transfer
PAY-001698,INV-001698,11/01/2026,"831,579.31",credit
PAY-001699,INV-001699,08/06/2025,NGN 1143215.36,transfer
PAY-001700,INV-001700,2025-04-06 14:40:52,"210,849.30",cash
PAY-001701,INV-001701,28/04/2026,1319518.64,cash
PAY-001702,INV-001702,2026-03-31 12:36:30,"347,705.24",TRANSFER
PAY-001703,INV-001703,05/05/2026,"32,088.75",transfer
PAY-001704,INV-001704,1763889119000,"NGN112,137.31",insurance
PAY-001706,INV-001706,1744410643000,33620.62,cash
PAY-001707,INV-001707,28/05/2025,"NGN408,564.38",transfer
PAY-001709,INV-001709,2026-02-11 21:35:38,2821.88,insurance
PAY-001711,INV-001711,08/03/2026,"NGN1,931,193.39",TRANSFER
PAY-001713,INV-001713,1769707556000,"NGN400,228.03",transfer
PAY-001714,INV-001714,2025-10-15 03:51:52,"NGN160,081.62",card
PAY-001715,INV-001715,1781802840000,4031.25,transfer
PAY-001716,INV-001716,17/11/2025,"NGN234,111.57",credit
PAY-001717,INV-001717,26/11/2024,"87,928.10",card
PAY-001718,INV-001718,16/09/2025,"223,266.85",transfer
PAY-001719,INV-001719,12/01/2025,NGN 73046.25,card
PAY-001720,INV-001720,05/09/2026,NGN 636516.03,transfer
PAY-001721,INV-001721,1757107637000,NGN 677196.30,transfer
PAY-001722,INV-001722,1739758302000,"487,574.08",cash
PAY-001724,INV-001724,2026-07-07 03:04:48,NGN 103800.70,credit
PAY-001725,INV-001725,04/12/2024,"743,407.29",transfer
PAY-001726,INV-001726,2026-06-14 06:14:21,NGN 950000.20,credit
PAY-001728,INV-001728,1737468077000,"NGN1,585.62",TRANSFER
PAY-001729,INV-001729,2026-04-20 04:23:33,NGN 71025.56,CASH
PAY-001732,INV-001732,25/04/2025,NGN 114216.75,CASH
PAY-001733,INV-001733,1741125080000,"NGN926,039.28",TRANSFER
PAY-001734,INV-001734,1770278543000,1521239.96,card
PAY-001736,INV-001736,08/11/2025,10158.75,transfer
PAY-001739,INV-001739,2025-10-25 09:46:20,633628.73,insurance
PAY-001740,INV-001740,30/12/2025,"NGN14,566.25",credit
PAY-001741,INV-001741,16/05/2026,"2,230.62",credit
PAY-001742,INV-001742,2025-02-25 13:32:19,"391,591.17",card
PAY-001743,INV-001743,2025-10-31 08:03:50,"17,898.75",card
PAY-001744,INV-001744,25/05/2025,NGN 1216191.25,insurance
PAY-001745,INV-001745,2026-06-13 08:45:15,"1,831,177.43",insurance
PAY-001746,INV-001746,1758553247000,1802301.21,transfer
PAY-001747,INV-001747,22/05/2026,"NGN479,236.50",insurance
PAY-001748,INV-001748,1769735670000,98761.84,CASH
PAY-001750,INV-001750,29/04/2026,NGN 34020.86,credit
PAY-001754,INV-001754,1753152754000,NGN 31916.01,card
PAY-001755,INV-001755,1776000039000,NGN 1014516.06,credit
PAY-001756,INV-001756,1783194733000,"NGN1,817.01",credit
PAY-001757,INV-001757,2025-07-28 10:29:05,NGN 24590.62,credit
PAY-001758,INV-001758,2025-01-27 20:49:58,"117,510.97",transfer
PAY-001759,INV-001759,1758886979000,NGN 689043.19,credit
PAY-001760,INV-001760,2025-10-12 03:58:24,165246.13,CASH
PAY-001761,INV-001761,2025-09-13 01:37:33,"819,830.06",TRANSFER
PAY-001762,INV-001762,1777385464000,"931,071.88",cash
PAY-001763,INV-001763,1777604313000,"34,991.25",transfer
PAY-001764,INV-001764,1784945563000,63855.00,transfer
PAY-001765,INV-001765,03/02/2026,"4,966.50",card
PAY-001766,INV-001766,2026-01-13 05:22:50,3655.00,insurance
PAY-001767,INV-001767,15/07/2025,"NGN290,531.89",transfer
PAY-001768,INV-001768,22/07/2026,"10,346.88",TRANSFER
PAY-001769,INV-001769,2026-06-18 15:20:31,78069.53,cash
PAY-001770,INV-001770,1748737615000,"NGN6,450.00",cash
PAY-001771,INV-001771,2025-06-13 06:35:52,"NGN522,532.70",TRANSFER
PAY-001772,INV-001772,1759210917000,"927,462.53",card
PAY-001773,INV-001773,2026-05-29 19:50:59,NGN 240700.87,insurance
PAY-001774,INV-001774,1786822650000,"NGN31,830.75",TRANSFER
PAY-001776,INV-001776,1772175549000,NGN 825734.50,insurance
PAY-001777,INV-001777,1790553969000,"NGN25,251.75",cash
PAY-001778,INV-001778,03/01/2026,"NGN688,196.40",credit
PAY-001779,INV-001779,2026-01-15 19:49:19,221237.73,TRANSFER
PAY-001780,INV-001780,27/01/2025,"542,086.97",transfer
PAY-001783,INV-001783,22/10/2024,263944.15,credit
PAY-001784,INV-001784,1790520993000,NGN 141631.25,card
PAY-001785,INV-001785,1748939282000,30798.75,transfer
PAY-001787,INV-001787,11/11/2024,NGN 4568.75,insurance
PAY-001788,INV-001788,1749927366000,"2,123.12",card
PAY-001789,INV-001789,2026-01-21 02:14:29,"NGN30,879.38",credit
PAY-001790,INV-001790,21/02/2025,"NGN359,831.01",credit
PAY-001791,INV-001791,2025-07-15 14:21:49,"871,223.58",insurance
PAY-001792,INV-001792,1776834307000,271096.19,TRANSFER
PAY-001793,INV-001793,01/11/2024,"NGN39,704.28",insurance
PAY-001795,INV-001795,2026-03-22 04:25:28,2022.70,transfer
PAY-001796,INV-001796,2026-05-09 12:05:56,"130,170.63",transfer
PAY-001797,INV-001797,24/04/2026,1278902.74,credit
PAY-001798,INV-001798,1756270914000,192031.34,cash
PAY-001799,INV-001799,2026-07-02 03:23:11,NGN 760911.17,cash
PAY-001801,INV-001801,1750484082000,"NGN346,741.95",TRANSFER
PAY-001802,INV-001802,12/09/2025,NGN 11502.50,TRANSFER
PAY-001803,INV-001803,06/01/2026,"NGN550,445.43",credit
PAY-001804,INV-001804,28/02/2026,"NGN882,676.21",cash
PAY-001805,INV-001805,2026-09-11 02:02:31,"296,776.48",TRANSFER
PAY-001806,INV-001806,07/07/2026,NGN 103200.00,CASH
PAY-001808,INV-001808,2025-01-23 14:12:22,NGN 187833.29,TRANSFER
PAY-001809,INV-001809,2026-06-04 04:21:15,"NGN107,635.72",TRANSFER
PAY-001810,INV-001810,2025-08-08 07:01:30,771458.68,CASH
PAY-001811,INV-001811,2026-07-21 08:23:29,365994.46,insurance
PAY-001812,INV-001812,1784368914000,"NGN411,363.86",card
PAY-001813,INV-001813,1750324944000,"554,741.53",insurance
PAY-001814,INV-001814,1752799233000,NGN 526276.67,card
PAY-001815,INV-001815,1768501447000,"8,626.88",CASH
PAY-001816,INV-001816,04/09/2025,NGN 829265.85,credit
PAY-001817,INV-001817,08/01/2026,NGN 1252048.71,insurance
PAY-001818,INV-001818,13/03/2026,"NGN644,177.24",insurance
PAY-001819,INV-001819,2024-11-15 02:52:27,NGN 11548.18,TRANSFER
PAY-001820,INV-001820,14/12/2025,"287,103.44",TRANSFER
PAY-001821,INV-001821,2025-02-24 23:19:44,"137,640.81",TRANSFER
PAY-001822,INV-001822,27/02/2025,"24,466.20",TRANSFER
PAY-001823,INV-001823,26/05/2026,159798.75,CASH
PAY-001824,INV-001824,2025-10-17 08:45:46,"15,887.42",card
PAY-001825,INV-001825,2025-01-09 08:06:12,"NGN2,819.72",credit
PAY-001826,INV-001826,08/10/2025,31752.47,credit
PAY-001827,INV-001827,1731282241000,"NGN64,107.64",credit
PAY-001828,INV-001828,04/06/2025,355487.19,transfer
PAY-001829,INV-001829,20/10/2024,"76,597.25",TRANSFER
PAY-001831,INV-001831,2026-01-18 23:02:38,NGN 484408.12,cash
PAY-001832,INV-001832,2026-10-01 22:51:28,"13,784.52",transfer
PAY-001833,INV-001833,1747937742000,94478.02,transfer
PAY-001834,INV-001834,2026-02-03 15:32:08,509491.17,cash
PAY-001835,INV-001835,1775514031000,"NGN22,073.66",cash
PAY-001837,INV-001837,08/04/2025,"14,619.67",cash
PAY-001838,INV-001838,25/11/2025,"681,308.01",CASH
PAY-001839,INV-001839,12/07/2025,"NGN60,519.26",insurance
PAY-001840,INV-001840,2025-07-11 08:12:37,NGN 175638.05,transfer
PAY-001841,INV-001841,1788068195000,"NGN708,924.32",card
PAY-001842,INV-001842,2025-11-09 21:49:55,NGN 5966.25,CASH
PAY-001843,INV-001843,12/04/2025,"NGN699,249.68",TRANSFER
PAY-001844,INV-001844,1769686485000,NGN 3036.87,CASH
PAY-001845,INV-001845,2026-03-27 20:44:02,"NGN218,417.61",card
PAY-001846,INV-001846,1738226037000,NGN 1178959.52,card
PAY-001847,INV-001847,2025-07-07 08:44:15,NGN 502856.49,transfer
PAY-001848,INV-001848,2026-08-16 07:55:44,"NGN556,729.13",TRANSFER
PAY-001849,INV-001849,1781160221000,NGN 398.12,credit
PAY-001850,INV-001850,27/06/2026,"NGN1,720.00",CASH
PAY-001851,INV-001851,26/04/2026,122725.32,card
PAY-001852,INV-001852,1771051367000,"NGN8,438.75",CASH
PAY-001854,INV-001854,2026-08-16 05:58:41,"385,748.82",card
PAY-001855,INV-001855,2026-03-08 15:42:35,504197.65,card
PAY-001857,INV-001857,2026-07-20 05:09:44,"NGN432,485.63",TRANSFER
PAY-001858,INV-001858,11/11/2024,850742.86,cash
PAY-001859,INV-001859,06/11/2025,"758,335.40",card
PAY-001860,INV-001860,1755837922000,"125,969.45",TRANSFER
PAY-001861,INV-001861,23/09/2025,"NGN394,741.86",cash
PAY-001862,INV-001862,25/09/2026,"NGN170,676.10",CASH
PAY-001863,INV-001863,23/02/2025,"NGN482,773.78",TRANSFER
PAY-001864,INV-001864,2026-08-03 05:47:18,"19,833.75",CASH
PAY-001865,INV-001865,20/01/2025,NGN 975970.34,TRANSFER
PAY-001867,INV-001867,03/02/2025,234485.51,card
PAY-001868,INV-001868,27/01/2026,627776.89,insurance
PAY-001869,INV-001869,1730773217000,1041642.04,TRANSFER
PAY-001871,INV-001871,1738416686000,"773,403.70",CASH
PAY-001872,INV-001872,01/10/2025,1288637.99,CASH
PAY-001873,INV-001873,2026-02-22 23:48:53,39468.62,CASH
PAY-001874,INV-001874,2026-02-10 22:18:55,"NGN31,653.03",credit
PAY-001875,INV-001875,1756666396000,NGN 226418.13,cash
PAY-001876,INV-001876,11/06/2026,"NGN704,235.11",card
PAY-001877,INV-001877,2026-01-15 00:28:57,"NGN867,725.52",TRANSFER
PAY-001878,INV-001878,2024-11-23 03:10:58,NGN 108879.28,credit
PAY-001879,INV-001879,2025-05-20 03:43:16,NGN 5202.72,cash
PAY-001880,INV-001880,2025-01-15 13:02:59,"387,465.05",insurance
PAY-001881,INV-001881,1737961415000,299476.88,card
PAY-001883,INV-001883,21/08/2026,"NGN850,276.07",insurance
PAY-001885,INV-001885,2025-05-23 13:32:48,"NGN938,233.33",cash
PAY-001886,INV-001886,2026-08-22 06:21:41,"NGN137,662.41",cash
PAY-001887,INV-001887,1751355409000,"NGN299,208.24",cash
PAY-001888,INV-001888,26/01/2026,"269,511.29",CASH
PAY-001890,INV-001890,2026-07-27 06:56:06,320728.24,cash
PAY-001891,INV-001891,29/07/2025,531795.27,card
PAY-001892,INV-001892,18/11/2024,577281.18,cash
PAY-001893,INV-001893,2026-10-02 03:41:12,"NGN863,551.30",transfer
PAY-001894,INV-001894,09/10/2024,"2,150.00",transfer
PAY-001896,INV-001896,2025-12-22 06:48:33,"NGN1,403,422.70",credit
PAY-001897,INV-001897,03/04/2025,"NGN209,105.81",TRANSFER
PAY-001898,INV-001898,2025-07-19 19:53:38,497727.94,insurance
PAY-001899,INV-001899,1786591964000,NGN 456427.85,TRANSFER
PAY-001900,INV-001900,1750554731000,"NGN1,421,164.97",CASH
PAY-001901,INV-001901,2024-11-05 17:04:03,568422.24,TRANSFER
PAY-001902,INV-001902,08/01/2025,5117.00,cash
PAY-001903,INV-001903,1747247004000,NGN 24574.50,CASH
PAY-001904,INV-001904,2025-12-22 04:32:00,NGN 501940.59,credit
PAY-001905,INV-001905,02/09/2025,"NGN579,100.04",CASH
PAY-001906,INV-001906,1732766325000,"28,928.25",transfer
PAY-001907,INV-001907,04/04/2025,"755,932.87",transfer
PAY-001909,INV-001909,1728236771000,"120,931.91",TRANSFER
PAY-001910,INV-001910,1777445471000,NGN 743385.11,TRANSFER
PAY-001911,INV-001911,1776218336000,59900.77,CASH
PAY-001912,INV-001912,1761142953000,NGN 369744.08,TRANSFER
PAY-001914,INV-001914,2025-01-13 05:04:52,128107.27,insurance
PAY-001915,INV-001915,10/05/2025,674743.76,transfer
PAY-001916,INV-001916,2025-06-26 05:11:18,"NGN173,579.52",cash
PAY-001917,INV-001917,2024-10-17 15:36:07,4837.50,credit
PAY-001918,INV-001918,2026-06-24 16:39:22,677581.98,credit
PAY-001919,INV-001919,2025-05-22 20:24:44,"NGN1,075,102.19",TRANSFER
PAY-001920,INV-001920,12/04/2026,51404.41,TRANSFER
PAY-001921,INV-001921,30/04/2026,"2,821.88",CASH
PAY-001922,INV-001922,2024-09-26 05:05:45,"NGN277,493.02",TRANSFER
PAY-001923,INV-001923,2026-02-06 19:33:09,253640.31,CASH
PAY-001924,INV-001924,31/10/2024,737859.96,cash
PAY-001925,INV-001925,28/12/2024,NGN 387356.74,card
PAY-001928,INV-001928,22/06/2025,1224734.73,card
PAY-001929,INV-001929,1785445393000,"NGN71,305.69",card
PAY-001932,INV-001932,1772576732000,NGN 31347.00,transfer
PAY-001934,INV-001934,2025-11-09 09:57:10,"349,774.86",TRANSFER
PAY-001935,INV-001935,1784403456000,NGN 174721.79,cash
PAY-001936,INV-001936,2026-08-17 03:05:15,1630941.26,card
PAY-001937,INV-001937,1757699481000,NGN 3681.88,CASH
PAY-001938,INV-001938,1769887952000,NGN 1238844.89,cash
PAY-001939,INV-001939,1778442629000,"NGN251,668.30",transfer
PAY-001940,INV-001940,19/09/2025,NGN 186841.55,insurance
PAY-001941,INV-001941,1791898797000,371772.82,CASH
PAY-001942,INV-001942,1728806268000,"NGN84,115.33",TRANSFER
PAY-001943,INV-001943,07/05/2025,NGN 120561.25,insurance
PAY-001944,INV-001944,1788341235000,"3,875.38",CASH
PAY-001945,INV-001945,1735222123000,"NGN85,356.15",cash
PAY-001946,INV-001946,1782637258000,NGN 1067404.71,credit
PAY-001948,INV-001948,1768784901000,"21,204.38",transfer
PAY-001949,INV-001949,2025-11-02 14:53:56,590792.03,transfer
PAY-001950,INV-001950,1731495486000,"125,685.27",cash
PAY-001951,INV-001951,2026-07-15 12:51:10,"240,764.68",TRANSFER
PAY-001952,INV-001952,1778785634000,NGN 92484.98,credit
PAY-001953,INV-001953,1788576828000,NGN 481169.42,CASH
PAY-001954,INV-001954,2026-01-16 21:25:57,"1,335,252.14",transfer
PAY-001955,INV-001955,25/04/2026,"NGN229,525.88",insurance
PAY-001956,INV-001956,2025-08-13 19:43:03,"NGN523,953.13",CASH
PAY-001957,INV-001957,2026-01-28 15:55:28,555966.78,insurance
PAY-001958,INV-001958,25/03/2026,"283,294.49",transfer
PAY-001959,INV-001959,11/12/2024,"300,786.83",cash
PAY-001960,INV-001960,1734645084000,NGN 513280.03,insurance
PAY-001961,INV-001961,2026-06-17 19:13:29,788780.47,credit
PAY-001962,INV-001962,1735999325000,"627,623.06",TRANSFER
PAY-001963,INV-001963,1753710012000,"NGN466,717.01",TRANSFER
PAY-001964,INV-001964,1774820223000,NGN 330742.37,TRANSFER
PAY-001965,INV-001965,2025-03-12 17:12:54,NGN 356474.32,transfer
PAY-001966,INV-001966,08/11/2024,100813.50,cash
PAY-001967,INV-001967,2026-08-29 02:30:17,"NGN717,879.37",CASH
PAY-001968,INV-001968,2025-05-21 22:52:51,"NGN120,683.93",credit
PAY-001970,INV-001970,1749171270000,384872.56,credit
PAY-001971,INV-001971,1787055211000,452160.03,cash
PAY-001972,INV-001972,29/05/2025,"NGN19,833.75",insurance
PAY-001974,INV-001974,2024-11-12 11:57:43,"NGN142,935.96",transfer
PAY-001975,INV-001975,2025-04-27 07:37:30,NGN 5200.30,insurance
PAY-001976,INV-001976,25/06/2025,"468,823.86",cash
PAY-001977,INV-001977,1779342221000,392153.54,cash
PAY-001979,INV-001979,1731500711000,NGN 353102.76,transfer
PAY-001980,INV-001980,13/03/2025,"NGN809,439.75",CASH
PAY-001981,INV-001981,30/06/2026,NGN 523286.16,TRANSFER
PAY-001983,INV-001983,2025-02-10 15:10:25,"316,434.76",insurance
PAY-001984,INV-001984,1736033004000,1543365.81,TRANSFER
PAY-001986,INV-001986,02/11/2024,NGN 228215.82,transfer
PAY-001987,INV-001987,1760344956000,NGN 4326.87,TRANSFER
PAY-001988,INV-001988,11/07/2025,1309293.91,insurance
PAY-001989,INV-001989,12/07/2025,"34,353.34",cash
PAY-001990,INV-001990,1753049085000,"NGN694,594.74",CASH
PAY-001991,INV-001991,1788924453000,"6,665.00",cash
PAY-001992,INV-001992,1729939255000,"NGN114,966.12",CASH
PAY-001993,INV-001993,26/03/2025,NGN 565948.22,CASH
PAY-001994,INV-001994,27/04/2026,835886.33,CASH
PAY-001995,INV-001995,26/12/2024,NGN 202789.58,credit
PAY-001996,INV-001996,22/10/2025,NGN 118701.38,credit
PAY-001997,INV-001997,2025-06-08 04:22:01,22310.18,insurance
PAY-001998,INV-001998,1781005821000,NGN 616469.70,insurance
PAY-001999,INV-001999,1750670714000,NGN 15103.75,CASH
PAY-002001,INV-002001,2026-08-21 23:10:23,"NGN882,832.20",card
PAY-002002,INV-002002,2025-05-09 01:51:12,NGN 171793.96,insurance
PAY-002003,INV-002003,1789686073000,"1,657,645.03",TRANSFER
PAY-002005,INV-002005,2026-06-28 02:41:06,"203,251.59",TRANSFER
PAY-002007,INV-002007,2025-05-20 20:33:39,664275.98,card
PAY-002008,INV-002008,06/08/2025,"580,093.81",insurance
PAY-002009,INV-002009,17/11/2025,"NGN1,843,185.12",insurance
PAY-002010,INV-002010,1745460520000,"509,962.21",credit
PAY-002012,INV-002012,2025-09-15 12:16:26,NGN 939985.87,credit
PAY-002014,INV-002014,2026-01-20 22:03:15,NGN 679177.91,cash
PAY-002016,INV-002016,1764747801000,NGN 641163.23,cash
PAY-002018,INV-002018,1764815083000,"NGN99,738.40",credit
PAY-002019,INV-002019,1735852243000,NGN 455655.50,CASH
PAY-002021,INV-002021,2025-10-10 00:48:01,"182,931.10",insurance
PAY-002022,INV-002022,26/09/2025,"2,553.12",transfer
PAY-002023,INV-002023,2025-04-10 14:26:56,NGN 1007370.49,transfer
PAY-002025,INV-002025,1735073096000,NGN 469860.78,CASH
PAY-002026,INV-002026,29/04/2026,NGN 11287.50,credit
PAY-002027,INV-002027,1756542582000,"1,617,215.33",insurance
PAY-002028,INV-002028,2025-07-20 07:10:39,NGN 1251816.32,card
PAY-002029,INV-002029,2024-10-27 00:02:57,942452.87,insurance
PAY-002030,INV-002030,2025-02-11 10:26:31,NGN 1533830.31,TRANSFER
PAY-002031,INV-002031,26/01/2026,9368.62,insurance
PAY-002032,INV-002032,16/02/2026,NGN 692520.66,card
PAY-002034,INV-002034,1784713956000,44405.22,CASH
PAY-002035,INV-002035,1776200072000,17173.12,credit
PAY-002036,INV-002036,10/12/2025,NGN 4756.88,credit
PAY-002037,INV-002037,2026-05-15 10:20:48,"78,573.36",TRANSFER
PAY-002038,INV-002038,1743588005000,"239,978.41",insurance
PAY-002040,INV-002040,26/03/2026,412607.85,TRANSFER
PAY-002044,INV-002044,1728916394000,NGN 419422.50,credit
PAY-002045,INV-002045,1737388422000,"NGN1,191,952.09",credit
PAY-002046,INV-002046,1771244589000,6235.00,CASH
PAY-002047,INV-002047,28/01/2025,12886.96,transfer
PAY-002048,INV-002048,24/05/2025,NGN 882861.80,card
PAY-002050,INV-002050,09/08/2026,NGN 623659.76,credit
PAY-002051,INV-002051,15/05/2025,"135,558.94",TRANSFER
PAY-002052,INV-002052,14/04/2026,178426.88,card
PAY-002054,INV-002054,2025-09-02 14:42:11,NGN 6095.25,CASH
PAY-002055,INV-002055,1760074807000,"NGN62,400.09",TRANSFER
PAY-002057,INV-002057,17/07/2025,"NGN481,264.60",TRANSFER
PAY-002058,INV-002058,14/01/2026,"NGN33,220.24",transfer
PAY-002059,INV-002059,2025-05-04 06:14:00,NGN 46886.59,CASH
PAY-002063,INV-002063,1747593870000,1519939.40,TRANSFER
PAY-002064,INV-002064,1750837246000,"NGN7,133.79",transfer
PAY-002065,INV-002065,15/12/2025,"NGN912,645.18",credit
PAY-002066,INV-002066,02/09/2025,"49,636.74",card
PAY-002067,INV-002067,22/12/2024,NGN 906110.36,CASH
PAY-002068,INV-002068,2026-08-02 04:30:45,646226.96,transfer
PAY-002069,INV-002069,2025-07-03 05:33:06,NGN 487150.74,insurance
PAY-002070,INV-002070,1739082536000,"1,206,897.27",credit
PAY-002071,INV-002071,1783037475000,"271,389.81",TRANSFER
PAY-002072,INV-002072,1755769584000,NGN 90634.79,insurance
PAY-002073,INV-002073,11/07/2026,"498,936.08",cash
PAY-002075,INV-002075,1786616028000,"NGN461,855.08",insurance
PAY-002077,INV-002077,1771419206000,234836.63,card
PAY-002078,INV-002078,26/12/2025,"NGN131,513.68",insurance
PAY-002079,INV-002079,04/02/2025,"68,189.55",insurance
PAY-002080,INV-002080,19/11/2025,645143.79,credit
PAY-002081,INV-002081,29/11/2024,"NGN8,223.75",card
PAY-002082,INV-002082,2024-11-16 23:12:43,820805.92,transfer
PAY-002084,INV-002084,01/11/2025,NGN 52191.27,credit
PAY-002085,INV-002085,1727639211000,"170,007.33",credit
PAY-002086,INV-002086,28/12/2025,NGN 211934.53,card
PAY-002087,INV-002087,1764779339000,313867.25,insurance
PAY-002089,INV-002089,15/07/2026,NGN 650739.18,CASH
PAY-002090,INV-002090,1746730640000,"788,490.40",TRANSFER
PAY-002091,INV-002091,1751729400000,"NGN4,918.12",TRANSFER
PAY-002093,INV-002093,1766325689000,63103.46,cash
PAY-002094,INV-002094,1784148825000,NGN 23606.20,insurance
PAY-002095,INV-002095,1756676220000,1126344.16,card
PAY-002096,INV-002096,18/01/2025,76239.00,transfer
PAY-002097,INV-002097,15/03/2025,"166,084.87",CASH
PAY-002098,INV-002098,2025-03-11 01:24:59,"382,915.76",cash
PAY-002099,INV-002099,30/10/2025,1558.75,card
PAY-002101,INV-002101,2026-08-15 00:43:44,880.69,transfer
PAY-002102,INV-002102,2026-08-03 01:53:12,NGN 704285.76,insurance
PAY-002103,INV-002103,2025-08-15 05:57:06,"NGN12,040.00",CASH
PAY-002104,INV-002104,1760382502000,NGN 169466.56,credit
PAY-002105,INV-002105,1768137436000,NGN 5805.00,insurance
PAY-002107,INV-002107,2025-12-12 06:05:06,1369.70,credit
PAY-002108,INV-002108,1736436566000,NGN 268486.08,cash
PAY-002109,INV-002109,2025-11-09 16:12:56,NGN 3010.00,card
PAY-002112,INV-002112,1766749482000,1170856.50,card
PAY-002113,INV-002113,2026-06-16 01:40:28,"510,671.12",insurance
PAY-002114,INV-002114,1761773989000,NGN 295930.28,insurance
PAY-002115,INV-002115,13/08/2025,697326.05,card
PAY-002116,INV-002116,31/12/2025,"210,756.34",card
PAY-002117,INV-002117,25/02/2025,696896.45,CASH
PAY-002118,INV-002118,1732904544000,"NGN11,771.25",insurance
PAY-002119,INV-002119,1747116763000,"NGN261,927.58",insurance
PAY-002120,INV-002120,2026-03-08 12:10:22,845559.10,insurance
PAY-002121,INV-002121,1736602849000,609952.09,TRANSFER
PAY-002122,INV-002122,1776479392000,"NGN991,658.03",card
PAY-002123,INV-002123,21/05/2025,"1,362,855.08",insurance
PAY-002125,INV-002125,25/08/2026,119125.53,CASH
PAY-002127,INV-002127,12/08/2026,739588.42,card
PAY-002128,INV-002128,2025-06-20 20:19:35,"NGN458,821.75",transfer
PAY-002129,INV-002129,27/05/2025,"227,515.83",cash
PAY-002130,INV-002130,1747776259000,"251,724.38",TRANSFER
PAY-002131,INV-002131,1737043319000,"NGN530,436.74",TRANSFER
PAY-002132,INV-002132,1785308398000,6358.62,cash
PAY-002133,INV-002133,04/05/2026,676093.17,TRANSFER
PAY-002135,INV-002135,1781818776000,655636.52,CASH
PAY-002137,INV-002137,31/08/2025,27815.62,cash
PAY-002138,INV-002138,07/07/2025,373529.91,CASH
PAY-002139,INV-002139,04/04/2026,"NGN430,737.73",TRANSFER
PAY-002140,INV-002140,1731818593000,"NGN1,514,763.20",card
PAY-002143,INV-002143,1790753846000,NGN 751706.95,TRANSFER
PAY-002144,INV-002144,06/03/2025,NGN 1936613.08,cash
PAY-002147,INV-002147,2026-09-10 08:30:41,NGN 44534.84,CASH
PAY-002148,INV-002148,1787176422000,"1,091,553.44",insurance
PAY-002149,INV-002149,2025-06-02 01:47:50,NGN 727813.67,TRANSFER
PAY-002150,INV-002150,2026-03-20 01:19:07,72569.88,transfer
PAY-002151,INV-002151,03/01/2025,"NGN565,904.67",insurance
PAY-002152,INV-002152,2026-09-01 23:12:48,"263,784.66",cash
PAY-002153,INV-002153,2026-05-10 21:03:28,"NGN181,751.62",CASH
PAY-002154,INV-002154,1760990711000,"NGN1,155,811.78",transfer
PAY-002155,INV-002155,1780870794000,NGN 1022886.97,TRANSFER
PAY-002157,INV-002157,1756634326000,NGN 536658.96,cash
PAY-002158,INV-002158,1773128061000,NGN 525670.65,insurance
PAY-002159,INV-002159,17/12/2025,"93,124.72",CASH
PAY-002160,INV-002160,2024-11-27 05:17:33,NGN 1694132.95,TRANSFER
PAY-002161,INV-002161,12/08/2025,"136,100.09",cash
PAY-002162,INV-002162,2026-03-29 17:10:47,405514.56,TRANSFER
PAY-002163,INV-002163,1761275909000,"NGN545,883.90",card
PAY-002165,INV-002165,1757390730000,7836.75,CASH
PAY-002166,INV-002166,1727208708000,43860.00,cash
PAY-002168,INV-002168,2024-11-11 04:38:58,348080.32,CASH
PAY-002170,INV-002170,1761367764000,NGN 449318.42,card
PAY-002171,INV-002171,2024-10-31 17:36:18,"1,278,544.16",TRANSFER
PAY-002172,INV-002172,16/05/2025,778045.95,credit
PAY-002173,INV-002173,1755942355000,227931.90,insurance
PAY-002175,INV-002175,1750271827000,178081.71,credit
PAY-002177,INV-002177,1787650647000,"13,706.25",insurance
PAY-002178,INV-002178,01/07/2025,"21,152.45",credit
PAY-002180,INV-002180,2026-01-09 16:44:40,"198,760.76",cash
PAY-002181,INV-002181,29/05/2026,"NGN2,606.88",CASH
PAY-002183,INV-002183,18/06/2026,"598,407.29",cash
PAY-002184,INV-002184,2025-09-21 04:22:40,257315.03,transfer
PAY-002185,INV-002185,14/12/2024,"6,675.75",insurance
PAY-002187,INV-002187,2025-07-01 21:51:05,"211,128.91",TRANSFER
PAY-002188,INV-002188,1767114241000,"NGN730,260.19",credit
PAY-002189,INV-002189,2025-07-04 02:32:10,NGN 160684.64,insurance
PAY-002190,INV-002190,15/02/2026,949350.57,credit
PAY-002192,INV-002192,1754194713000,"NGN1,391,377.24",credit
PAY-002193,INV-002193,06/05/2025,32314.50,CASH
PAY-002194,INV-002194,27/03/2026,"NGN138,004.11",cash
PAY-002195,INV-002195,1733144966000,NGN 679954.48,card
PAY-002196,INV-002196,1778750128000,"486,161.49",TRANSFER
PAY-002197,INV-002197,1768006119000,263497.50,cash
PAY-002199,INV-002199,2025-05-18 01:20:49,"NGN57,684.32",CASH
PAY-002200,INV-002200,1748568828000,16641.00,card
PAY-002201,INV-002201,1735242267000,"11,013.13",transfer
PAY-002203,INV-002203,1765660110000,NGN 431255.50,insurance
PAY-002205,INV-002205,1764365562000,"468,575.61",transfer
PAY-002208,INV-002208,2025-06-23 03:16:23,"NGN355,937.75",insurance
PAY-002209,INV-002209,03/11/2024,NGN 91773.94,CASH
PAY-002211,INV-002211,27/01/2025,"916,204.22",insurance
PAY-002214,INV-002214,1754597766000,130967.63,credit
PAY-002215,INV-002215,2025-11-14 23:33:58,"NGN270,607.54",credit
PAY-002218,INV-002218,2025-01-20 23:34:51,"NGN171,219.34",cash
PAY-002220,INV-002220,1728793078000,"653,391.52",insurance
PAY-002221,INV-002221,1775668710000,"NGN1,002,246.96",TRANSFER
PAY-002222,INV-002222,1747634200000,"272,788.86",cash
PAY-002223,INV-002223,1753072138000,NGN 579331.83,transfer
PAY-002224,INV-002224,1764161519000,NGN 365227.83,card
PAY-002225,INV-002225,2025-08-27 13:06:20,"NGN135,073.28",insurance
PAY-002226,INV-002226,2026-06-14 02:52:27,3502.47,credit
PAY-002227,INV-002227,10/03/2025,NGN 67144.50,CASH
PAY-002229,INV-002229,2024-12-08 05:24:07,NGN 40689.15,transfer
PAY-002230,INV-002230,14/10/2025,NGN 20220.75,CASH
PAY-002232,INV-002232,1771399481000,NGN 594602.55,CASH
PAY-002233,INV-002233,20/05/2026,"11,020.82",cash
PAY-002235,INV-002235,2025-06-21 06:54:59,"NGN358,453.36",card
PAY-002236,INV-002236,08/10/2025,"NGN240,698.99",TRANSFER
PAY-002238,INV-002238,1741562943000,"NGN288,834.79",credit
PAY-002239,INV-002239,1785818826000,NGN 819104.03,credit
PAY-002240,INV-002240,13/09/2026,NGN 7095.00,TRANSFER
PAY-002241,INV-002241,1750221178000,NGN 15641.25,CASH
PAY-002243,INV-002243,1787482322000,"345,460.13",cash
PAY-002244,INV-002244,20/08/2025,NGN 113417.14,cash
PAY-002245,INV-002245,2025-09-18 02:07:09,"NGN283,756.44",transfer
PAY-002246,INV-002246,1766555816000,574133.50,insurance
PAY-002247,INV-002247,12/11/2024,"NGN882,831.03",card
PAY-002248,INV-002248,2026-05-04 10:34:12,327042.83,TRANSFER
PAY-002249,INV-002249,1732192285000,"52,029.27",card
PAY-002250,INV-002250,2026-08-26 06:06:44,NGN 279374.81,credit
PAY-002252,INV-002252,1789818105000,"532,183.21",card
PAY-002254,INV-002254,1765207979000,"1,035,423.24",TRANSFER
PAY-002256,INV-002256,2025-12-09 11:38:32,NGN 5418.00,CASH
PAY-002259,INV-002259,1762569763000,"NGN637,952.63",credit
PAY-002260,INV-002260,2026-01-12 04:47:21,"NGN1,114,891.57",insurance
PAY-002261,INV-002261,2025-09-04 22:07:52,"840,325.65",cash
PAY-002263,INV-002263,11/06/2026,"NGN86,630.90",transfer
PAY-002264,INV-002264,1755354070000,NGN 1040734.12,insurance
PAY-002265,INV-002265,1731459318000,NGN 210355.71,CASH
PAY-002266,INV-002266,1761106865000,175335.92,TRANSFER
PAY-002267,INV-002267,1733826067000,925118.02,card
PAY-002268,INV-002268,2025-04-24 02:25:25,"886,228.66",insurance
PAY-002269,INV-002269,1748198088000,"867,914.36",CASH
PAY-002270,INV-002270,2026-08-22 06:40:59,"373,415.12",insurance
PAY-002271,INV-002271,08/02/2025,33391.15,TRANSFER
PAY-002272,INV-002272,2026-08-29 09:42:04,"NGN145,286.45",cash
PAY-002274,INV-002274,07/06/2026,"NGN1,827.50",credit
PAY-002276,INV-002276,17/08/2026,"NGN4,434.38",card
PAY-002278,INV-002278,2025-10-11 19:35:25,"294,460.38",card
PAY-002279,INV-002279,2024-12-01 16:21:29,NGN 30701.51,transfer
PAY-002280,INV-002280,1790362256000,NGN 445781.29,TRANSFER
PAY-002282,INV-002282,21/02/2025,NGN 390904.55,credit
PAY-002284,INV-002284,12/08/2026,NGN 677536.86,CASH
PAY-002286,INV-002286,26/12/2024,77768.41,card
PAY-002287,INV-002287,02/09/2026,"367,170.02",TRANSFER
PAY-002288,INV-002288,19/11/2025,"NGN621,693.24",card
PAY-002290,INV-002290,15/09/2025,"NGN181,749.13",transfer
PAY-002292,INV-002292,1756538116000,"28,326.25",cash
PAY-002293,INV-002293,1739482752000,770358.60,transfer
PAY-002294,INV-002294,2026-02-18 18:42:49,817657.60,credit
PAY-002296,INV-002296,2025-07-27 07:22:37,"NGN100,239.51",credit
PAY-002297,INV-002297,1756820822000,"NGN68,815.44",CASH
PAY-002299,INV-002299,24/11/2025,314962.22,credit
PAY-002300,INV-002300,15/12/2025,"930,238.24",CASH
PAY-002302,INV-002302,30/11/2025,"NGN8,519.38",transfer
PAY-002303,INV-002303,17/02/2025,NGN 3843.12,insurance
PAY-002305,INV-002305,2026-09-05 04:03:28,"622,521.94",TRANSFER
PAY-002307,INV-002307,1762910611000,"1,661,783.94",insurance
PAY-002308,INV-002308,1746726655000,4946.66,transfer
PAY-002309,INV-002309,08/11/2024,NGN 260785.56,TRANSFER
PAY-002310,INV-002310,2025-02-24 15:39:23,927.01,card
PAY-002312,INV-002312,2026-08-06 06:00:36,"438,805.10",card
PAY-002313,INV-002313,2024-10-23 15:56:19,"290,062.24",cash
PAY-002314,INV-002314,2025-04-19 10:17:40,NGN 542967.17,TRANSFER
PAY-002315,INV-002315,1767399455000,"NGN7,256.25",credit
PAY-002316,INV-002316,1774127311000,"NGN425,275.19",credit
PAY-002317,INV-002317,05/08/2026,"NGN20,124.00",CASH
PAY-002319,INV-002319,2025-06-08 22:30:17,65694.19,credit
PAY-002320,INV-002320,1732512166000,NGN 345619.35,cash
PAY-002321,INV-002321,2025-02-07 22:58:38,NGN 200549.00,CASH
PAY-002322,INV-002322,2025-01-30 21:14:37,208302.75,credit
PAY-002323,INV-002323,2026-01-16 16:55:55,NGN 396059.99,card
PAY-002324,INV-002324,30/11/2024,"NGN1,014,942.48",credit
PAY-002325,INV-002325,1761348676000,"NGN19,447.62",TRANSFER
PAY-002326,INV-002326,1777863004000,"326,500.20",TRANSFER
PAY-002327,INV-002327,2026-03-26 14:09:32,5695.64,insurance
PAY-002328,INV-002328,01/03/2025,"2,580.00",credit
PAY-002329,INV-002329,1738256331000,"530,806.17",card
PAY-002330,INV-002330,2026-07-14 23:34:33,NGN 125566.99,card
PAY-002331,INV-002331,17/05/2025,"3,322.37",card
PAY-002335,INV-002335,2025-05-12 17:38:59,NGN 655068.98,transfer
PAY-002336,INV-002336,1735470852000,"NGN233,561.59",transfer
PAY-002337,INV-002337,1740007978000,NGN 497788.19,card
PAY-002338,INV-002338,2026-04-11 09:23:05,861857.73,cash
PAY-002340,INV-002340,1742569990000,NGN 985952.21,transfer
PAY-002341,INV-002341,01/01/2025,NGN 1105454.80,CASH
PAY-002342,INV-002342,1731347535000,"168,425.62",credit
PAY-002343,INV-002343,1779341918000,1684787.96,TRANSFER
PAY-002344,INV-002344,2025-05-07 10:44:29,489325.37,insurance
PAY-002345,INV-002345,2026-05-12 15:05:43,"89,290.42",CASH
PAY-002346,INV-002346,2025-07-24 01:02:15,NGN 956663.03,insurance
PAY-002347,INV-002347,2024-11-27 06:40:57,"4,101.12",CASH
PAY-002348,INV-002348,1754456353000,"105,427.37",cash
PAY-002349,INV-002349,22/09/2025,NGN 1024439.21,credit
PAY-002350,INV-002350,05/10/2025,"NGN126,747.15",insurance
PAY-002351,INV-002351,1732383739000,499576.93,TRANSFER
PAY-002352,INV-002352,2026-01-02 20:18:24,NGN 288012.81,CASH
PAY-002353,INV-002353,21/09/2024,"162,773.81",transfer
PAY-002354,INV-002354,2026-06-11 22:07:55,107177.50,CASH
PAY-002355,INV-002355,1742647914000,"469,667.69",transfer
PAY-002356,INV-002356,2026-08-26 10:54:59,NGN 43464.35,CASH
PAY-002357,INV-002357,2026-06-14 11:30:57,"273,128.00",cash
PAY-002359,INV-002359,1735100600000,"NGN629,487.55",transfer
PAY-002360,INV-002360,2025-10-04 15:43:07,"NGN83,777.53",CASH
PAY-002362,INV-002362,1783688609000,500676.67,insurance
PAY-002364,INV-002364,01/03/2026,NGN 184852.18,CASH
PAY-002366,INV-002366,2025-03-21 19:40:59,NGN 426077.63,card
PAY-002367,INV-002367,1779211363000,734408.11,insurance
PAY-002368,INV-002368,1743559726000,NGN 413105.24,card
PAY-002370,INV-002370,1729123647000,NGN 18705.00,transfer
PAY-002371,INV-002371,2024-12-19 13:19:21,"390,922.83",insurance
PAY-002372,INV-002372,2026-01-14 00:16:47,92868.34,insurance
PAY-002374,INV-002374,1737345298000,NGN 16689.37,CASH
PAY-002375,INV-002375,1785893597000,"NGN1,213,025.70",TRANSFER
PAY-002376,INV-002376,20/04/2025,NGN 24913.12,credit
PAY-002378,INV-002378,27/08/2026,"155,694.78",CASH
PAY-002379,INV-002379,30/07/2026,"35,507.25",CASH
PAY-002380,INV-002380,24/11/2025,NGN 21876.25,CASH
PAY-002382,INV-002382,13/04/2026,"426,224.56",cash
PAY-002383,INV-002383,2025-12-02 09:44:55,NGN 315921.22,transfer
PAY-002384,INV-002384,1753772674000,"258,139.04",card
PAY-002385,INV-002385,1767059348000,"157,357.21",credit
PAY-002386,INV-002386,2025-09-13 10:06:30,"NGN580,561.42",CASH
PAY-002387,INV-002387,1756102833000,"NGN28,225.50",credit
PAY-002388,INV-002388,1762454118000,53736.04,TRANSFER
PAY-002389,INV-002389,2024-11-29 01:09:24,"135,402.44",CASH
PAY-002390,INV-002390,1747524566000,"371,452.75",credit
PAY-002391,INV-002391,1743086533000,"NGN1,961.88",cash
PAY-002392,INV-002392,1735999789000,"NGN3,440.00",transfer
PAY-002393,INV-002393,27/03/2026,"25,740.43",TRANSFER
PAY-002395,INV-002395,1788272967000,"NGN358,123.52",transfer
PAY-002396,INV-002396,12/02/2026,"NGN54,986.25",credit
PAY-002400,INV-002400,2025-01-19 09:09:38,818041.67,cash
PAY-002401,INV-002401,1727558275000,907643.33,card
PAY-002404,INV-002404,2025-03-11 06:45:55,"NGN27,331.88",transfer
PAY-002405,INV-002405,08/08/2026,NGN 892279.69,TRANSFER
PAY-002406,INV-002406,30/03/2025,"585,564.51",TRANSFER
PAY-002408,INV-002408,2024-12-13 11:13:17,"922,729.50",card
PAY-002409,INV-002409,18/02/2025,"300,860.44",credit
PAY-002410,INV-002410,2026-07-01 18:07:37,"NGN179,234.00",CASH
PAY-002411,INV-002411,2026-03-05 03:07:40,470508.63,cash
PAY-002412,INV-002412,1773237305000,"741,969.46",CASH
PAY-002413,INV-002413,2025-02-25 06:31:34,508876.81,cash
PAY-002415,INV-002415,2025-03-05 00:55:25,"472,692.92",cash
PAY-002417,INV-002417,16/04/2026,"316,009.08",insurance
PAY-002418,INV-002418,1751864237000,"4,136.89",credit
PAY-002419,INV-002419,1777625018000,841988.03,card
PAY-002420,INV-002420,16/03/2025,106501.94,insurance
PAY-002421,INV-002421,1769405660000,NGN 108847.76,card
PAY-002422,INV-002422,1761076982000,"179,143.92",TRANSFER
PAY-002425,INV-002425,2025-04-22 03:48:31,NGN 7525.00,cash
PAY-002426,INV-002426,13/04/2025,"NGN45,613.58",credit
PAY-002427,INV-002427,2025-12-12 10:59:36,1009196.01,card
PAY-002428,INV-002428,2026-01-07 18:56:18,NGN 154159.18,credit
PAY-002429,INV-002429,2025-07-25 17:09:45,567425.37,TRANSFER
PAY-002430,INV-002430,29/05/2025,NGN 509980.84,transfer
PAY-002432,INV-002432,2025-06-21 06:53:32,"39,852.57",TRANSFER
PAY-002434,INV-002434,13/06/2025,"652,750.35",credit
PAY-002435,INV-002435,2025-06-06 04:09:03,6718.75,CASH
PAY-002437,INV-002437,21/11/2025,32584.61,CASH
PAY-002440,INV-002440,13/10/2025,"885,950.76",cash
PAY-002441,INV-002441,1730891987000,"NGN501,985.95",insurance
PAY-002443,INV-002443,1777483667000,"NGN827,473.82",credit
PAY-002444,INV-002444,1750937828000,23890.89,CASH
PAY-002445,INV-002445,17/04/2025,"5,192.25",cash
PAY-002446,INV-002446,2025-01-15 22:18:55,NGN 566124.39,CASH
PAY-002448,INV-002448,1743548778000,3386.25,insurance
PAY-002449,INV-002449,2025-06-13 21:16:33,"12,577.50",cash
PAY-002450,INV-002450,1787545674000,"NGN102,264.75",cash
PAY-002451,INV-002451,23/10/2024,28057.50,CASH
PAY-002455,INV-002455,2026-07-05 20:27:58,NGN 8331.25,CASH
PAY-002456,INV-002456,14/11/2024,NGN 522403.45,card
PAY-002458,INV-002458,2026-04-30 03:39:59,NGN 1112744.75,CASH
PAY-002459,INV-002459,1734866276000,NGN 9857.75,CASH
PAY-002460,INV-002460,21/09/2026,60396.97,TRANSFER
PAY-002461,INV-002461,1752735322000,NGN 306553.29,cash
PAY-002462,INV-002462,1747511633000,"47,449.53",card
PAY-002465,INV-002465,2026-08-07 08:30:18,"NGN502,083.48",credit
PAY-002466,INV-002466,2025-01-22 23:46:34,"NGN192,677.36",transfer
PAY-002468,INV-002468,2026-04-25 23:29:17,NGN 740213.13,insurance
PAY-002469,INV-002469,2025-01-01 09:48:15,"NGN18,258.29",CASH
PAY-002470,INV-002470,1770194859000,NGN 335831.26,TRANSFER
PAY-002471,INV-002471,2025-04-03 11:27:03,NGN 59199.77,TRANSFER
PAY-002472,INV-002472,15/06/2026,"NGN80,779.61",credit
PAY-002473,INV-002473,1731190564000,"NGN69,660.00",CASH
PAY-002474,INV-002474,2024-12-14 04:56:40,1666428.23,card
PAY-002475,INV-002475,15/01/2025,NGN 340596.36,insurance
PAY-002476,INV-002476,2026-06-21 05:40:49,"NGN330,882.11",transfer
PAY-002477,INV-002477,2025-01-23 05:23:31,6684.72,transfer
PAY-002479,INV-002479,2025-12-20 22:54:13,"442,708.86",card
PAY-002481,INV-002481,01/11/2024,"44,324.76",TRANSFER
PAY-002482,INV-002482,2026-07-21 21:48:07,NGN 735827.34,transfer
PAY-002483,INV-002483,1739955560000,"950,625.63",insurance
PAY-002484,INV-002484,2025-09-10 16:47:30,"6,557.50",TRANSFER
PAY-002486,INV-002486,31/08/2026,"NGN149,940.81",card
PAY-002488,INV-002488,1744478169000,"NGN15,560.62",transfer
PAY-002490,INV-002490,31/08/2026,"NGN36,744.31",TRANSFER
PAY-002491,INV-002491,2026-05-12 09:10:28,"585,519.73",insurance
PAY-002492,INV-002492,2025-02-18 18:15:35,464683.86,card
PAY-002493,INV-002493,1781900595000,501994.63,cash
PAY-002494,INV-002494,1765771203000,231744.54,insurance
PAY-002495,INV-002495,26/01/2026,327788.63,insurance
PAY-002496,INV-002496,01/07/2026,253349.17,insurance
PAY-002497,INV-002497,1783979993000,"NGN720,487.26",cash
PAY-002500,INV-002500,2025-09-23 15:37:54,NGN 150020.64,insurance
PAY-002501,INV-002501,2026-02-14 08:46:14,"NGN10,750.00",cash
PAY-002503,INV-002503,2024-11-21 10:45:28,"NGN9,556.75",credit
PAY-002504,INV-002504,2025-04-11 02:25:47,NGN 43344.00,insurance
PAY-002505,INV-002505,2026-03-09 15:15:28,NGN 44636.74,credit
PAY-002506,INV-002506,2024-12-05 05:45:46,NGN 1266690.25,credit
PAY-002507,INV-002507,2026-02-13 01:21:01,NGN818.68,credit
PAY-002508,INV-002508,2025-08-21 12:29:16,10545.75,cash
PAY-002509,INV-002509,2024-12-15 18:24:33,"262,384.07",card
PAY-002510,INV-002510,2025-08-20 15:17:16,"7,193.73",transfer
PAY-002512,INV-002512,1730086813000,NGN 93319.42,card
PAY-002513,INV-002513,2026-03-05 14:33:16,"NGN13,559.06",credit
PAY-002514,INV-002514,18/05/2026,NGN 486604.87,insurance
PAY-002515,INV-002515,15/12/2024,179779.17,insurance
PAY-002516,INV-002516,03/01/2025,46343.25,cash
PAY-002517,INV-002517,22/11/2025,NGN 913977.85,TRANSFER
PAY-002518,INV-002518,03/12/2024,NGN 83389.84,credit
PAY-002519,INV-002519,08/05/2026,"NGN288,319.38",TRANSFER
PAY-002520,INV-002520,06/06/2025,"125,061.95",card
PAY-002524,INV-002524,2025-02-01 11:24:29,"NGN411,862.94",TRANSFER
PAY-002525,INV-002525,2025-09-19 19:29:50,"NGN269,116.12",insurance
PAY-002526,INV-002526,1770117980000,"879,442.94",insurance
PAY-002528,INV-002528,1758262620000,NGN 12384.00,card
PAY-002529,INV-002529,26/03/2025,348696.86,transfer
PAY-002530,INV-002530,25/07/2026,NGN 608554.46,transfer
PAY-002531,INV-002531,2026-08-23 22:24:33,NGN 620539.77,TRANSFER
PAY-002533,INV-002533,29/11/2024,"6,853.12",TRANSFER
PAY-002534,INV-002534,1768605342000,NGN 1218169.07,credit
PAY-002536,INV-002536,1768494269000,"NGN902,119.72",transfer
PAY-002537,INV-002537,1767982171000,"4,160.25",transfer
PAY-002538,INV-002538,19/12/2025,962366.34,TRANSFER
PAY-002539,INV-002539,1759185589000,"NGN1,012,047.73",CASH
PAY-002541,INV-002541,20/03/2026,450346.81,transfer
PAY-002542,INV-002542,01/10/2026,1306760.51,insurance
PAY-002543,INV-002543,1742827842000,581067.45,cash
PAY-002544,INV-002544,1761877613000,1850823.36,card
PAY-002545,INV-002545,2026-01-23 06:45:02,"NGN140,126.25",cash
PAY-002547,INV-002547,2025-03-07 17:52:02,"NGN364,375.24",CASH
PAY-002548,INV-002548,13/04/2026,"NGN1,301,428.75",TRANSFER
PAY-002549,INV-002549,22/04/2025,36756.72,TRANSFER
PAY-002550,INV-002550,26/07/2026,"NGN655,404.12",CASH
PAY-002551,INV-002551,2025-01-13 07:10:51,574629.12,TRANSFER
PAY-002552,INV-002552,10/01/2025,"701,937.59",credit
PAY-002553,INV-002553,19/09/2025,257010.98,card
PAY-002555,INV-002555,1788967565000,"NGN865,427.08",cash
PAY-002556,INV-002556,09/05/2026,"338,670.49",credit
PAY-002557,INV-002557,1745593816000,"15,614.38",insurance
PAY-002558,INV-002558,1767123112000,793515.26,TRANSFER
PAY-002559,INV-002559,1771015106000,"NGN992,911.56",CASH
PAY-002560,INV-002560,26/11/2024,400782.84,credit
PAY-002561,INV-002561,1729269939000,"NGN375,048.15",credit
PAY-002562,INV-002562,1770872689000,"596,201.55",TRANSFER
PAY-002563,INV-002563,2026-04-06 15:06:13,"NGN7,224.00",card
PAY-002564,INV-002564,12/08/2026,44174.22,credit
PAY-002565,INV-002565,2024-11-29 16:37:03,"56,375.19",CASH
PAY-002566,INV-002566,24/11/2024,679960.84,credit
PAY-002567,INV-002567,1756437185000,8143.12,cash
PAY-002569,INV-002569,1738021798000,NGN 1508876.40,cash
PAY-002571,INV-002571,2026-01-30 08:08:49,"562,099.88",cash
PAY-002572,INV-002572,02/06/2026,"1,174,868.11",CASH
PAY-002574,INV-002574,24/01/2025,18737.25,credit
PAY-002575,INV-002575,30/07/2026,"346,437.37",transfer
PAY-002576,INV-002576,1768502924000,441273.85,cash
PAY-002577,INV-002577,14/11/2024,"NGN41,320.50",insurance
PAY-002579,INV-002579,11/11/2025,"232,910.34",transfer
PAY-002580,INV-002580,1751106442000,NGN 680696.90,credit
PAY-002581,INV-002581,1766224152000,28034.20,insurance
PAY-002583,INV-002583,2024-12-13 20:11:34,"NGN543,734.52",TRANSFER
PAY-002585,INV-002585,1751300099000,"NGN23,064.12",cash
PAY-002586,INV-002586,1765786180000,NGN 372541.88,transfer
PAY-002587,INV-002587,1752310752000,NGN 656565.17,insurance
PAY-002588,INV-002588,23/12/2025,"1,308,376.09",transfer
PAY-002589,INV-002589,2025-08-07 19:06:25,"NGN789,303.17",card
PAY-002590,INV-002590,06/08/2026,"536,113.88",CASH
PAY-002592,INV-002592,2024-12-19 02:53:13,"69,134.86",CASH
PAY-002593,INV-002593,18/01/2025,"NGN4,246.25",card
PAY-002594,INV-002594,2025-04-21 17:04:14,"NGN164,668.50",credit
PAY-002596,INV-002596,2025-11-09 11:00:15,"73,480.02",insurance
PAY-002597,INV-002597,30/04/2025,303672.44,TRANSFER
PAY-002598,INV-002598,1780539368000,NGN 528840.80,TRANSFER
PAY-002599,INV-002599,1750490080000,"478,971.84",cash
PAY-002600,INV-002600,2025-10-11 23:41:35,637418.14,card
PAY-002601,INV-002601,1770249259000,"17,253.75",transfer
PAY-002602,INV-002602,14/12/2024,NGN 558241.46,card
PAY-002603,INV-002603,1753297505000,22407.96,cash
PAY-002604,INV-002604,1765831909000,"132,532.06",TRANSFER
PAY-002605,INV-002605,1766491821000,NGN 769502.22,cash
PAY-002606,INV-002606,1749068663000,"171,626.63",TRANSFER
PAY-002608,INV-002608,1746743486000,"742,592.26",TRANSFER
PAY-002609,INV-002609,13/12/2025,36209.47,insurance
PAY-002610,INV-002610,2025-05-20 18:46:38,"NGN7,412.12",card
PAY-002611,INV-002611,1761435533000,347405.14,card
PAY-002612,INV-002612,1734356562000,NGN 2445.62,insurance
PAY-002613,INV-002613,18/09/2025,"NGN65,620.16",cash
PAY-002614,INV-002614,1760264415000,3332.50,credit
PAY-002615,INV-002615,2026-09-21 02:46:45,"NGN463,532.15",card
PAY-002616,INV-002616,1771929183000,"95,774.67",TRANSFER
PAY-002617,INV-002617,2025-10-29 14:19:34,"NGN11,927.12",transfer
PAY-002618,INV-002618,11/02/2025,180704.11,transfer
PAY-002619,INV-002619,2026-04-23 01:56:49,"NGN446,869.30",TRANSFER
PAY-002621,INV-002621,08/12/2024,"NGN305,929.35",credit
PAY-002623,INV-002623,2026-08-17 10:32:24,"NGN141,561.99",insurance
PAY-002624,INV-002624,07/05/2026,750457.26,credit
PAY-002625,INV-002625,19/11/2025,"608,462.01",insurance
PAY-002626,INV-002626,1731957523000,"NGN1,086,275.17",CASH
PAY-002627,INV-002627,1747280932000,"NGN24,670.15",cash
PAY-002629,INV-002629,22/07/2026,NGN 773660.23,card
PAY-002630,INV-002630,21/03/2025,NGN 776340.54,insurance
PAY-002633,INV-002633,2026-08-09 15:04:34,"NGN72,032.42",TRANSFER
PAY-002634,INV-002634,2026-02-02 11:17:10,"26,606.25",cash
PAY-002635,INV-002635,07/07/2025,"NGN142,700.79",TRANSFER
PAY-002636,INV-002636,09/11/2024,"524,291.75",transfer
PAY-002637,INV-002637,1756570169000,12771.00,cash
PAY-002638,INV-002638,2025-12-31 22:48:27,"379,401.23",card
PAY-002639,INV-002639,2025-06-16 20:56:15,"5,708.25",credit
PAY-002640,INV-002640,2025-10-19 17:58:29,"1,317,779.67",transfer
PAY-002641,INV-002641,10/05/2026,NGN 28057.50,insurance
PAY-002642,INV-002642,1749901490000,413975.89,TRANSFER
PAY-002643,INV-002643,2025-11-10 08:41:30,NGN 9755.62,insurance
PAY-002644,INV-002644,13/08/2026,"NGN1,194,854.41",TRANSFER
PAY-002645,INV-002645,1788023673000,NGN 1013464.75,card
PAY-002646,INV-002646,15/05/2026,NGN 639140.97,card
PAY-002647,INV-002647,26/03/2026,"NGN337,361.62",transfer
PAY-002648,INV-002648,2025-09-08 15:40:48,"NGN373,982.11",transfer
PAY-002649,INV-002649,2024-11-01 00:40:13,"1,558.75",cash
PAY-002650,INV-002650,2026-06-13 01:44:13,443620.98,card
PAY-002651,INV-002651,2026-06-25 12:51:21,"NGN201,302.19",credit
PAY-002653,INV-002653,22/12/2024,"NGN133,930.17",TRANSFER
PAY-002656,INV-002656,21/07/2026,"4,192.50",CASH
PAY-002658,INV-002658,2026-06-03 17:24:44,NGN 9481.50,CASH
PAY-002661,INV-002661,20/07/2026,318597.81,CASH
PAY-002662,INV-002662,1765781567000,NGN 885390.85,credit
PAY-002663,INV-002663,1768547404000,749070.15,cash
PAY-002664,INV-002664,2025-03-21 01:00:25,"NGN11,126.25",credit
PAY-002665,INV-002665,1778759811000,"NGN588,234.10",insurance
PAY-002666,INV-002666,2025-09-02 10:53:48,"61,206.33",cash
PAY-002667,INV-002667,06/05/2026,"NGN13,275.88",cash
PAY-002668,INV-002668,1736688864000,NGN 30573.00,TRANSFER
PAY-002669,INV-002669,2024-12-31 01:02:42,"479,427.93",CASH
PAY-002670,INV-002670,1787725240000,"NGN1,276,400.65",insurance
PAY-002671,INV-002671,1768668726000,960490.27,insurance
PAY-002674,INV-002674,2025-08-20 14:11:50,"5,805.00",card
PAY-002675,INV-002675,2025-04-12 05:55:00,"5,279.67",CASH
PAY-002677,INV-002677,30/03/2026,NGN 599706.65,cash
PAY-002680,INV-002680,1777037306000,126963.31,credit
PAY-002681,INV-002681,2026-06-09 08:30:55,704130.20,cash
PAY-002684,INV-002684,02/11/2024,"NGN1,152,054.36",TRANSFER
PAY-002685,INV-002685,2025-08-02 19:03:21,"9,867.24",credit
PAY-002686,INV-002686,04/01/2026,"3,063.75",credit
PAY-002688,INV-002688,10/12/2025,NGN 239462.90,transfer
PAY-002689,INV-002689,1764582973000,"NGN504,712.22",insurance
PAY-002690,INV-002690,2026-05-09 22:25:36,"531,214.42",card
PAY-002691,INV-002691,2026-01-11 13:51:40,NGN 67644.38,cash
PAY-002692,INV-002692,1779842893000,146132.37,credit
PAY-002693,INV-002693,2025-10-16 21:27:50,"399,295.05",insurance
PAY-002694,INV-002694,09/03/2025,273262.66,TRANSFER
PAY-002695,INV-002695,2025-09-21 19:28:57,NGN 3697.98,card
PAY-002696,INV-002696,2024-10-29 14:33:49,399804.94,CASH
PAY-002697,INV-002697,2025-05-18 02:25:54,NGN 106757.21,CASH
PAY-002698,INV-002698,1746239056000,NGN 1313501.57,cash
PAY-002700,INV-002700,1757544164000,824965.58,credit
PAY-002701,INV-002701,2025-11-06 06:26:53,31158.15,CASH
PAY-002702,INV-002702,2025-01-06 09:05:36,120078.94,transfer
PAY-002704,INV-002704,21/01/2025,"128,741.67",card
PAY-002705,INV-002705,1736176225000,NGN 69213.48,insurance
PAY-002707,INV-002707,1785000713000,NGN 2934.75,cash
PAY-002708,INV-002708,1784272421000,NGN 848356.96,insurance
PAY-002709,INV-002709,2025-12-20 09:06:00,"NGN163,331.88",card
PAY-002710,INV-002710,1740438489000,"NGN1,086,960.05",TRANSFER
PAY-002712,INV-002712,04/11/2024,NGN 117115.94,insurance
PAY-002714,INV-002714,2026-08-04 17:09:35,609653.81,credit
PAY-002715,INV-002715,2026-08-14 11:20:15,"404,822.09",TRANSFER
PAY-002716,INV-002716,01/09/2026,"NGN307,074.37",insurance
PAY-002717,INV-002717,1759674166000,"493,125.09",transfer
PAY-002718,INV-002718,2024-12-27 01:11:10,"423,638.51",insurance
PAY-002719,INV-002719,2025-07-09 23:18:14,194121.15,transfer
PAY-002720,INV-002720,2025-07-16 08:39:51,"NGN76,593.75",TRANSFER
PAY-002721,INV-002721,2026-04-24 08:45:41,"302,289.14",credit
PAY-002723,INV-002723,2025-03-22 07:34:21,14028.75,transfer
PAY-002724,INV-002724,2026-01-01 16:38:03,18866.25,card
PAY-002725,INV-002725,11/03/2025,NGN 959639.31,transfer
PAY-002726,INV-002726,22/01/2026,"495,580.04",TRANSFER
PAY-002728,INV-002728,2025-02-03 06:25:50,530091.45,cash
PAY-002729,INV-002729,1787197654000,9271.88,cash
PAY-002731,INV-002731,06/07/2025,1390415.58,card
PAY-002732,INV-002732,1771146934000,406725.68,TRANSFER
PAY-002734,INV-002734,2024-10-07 17:24:30,114808.00,TRANSFER
PAY-002735,INV-002735,1778910669000,"3,708.75",transfer
PAY-002736,INV-002736,2026-09-03 21:29:15,"693,312.77",cash
PAY-002737,INV-002737,1782280692000,2426.73,CASH
PAY-002738,INV-002738,2024-10-14 11:48:13,"653,708.72",cash
PAY-002739,INV-002739,2024-11-27 15:09:56,252296.56,credit
PAY-002740,INV-002740,2026-02-16 18:26:27,34830.00,transfer
PAY-002742,INV-002742,06/03/2026,417899.33,insurance
PAY-002743,INV-002743,18/11/2025,"1,049,874.48",TRANSFER
PAY-002744,INV-002744,1766073026000,"271,714.05",transfer
PAY-002745,INV-002745,05/01/2026,20220.75,CASH
PAY-002746,INV-002746,23/09/2025,"NGN838,626.18",cash
PAY-002747,INV-002747,13/08/2025,191936.30,card
PAY-002748,INV-002748,2025-02-19 04:44:09,653634.12,card
PAY-002749,INV-002749,22/03/2026,NGN 11851.88,TRANSFER
PAY-002750,INV-002750,2024-11-05 07:34:35,"NGN187,552.65",CASH
PAY-002751,INV-002751,2025-06-05 21:58:00,NGN 297465.64,cash
PAY-002752,INV-002752,1754051106000,"231,990.51",card
PAY-002753,INV-002753,08/09/2025,NGN 7353.00,insurance
PAY-002754,INV-002754,1743441828000,1373.92,credit
PAY-002755,INV-002755,2025-09-18 16:17:29,NGN 814458.88,cash
PAY-002757,INV-002757,2025-07-24 16:43:18,585773.42,credit
PAY-002758,INV-002758,1749156333000,15229.16,cash
PAY-002759,INV-002759,1737134211000,NGN 94777.38,insurance
PAY-002760,INV-002760,16/11/2024,"NGN9,336.05",CASH
PAY-002761,INV-002761,1746733293000,"185,960.44",CASH
PAY-002763,INV-002763,1739054765000,NGN 2144.62,CASH
PAY-002765,INV-002765,1782726181000,NGN 639468.41,credit
PAY-002766,INV-002766,2025-11-01 15:31:57,NGN 318674.84,CASH
PAY-002768,INV-002768,2025-01-03 07:25:04,"4,326.88",credit
PAY-002769,INV-002769,2025-08-03 04:59:28,334696.79,TRANSFER
PAY-002770,INV-002770,2025-12-22 21:13:07,"351,885.80",CASH
PAY-002772,INV-002772,1753723527000,"NGN405,815.78",TRANSFER
PAY-002773,INV-002773,07/09/2026,"782,172.88",card
PAY-002774,INV-002774,12/12/2025,"227,190.66",insurance
PAY-002775,INV-002775,2024-09-24 15:34:23,"NGN108,032.38",card
PAY-002776,INV-002776,2025-10-19 10:45:24,169368.72,TRANSFER
PAY-002777,INV-002777,23/09/2026,1089479.05,transfer
PAY-002778,INV-002778,17/07/2026,33636.75,cash
PAY-002779,INV-002779,2026-02-26 20:46:42,"62,384.27",cash
PAY-002780,INV-002780,2026-02-25 18:10:41,NGN 404483.86,cash
PAY-002782,INV-002782,12/02/2026,NGN 551645.22,cash
PAY-002783,INV-002783,2026-03-05 20:57:49,"184,444.55",credit
PAY-002784,INV-002784,14/11/2024,"NGN486,098.78",TRANSFER
PAY-002785,INV-002785,19/12/2025,"685,453.19",TRANSFER
PAY-002787,INV-002787,1775622221000,1537278.01,cash
PAY-002790,INV-002790,2025-05-14 15:34:10,"216,488.17",credit
PAY-002791,INV-002791,2026-08-12 03:22:54,NGN 202633.50,insurance
PAY-002792,INV-002792,13/03/2025,"38,829.00",TRANSFER
PAY-002793,INV-002793,2026-01-30 02:46:23,227971.06,CASH
PAY-002794,INV-002794,27/06/2025,377608.64,CASH
PAY-002798,INV-002798,10/10/2024,NGN 46235.43,TRANSFER
PAY-002799,INV-002799,24/06/2026,NGN 1282206.21,transfer
PAY-002801,INV-002801,09/03/2026,6611.25,TRANSFER
PAY-002803,INV-002803,2024-11-24 12:04:26,"NGN717,839.78",CASH
PAY-002804,INV-002804,2026-08-11 01:33:56,11513.25,insurance
PAY-002805,INV-002805,1747730772000,"90,657.48",TRANSFER
PAY-002806,INV-002806,2026-05-29 06:19:24,NGN 198839.18,card
PAY-002807,INV-002807,27/01/2025,"NGN15,861.57",transfer
PAY-002808,INV-002808,10/04/2025,149994.33,transfer
PAY-002809,INV-002809,18/03/2026,"NGN875,832.18",TRANSFER
PAY-002810,INV-002810,2024-11-25 06:13:32,"234,006.07",CASH
PAY-002813,INV-002813,1740776748000,NGN 4246.25,transfer
PAY-002814,INV-002814,1739942170000,NGN 1571.52,credit
PAY-002815,INV-002815,2025-01-29 10:36:11,"919,566.60",TRANSFER
PAY-002816,INV-002816,2024-12-26 06:18:02,"635,565.95",insurance
PAY-002818,INV-002818,1732636434000,NGN 15103.75,cash
PAY-002819,INV-002819,20/07/2026,NGN 217732.66,card
PAY-002820,INV-002820,23/03/2025,888372.57,credit
PAY-002821,INV-002821,11/02/2026,NGN 43789.50,insurance
PAY-002822,INV-002822,1771433125000,"882,208.97",transfer
PAY-002823,INV-002823,29/11/2025,NGN 22477.88,transfer
PAY-002824,INV-002824,1772509647000,"NGN10,481.25",TRANSFER
PAY-002825,INV-002825,2026-10-07 17:52:40,140354.25,TRANSFER
PAY-002826,INV-002826,17/10/2025,NGN 1149869.10,cash
PAY-002828,INV-002828,2025-04-30 22:18:07,NGN 455326.29,card
PAY-002829,INV-002829,22/02/2025,NGN 611893.24,TRANSFER
PAY-002831,INV-002831,12/03/2025,140193.00,TRANSFER
PAY-002832,INV-002832,16/12/2025,"7,740.00",cash
PAY-002833,INV-002833,2025-12-23 15:41:28,NGN 786712.06,card
PAY-002834,INV-002834,1777240342000,"253,406.34",card
PAY-002835,INV-002835,2025-03-07 13:46:55,NGN 260202.75,card
PAY-002836,INV-002836,2024-12-25 21:25:55,NGN 622259.44,card
PAY-002837,INV-002837,1742459330000,154505.99,credit
PAY-002838,INV-002838,21/04/2025,NGN 1262110.70,TRANSFER
PAY-002839,INV-002839,2026-01-15 07:31:59,"NGN429,993.21",cash
PAY-002840,INV-002840,04/01/2025,NGN 191165.58,credit
PAY-002842,INV-002842,2025-06-18 02:16:36,"NGN496,721.03",CASH
PAY-002844,INV-002844,1765115338000,541932.18,insurance
PAY-002845,INV-002845,1743659614000,"NGN952,510.56",card
PAY-002847,INV-002847,18/05/2025,"8,901.00",credit
PAY-002848,INV-002848,1785541442000,724707.70,transfer
PAY-002850,INV-002850,1756402950000,"456,944.49",CASH
PAY-002852,INV-002852,01/09/2026,"13,808.38",TRANSFER
PAY-002853,INV-002853,2025-04-04 05:28:42,"306,020.44",card
PAY-002854,INV-002854,2025-05-14 03:40:20,"NGN907,912.67",credit
PAY-002856,INV-002856,2026-06-04 14:10:14,"NGN29,531.45",CASH
PAY-002857,INV-002857,08/12/2025,171097.10,TRANSFER
PAY-002858,INV-002858,11/08/2025,95619.25,TRANSFER
PAY-002860,INV-002860,2025-08-26 17:02:10,NGN 20156.25,cash
PAY-002861,INV-002861,1740217493000,"4,452.52",cash
PAY-002862,INV-002862,07/04/2026,"25,257.81",transfer
PAY-002863,INV-002863,2025-04-20 11:40:10,"559,631.17",cash
PAY-002864,INV-002864,03/06/2026,1016644.12,CASH
PAY-002865,INV-002865,2026-03-11 14:24:43,8030.25,credit
PAY-002866,INV-002866,1777864106000,"NGN373,809.26",CASH
PAY-002867,INV-002867,2025-02-25 09:33:18,NGN 16501.25,credit
PAY-002868,INV-002868,1764283896000,"3,954.80",transfer
PAY-002869,INV-002869,2025-09-27 13:07:15,"NGN529,318.76",TRANSFER
PAY-002872,INV-002872,2025-11-04 16:17:25,"NGN10,078.12",CASH
PAY-002873,INV-002873,28/01/2025,"NGN302,097.31",insurance
PAY-002874,INV-002874,04/12/2024,"NGN58,660.66",insurance
PAY-002875,INV-002875,1782290329000,"228,984.98",transfer
PAY-002876,INV-002876,06/04/2026,NGN 1442.83,CASH
PAY-002877,INV-002877,22/08/2026,"1,139,758.88",CASH
PAY-002878,INV-002878,2025-06-28 08:53:31,NGN 39026.15,cash
PAY-002879,INV-002879,2025-11-15 19:13:14,"165,950.40",cash
PAY-002880,INV-002880,2025-09-26 23:17:25,"NGN277,204.01",cash
PAY-002881,INV-002881,14/11/2025,"NGN296,800.44",TRANSFER
PAY-002883,INV-002883,1784744761000,NGN 246934.18,cash
PAY-002884,INV-002884,2024-12-11 03:27:32,"NGN9,890.00",card
PAY-002885,INV-002885,1730036709000,"NGN3,314,806.65",cash
PAY-002886,INV-002886,2025-01-11 11:35:05,"NGN122,565.86",insurance
PAY-002887,INV-002887,1785741462000,NGN 169479.33,transfer
PAY-002888,INV-002888,1744642606000,565585.25,TRANSFER
PAY-002891,INV-002891,1790943801000,NGN 77397.03,card
PAY-002893,INV-002893,1742647575000,690997.28,cash
PAY-002894,INV-002894,2026-08-08 12:39:13,NGN 873794.61,transfer
PAY-002895,INV-002895,2025-02-28 12:42:10,NGN 602648.82,card
PAY-002896,INV-002896,1763174015000,NGN 23115.81,cash
PAY-002897,INV-002897,01/05/2026,"NGN318,219.14",transfer
PAY-002898,INV-002898,2026-01-18 22:20:27,"284,696.53",card
PAY-002899,INV-002899,1767524677000,NGN 510531.89,CASH
PAY-002900,INV-002900,2024-10-05 10:09:52,NGN 2150.00,insurance
PAY-002901,INV-002901,31/12/2025,483555.14,CASH
PAY-002902,INV-002902,06/05/2026,NGN 361827.26,card
PAY-002903,INV-002903,14/05/2026,"NGN669,956.45",credit
PAY-002904,INV-002904,27/07/2025,2929.38,cash
PAY-002905,INV-002905,2026-03-21 15:38:04,"NGN122,695.12",CASH
PAY-002908,INV-002908,1765825141000,NGN 72144.32,transfer
PAY-002909,INV-002909,1778867139000,8992.38,CASH
PAY-002910,INV-002910,2024-12-02 22:03:14,NGN 515441.77,transfer
PAY-002912,INV-002912,2025-05-22 15:16:33,1014553.33,credit
PAY-002914,INV-002914,10/04/2026,"NGN587,275.97",transfer
PAY-002915,INV-002915,1730785604000,"9,137.50",CASH
PAY-002916,INV-002916,2025-07-11 12:43:21,"1,416,251.26",cash
PAY-002917,INV-002917,2026-08-02 03:12:35,1564729.13,CASH
PAY-002918,INV-002918,1783451480000,314297.92,TRANSFER
PAY-002920,INV-002920,1778797113000,NGN 1332369.40,insurance
PAY-002921,INV-002921,1750816330000,"413,143.05",transfer
PAY-002923,INV-002923,2026-04-03 01:25:22,494227.26,TRANSFER
PAY-002924,INV-002924,24/01/2026,"772,886.24",transfer
PAY-002925,INV-002925,2025-09-09 06:57:03,NGN 378624.33,insurance
PAY-002926,INV-002926,2025-04-22 10:20:06,29025.00,card
PAY-002927,INV-002927,05/03/2025,NGN 131633.75,cash
PAY-002928,INV-002928,21/01/2026,"NGN166,971.25",card
PAY-002929,INV-002929,2024-10-17 19:21:39,"337,890.91",CASH
PAY-002930,INV-002930,1748242835000,"759,616.76",transfer
PAY-002932,INV-002932,1764811804000,NGN 120408.66,transfer
PAY-002933,INV-002933,1769703234000,NGN 1626023.69,TRANSFER
PAY-002934,INV-002934,22/12/2024,"634,556.41",CASH
PAY-002935,INV-002935,2025-12-29 17:01:14,"84,249.28",card
PAY-002936,INV-002936,2026-06-13 11:12:38,"56,658.86",TRANSFER
PAY-002937,INV-002937,24/04/2025,375952.90,credit
PAY-002939,INV-002939,1768316766000,NGN 141956.97,CASH
PAY-002940,INV-002940,04/05/2026,NGN 323495.49,credit
PAY-002941,INV-002941,05/11/2024,"7,901.25",insurance
PAY-002942,INV-002942,1736968227000,"721,669.45",TRANSFER
PAY-002943,INV-002943,1744925328000,672794.71,card
PAY-002944,INV-002944,07/04/2025,"NGN3,063.75",insurance
PAY-002945,INV-002945,1742916802000,"NGN14,697.77",transfer
PAY-002946,INV-002946,1755334893000,"NGN557,204.24",insurance
PAY-002947,INV-002947,2025-08-05 16:53:56,"NGN537,456.58",credit
PAY-002948,INV-002948,2024-11-12 10:21:38,NGN 446778.47,credit
PAY-002949,INV-002949,2025-08-28 00:55:02,NGN 72586.96,CASH
PAY-002950,INV-002950,2025-07-29 16:08:23,"NGN35,217.86",CASH
PAY-002951,INV-002951,14/07/2025,NGN 28756.25,transfer
PAY-002952,INV-002952,2026-01-12 15:30:19,305949.16,cash
PAY-002953,INV-002953,27/11/2025,"NGN307,108.19",CASH
PAY-002954,INV-002954,2024-09-20 03:03:18,"5,858.75",TRANSFER
PAY-002957,INV-002957,1732927729000,"442,972.75",transfer
PAY-002958,INV-002958,2025-03-27 06:14:15,"224,041.92",insurance
PAY-002959,INV-002959,29/03/2026,"599,483.94",cash
PAY-002960,INV-002960,1779486451000,NGN 91952.70,TRANSFER
PAY-002965,INV-002965,2025-04-11 21:28:49,2824.34,transfer
PAY-002967,INV-002967,2025-03-28 00:16:16,421374.22,transfer
PAY-002968,INV-002968,2025-07-16 04:44:46,"522,342.32",cash
PAY-002969,INV-002969,13/12/2025,NGN 555605.48,credit
PAY-002970,INV-002970,2025-11-22 23:28:58,"NGN24,268.12",transfer
PAY-002973,INV-002973,2025-10-31 05:10:14,NGN 2483.25,CASH
PAY-002974,INV-002974,26/09/2025,"NGN936,498.82",cash
PAY-002975,INV-002975,04/05/2026,"777,293.28",credit
PAY-002976,INV-002976,1754654689000,"NGN347,231.88",credit
PAY-002977,INV-002977,17/03/2025,NGN 965097.08,cash
PAY-002978,INV-002978,2026-01-07 19:47:28,"NGN872,960.24",credit
PAY-002979,INV-002979,2025-07-28 18:49:45,484418.66,credit
PAY-002980,INV-002980,2025-12-08 09:48:05,1271176.19,TRANSFER
PAY-002981,INV-002981,1746788620000,NGN 997947.04,transfer
PAY-002982,INV-002982,03/09/2026,"1,505,606.24",cash
PAY-002983,INV-002983,14/06/2026,"1,370.75",card
PAY-002984,INV-002984,2025-08-09 05:36:19,"NGN174,554.70",cash
PAY-002985,INV-002985,03/02/2026,"96,744.47",transfer
PAY-002988,INV-002988,12/05/2026,NGN 241378.88,TRANSFER
PAY-002990,INV-002990,1739192008000,NGN 313000.66,insurance
PAY-002993,INV-002993,2026-09-05 08:35:44,"202,683.73",cash
PAY-002995,INV-002995,10/04/2025,"NGN399,353.82",TRANSFER
PAY-002996,INV-002996,1760509043000,315237.70,TRANSFER
PAY-002997,INV-002997,09/01/2026,"23,596.25",card
PAY-002998,INV-002998,28/05/2025,"NGN58,690.83",CASH
PAY-002999,INV-002999,05/05/2026,"1,027,400.26",TRANSFER
PAY-003000,INV-003000,2024-12-20 03:10:24,72539.99,CASH
PAY-003001,INV-003001,1771395182000,"71,633.32",insurance
PAY-003002,INV-003002,2026-06-06 02:48:24,1357595.89,cash
PAY-003005,INV-003005,16/08/2026,"NGN97,233.75",card
PAY-003006,INV-003006,09/08/2026,"NGN377,507.29",card
PAY-003007,INV-003007,2026-01-22 07:23:56,21224.31,cash
PAY-003008,INV-003008,11/10/2024,"32,716.61",credit
PAY-003010,INV-003010,04/02/2026,"754,144.13",TRANSFER
PAY-003011,INV-003011,27/05/2026,"NGN76,056.56",credit
PAY-003013,INV-003013,2025-08-14 15:35:17,"3,273.38",cash
PAY-003014,INV-003014,2025-03-02 09:24:07,88623.00,CASH
PAY-003015,INV-003015,2026-01-12 14:45:15,313631.07,TRANSFER
PAY-003016,INV-003016,1739884484000,927053.64,cash
PAY-003018,INV-003018,1740640365000,NGN 210706.11,insurance
PAY-003019,INV-003019,05/06/2026,NGN 61482.95,insurance
PAY-003020,INV-003020,2025-10-19 01:33:33,"NGN365,566.46",cash
PAY-003022,INV-003022,05/05/2026,1107788.13,TRANSFER
PAY-003024,INV-003024,1766481240000,"NGN535,097.29",insurance
PAY-003025,INV-003025,2026-04-20 07:08:51,NGN 8653.75,insurance
PAY-003026,INV-003026,1777790201000,"NGN7,175.62",insurance
PAY-003027,INV-003027,2025-12-06 13:58:19,NGN 491813.92,CASH
PAY-003028,INV-003028,2024-12-09 19:14:10,40150.94,TRANSFER
PAY-003030,INV-003030,2026-08-31 07:34:12,91146.92,CASH
PAY-003031,INV-003031,1773573784000,NGN 53047.71,TRANSFER
PAY-003032,INV-003032,2025-10-22 09:50:41,"609,773.71",TRANSFER
PAY-003033,INV-003033,1740639836000,NGN 17608.50,TRANSFER
PAY-003034,INV-003034,1733896972000,"527,511.75",TRANSFER
PAY-003035,INV-003035,2024-11-27 13:32:26,"69,147.20",card
PAY-003037,INV-003037,2026-01-13 19:36:40,186140.69,insurance
PAY-003038,INV-003038,1774113450000,NGN 245708.94,insurance
PAY-003039,INV-003039,22/05/2025,"NGN177,352.23",credit
PAY-003040,INV-003040,1760931422000,NGN 842236.50,insurance
PAY-003041,INV-003041,21/10/2024,"NGN370,706.90",CASH
PAY-003043,INV-003043,08/11/2025,NGN 366699.86,cash
PAY-003044,INV-003044,29/06/2025,1000385.39,CASH
PAY-003045,INV-003045,31/01/2026,"NGN1,128.75",TRANSFER
PAY-003046,INV-003046,26/06/2025,"60,870.23",insurance
PAY-003047,INV-003047,2026-03-13 04:38:33,"NGN202,540.53",CASH
PAY-003048,INV-003048,2026-05-31 12:32:28,"65,794.86",insurance
PAY-003049,INV-003049,1768122752000,"2,660,461.67",transfer
PAY-003050,INV-003050,11/10/2025,899114.95,insurance
PAY-003052,INV-003052,1755030276000,2203.75,card
PAY-003054,INV-003054,1772592077000,"NGN614,323.44",credit
PAY-003055,INV-003055,22/01/2026,"592,929.14",cash
PAY-003056,INV-003056,05/04/2026,"576,963.31",CASH
PAY-003058,INV-003058,1753160271000,"36,680.04",card
PAY-003059,INV-003059,2025-11-17 08:04:28,NGN 379536.78,cash
PAY-003060,INV-003060,22/07/2026,NGN 87885.32,insurance
PAY-003062,INV-003062,1777899656000,NGN 489607.12,CASH
PAY-003063,INV-003063,2026-08-12 21:33:10,NGN 243095.79,insurance
PAY-003064,INV-003064,1739692739000,"NGN18,923.93",TRANSFER
PAY-003066,INV-003066,31/01/2026,NGN 1059486.24,credit
PAY-003067,INV-003067,14/04/2025,"394,691.08",insurance
PAY-003068,INV-003068,30/08/2026,"NGN105,773.26",card
PAY-003069,INV-003069,2026-05-31 04:16:18,"74,965.60",CASH
PAY-003071,INV-003071,1783532967000,NGN 329136.30,cash
PAY-003072,INV-003072,2026-08-02 18:39:23,"926,836.08",insurance
PAY-003073,INV-003073,06/08/2026,35991.00,transfer
PAY-003076,INV-003076,2025-07-05 22:11:58,394117.86,credit
PAY-003077,INV-003077,2025-10-07 19:22:36,"117,346.19",transfer
PAY-003079,INV-003079,12/04/2025,"5,192.25",insurance
PAY-003080,INV-003080,2025-02-27 21:42:49,"8,008.75",card
PAY-003081,INV-003081,1740420109000,167444.93,card
PAY-003082,INV-003082,16/03/2026,"NGN16,447.50",card
PAY-003083,INV-003083,1730557550000,47781.67,TRANSFER
PAY-003084,INV-003084,05/07/2026,358711.39,card
PAY-003085,INV-003085,31/01/2025,212646.67,CASH
PAY-003086,INV-003086,08/08/2025,102739.48,insurance
PAY-003088,INV-003088,1782887019000,"NGN11,137.00",card
PAY-003089,INV-003089,2026-05-05 23:50:06,NGN 526615.41,credit
PAY-003091,INV-003091,2026-01-10 05:34:58,NGN 70124.27,cash
PAY-003092,INV-003092,1765091290000,NGN 300517.24,cash
PAY-003093,INV-003093,1781174094000,"1,688,626.03",cash
PAY-003094,INV-003094,1750980980000,"127,977.43",TRANSFER
PAY-003095,INV-003095,1737131814000,NGN 843846.93,cash
PAY-003097,INV-003097,1727656527000,"442,879.75",card
PAY-003098,INV-003098,1742902347000,NGN 252905.20,credit
PAY-003100,INV-003100,08/10/2025,3010.00,CASH
PAY-003101,INV-003101,2026-03-26 08:00:21,"631,125.99",credit
PAY-003102,INV-003102,2025-04-15 03:05:14,350561.82,cash
PAY-003104,INV-003104,1751769131000,"NGN501,538.24",cash
PAY-003105,INV-003105,1790574905000,NGN 633895.95,card
PAY-003107,INV-003107,1727879902000,2730.82,credit
PAY-003109,INV-003109,1770953144000,NGN 51457.77,cash
PAY-003111,INV-003111,1748061708000,"NGN6,835.60",credit
PAY-003112,INV-003112,13/06/2026,910424.10,credit
PAY-003113,INV-003113,2025-10-22 04:33:56,"2,626,844.37",insurance
PAY-003114,INV-003114,2026-02-20 01:33:06,"104,584.58",CASH
PAY-003115,INV-003115,30/07/2025,"NGN765,911.63",credit
PAY-003116,INV-003116,2025-03-22 21:28:26,NGN 8729.00,cash
PAY-003117,INV-003117,1781163763000,"NGN25,074.38",cash
PAY-003118,INV-003118,1745232308000,"901,311.01",credit
PAY-003119,INV-003119,2026-06-07 03:44:31,NGN 505748.51,insurance
PAY-003120,INV-003120,08/04/2025,"582,844.52",insurance
PAY-003121,INV-003121,19/11/2025,"NGN2,821.88",TRANSFER
PAY-003122,INV-003122,1761097189000,NGN 57058.52,transfer
PAY-003124,INV-003124,2026-09-13 11:43:54,NGN 26948.65,credit
PAY-003125,INV-003125,05/12/2024,"NGN126,018.90",cash
PAY-003126,INV-003126,1733153568000,"NGN9,443.88",card
PAY-003127,INV-003127,2025-04-06 22:37:02,"1,908.23",transfer
PAY-003128,INV-003128,1766742650000,860020.07,cash
PAY-003130,INV-003130,2025-04-22 20:40:38,"6,471.50",card
PAY-003132,INV-003132,1780743376000,NGN 29025.00,cash
PAY-003133,INV-003133,1786529712000,NGN 893505.27,card
PAY-003134,INV-003134,03/11/2025,"2,902.50",card
PAY-003135,INV-003135,1754508144000,"21,057.16",TRANSFER
PAY-003137,INV-003137,07/08/2025,NGN 16151.88,TRANSFER
PAY-003138,INV-003138,2025-01-09 21:33:24,"NGN15,383.25",cash
PAY-003140,INV-003140,20/01/2026,197408.95,credit
PAY-003141,INV-003141,28/07/2026,199354.87,transfer
PAY-003142,INV-003142,2025-10-11 23:21:17,"NGN296,099.88",CASH
PAY-003143,INV-003143,10/11/2025,NGN 228542.22,cash
PAY-003144,INV-003144,05/10/2024,"NGN831,328.99",card
PAY-003145,INV-003145,1761200845000,393550.83,credit
PAY-003146,INV-003146,2026-05-20 11:55:16,"NGN84,441.25",transfer
PAY-003147,INV-003147,1739895602000,"38,429.17",card
PAY-003148,INV-003148,1771767766000,NGN 373220.90,TRANSFER
PAY-003149,INV-003149,1728370608000,"894,044.38",CASH
PAY-003151,INV-003151,30/09/2026,NGN 386176.89,insurance
PAY-003152,INV-003152,2025-11-18 22:42:11,NGN 673647.48,insurance
PAY-003153,INV-003153,1777005332000,"743,366.79",cash
PAY-003154,INV-003154,1786478965000,"113,283.26",TRANSFER
PAY-003155,INV-003155,18/03/2026,254957.15,credit
PAY-003156,INV-003156,18/04/2025,531130.41,transfer
PAY-003157,INV-003157,2026-07-23 19:14:47,15994.99,cash
PAY-003158,INV-003158,2024-12-07 21:52:01,"NGN74,877.40",CASH
PAY-003159,INV-003159,1748644682000,"301,747.90",insurance
PAY-003160,INV-003160,2025-10-29 22:11:10,"NGN137,499.20",card
PAY-003162,INV-003162,1742491523000,1728916.45,card
PAY-003163,INV-003163,2025-05-24 12:32:46,"550,958.53",cash
PAY-003164,INV-003164,08/12/2024,"663,548.23",CASH
PAY-003165,INV-003165,2025-04-21 08:35:45,NGN 62309.66,TRANSFER
PAY-003166,INV-003166,2026-08-03 10:15:08,NGN 383653.90,CASH
PAY-003167,INV-003167,29/03/2026,NGN 140289.72,transfer
PAY-003168,INV-003168,1742875508000,"NGN6,396.25",cash
PAY-003169,INV-003169,1731190665000,289550.18,TRANSFER
PAY-003170,INV-003170,1760028657000,NGN 382819.99,transfer
PAY-003171,INV-003171,2025-09-20 09:17:44,402299.30,card
PAY-003172,INV-003172,2025-04-27 18:55:56,NGN 447664.63,TRANSFER
PAY-003173,INV-003173,2026-03-19 16:33:13,233347.35,transfer
PAY-003174,INV-003174,05/03/2025,"30,951.52",transfer
PAY-003175,INV-003175,2026-03-27 16:03:50,"NGN489,569.49",CASH
PAY-003178,INV-003178,17/12/2025,"NGN8,116.25",card
PAY-003179,INV-003179,2026-08-17 08:00:32,655195.99,card
PAY-003180,INV-003180,2025-08-28 18:14:19,NGN 509952.33,TRANSFER
PAY-003181,INV-003181,1756598708000,"675,729.38",insurance
PAY-003182,INV-003182,05/03/2025,NGN 1098676.47,cash
PAY-003183,INV-003183,2026-06-07 15:16:18,NGN 295795.31,CASH
PAY-003184,INV-003184,22/06/2026,3574.38,insurance
PAY-003185,INV-003185,12/01/2026,NGN 655533.80,insurance
PAY-003186,INV-003186,1756878753000,NGN 352821.80,cash
PAY-003187,INV-003187,1734618908000,431909.49,card
PAY-003188,INV-003188,2026-06-09 15:39:33,"1,845.62",card
PAY-003189,INV-003189,1751857151000,14704.03,CASH
PAY-003190,INV-003190,1762850337000,"NGN51,761.25",CASH
PAY-003191,INV-003191,2025-12-04 16:30:57,"NGN333,962.49",card
PAY-003192,INV-003192,2026-03-23 21:41:29,"3,144.38",card
PAY-003193,INV-003193,2024-11-26 00:09:07,"436,609.35",insurance
PAY-003194,INV-003194,2026-06-19 16:37:57,NGN 387853.94,card
PAY-003195,INV-003195,02/06/2026,89286.99,transfer
PAY-003196,INV-003196,1773082170000,12313.87,CASH
PAY-003197,INV-003197,2026-06-19 19:13:17,"458,349.94",cash
PAY-003200,INV-003200,1767051568000,4813.38,credit
PAY-003201,INV-003201,2024-10-04 04:31:14,"186,127.29",CASH
PAY-003202,INV-003202,2025-06-24 23:44:42,573471.67,card
PAY-003203,INV-003203,2026-08-07 05:43:59,NGN 987814.25,insurance
PAY-003204,INV-003204,2025-05-22 01:23:43,"351,348.77",credit
PAY-003205,INV-003205,1731293131000,NGN 904417.58,insurance
PAY-003206,INV-003206,28/08/2025,NGN 609169.72,cash
PAY-003207,INV-003207,1766112232000,"NGN734,070.15",insurance
PAY-003208,INV-003208,1739481728000,NGN 680669.28,CASH
PAY-003209,INV-003209,2026-08-19 19:45:10,NGN 696661.26,insurance
PAY-003211,INV-003211,09/05/2025,"1,424.38",card
PAY-003213,INV-003213,12/05/2025,NGN 180085.64,CASH
PAY-003214,INV-003214,1733233044000,NGN 864152.78,insurance
PAY-003216,INV-003216,1754369628000,"NGN497,590.32",insurance
PAY-003217,INV-003217,2024-11-29 08:57:05,NGN 362095.30,insurance
PAY-003219,INV-003219,1749650849000,1130135.71,cash
PAY-003220,INV-003220,02/10/2025,"509,337.49",TRANSFER
PAY-003222,INV-003222,2025-03-18 12:18:32,NGN 55528.08,CASH
PAY-003223,INV-003223,1778948235000,"NGN446,582.17",cash
PAY-003224,INV-003224,18/09/2024,"235,494.84",TRANSFER
PAY-003225,INV-003225,1732105932000,"NGN305,644.19",credit
PAY-003226,INV-003226,15/03/2025,"273,043.24",transfer
PAY-003227,INV-003227,09/10/2026,"NGN556,569.95",CASH
PAY-003228,INV-003228,2025-02-07 18:45:55,"NGN369,084.66",credit
PAY-003229,INV-003229,29/03/2026,"NGN879,951.96",cash
PAY-003230,INV-003230,2024-11-19 00:30:10,3992.79,transfer
PAY-003231,INV-003231,2025-09-02 19:51:09,"NGN639,117.41",cash
PAY-003233,INV-003233,1775019754000,3628.12,card
PAY-003234,INV-003234,09/12/2024,"269,185.73",credit
PAY-003235,INV-003235,04/07/2025,NGN 448138.52,transfer
PAY-003236,INV-003236,2026-07-28 16:26:03,"NGN343,774.73",cash
PAY-003237,INV-003237,1786264361000,"301,457.93",transfer
PAY-003238,INV-003238,2025-08-09 12:58:16,"623,199.81",CASH
PAY-003239,INV-003239,1775448799000,"19,672.50",CASH
PAY-003240,INV-003240,2026-05-02 05:27:12,"4,590.25",CASH
PAY-003241,INV-003241,2026-09-05 04:20:28,57257.79,TRANSFER
PAY-003243,INV-003243,26/05/2025,"932,710.31",TRANSFER
PAY-003245,INV-003245,21/09/2026,"NGN126,420.98",transfer
PAY-003246,INV-003246,21/03/2026,NGN 322517.05,TRANSFER
PAY-003247,INV-003247,2025-06-24 22:14:43,4160.25,TRANSFER
PAY-003248,INV-003248,2026-08-02 01:33:04,524858.03,credit
PAY-003250,INV-003250,2025-12-17 08:03:35,"NGN108,896.09",transfer
PAY-003251,INV-003251,1772838230000,"57,811.69",CASH
PAY-003254,INV-003254,14/03/2025,8546.25,CASH
PAY-003255,INV-003255,02/02/2025,"NGN437,894.55",card
PAY-003256,INV-003256,2026-03-31 20:01:38,535207.62,transfer
PAY-003257,INV-003257,1776007765000,"627,655.72",credit
PAY-003258,INV-003258,13/05/2026,123180.76,insurance
PAY-003261,INV-003261,1749670495000,NGN 13733.12,cash
PAY-003262,INV-003262,20/10/2024,"NGN488,194.30",card
PAY-003265,INV-003265,06/07/2025,"79,612.56",cash
PAY-003266,INV-003266,2025-03-26 04:35:00,"439,443.97",cash
PAY-003268,INV-003268,28/02/2025,27367.01,CASH
PAY-003269,INV-003269,2024-12-22 02:45:39,"NGN287,752.86",credit
PAY-003270,INV-003270,1771008409000,"NGN470,246.19",TRANSFER
PAY-003271,INV-003271,03/12/2024,NGN 608903.17,transfer
PAY-003272,INV-003272,1732987494000,"NGN831,096.82",transfer
PAY-003273,INV-003273,1777828374000,268560.87,transfer
PAY-003274,INV-003274,2026-05-10 13:30:43,26782.58,TRANSFER
PAY-003275,INV-003275,27/04/2026,"NGN1,806,887.36",CASH
PAY-003277,INV-003277,12/05/2025,"3,332.50",TRANSFER
PAY-003278,INV-003278,1771752345000,"NGN258,219.38",CASH
PAY-003279,INV-003279,1748564232000,1339875.92,credit
PAY-003280,INV-003280,2026-03-17 03:08:40,"NGN879,625.58",CASH
PAY-003281,INV-003281,1732525791000,"NGN89,372.15",TRANSFER
PAY-003283,INV-003283,1736554527000,"NGN209,060.76",cash
PAY-003285,INV-003285,2026-04-24 17:33:54,"361,985.84",credit
PAY-003287,INV-003287,1734679469000,"NGN505,975.41",CASH
PAY-003288,INV-003288,17/07/2026,"184,486.53",insurance
PAY-003291,INV-003291,07/04/2025,"NGN178,058.38",card
PAY-003292,INV-003292,21/06/2026,"NGN167,094.80",CASH
PAY-003293,INV-003293,24/01/2026,"NGN373,873.38",cash
PAY-003296,INV-003296,1766237797000,NGN 76099.24,CASH
PAY-003297,INV-003297,24/04/2026,75591.70,transfer
PAY-003298,INV-003298,1749423342000,NGN 10647.88,card
PAY-003299,INV-003299,1782495724000,NGN 8967.23,insurance
PAY-003300,INV-003300,2025-11-01 19:18:35,67027.29,TRANSFER
PAY-003301,INV-003301,2025-10-18 07:44:48,NGN 618969.23,CASH
PAY-003302,INV-003302,07/11/2024,NGN 317474.60,card
PAY-003304,INV-003304,2025-10-13 17:16:51,"NGN384,334.69",CASH
PAY-003305,INV-003305,06/01/2025,139476.91,insurance
PAY-003306,INV-003306,2025-07-01 13:22:30,"NGN110,127.15",insurance
PAY-003307,INV-003307,1781364751000,NGN 1901752.21,transfer
PAY-003308,INV-003308,2026-03-05 19:51:25,NGN 416535.19,insurance
PAY-003309,INV-003309,1782562575000,NGN 645603.23,cash
PAY-003310,INV-003310,1788380962000,NGN 22655.59,credit
PAY-003311,INV-003311,2026-05-02 06:30:06,NGN 974884.91,TRANSFER
PAY-003312,INV-003312,1735233208000,"NGN4,316.51",card
PAY-003313,INV-003313,1740393133000,667383.02,card
PAY-003314,INV-003314,04/06/2026,"34,917.85",card
PAY-003315,INV-003315,1746042884000,NGN 107621.95,insurance
PAY-003317,INV-003317,1729957082000,19301.62,transfer
PAY-003318,INV-003318,1743115287000,"84,240.25",CASH
PAY-003319,INV-003319,01/02/2026,"NGN860,282.28",credit
PAY-003320,INV-003320,2026-01-10 16:40:44,"NGN17,092.50",cash
PAY-003321,INV-003321,25/01/2026,"NGN843,370.05",cash
PAY-003322,INV-003322,2025-10-09 19:46:26,"NGN907,346.32",CASH
PAY-003325,INV-003325,1750788475000,"NGN26,531.44",CASH
PAY-003326,INV-003326,1772710021000,89923.12,transfer
PAY-003327,INV-003327,2026-07-19 15:59:48,NGN 330594.75,TRANSFER
PAY-003329,INV-003329,2025-06-09 09:45:39,"798,715.10",TRANSFER
PAY-003330,INV-003330,1770394359000,NGN 94421.74,card
PAY-003331,INV-003331,09/07/2026,"120,794.79",cash
PAY-003332,INV-003332,2024-09-21 14:53:30,144151.75,card
PAY-003333,INV-003333,25/03/2026,"774,810.35",card
PAY-003334,INV-003334,2025-12-27 04:44:22,1403334.79,cash
PAY-003335,INV-003335,2025-03-07 12:51:19,"NGN536,160.40",credit
PAY-003336,INV-003336,1770592573000,"874,725.21",CASH
PAY-003337,INV-003337,15/12/2024,179863.94,TRANSFER
PAY-003338,INV-003338,2025-01-12 14:18:17,12094.66,CASH
PAY-003339,INV-003339,1745112480000,"1,014,111.28",transfer
PAY-003340,INV-003340,1741657601000,4538.90,cash
PAY-003342,INV-003342,2025-05-05 05:58:14,638909.53,CASH
PAY-003344,INV-003344,1778023129000,180415.28,cash
PAY-003345,INV-003345,1785264610000,"751,535.33",cash
PAY-003346,INV-003346,2026-07-31 13:19:16,NGN 206187.63,cash
PAY-003347,INV-003347,2025-07-09 02:33:13,"NGN247,125.61",credit
PAY-003349,INV-003349,2025-07-14 19:59:35,"NGN4,219.38",cash
PAY-003350,INV-003350,06/10/2025,NGN 699.60,CASH
PAY-003351,INV-003351,1734272373000,NGN 955487.01,card
PAY-003352,INV-003352,10/02/2025,NGN 1268562.52,cash
PAY-003356,INV-003356,1758284634000,NGN 298192.02,insurance
PAY-003357,INV-003357,14/11/2024,NGN 17415.00,TRANSFER
PAY-003359,INV-003359,1769412356000,"NGN5,133.12",credit
PAY-003360,INV-003360,2026-01-24 20:56:42,NGN 27439.38,insurance
PAY-003362,INV-003362,2025-07-29 00:03:46,NGN 394217.97,cash
PAY-003363,INV-003363,1789871508000,NGN 1313867.92,insurance
PAY-003365,INV-003365,1790363865000,NGN 943930.49,insurance
PAY-003366,INV-003366,1782472779000,"20,957.12",card
PAY-003368,INV-003368,01/02/2026,NGN 401812.73,CASH
PAY-003370,INV-003370,26/09/2025,NGN 37678.75,cash
PAY-003372,INV-003372,2025-03-21 15:26:25,"44,782.77",CASH
PAY-003373,INV-003373,02/05/2026,"737,380.06",CASH
PAY-003374,INV-003374,2026-07-29 14:24:24,"NGN484,907.74",card
PAY-003375,INV-003375,18/11/2025,"286,918.58",insurance
PAY-003376,INV-003376,2025-07-13 19:20:21,"NGN163,182.15",insurance
PAY-003378,INV-003378,10/01/2026,1988.75,insurance
PAY-003379,INV-003379,1783772656000,15050.00,card
PAY-003381,INV-003381,08/03/2025,"988,548.28",CASH
PAY-003382,INV-003382,1788847042000,"211,377.94",transfer
PAY-003383,INV-003383,1730540157000,NGN 148952.54,cash
PAY-003384,INV-003384,1738563031000,525170.00,credit
PAY-003385,INV-003385,2026-04-08 01:52:54,"766,327.85",transfer
PAY-003386,INV-003386,16/01/2026,358101.38,CASH
PAY-003388,INV-003388,26/10/2024,"NGN738,529.54",TRANSFER
PAY-003389,INV-003389,2026-02-09 20:33:02,217632.16,TRANSFER
PAY-003390,INV-003390,2025-01-26 22:45:13,12287.25,insurance
PAY-003392,INV-003392,2026-05-05 01:33:33,123502.67,TRANSFER
PAY-003393,INV-003393,1786180946000,"NGN404,398.04",TRANSFER
PAY-003394,INV-003394,1774498030000,67622.70,insurance
PAY-003395,INV-003395,2026-01-06 22:03:16,"NGN268,936.47",credit
PAY-003396,INV-003396,2025-05-23 18:07:57,"541,791.52",insurance
PAY-003399,INV-003399,2025-02-03 04:44:38,904979.51,insurance
PAY-003401,INV-003401,26/05/2025,"6,772.50",transfer
PAY-003402,INV-003402,2025-03-16 05:37:51,1084549.80,cash
PAY-003403,INV-003403,2025-02-14 08:37:55,"NGN379,155.90",card
PAY-003404,INV-003404,2026-03-06 21:57:39,NGN 720560.57,CASH
PAY-003405,INV-003405,2025-09-22 15:34:16,NGN 756271.24,insurance
PAY-003406,INV-003406,1729884508000,"NGN1,001,499.09",card
PAY-003407,INV-003407,2025-09-08 03:38:05,"1,107,487.03",insurance
PAY-003408,INV-003408,2024-11-23 14:40:24,"NGN64,562.55",cash
PAY-003409,INV-003409,1756258638000,632867.19,card
PAY-003410,INV-003410,1740983599000,NGN 73575.30,card
PAY-003411,INV-003411,1731731154000,76928.61,CASH
PAY-003412,INV-003412,04/06/2026,NGN 37522.64,credit
PAY-003413,INV-003413,1769045281000,"474,192.34",cash
PAY-003415,INV-003415,14/04/2025,"250,771.14",CASH
PAY-003418,INV-003418,1740296019000,NGN 14028.75,transfer
PAY-003419,INV-003419,23/05/2025,NGN 38377.50,card
PAY-003420,INV-003420,1777106168000,125721.25,cash
PAY-003421,INV-003421,2025-09-15 06:13:18,580181.80,credit
PAY-003422,INV-003422,2025-03-10 10:52:55,"NGN300,684.81",transfer
PAY-003423,INV-003423,1768602731000,"NGN304,895.99",TRANSFER
PAY-003425,INV-003425,1753115401000,5582.04,CASH
PAY-003426,INV-003426,2025-05-14 14:53:19,200229.60,CASH
PAY-003427,INV-003427,11/12/2025,9083.75,CASH
PAY-003428,INV-003428,1778475837000,532128.90,cash
PAY-003430,INV-003430,1735516423000,272563.00,credit
PAY-003431,INV-003431,1784284568000,NGN 273516.96,CASH
PAY-003432,INV-003432,09/03/2025,733405.48,CASH
PAY-003434,INV-003434,07/01/2025,NGN 183976.71,card
PAY-003435,INV-003435,1786282213000,"444,492.96",TRANSFER
PAY-003436,INV-003436,2025-02-16 17:24:36,36381.67,TRANSFER
PAY-003437,INV-003437,10/10/2024,NGN 489173.82,credit
PAY-003439,INV-003439,1758701620000,NGN 1666.25,card
PAY-003440,INV-003440,1757264920000,NGN 8626.88,CASH
PAY-003441,INV-003441,12/08/2025,NGN 218057.92,transfer
PAY-003442,INV-003442,2026-02-04 19:21:01,NGN 380985.29,cash
PAY-003446,INV-003446,1781279732000,"257,818.93",card
PAY-003447,INV-003447,1760479932000,NGN 292362.62,credit
PAY-003449,INV-003449,1742310381000,"NGN399,595.97",credit
PAY-003452,INV-003452,15/05/2026,"NGN849,775.13",insurance
PAY-003453,INV-003453,26/07/2025,"NGN517,141.92",cash
PAY-003454,INV-003454,12/04/2025,"NGN18,866.25",CASH
PAY-003456,INV-003456,1739182609000,263577.32,transfer
PAY-003457,INV-003457,2026-01-08 06:39:08,"564,715.02",cash
PAY-003458,INV-003458,1728235735000,NGN 240406.86,CASH
PAY-003459,INV-003459,1739440857000,"213,011.25",insurance
PAY-003460,INV-003460,2026-06-12 23:47:23,"NGN218,228.49",card
PAY-003461,INV-003461,2026-08-22 05:31:01,263358.12,cash
PAY-003462,INV-003462,19/09/2025,NGN 5149.08,card
PAY-003463,INV-003463,1744927342000,14749.00,CASH
PAY-003464,INV-003464,01/05/2025,"NGN19,914.38",credit
PAY-003465,INV-003465,1775323187000,NGN 76119.15,TRANSFER
PAY-003466,INV-003466,06/03/2026,NGN 96884.46,cash
PAY-003467,INV-003467,1755913735000,NGN 434422.25,insurance
PAY-003468,INV-003468,2025-10-21 16:11:00,200940.85,insurance
PAY-003469,INV-003469,2025-10-15 18:49:34,"NGN53,857.50",transfer
PAY-003471,INV-003471,1745227541000,NGN 116779.36,CASH
PAY-003473,INV-003473,15/06/2026,"NGN7,186.38",credit
PAY-003474,INV-003474,2026-07-31 00:38:14,"49,799.38",CASH
PAY-003475,INV-003475,23/09/2026,"563,238.23",transfer
PAY-003477,INV-003477,10/07/2026,"NGN48,308.51",card
PAY-003478,INV-003478,2025-10-21 16:26:44,"NGN443,775.15",cash
PAY-003480,INV-003480,1756282559000,"NGN656,109.33",CASH
PAY-003481,INV-003481,05/04/2025,"711,246.70",CASH
PAY-003482,INV-003482,2026-02-08 03:41:36,NGN 324859.35,TRANSFER
PAY-003483,INV-003483,25/08/2026,NGN 449513.72,credit
PAY-003484,INV-003484,04/02/2026,"NGN174,537.00",card
PAY-003485,INV-003485,1779228640000,375516.24,insurance
PAY-003486,INV-003486,2026-07-09 03:12:23,NGN 1358502.26,cash
PAY-003487,INV-003487,19/09/2026,"NGN480,769.22",TRANSFER
PAY-003488,INV-003488,2025-12-17 18:16:38,"1,287,187.47",insurance
PAY-003489,INV-003489,01/09/2026,"478,366.74",credit
PAY-003491,INV-003491,2025-11-08 08:05:18,NGN 1468832.29,credit
PAY-003492,INV-003492,06/11/2025,"519,001.72",TRANSFER
PAY-003493,INV-003493,28/03/2026,"272,788.42",CASH
PAY-003496,INV-003496,1764100130000,"212,153.71",card
PAY-003498,INV-003498,26/01/2026,928886.81,insurance
PAY-003499,INV-003499,2025-11-29 05:22:09,"NGN25,614.15",TRANSFER
PAY-003500,INV-003500,1761029929000,NGN 17576.25,CASH
PAY-003501,INV-003501,11/10/2025,NGN 644537.56,CASH
PAY-003502,INV-003502,15/07/2025,NGN 1120392.55,cash
PAY-003503,INV-003503,1745115829000,533891.61,credit
PAY-003504,INV-003504,2026-08-04 03:23:52,"NGN889,726.09",insurance
PAY-003505,INV-003505,2024-12-15 04:10:57,10411.29,CASH
PAY-003506,INV-003506,1767952052000,294847.61,CASH
PAY-003507,INV-003507,1729428409000,"753,999.14",insurance
PAY-003508,INV-003508,2026-04-02 19:40:24,237427.38,cash
PAY-003509,INV-003509,2025-12-30 03:57:19,"NGN406,606.99",insurance
PAY-003510,INV-003510,2026-07-11 18:35:49,"NGN559,423.04",cash
PAY-003511,INV-003511,1774449935000,476518.72,cash
PAY-003513,INV-003513,1773979542000,"255,258.75",CASH
PAY-003514,INV-003514,2025-03-08 10:20:43,NGN 346448.24,CASH
PAY-003516,INV-003516,1765746165000,NGN 200594.67,cash
PAY-003517,INV-003517,2025-09-05 05:19:25,"NGN5,918.09",insurance
PAY-003518,INV-003518,1763577955000,"419,657.28",card
PAY-003519,INV-003519,27/01/2026,"NGN447,981.71",card
PAY-003521,INV-003521,09/08/2025,NGN 578636.55,credit
PAY-003522,INV-003522,2024-12-03 04:25:26,42410.32,TRANSFER
PAY-003523,INV-003523,2024-10-20 00:49:45,"745,564.66",cash
PAY-003524,INV-003524,2025-06-30 11:15:36,"71,847.94",TRANSFER
PAY-003526,INV-003526,25/12/2024,"NGN978,878.89",TRANSFER
PAY-003527,INV-003527,2026-01-16 06:16:33,"NGN1,223,461.22",cash
PAY-003528,INV-003528,28/01/2025,NGN 186314.83,TRANSFER
PAY-003529,INV-003529,1778905068000,"470,211.46",card
PAY-003531,INV-003531,19/11/2024,"99,103.31",transfer
PAY-003532,INV-003532,1760012600000,NGN 541801.13,credit
PAY-003534,INV-003534,1774230123000,"NGN534,218.83",TRANSFER
PAY-003536,INV-003536,1778609798000,"73,198.85",insurance
PAY-003537,INV-003537,2026-07-18 12:52:34,648159.34,transfer
PAY-003538,INV-003538,1787000491000,660850.46,credit
PAY-003539,INV-003539,16/07/2025,"NGN1,881.25",TRANSFER
PAY-003540,INV-003540,2024-10-26 12:45:04,1156968.98,transfer
PAY-003541,INV-003541,1786449702000,"88,862.75",cash
PAY-003542,INV-003542,19/06/2025,"75,742.22",credit
PAY-003543,INV-003543,2025-06-21 01:46:40,41063.90,CASH
PAY-003544,INV-003544,1732284138000,"NGN95,282.24",CASH
PAY-003545,INV-003545,1751758940000,164813.54,credit
PAY-003546,INV-003546,08/02/2026,NGN 11901.16,CASH
PAY-003547,INV-003547,1773077502000,447434.24,card
PAY-003548,INV-003548,2025-05-26 16:38:44,NGN 8223.75,cash
PAY-003549,INV-003549,2025-11-01 21:33:21,"6,999.68",credit
PAY-003550,INV-003550,2025-04-15 18:55:01,52611.54,CASH
PAY-003551,INV-003551,26/06/2025,"3,789.38",cash
PAY-003552,INV-003552,09/03/2026,"NGN50,945.68",transfer
PAY-003553,INV-003553,1733967948000,NGN 598180.87,card
PAY-003557,INV-003557,2024-12-15 22:45:51,"297,255.95",CASH
PAY-003558,INV-003558,1761795657000,89114.08,CASH
PAY-003559,INV-003559,1751580100000,"234,451.79",transfer
PAY-003560,INV-003560,09/04/2025,"NGN311,540.31",insurance
PAY-003561,INV-003561,2026-07-10 21:14:21,"1,039,524.78",CASH
PAY-003562,INV-003562,2026-06-24 07:22:01,930950.16,card
PAY-003563,INV-003563,2025-02-17 03:19:27,"NGN10,884.38",TRANSFER
PAY-003564,INV-003564,1734684445000,"NGN634,461.69",TRANSFER
PAY-003565,INV-003565,15/05/2026,555515.57,CASH
PAY-003566,INV-003566,27/07/2026,NGN 65943.85,credit
PAY-003567,INV-003567,2025-11-30 11:04:24,192242.25,credit
PAY-003568,INV-003568,1749978747000,1020994.78,credit
PAY-003571,INV-003571,15/02/2025,"616,265.72",card
PAY-003572,INV-003572,04/08/2025,5719.00,insurance
PAY-003573,INV-003573,2025-11-12 04:01:14,"366,945.42",transfer
PAY-003574,INV-003574,26/10/2024,"111,641.51",credit
PAY-003576,INV-003576,1751411486000,"NGN835,161.39",card
PAY-003577,INV-003577,08/10/2024,"NGN491,334.40",transfer
PAY-003578,INV-003578,2026-06-03 18:08:36,"NGN115,151.44",TRANSFER
PAY-003579,INV-003579,2024-11-19 18:37:14,125277.56,credit
PAY-003581,INV-003581,1759665377000,"NGN212,419.67",cash
PAY-003582,INV-003582,1745043352000,121190.05,card
PAY-003583,INV-003583,15/03/2026,"NGN1,036,666.91",transfer
PAY-003584,INV-003584,21/03/2026,313255.94,insurance
PAY-003585,INV-003585,1730879331000,33620.62,CASH
PAY-003586,INV-003586,2026-06-08 04:11:33,251520.30,credit
PAY-003587,INV-003587,1771859201000,"NGN792,357.20",card
PAY-003588,INV-003588,1760048757000,145501.01,transfer
PAY-003590,INV-003590,1775313981000,"NGN50,987.25",insurance
PAY-003592,INV-003592,09/09/2026,"NGN400,215.39",card
PAY-003593,INV-003593,1776764296000,5778.12,cash
PAY-003594,INV-003594,2025-10-09 17:57:03,"NGN509,467.59",transfer
PAY-003599,INV-003599,1747289657000,NGN 500393.32,transfer
PAY-003600,INV-003600,03/03/2026,"NGN8,209.30",card
PAY-003602,INV-003602,22/05/2025,NGN 7041.25,cash
PAY-003607,INV-003607,1745224828000,"191,432.66",CASH
PAY-003608,INV-003608,10/11/2025,NGN 443545.77,CASH
PAY-003609,INV-003609,1728873068000,"572,301.08",credit
PAY-003610,INV-003610,23/04/2025,NGN 7223.13,CASH
PAY-003612,INV-003612,1753459773000,411933.94,TRANSFER
PAY-003613,INV-003613,2025-06-21 03:26:59,282016.41,CASH
PAY-003614,INV-003614,2025-05-26 15:12:34,NGN 214277.13,TRANSFER
PAY-003616,INV-003616,2025-01-09 12:25:25,"NGN239,151.18",credit
PAY-003618,INV-003618,1776678500000,454583.87,CASH
PAY-003619,INV-003619,1766857465000,"NGN206,033.33",TRANSFER
PAY-003620,INV-003620,08/11/2024,80389.27,TRANSFER
PAY-003622,INV-003622,1754370114000,NGN 206016.34,CASH
PAY-003623,INV-003623,1739665552000,NGN 486884.31,credit
PAY-003626,INV-003626,2026-01-05 01:57:45,NGN 268424.51,TRANSFER
PAY-003627,INV-003627,2026-04-18 07:22:35,834267.59,credit
PAY-003628,INV-003628,1751511810000,"NGN94,409.34",transfer
PAY-003629,INV-003629,1755811458000,1015009.60,insurance
PAY-003631,INV-003631,20/05/2025,"NGN56,525.91",TRANSFER
PAY-003632,INV-003632,1727405656000,"494,528.93",insurance
PAY-003633,INV-003633,1763763059000,108639.72,credit
PAY-003634,INV-003634,26/04/2026,"46,131.95",TRANSFER
PAY-003635,INV-003635,1760381698000,NGN 216362.65,card
PAY-003636,INV-003636,2025-06-17 02:03:03,NGN 239282.66,credit
PAY-003637,INV-003637,2026-05-16 03:55:45,"230,206.88",CASH
PAY-003638,INV-003638,2025-08-23 19:36:50,"272,149.08",CASH
PAY-003639,INV-003639,2026-09-10 08:02:44,1360671.28,transfer
PAY-003640,INV-003640,1777186949000,"666,436.81",transfer
PAY-003641,INV-003641,2024-11-08 02:39:14,"NGN217,958.93",card
PAY-003642,INV-003642,1736436963000,NGN 544452.75,transfer
PAY-003644,INV-003644,2025-06-01 02:09:58,"NGN388,270.09",CASH
PAY-003645,INV-003645,22/04/2025,"452,980.50",card
PAY-003646,INV-003646,2025-12-10 21:17:56,NGN 5529.95,CASH
PAY-003647,INV-003647,1779571293000,"NGN30,863.25",insurance
PAY-003649,INV-003649,2025-10-21 22:40:34,"NGN32,121.00",TRANSFER
PAY-003650,INV-003650,11/10/2025,464860.42,CASH
PAY-003651,INV-003651,24/04/2025,NGN 198492.66,CASH
PAY-003652,INV-003652,17/04/2025,NGN 776006.72,credit
PAY-003654,INV-003654,10/02/2025,NGN 306082.87,card
PAY-003656,INV-003656,1743887045000,383657.32,TRANSFER
PAY-003657,INV-003657,11/01/2026,NGN 116281.45,card
PAY-003659,INV-003659,07/01/2025,"NGN3,171.25",card
PAY-003660,INV-003660,2024-10-21 07:24:48,NGN 7256.25,transfer
PAY-003662,INV-003662,2025-05-31 13:33:33,9755.62,card
PAY-003663,INV-003663,04/05/2026,"5,588.11",CASH
PAY-003664,INV-003664,1734636653000,"175,794.75",CASH
PAY-003665,INV-003665,01/05/2026,"651,014.96",TRANSFER
PAY-003666,INV-003666,2025-08-29 07:26:25,NGN 1350.69,CASH
PAY-003668,INV-003668,2026-01-04 16:39:33,"1,058,943.45",credit
PAY-003669,INV-003669,2026-01-23 03:46:10,19543.50,CASH
PAY-003672,INV-003672,1782852897000,NGN 935083.25,cash
PAY-003673,INV-003673,2026-02-14 10:56:14,NGN 27896.25,transfer
PAY-003674,INV-003674,22/02/2026,"NGN210,968.89",CASH
PAY-003675,INV-003675,13/04/2025,29422.87,insurance
PAY-003676,INV-003676,1771306639000,6288.75,card
PAY-003677,INV-003677,15/02/2025,"NGN562,054.10",credit
PAY-003679,INV-003679,2025-12-10 07:54:08,NGN 489604.90,CASH
PAY-003681,INV-003681,1735444054000,"204,704.25",CASH
PAY-003682,INV-003682,1783380518000,"NGN311,237.42",TRANSFER
PAY-003683,INV-003683,2026-02-22 01:17:59,"458,487.17",insurance
PAY-003685,INV-003685,2026-05-26 05:47:02,307753.63,CASH
PAY-003687,INV-003687,1777826725000,"NGN165,066.68",TRANSFER
PAY-003689,INV-003689,1757037949000,NGN 337655.78,insurance
PAY-003692,INV-003692,2024-11-19 04:44:41,"NGN28,347.75",TRANSFER
PAY-003693,INV-003693,2024-12-27 02:38:32,"NGN170,360.62",TRANSFER
PAY-003694,INV-003694,1750721037000,"1,450,554.58",TRANSFER
PAY-003695,INV-003695,30/05/2026,"NGN635,583.66",CASH
PAY-003697,INV-003697,18/04/2025,"3,305.62",transfer
PAY-003698,INV-003698,22/06/2025,1155398.64,card
PAY-003700,INV-003700,2025-01-29 21:32:16,"555,506.52",TRANSFER
PAY-003701,INV-003701,2025-06-23 22:36:14,"396,611.27",credit
PAY-003702,INV-003702,1780009914000,NGN 410063.54,insurance
PAY-003705,INV-003705,28/09/2025,3063.75,transfer
PAY-003706,INV-003706,1743262042000,"1,176,503.79",TRANSFER
PAY-003708,INV-003708,1770106804000,NGN 6476.88,credit
PAY-003709,INV-003709,2025-02-04 14:31:50,"319,541.37",card
PAY-003711,INV-003711,06/04/2026,"808,036.95",cash
PAY-003712,INV-003712,2025-04-13 21:56:09,"439,678.52",transfer
PAY-003713,INV-003713,2025-06-28 09:08:19,"NGN401,932.30",transfer
PAY-003715,INV-003715,26/06/2025,363042.29,transfer
PAY-003716,INV-003716,12/09/2026,NGN 719961.29,credit
PAY-003717,INV-003717,31/03/2026,NGN 378023.81,credit
PAY-003718,INV-003718,1756365802000,880998.21,TRANSFER
PAY-003720,INV-003720,14/11/2025,204937.67,transfer
PAY-003721,INV-003721,2026-02-01 12:54:57,387863.16,cash
PAY-003722,INV-003722,1781136987000,275026.19,card
PAY-003723,INV-003723,24/09/2026,NGN 786057.41,card
PAY-003727,INV-003727,1736177851000,149988.39,TRANSFER
PAY-003728,INV-003728,2025-02-16 14:43:22,"650,021.68",insurance
PAY-003729,INV-003729,02/03/2026,NGN 637236.85,credit
PAY-003731,INV-003731,1761669911000,NGN 5912.50,cash
PAY-003732,INV-003732,15/09/2025,1311870.87,TRANSFER
PAY-003733,INV-003733,1782163850000,"NGN106,362.92",cash
PAY-003735,INV-003735,2024-12-30 06:00:08,9512.08,card
PAY-003736,INV-003736,1769744601000,"702,866.89",TRANSFER
PAY-003737,INV-003737,1741702500000,NGN 1077770.91,credit
PAY-003738,INV-003738,1777821705000,713197.90,CASH
PAY-003740,INV-003740,1751909122000,"1,280,483.31",TRANSFER
PAY-003741,INV-003741,15/04/2026,"3,063.75",card
PAY-003742,INV-003742,08/06/2025,397392.84,CASH
PAY-003744,INV-003744,16/12/2025,4837.50,CASH
PAY-003745,INV-003745,2026-05-12 09:19:06,NGN 8868.75,card
PAY-003747,INV-003747,20/02/2026,NGN 76642.12,cash
PAY-003748,INV-003748,1736991320000,265447.90,CASH
PAY-003750,INV-003750,2026-04-21 23:21:36,NGN 647828.66,insurance
PAY-003752,INV-003752,1769616204000,409648.57,CASH
PAY-003753,INV-003753,1761490759000,261945.46,CASH
PAY-003754,INV-003754,2025-05-21 04:40:27,303161.63,CASH
PAY-003756,INV-003756,2026-08-10 01:50:26,"101,551.90",cash
PAY-003757,INV-003757,04/02/2025,"123,125.19",credit
PAY-003758,INV-003758,2025-09-12 06:39:05,"74,585.96",TRANSFER
PAY-003759,INV-003759,1783118129000,"NGN20,156.25",credit
PAY-003760,INV-003760,27/01/2026,"85,986.30",credit
PAY-003761,INV-003761,2026-02-24 22:49:36,707453.40,TRANSFER
PAY-003762,INV-003762,2025-02-10 16:49:38,482231.47,insurance
PAY-003763,INV-003763,06/01/2026,"8,626.88",CASH
PAY-003764,INV-003764,1778448865000,NGN 904910.93,card
PAY-003765,INV-003765,08/03/2026,"NGN175,635.55",transfer
PAY-003767,INV-003767,2025-11-07 04:20:42,"NGN222,655.03",CASH
PAY-003768,INV-003768,09/08/2026,86837.26,card
PAY-003769,INV-003769,18/10/2024,"NGN3,461.50",credit
PAY-003771,INV-003771,1790418321000,9191.25,credit
PAY-003772,INV-003772,1789714359000,744142.30,insurance
PAY-003774,INV-003774,2026-02-27 19:54:37,86632.57,insurance
PAY-003775,INV-003775,2025-06-11 14:06:04,"139,293.85",card
PAY-003777,INV-003777,2025-11-20 09:20:51,"152,073.93",transfer
PAY-003778,INV-003778,1762005953000,NGN 154435.26,transfer
PAY-003781,INV-003781,1774256352000,"NGN1,541,379.37",card
PAY-003782,INV-003782,1726919121000,"NGN670,300.53",cash
PAY-003783,INV-003783,1751982525000,NGN 124782.94,credit
PAY-003784,INV-003784,2025-05-05 08:06:02,NGN 39612.40,CASH
PAY-003785,INV-003785,24/08/2026,283916.55,card
PAY-003786,INV-003786,05/05/2025,NGN 7826.00,credit
PAY-003787,INV-003787,18/07/2025,"236,141.08",cash
PAY-003788,INV-003788,1758195293000,NGN 692929.85,cash
PAY-003790,INV-003790,1735652794000,NGN 163861.98,CASH
PAY-003791,INV-003791,2024-12-01 10:53:03,NGN 371642.45,cash
PAY-003792,INV-003792,1767106299000,"1,195,895.76",card
PAY-003793,INV-003793,01/03/2025,"790,506.35",credit
PAY-003794,INV-003794,1757914152000,NGN 685506.16,credit
PAY-003795,INV-003795,2025-02-28 14:36:20,"14,512.50",transfer
PAY-003797,INV-003797,2025-08-10 09:01:14,"24,640.85",credit
PAY-003798,INV-003798,01/06/2025,189222.48,card
PAY-003800,INV-003800,12/06/2025,"92,056.36",credit
PAY-003801,INV-003801,2025-10-27 01:22:04,"601,624.96",cash
PAY-003802,INV-003802,2026-06-25 05:29:35,16891.54,cash
PAY-003807,INV-003807,27/09/2026,299836.56,transfer
PAY-003808,INV-003808,2025-11-03 18:30:54,"NGN1,588,312.52",credit
PAY-003810,INV-003810,24/11/2025,"NGN9,997.50",credit
PAY-003811,INV-003811,2025-11-30 17:03:29,"NGN8,008.75",CASH
PAY-003812,INV-003812,2026-03-02 21:05:31,"190,212.09",TRANSFER
PAY-003813,INV-003813,2026-01-13 15:47:28,"NGN134,837.84",credit
PAY-003815,INV-003815,1787620297000,NGN 472414.51,card
PAY-003816,INV-003816,02/07/2025,"NGN462,182.25",cash
PAY-003817,INV-003817,13/10/2025,"NGN707,635.31",card
PAY-003818,INV-003818,1730799440000,"873,918.38",cash
PAY-003819,INV-003819,1776240053000,146169.60,card
PAY-003820,INV-003820,2025-11-30 03:24:54,"394,918.50",card
PAY-003821,INV-003821,2026-08-30 00:42:10,558427.32,CASH
PAY-003822,INV-003822,2026-01-03 21:44:11,150221.33,insurance
PAY-003823,INV-003823,1765785020000,"3,117.50",CASH
PAY-003824,INV-003824,1771940284000,"345,270.66",transfer
PAY-003825,INV-003825,2025-07-29 00:23:26,963011.09,card
PAY-003828,INV-003828,14/05/2025,389349.90,cash
PAY-003829,INV-003829,2025-06-16 05:48:02,515919.41,insurance
PAY-003830,INV-003830,1767452271000,94816.85,cash
PAY-003832,INV-003832,1755622383000,"216,734.45",TRANSFER
PAY-003835,INV-003835,1773553187000,NGN 10255.50,CASH
PAY-003836,INV-003836,1741514526000,"NGN1,658,887.78",card
PAY-003837,INV-003837,24/03/2026,"535,014.26",credit
PAY-003838,INV-003838,1750408789000,"459,907.43",card
PAY-003840,INV-003840,29/03/2025,422876.47,transfer
PAY-003841,INV-003841,1781816866000,"NGN647,330.28",card
PAY-003842,INV-003842,1739733902000,NGN 847777.82,cash
PAY-003843,INV-003843,1737846315000,232605.30,TRANSFER
PAY-003844,INV-003844,28/10/2025,"NGN426,307.00",transfer
PAY-003845,INV-003845,1779297815000,35633.28,cash
PAY-003846,INV-003846,1757763688000,"100,176.80",card
PAY-003847,INV-003847,21/12/2025,NGN 507687.88,cash
PAY-003848,INV-003848,2025-01-25 19:45:12,"420,848.49",TRANSFER
PAY-003850,INV-003850,16/04/2025,1225382.22,insurance
PAY-003853,INV-003853,27/04/2026,"NGN1,272,119.48",CASH
PAY-003854,INV-003854,16/07/2026,"122,132.63",transfer
PAY-003855,INV-003855,2025-12-23 14:36:24,67043.44,card
PAY-003856,INV-003856,1762675829000,"174,618.55",cash
PAY-003857,INV-003857,2026-02-23 00:33:09,"1,052,318.36",TRANSFER
PAY-003859,INV-003859,1747221959000,541767.95,card
PAY-003860,INV-003860,2026-09-05 19:33:09,NGN 77361.23,insurance
PAY-003861,INV-003861,2025-02-20 03:59:01,24682.00,CASH
PAY-003864,INV-003864,2025-12-29 06:29:56,NGN 510090.80,CASH
PAY-003865,INV-003865,2025-11-02 13:18:58,"802,602.34",transfer
PAY-003866,INV-003866,24/08/2026,"NGN99,332.06",credit
PAY-003867,INV-003867,2026-06-28 10:59:28,"854,313.47",insurance
PAY-003868,INV-003868,1791514322000,NGN 124635.70,TRANSFER
PAY-003869,INV-003869,21/09/2026,9251.80,cash
PAY-003871,INV-003871,09/08/2026,NGN 400918.91,card
PAY-003872,INV-003872,2026-07-29 07:08:12,NGN 717275.78,cash
PAY-003873,INV-003873,2025-11-15 10:21:03,NGN 777970.40,card
PAY-003874,INV-003874,1739608761000,"324,972.72",insurance
PAY-003875,INV-003875,2024-11-19 22:36:56,"NGN10,948.88",cash
PAY-003876,INV-003876,1737501970000,"955,497.85",card
PAY-003877,INV-003877,19/01/2025,NGN 474586.99,card
PAY-003878,INV-003878,1791150836000,NGN 753189.72,insurance
PAY-003879,INV-003879,30/05/2025,542542.19,TRANSFER
PAY-003880,INV-003880,25/04/2025,"NGN211,097.80",CASH
PAY-003881,INV-003881,1787347887000,"NGN120,860.69",TRANSFER
PAY-003883,INV-003883,2025-01-28 09:26:12,"NGN5,418.00",cash
PAY-003884,INV-003884,10/12/2025,"NGN835,032.68",cash
PAY-003885,INV-003885,2026-05-23 17:17:50,824984.22,CASH
PAY-003886,INV-003886,1739778317000,"NGN214,912.48",CASH
PAY-003887,INV-003887,2026-05-10 09:20:55,"1,995,483.25",card
PAY-003888,INV-003888,17/04/2025,"NGN1,099,782.86",TRANSFER
PAY-003889,INV-003889,05/09/2026,"NGN2,365.00",card
PAY-003890,INV-003890,1773507550000,NGN 614050.55,credit
PAY-003891,INV-003891,2025-11-16 19:33:58,"NGN888,931.19",CASH
PAY-003892,INV-003892,31/01/2025,296287.06,insurance
PAY-003893,INV-003893,1785495193000,6073.75,TRANSFER
PAY-003895,INV-003895,23/12/2025,"358,957.13",CASH
PAY-003896,INV-003896,1743993559000,"760,541.34",CASH
PAY-003897,INV-003897,2026-03-26 19:08:42,"273,192.78",insurance
PAY-003899,INV-003899,29/08/2026,NGN 1319259.27,credit
PAY-003900,INV-003900,2025-10-21 21:54:05,"NGN112,042.68",card
PAY-003901,INV-003901,2024-11-17 17:56:20,"NGN714,510.39",TRANSFER
PAY-003902,INV-003902,06/05/2025,276461.98,card
PAY-003906,INV-003906,2026-01-24 13:03:49,"413,167.58",card
PAY-003908,INV-003908,2026-07-05 01:06:58,"31,288.85",cash
PAY-003910,INV-003910,1753719017000,"NGN3,090.62",transfer
PAY-003911,INV-003911,1768009797000,NGN 12808.15,TRANSFER
PAY-003912,INV-003912,2026-02-21 05:08:18,608432.53,CASH
PAY-003913,INV-003913,1767751366000,"526,277.65",cash
PAY-003914,INV-003914,1760273656000,NGN 8320.50,CASH
PAY-003915,INV-003915,1734999074000,"NGN261,358.12",credit
PAY-003916,INV-003916,1756688405000,779509.59,card
PAY-003917,INV-003917,17/11/2025,NGN 402414.09,transfer
PAY-003918,INV-003918,04/02/2025,NGN 502422.72,cash
PAY-003919,INV-003919,1736610353000,"1,478,455.52",card
PAY-003920,INV-003920,1737262182000,220523.21,insurance
PAY-003921,INV-003921,18/05/2026,NGN 10062.00,TRANSFER
PAY-003922,INV-003922,25/08/2025,140608.87,TRANSFER
PAY-003923,INV-003923,1737761580000,"96,155.03",cash
PAY-003924,INV-003924,2025-12-31 12:23:04,305160.44,insurance
PAY-003925,INV-003925,1762640773000,"323,304.98",CASH
PAY-003926,INV-003926,09/07/2025,"864,544.68",transfer
PAY-003928,INV-003928,1773973461000,"NGN645,039.74",transfer
PAY-003929,INV-003929,2025-06-11 10:46:54,NGN 807586.55,card
PAY-003930,INV-003930,2026-08-02 11:36:00,"NGN33,459.38",TRANSFER
PAY-003931,INV-003931,2024-10-19 23:07:56,NGN 78490.12,CASH
PAY-003932,INV-003932,02/03/2026,NGN 821108.59,insurance
PAY-003933,INV-003933,28/07/2026,NGN 803163.08,credit
PAY-003935,INV-003935,1781142865000,"26,297.78",cash
PAY-003936,INV-003936,1759092476000,95945.73,credit
PAY-003938,INV-003938,2026-08-25 04:06:45,75378.44,credit
PAY-003939,INV-003939,1762151168000,NGN 214066.82,card
PAY-003940,INV-003940,1740820274000,"NGN38,646.25",TRANSFER
PAY-003941,INV-003941,19/09/2025,"NGN694,997.48",CASH
PAY-003942,INV-003942,1739599406000,"104,002.47",transfer
PAY-003943,INV-003943,01/04/2025,"NGN454,672.57",CASH
PAY-003944,INV-003944,2024-10-22 16:48:16,NGN 1423896.57,insurance
PAY-003945,INV-003945,1739947321000,"475,085.59",credit
PAY-003946,INV-003946,1756672536000,"NGN1,241,685.55",insurance
PAY-003947,INV-003947,08/10/2025,"294,229.73",TRANSFER
PAY-003948,INV-003948,2026-02-20 16:47:19,106102.50,CASH
PAY-003949,INV-003949,2026-04-28 01:03:42,"NGN1,248,101.37",TRANSFER
PAY-003950,INV-003950,1771220167000,"398,331.88",transfer
PAY-003951,INV-003951,1754190878000,"17,173.12",CASH
PAY-003952,INV-003952,2025-09-06 05:24:31,"NGN11,072.50",cash
PAY-003953,INV-003953,17/01/2025,NGN 69262.87,insurance
PAY-003954,INV-003954,2025-07-23 03:02:38,"NGN398,987.66",insurance
PAY-003955,INV-003955,1744621281000,"NGN470,425.76",cash
PAY-003956,INV-003956,2026-06-07 05:25:55,364849.56,cash
PAY-003957,INV-003957,2025-06-26 12:18:56,NGN 588666.65,credit
PAY-003958,INV-003958,2025-12-15 11:32:40,"3,574.38",CASH
PAY-003959,INV-003959,21/02/2026,"648,267.53",credit
PAY-003962,INV-003962,18/11/2025,NGN 113440.34,insurance
PAY-003963,INV-003963,08/06/2026,"313,611.86",CASH
PAY-003965,INV-003965,12/01/2026,NGN 1342555.36,insurance
PAY-003966,INV-003966,1734091311000,NGN 1854.37,insurance
PAY-003967,INV-003967,2026-01-10 23:53:21,"NGN1,206,785.33",credit
PAY-003970,INV-003970,23/05/2025,223797.64,card
PAY-003971,INV-003971,27/05/2026,635445.52,TRANSFER
PAY-003972,INV-003972,2025-03-15 09:22:09,"876,661.32",CASH
PAY-003973,INV-003973,19/04/2025,"NGN678,556.14",TRANSFER
PAY-003974,INV-003974,05/11/2024,NGN 4837.50,card
PAY-003975,INV-003975,16/06/2025,434262.79,insurance
PAY-003976,INV-003976,2025-03-24 07:39:21,575895.49,cash
PAY-003977,INV-003977,1731207036000,"NGN213,366.93",credit
PAY-003978,INV-003978,1733044384000,"673,620.06",insurance
PAY-003979,INV-003979,09/12/2025,"8,170.00",transfer
PAY-003980,INV-003980,02/01/2026,"424,079.97",card
PAY-003982,INV-003982,1749462914000,NGN 890976.88,CASH
PAY-003983,INV-003983,2025-06-02 10:51:57,NGN 204582.38,cash
PAY-003986,INV-003986,1775289491000,"350,236.41",transfer
PAY-003988,INV-003988,2025-10-04 07:29:04,NGN 120154.35,insurance
PAY-003989,INV-003989,2026-06-27 05:59:18,"NGN930,440.17",card
PAY-003990,INV-003990,2025-03-10 19:06:55,86178.06,credit
PAY-003991,INV-003991,06/05/2025,"NGN10,723.12",cash
PAY-003992,INV-003992,1729872240000,"2,821.88",CASH
PAY-003993,INV-003993,2026-07-24 10:57:00,"8,385.00",cash
PAY-003996,INV-003996,1750653812000,"490,051.96",insurance
PAY-003997,INV-003997,2026-03-12 18:17:48,NGN 184041.07,CASH
PAY-003998,INV-003998,1747775598000,"786,022.46",cash
PAY-003999,INV-003999,1731410764000,"2,096.25",cash
PAY-004000,INV-004000,10/07/2025,148425.56,CASH
PAY-004001,INV-004001,2025-11-09 13:27:44,"NGN89,641.57",insurance
PAY-004002,INV-004002,17/03/2026,"799,326.64",card
PAY-004003,INV-004003,2025-07-31 08:41:41,75489.22,TRANSFER
PAY-004006,INV-004006,2026-03-05 11:45:19,361730.66,card
PAY-004007,INV-004007,2025-01-30 03:52:22,NGN 606961.40,CASH
PAY-004008,INV-004008,2026-01-19 09:17:00,NGN 463839.17,insurance
PAY-004009,INV-004009,09/04/2025,"NGN1,273,248.54",transfer
PAY-004010,INV-004010,1743350310000,"NGN20,319.33",credit
PAY-004011,INV-004011,2025-02-08 09:37:34,"NGN38,137.12",credit
PAY-004012,INV-004012,2025-04-20 13:01:39,"55,301.52",credit
PAY-004013,INV-004013,20/06/2026,408162.29,credit
PAY-004014,INV-004014,1768081717000,"NGN50,793.75",insurance
PAY-004015,INV-004015,1728812254000,NGN 87849.74,cash
PAY-004016,INV-004016,2025-08-24 09:06:03,NGN 1639.38,transfer
PAY-004017,INV-004017,1782803470000,NGN 582594.41,CASH
PAY-004019,INV-004019,2026-02-16 15:53:48,328437.09,insurance
PAY-004024,INV-004024,17/07/2025,NGN 890213.53,cash
PAY-004025,INV-004025,1742424863000,"203,338.10",TRANSFER
PAY-004026,INV-004026,1779376680000,"16,018.41",credit
PAY-004028,INV-004028,2025-12-25 03:03:14,NGN 582780.59,insurance
PAY-004029,INV-004029,2025-02-23 15:08:01,"87,007.55",card
PAY-004031,INV-004031,1788963747000,NGN 549189.20,card
PAY-004032,INV-004032,14/08/2025,173737.23,insurance
PAY-004033,INV-004033,1757059250000,"NGN552,621.91",cash
PAY-004035,INV-004035,1780712293000,NGN 18382.50,CASH
PAY-004036,INV-004036,21/06/2026,"388,631.14",TRANSFER
PAY-004038,INV-004038,2025-12-23 09:53:12,"68,356.28",credit
PAY-004039,INV-004039,10/12/2024,"3,508.38",credit
PAY-004040,INV-004040,1775823788000,NGN 1048749.86,credit
PAY-004042,INV-004042,1733383390000,"28,138.12",insurance
PAY-004043,INV-004043,03/02/2026,510859.47,card
PAY-004044,INV-004044,1787068824000,"10,335.80",CASH
PAY-004045,INV-004045,18/03/2026,"NGN753,187.89",insurance
PAY-004046,INV-004046,09/09/2025,66272.98,transfer
PAY-004047,INV-004047,1783061295000,NGN 318107.30,TRANSFER
PAY-004048,INV-004048,1740157712000,329894.18,credit
PAY-004049,INV-004049,2025-06-16 02:01:18,"45,900.09",TRANSFER
PAY-004051,INV-004051,07/07/2026,"NGN11,851.88",transfer
PAY-004053,INV-004053,2025-12-01 16:02:58,"502,896.91",insurance
PAY-004055,INV-004055,2025-01-11 07:43:32,"NGN160,576.15",insurance
PAY-004056,INV-004056,2024-11-16 08:19:09,195455.01,transfer
PAY-004057,INV-004057,1774575922000,NGN 93474.09,transfer
PAY-004060,INV-004060,1763046387000,404445.75,cash
PAY-004061,INV-004061,1752876310000,6396.25,cash
PAY-004062,INV-004062,06/01/2025,7487.38,CASH
PAY-004063,INV-004063,1775762782000,644731.82,TRANSFER
PAY-004065,INV-004065,1785303566000,"NGN848,179.20",transfer
PAY-004066,INV-004066,2026-06-20 18:13:10,NGN 622197.56,cash
PAY-004067,INV-004067,09/09/2025,NGN 306343.53,card
PAY-004068,INV-004068,2026-07-18 09:51:11,"NGN8,385.00",credit
PAY-004070,INV-004070,2026-06-26 16:30:44,NGN 150607.50,CASH
PAY-004071,INV-004071,22/06/2026,"NGN20,543.25",transfer
PAY-004072,INV-004072,26/01/2025,"8,804.25",cash
PAY-004073,INV-004073,2025-12-26 00:45:24,4853.62,transfer
PAY-004074,INV-004074,01/11/2024,"NGN1,167,538.36",credit
PAY-004075,INV-004075,19/02/2026,"602,613.34",credit
PAY-004078,INV-004078,02/12/2025,"1,165,620.95",CASH
PAY-004080,INV-004080,2025-11-06 00:58:02,"NGN9,271.88",CASH
PAY-004085,INV-004085,1788320231000,NGN 191287.31,cash
PAY-004086,INV-004086,2025-07-21 19:47:26,"NGN75,058.71",transfer
PAY-004088,INV-004088,1777097838000,"NGN3,612.00",TRANSFER
PAY-004090,INV-004090,2025-11-25 13:02:12,NGN 11126.25,insurance
PAY-004092,INV-004092,1747391579000,"32,559.08",transfer
PAY-004093,INV-004093,1755780587000,"NGN662,425.99",TRANSFER
PAY-004097,INV-004097,1754819479000,"NGN106,984.34",CASH
PAY-004098,INV-004098,2026-04-23 21:07:48,NGN 107586.00,insurance
PAY-004099,INV-004099,20/10/2025,256643.37,insurance
PAY-004100,INV-004100,1773981113000,"NGN692,030.48",CASH
PAY-004102,INV-004102,11/03/2026,"1,061,553.56",TRANSFER
PAY-004104,INV-004104,1780935655000,NGN 238935.89,cash
PAY-004106,INV-004106,1772237244000,"NGN8,978.01",card
PAY-004107,INV-004107,2025-04-23 13:57:24,NGN 449620.00,transfer
PAY-004108,INV-004108,20/03/2025,12674.25,CASH
PAY-004109,INV-004109,01/08/2025,"NGN291,916.81",cash
PAY-004110,INV-004110,1762623429000,NGN 168364.85,credit
PAY-004111,INV-004111,07/08/2026,NGN 782913.01,TRANSFER
PAY-004113,INV-004113,2026-07-03 08:31:43,464566.08,cash
PAY-004114,INV-004114,2025-12-08 19:43:55,NGN 53241.78,transfer
PAY-004115,INV-004115,1774924779000,"NGN200,659.50",insurance
PAY-004116,INV-004116,1774250913000,NGN 751033.41,credit
PAY-004117,INV-004117,26/08/2026,36571.50,TRANSFER
PAY-004118,INV-004118,2026-01-11 21:05:05,NGN 764560.51,transfer
PAY-004119,INV-004119,2025-01-17 22:01:46,NGN 359189.22,CASH
PAY-004120,INV-004120,05/11/2024,"3,843.12",cash
PAY-004121,INV-004121,09/03/2026,9771.75,CASH
PAY-004122,INV-004122,19/08/2025,NGN 268989.72,card
PAY-004123,INV-004123,02/04/2025,"3,466.88",card
PAY-004124,INV-004124,17/12/2024,NGN 101168.81,transfer
PAY-004125,INV-004125,1771789792000,"509,311.06",transfer
PAY-004126,INV-004126,2026-02-27 00:12:42,21189.90,CASH
PAY-004128,INV-004128,1754947421000,NGN 2172829.36,credit
PAY-004134,INV-004134,1780334731000,"NGN198,280.62",insurance
PAY-004135,INV-004135,1783082539000,NGN 152304.76,credit
PAY-004136,INV-004136,1732429006000,NGN 1519295.86,CASH
PAY-004137,INV-004137,1754914059000,NGN 1592201.81,TRANSFER
PAY-004138,INV-004138,1750393750000,"NGN10,803.75",CASH
PAY-004139,INV-004139,05/03/2025,"NGN151,051.41",card
PAY-004140,INV-004140,2025-01-16 22:00:44,NGN 410147.99,transfer
PAY-004141,INV-004141,2025-12-28 21:15:50,627368.00,credit
PAY-004142,INV-004142,1743175765000,9728.75,credit
PAY-004143,INV-004143,09/05/2026,798443.68,card
PAY-004144,INV-004144,2025-12-08 21:09:18,"NGN193,970.31",cash
PAY-004146,INV-004146,2025-10-14 02:45:37,"NGN690,943.14",cash
PAY-004147,INV-004147,2025-09-27 15:30:13,"1,462,171.29",cash
PAY-004148,INV-004148,16/12/2025,"146,950.07",TRANSFER
PAY-004149,INV-004149,07/08/2025,301658.75,credit
PAY-004150,INV-004150,15/08/2025,284757.15,transfer
PAY-004152,INV-004152,2025-12-04 09:50:31,"24,753.77",insurance
PAY-004153,INV-004153,2025-02-23 22:32:54,NGN 452938.48,card
PAY-004155,INV-004155,05/11/2025,31697.73,transfer
PAY-004156,INV-004156,1769454354000,"NGN657,707.65",credit
PAY-004158,INV-004158,28/09/2025,"126,806.49",card
PAY-004159,INV-004159,2024-10-26 03:32:36,"105,314.79",TRANSFER
PAY-004160,INV-004160,2024-10-28 06:00:32,NGN 227918.85,card
PAY-004161,INV-004161,2025-10-13 21:35:40,NGN 780221.50,card
PAY-004162,INV-004162,2025-12-02 17:17:00,"NGN7,412.12",CASH
PAY-004163,INV-004163,2025-11-25 03:36:57,NGN 361570.54,credit
PAY-004164,INV-004164,12/11/2024,"1,348,430.42",insurance
PAY-004165,INV-004165,2026-05-07 04:59:58,NGN 266508.13,transfer
PAY-004166,INV-004166,24/08/2025,"53,331.00",TRANSFER
PAY-004167,INV-004167,1769046184000,"535,794.49",cash
PAY-004168,INV-004168,2025-11-23 22:38:26,"NGN77,746.30",card
PAY-004170,INV-004170,1779042527000,NGN 404023.78,CASH
PAY-004171,INV-004171,06/01/2026,NGN 981446.66,credit
PAY-004172,INV-004172,1758948606000,"294,729.47",insurance
PAY-004173,INV-004173,1754249467000,"NGN307,315.54",TRANSFER
PAY-004174,INV-004174,1732942516000,1014775.74,transfer
PAY-004175,INV-004175,1748353491000,"NGN442,718.31",CASH
PAY-004176,INV-004176,1750278277000,16125.00,insurance
PAY-004177,INV-004177,03/10/2024,928760.64,card
PAY-004179,INV-004179,19/11/2025,NGN 640309.57,CASH
PAY-004180,INV-004180,2025-01-10 07:01:50,"319,323.44",credit
PAY-004181,INV-004181,1781494211000,211964.31,credit
PAY-004182,INV-004182,2024-11-01 16:04:02,"NGN12,604.38",transfer
PAY-004183,INV-004183,1756705085000,NGN 177229.98,TRANSFER
PAY-004184,INV-004184,1736611180000,"NGN65,781.55",transfer
PAY-004185,INV-004185,2026-02-22 01:48:14,"NGN687,692.08",card
PAY-004186,INV-004186,1735339351000,"NGN977,324.21",cash
PAY-004187,INV-004187,2025-05-11 12:01:16,172094.98,TRANSFER
PAY-004188,INV-004188,28/09/2024,NGN 427435.92,credit
PAY-004190,INV-004190,19/05/2026,"NGN14,431.88",card
PAY-004191,INV-004191,30/01/2025,NGN 1745.12,TRANSFER
PAY-004192,INV-004192,1732560836000,1024084.32,credit
PAY-004196,INV-004196,12/09/2026,"30,282.75",insurance
PAY-004197,INV-004197,1778595006000,NGN 407501.84,insurance
PAY-004198,INV-004198,1747248454000,"1,033,191.57",TRANSFER
PAY-004199,INV-004199,1780913556000,111016.44,transfer
PAY-004200,INV-004200,1738882523000,"1,215,023.26",card
PAY-004201,INV-004201,07/02/2025,NGN 64689.64,TRANSFER
PAY-004202,INV-004202,2026-09-19 08:16:58,NGN 21424.09,credit
PAY-004203,INV-004203,1752593485000,410917.84,TRANSFER
PAY-004204,INV-004204,31/05/2026,"74,076.79",transfer
PAY-004205,INV-004205,2025-06-02 16:33:06,NGN 247059.88,insurance
PAY-004206,INV-004206,1781095794000,"NGN774,628.68",cash
PAY-004207,INV-004207,1758623749000,"NGN693,956.08",credit
PAY-004208,INV-004208,03/04/2026,"475,303.28",insurance
PAY-004209,INV-004209,1781143415000,NGN 105778.00,card
PAY-004210,INV-004210,2026-05-21 20:19:44,"29,880.95",credit
PAY-004211,INV-004211,2025-02-01 10:10:43,"NGN268,017.91",CASH
PAY-004212,INV-004212,2025-05-09 15:16:45,"1,481,126.65",transfer
PAY-004215,INV-004215,1774504651000,"NGN205,722.52",transfer
PAY-004216,INV-004216,1785950300000,10803.75,CASH
PAY-004217,INV-004217,2025-01-28 04:12:21,NGN 881284.40,card
PAY-004218,INV-004218,1761091308000,"316,746.49",transfer
PAY-004220,INV-004220,1775070380000,"NGN552,851.45",credit
PAY-004222,INV-004222,2025-10-21 20:16:09,"175,967.63",TRANSFER
PAY-004224,INV-004224,07/01/2025,1842022.80,credit
PAY-004225,INV-004225,03/01/2025,"824,624.57",TRANSFER
PAY-004226,INV-004226,2026-09-13 19:16:40,206273.51,credit
PAY-004227,INV-004227,1788554203000,236170.21,credit
PAY-004228,INV-004228,12/05/2025,8917.12,insurance
PAY-004229,INV-004229,16/02/2026,NGN 21617.02,card
PAY-004231,INV-004231,1785330685000,"41,441.25",transfer
PAY-004232,INV-004232,1759279184000,"NGN330,790.34",cash
PAY-004233,INV-004233,10/06/2026,"NGN135,566.87",insurance
PAY-004235,INV-004235,1763870065000,"2,031.75",transfer
PAY-004236,INV-004236,2024-10-19 19:50:12,197370.00,TRANSFER
PAY-004237,INV-004237,1737175877000,NGN 36838.65,CASH
PAY-004238,INV-004238,2026-08-17 13:38:07,199323.28,transfer
PAY-004239,INV-004239,1747242470000,"NGN7,826.00",TRANSFER
PAY-004240,INV-004240,08/11/2024,NGN 88868.08,cash
PAY-004241,INV-004241,23/11/2025,NGN 733549.66,transfer
PAY-004242,INV-004242,1779792993000,"3,085.25",credit
PAY-004244,INV-004244,2024-11-12 02:46:54,"6,127.50",card
PAY-004245,INV-004245,2025-08-25 00:00:22,NGN 206626.68,transfer
PAY-004247,INV-004247,28/05/2026,"8,804.25",cash
PAY-004249,INV-004249,22/03/2025,"671,143.20",CASH
PAY-004250,INV-004250,25/06/2026,2833.02,transfer
PAY-004253,INV-004253,28/10/2024,"NGN265,384.63",CASH
PAY-004256,INV-004256,1773573537000,"NGN473,842.03",TRANSFER
PAY-004257,INV-004257,2026-03-01 11:31:04,NGN 127582.09,CASH
PAY-004258,INV-004258,31/07/2025,"574,994.22",CASH
PAY-004259,INV-004259,2025-06-27 06:06:17,"724,118.52",card
PAY-004261,INV-004261,2025-11-05 05:50:25,"NGN650,197.24",cash
PAY-004262,INV-004262,2026-08-18 09:57:46,"597,774.47",cash
PAY-004263,INV-004263,2025-03-07 20:49:46,"63,738.91",credit
PAY-004264,INV-004264,31/01/2025,"NGN277,505.93",credit
PAY-004266,INV-004266,2025-01-03 16:29:21,1000270.13,TRANSFER
PAY-004267,INV-004267,2025-11-17 02:07:51,"884,821.07",transfer
PAY-004268,INV-004268,2026-05-25 14:03:23,"NGN129,355.88",transfer
PAY-004271,INV-004271,2026-05-30 18:53:17,14824.25,transfer
PAY-004272,INV-004272,29/09/2025,"NGN873,128.67",transfer
PAY-004273,INV-004273,2026-03-18 21:49:01,"564,315.24",credit
PAY-004274,INV-004274,1752769806000,"713,342.03",TRANSFER
PAY-004276,INV-004276,1777597457000,"NGN218,184.16",card
PAY-004277,INV-004277,18/12/2024,NGN 383569.87,transfer
PAY-004278,INV-004278,2025-02-21 08:21:41,"1,304,971.64",cash
PAY-004279,INV-004279,22/10/2025,NGN 30929.60,CASH
PAY-004281,INV-004281,01/06/2025,"499,823.29",TRANSFER
PAY-004284,INV-004284,1764226224000,392881.80,credit
PAY-004285,INV-004285,2025-03-15 00:01:28,"NGN2,972.38",insurance
PAY-004286,INV-004286,14/10/2025,10873.09,insurance
PAY-004289,INV-004289,1733333650000,"506,917.95",TRANSFER
PAY-004290,INV-004290,1761913624000,"NGN740,311.56",transfer
PAY-004291,INV-004291,27/02/2025,"NGN28,487.50",CASH
PAY-004292,INV-004292,1774521819000,1279351.91,transfer
PAY-004293,INV-004293,17/11/2024,"NGN714,681.36",CASH
PAY-004296,INV-004296,2026-04-11 09:16:56,985580.76,CASH
PAY-004299,INV-004299,18/01/2026,NGN 6208.12,cash
PAY-004303,INV-004303,1787215977000,NGN 89990.85,card
PAY-004304,INV-004304,16/01/2025,"NGN1,172,181.67",card
PAY-004306,INV-004306,1739430002000,"NGN856,152.83",TRANSFER
PAY-004308,INV-004308,1782245299000,"NGN828,213.11",cash
PAY-004309,INV-004309,18/04/2026,"NGN1,082,808.25",CASH
PAY-004311,INV-004311,1766514172000,NGN 82318.12,transfer
PAY-004312,INV-004312,2025-05-29 11:22:00,NGN 347552.74,card
PAY-004313,INV-004313,2026-04-16 15:00:06,"NGN110,694.43",cash
PAY-004314,INV-004314,1761856806000,"434,462.58",insurance
PAY-004315,INV-004315,1770013904000,2257.50,TRANSFER
PAY-004316,INV-004316,1736054753000,273554.67,credit
PAY-004317,INV-004317,1745307840000,NGN 711049.35,insurance
PAY-004318,INV-004318,1788384404000,NGN 200961.05,cash
PAY-004319,INV-004319,2024-11-19 17:42:11,"197,259.97",transfer
PAY-004320,INV-004320,1735527461000,"NGN597,937.67",CASH
PAY-004322,INV-004322,1748390041000,NGN 382154.50,TRANSFER
PAY-004323,INV-004323,2025-03-09 11:58:17,"295,983.00",card
PAY-004324,INV-004324,17/12/2025,165474.47,insurance
PAY-004325,INV-004325,1769101738000,575714.43,transfer
PAY-004326,INV-004326,1748192974000,"NGN752,733.47",transfer
PAY-004328,INV-004328,08/03/2026,NGN 35850.37,insurance
PAY-004329,INV-004329,24/04/2025,1362082.14,insurance
PAY-004330,INV-004330,1746415951000,NGN 8492.50,credit
PAY-004331,INV-004331,1773613138000,698759.02,TRANSFER
PAY-004332,INV-004332,2026-04-26 10:14:38,"NGN3,499.12",cash
PAY-004333,INV-004333,2025-05-02 13:58:45,NGN 1734.82,cash
PAY-004335,INV-004335,18/06/2026,"NGN852,792.31",card
PAY-004336,INV-004336,2025-11-17 09:05:26,"NGN582,544.97",insurance
PAY-004337,INV-004337,1773233792000,"NGN92,457.47",insurance
PAY-004338,INV-004338,1761953991000,"NGN1,656,769.68",TRANSFER
PAY-004339,INV-004339,2024-12-02 14:51:17,"524,661.21",insurance
PAY-004342,INV-004342,1750989863000,"56,760.00",TRANSFER
PAY-004343,INV-004343,30/07/2025,"NGN374,150.33",insurance
PAY-004344,INV-004344,1762432567000,1007312.11,CASH
PAY-004345,INV-004345,1784566692000,"799,484.57",insurance
PAY-004346,INV-004346,2025-02-03 18:24:21,NGN 161396.12,transfer
PAY-004348,INV-004348,2026-04-03 11:08:08,NGN 490701.15,CASH
PAY-004349,INV-004349,1784349468000,896149.06,insurance
PAY-004351,INV-004351,2026-08-31 03:37:03,138768.36,cash
PAY-004352,INV-004352,24/11/2025,"1,316,884.81",TRANSFER
PAY-004353,INV-004353,30/12/2024,"65,760.88",cash
PAY-004354,INV-004354,1771427431000,"NGN11,803.50",CASH
PAY-004355,INV-004355,2026-07-22 15:45:31,"NGN248,967.03",transfer
PAY-004356,INV-004356,2025-12-10 17:59:15,"799,840.82",transfer
PAY-004357,INV-004357,2025-11-21 18:39:02,39087.00,insurance
PAY-004358,INV-004358,2026-04-14 16:34:37,NGN 4595.62,card
PAY-004360,INV-004360,05/09/2025,NGN 703546.30,CASH
PAY-004362,INV-004362,2025-03-14 15:22:26,"698,088.87",credit
PAY-004363,INV-004363,14/12/2025,"92,001.36",cash
PAY-004366,INV-004366,22/10/2025,"NGN12,255.00",TRANSFER
PAY-004367,INV-004367,2025-11-04 22:44:05,"NGN168,325.27",TRANSFER
PAY-004368,INV-004368,1742324340000,"NGN18,189.00",cash
PAY-004369,INV-004369,1778503391000,NGN 193967.14,cash
PAY-004370,INV-004370,2025-12-24 20:33:47,293093.42,card
PAY-004371,INV-004371,2026-03-03 03:54:54,103251.75,insurance
PAY-004373,INV-004373,10/08/2025,NGN 16662.50,insurance
PAY-004374,INV-004374,2025-11-18 05:56:02,"NGN1,786,514.56",TRANSFER
PAY-004375,INV-004375,2026-03-13 09:43:57,NGN 32001.35,insurance
PAY-004376,INV-004376,06/07/2026,3612.00,card
PAY-004377,INV-004377,2025-01-08 00:37:34,NGN 213747.95,CASH
PAY-004378,INV-004378,14/11/2025,924813.79,CASH
PAY-004379,INV-004379,1787529844000,1224055.96,TRANSFER
PAY-004380,INV-004380,2026-07-28 05:22:55,NGN 178171.43,credit
PAY-004381,INV-004381,2025-05-24 10:32:29,NGN 231052.52,CASH
PAY-004382,INV-004382,2025-09-15 22:16:44,"NGN18,436.25",cash
PAY-004383,INV-004383,1751965887000,"NGN355,044.10",CASH
PAY-004384,INV-004384,1772043976000,NGN 70348.62,card
PAY-004385,INV-004385,27/12/2025,NGN 23006.04,transfer
PAY-004386,INV-004386,2025-01-12 11:48:02,NGN 1210494.98,card
PAY-004388,INV-004388,1788751037000,"NGN471,879.23",insurance
PAY-004389,INV-004389,1760149789000,NGN 387688.50,transfer
PAY-004390,INV-004390,2025-10-11 01:16:42,NGN 649068.01,card
PAY-004393,INV-004393,2026-08-21 09:22:04,NGN 30089.25,credit
PAY-004394,INV-004394,1737494736000,"NGN171,705.73",card
PAY-004395,INV-004395,1767810835000,"606,758.86",cash
PAY-004396,INV-004396,14/02/2026,"NGN416,501.20",insurance
PAY-004397,INV-004397,2025-08-24 16:33:23,"NGN174,168.36",card
PAY-004398,INV-004398,2025-03-20 09:08:54,"NGN397,984.26",transfer
PAY-004399,INV-004399,12/06/2026,"128,880.02",credit
PAY-004400,INV-004400,1758192145000,"2,507.08",transfer
PAY-004403,INV-004403,1755852094000,"311,570.03",CASH
PAY-004405,INV-004405,1788438182000,140586.80,credit
PAY-004408,INV-004408,2024-10-24 15:22:17,"374,240.68",insurance
PAY-004409,INV-004409,1772948909000,438594.52,insurance
PAY-004410,INV-004410,1738652021000,"748,335.17",cash
PAY-004411,INV-004411,1788251932000,206745.32,CASH
PAY-004412,INV-004412,28/09/2024,888359.32,card
PAY-004413,INV-004413,1763972772000,"NGN1,429,626.55",card
PAY-004414,INV-004414,2025-08-18 21:32:09,904049.52,insurance
PAY-004415,INV-004415,2026-05-09 13:20:06,NGN 163922.32,credit
PAY-004416,INV-004416,1754912924000,302850.84,TRANSFER
PAY-004417,INV-004417,2026-05-01 21:43:49,992623.48,transfer
PAY-004418,INV-004418,2025-03-24 22:07:30,NGN 229127.87,TRANSFER
PAY-004420,INV-004420,1777484714000,"NGN115,685.68",insurance
PAY-004422,INV-004422,1784767406000,NGN 629949.50,CASH
PAY-004424,INV-004424,03/09/2026,"85,361.07",credit
PAY-004425,INV-004425,2025-07-24 09:34:11,"NGN1,069,724.00",CASH
PAY-004426,INV-004426,27/03/2026,NGN 317674.30,card
PAY-004427,INV-004427,1729666979000,"63,855.00",CASH
PAY-004430,INV-004430,1770308312000,"NGN164,220.76",TRANSFER
PAY-004432,INV-004432,10/11/2025,"914,852.08",CASH
PAY-004433,INV-004433,30/03/2026,NGN 144569.85,CASH
PAY-004435,INV-004435,1789597452000,324918.82,credit
PAY-004436,INV-004436,2026-01-24 17:28:27,"49,232.26",TRANSFER
PAY-004437,INV-004437,30/06/2025,NGN 14654.42,TRANSFER
PAY-004438,INV-004438,26/03/2026,"1,956.50",cash
PAY-004439,INV-004439,1744438342000,"201,373.44",cash
PAY-004441,INV-004441,2026-04-17 07:16:28,"NGN3,535.79",card
PAY-004443,INV-004443,2025-12-07 06:25:44,NGN 50116.50,card
PAY-004444,INV-004444,15/02/2025,"17,011.87",insurance
PAY-004445,INV-004445,24/02/2026,NGN 5708.25,TRANSFER
PAY-004446,INV-004446,2026-09-03 16:36:52,"352,967.94",card
PAY-004447,INV-004447,02/09/2025,"NGN111,216.84",cash
PAY-004448,INV-004448,2026-03-11 18:05:07,"72,831.26",card
PAY-004450,INV-004450,02/10/2025,NGN 667748.79,insurance
PAY-004451,INV-004451,26/06/2025,"NGN581,704.25",credit
PAY-004452,INV-004452,2026-04-25 12:37:51,"NGN660,943.01",transfer
PAY-004453,INV-004453,2026-01-16 23:25:38,"205,542.97",cash
PAY-004454,INV-004454,14/11/2024,"27,090.00",transfer
PAY-004455,INV-004455,2026-08-05 02:12:41,"344,046.77",cash
PAY-004456,INV-004456,15/10/2025,"NGN563,253.05",card
PAY-004457,INV-004457,1785553487000,"NGN703,334.57",card
PAY-004458,INV-004458,2025-01-16 20:54:26,NGN 15989.22,cash
PAY-004459,INV-004459,2024-12-21 05:32:04,"834,977.65",credit
PAY-004460,INV-004460,13/03/2026,NGN 1505.00,card
PAY-004462,INV-004462,1789227349000,"NGN157,969.10",TRANSFER
PAY-004463,INV-004463,25/03/2026,298739.83,TRANSFER
PAY-004464,INV-004464,2026-08-13 13:51:53,"NGN410,584.46",CASH
PAY-004465,INV-004465,15/10/2024,NGN 509990.53,TRANSFER
PAY-004468,INV-004468,14/07/2025,"103,223.62",CASH
PAY-004469,INV-004469,2025-11-20 06:46:19,380670.78,card
PAY-004470,INV-004470,13/11/2025,NGN 989479.72,CASH
PAY-004471,INV-004471,1767760412000,362034.67,CASH
PAY-004472,INV-004472,15/10/2024,867356.03,credit
PAY-004473,INV-004473,1768235865000,27866.48,card
PAY-004474,INV-004474,29/08/2026,NGN 14055.34,cash
PAY-004475,INV-004475,2026-09-06 15:36:50,NGN 101383.50,cash
PAY-004476,INV-004476,2026-08-19 18:17:52,799919.90,CASH
PAY-004477,INV-004477,2026-08-06 21:00:34,"NGN235,267.46",transfer
PAY-004478,INV-004478,16/01/2025,"NGN399,646.36",transfer
PAY-004480,INV-004480,02/02/2026,519861.10,CASH
PAY-004481,INV-004481,1777607436000,541976.73,TRANSFER
PAY-004482,INV-004482,11/11/2024,14915.62,cash
PAY-004483,INV-004483,2025-03-16 05:32:47,"905,982.09",insurance
PAY-004484,INV-004484,2024-12-05 14:44:33,"NGN14,236.87",TRANSFER
PAY-004485,INV-004485,1778576542000,NGN 29412.00,insurance
PAY-004486,INV-004486,1773908963000,"3,160.50",TRANSFER
PAY-004487,INV-004487,19/12/2025,"252,842.36",cash
PAY-004490,INV-004490,1750521875000,NGN 3708.75,transfer
PAY-004491,INV-004491,2024-11-02 12:28:25,NGN 240338.51,insurance
PAY-004492,INV-004492,05/06/2026,"NGN201,138.42",CASH
PAY-004494,INV-004494,27/07/2026,NGN 965335.78,credit
PAY-004495,INV-004495,1769681137000,"155,911.60",cash
PAY-004496,INV-004496,1765909737000,NGN 35206.25,transfer
PAY-004497,INV-004497,2025-02-10 02:44:57,NGN 106817.38,card
PAY-004498,INV-004498,1749150720000,"196,672.47",CASH
PAY-004499,INV-004499,2024-11-05 08:19:49,NGN 196294.51,card
PAY-004502,INV-004502,2026-06-27 20:46:21,"439,572.69",CASH
PAY-004504,INV-004504,1748098042000,21458.65,card
PAY-004505,INV-004505,14/06/2026,"96,637.38",CASH
PAY-004506,INV-004506,1767866600000,NGN 224625.63,insurance
PAY-004507,INV-004507,2024-11-26 13:00:05,125755.32,insurance
PAY-004508,INV-004508,1760190681000,777469.80,insurance
PAY-004509,INV-004509,1744223283000,"NGN622,748.75",transfer
PAY-004510,INV-004510,1730131984000,47056.05,credit
PAY-004512,INV-004512,2026-01-28 02:17:26,"458,358.88",card
PAY-004513,INV-004513,25/08/2025,"441,355.61",insurance
PAY-004514,INV-004514,21/06/2026,"NGN325,394.65",cash
PAY-004515,INV-004515,2025-07-15 11:14:24,NGN 279349.00,TRANSFER
PAY-004516,INV-004516,2026-05-17 21:49:54,"135,803.88",transfer
PAY-004517,INV-004517,1771193601000,NGN 683582.07,cash
PAY-004518,INV-004518,1789432735000,"NGN616,319.02",CASH
PAY-004519,INV-004519,2024-12-01 09:06:10,"NGN403,520.25",insurance
PAY-004520,INV-004520,1787437429000,"413,998.77",cash
PAY-004521,INV-004521,2025-02-16 05:49:59,NGN 1246496.56,card
PAY-004522,INV-004522,03/09/2026,NGN 502784.88,credit
PAY-004523,INV-004523,2025-09-09 03:17:57,NGN 317039.76,cash
PAY-004525,INV-004525,07/07/2025,"18,249.19",cash
PAY-004526,INV-004526,1728913803000,NGN 950934.94,transfer
PAY-004527,INV-004527,04/05/2025,"798,670.32",transfer
PAY-004528,INV-004528,11/07/2025,"1,316,870.17",transfer
PAY-004529,INV-004529,23/02/2025,568638.80,CASH
PAY-004534,INV-004534,2026-08-10 05:17:01,185913.57,cash
PAY-004535,INV-004535,1737164503000,NGN 526906.88,card
PAY-004537,INV-004537,1746411151000,"719,257.10",transfer
PAY-004538,INV-004538,1739969175000,111560.40,insurance
PAY-004543,INV-004543,1734890206000,2391.88,transfer
PAY-004544,INV-004544,1744124492000,"NGN3,470.41",TRANSFER
PAY-004547,INV-004547,2025-11-03 01:46:07,NGN 168739.88,CASH
PAY-004548,INV-004548,2025-04-11 08:38:39,"NGN7,134.73",TRANSFER
PAY-004551,INV-004551,1786016103000,"68,555.47",transfer
PAY-004552,INV-004552,1736808477000,1295519.59,transfer
PAY-004553,INV-004553,1788626188000,"NGN32,411.25",transfer
PAY-004555,INV-004555,1763268295000,"803,770.85",CASH
PAY-004557,INV-004557,2025-03-09 16:15:32,2377320.10,CASH
PAY-004559,INV-004559,2026-03-24 10:56:53,NGN 1319150.97,cash
PAY-004562,INV-004562,1780720935000,"844,734.01",cash
PAY-004563,INV-004563,1755147468000,NGN 315513.24,insurance
PAY-004564,INV-004564,10/10/2025,NGN 61113.75,insurance
PAY-004565,INV-004565,15/10/2024,556377.52,cash
PAY-004568,INV-004568,28/02/2026,"24,402.50",TRANSFER
PAY-004570,INV-004570,1755229062000,"NGN711,323.13",CASH
PAY-004572,INV-004572,19/09/2026,"NGN23,865.00",TRANSFER
PAY-004573,INV-004573,12/02/2025,"508,153.79",insurance
PAY-004574,INV-004574,1750234175000,NGN 755372.34,card
PAY-004575,INV-004575,2025-07-11 00:13:16,"NGN1,869,870.26",credit
PAY-004577,INV-004577,12/12/2025,258794.60,CASH
PAY-004579,INV-004579,2026-02-04 13:42:08,NGN 568984.77,credit
PAY-004580,INV-004580,2026-01-08 16:50:08,"NGN103,316.31",credit
PAY-004581,INV-004581,2026-02-02 21:13:29,NGN 737439.43,transfer
PAY-004583,INV-004583,2024-11-10 13:35:45,"28,218.75",TRANSFER
PAY-004584,INV-004584,2024-12-09 12:56:34,"436,737.17",insurance
PAY-004585,INV-004585,1758756334000,"NGN73,754.29",transfer
PAY-004586,INV-004586,11/11/2024,NGN 14028.75,credit
PAY-004587,INV-004587,11/03/2025,303589.07,credit
PAY-004588,INV-004588,29/10/2024,23378.54,card
PAY-004590,INV-004590,1734462780000,"321,376.73",transfer
PAY-004591,INV-004591,2026-07-05 07:56:40,"NGN345,905.16",card
PAY-004592,INV-004592,1751888610000,NGN 76363.54,TRANSFER
PAY-004595,INV-004595,2025-05-01 05:35:17,"106,925.20",card
PAY-004596,INV-004596,15/02/2025,"NGN519,823.03",transfer
PAY-004597,INV-004597,1765156301000,NGN 2230.62,CASH
PAY-004599,INV-004599,1734543775000,NGN 1251598.51,TRANSFER
PAY-004600,INV-004600,28/10/2025,NGN 1129599.12,transfer
PAY-004601,INV-004601,07/07/2025,"191,172.62",cash
PAY-004602,INV-004602,1736173299000,152253.36,CASH
PAY-004603,INV-004603,21/10/2025,NGN 163495.14,TRANSFER
PAY-004604,INV-004604,02/03/2026,"NGN236,976.44",cash
PAY-004606,INV-004606,1772032239000,"2,031.94",transfer
PAY-004607,INV-004607,2025-04-12 05:38:55,NGN 416309.78,cash
PAY-004608,INV-004608,12/05/2025,NGN 53126.53,TRANSFER
PAY-004609,INV-004609,1766934486000,NGN 351263.09,CASH
PAY-004610,INV-004610,20/02/2025,184840.56,transfer
PAY-004611,INV-004611,12/12/2025,NGN 897374.09,card
PAY-004612,INV-004612,15/10/2024,"NGN442,733.19",TRANSFER
PAY-004615,INV-004615,1766838652000,798785.95,insurance
PAY-004616,INV-004616,23/08/2025,NGN588.80,CASH
PAY-004617,INV-004617,2025-06-28 01:24:44,503002.86,card
PAY-004618,INV-004618,15/11/2024,NGN 1282989.36,card
PAY-004619,INV-004619,2025-11-17 00:31:39,NGN 561064.96,card
PAY-004620,INV-004620,2026-01-26 02:00:13,NGN 232234.22,CASH
PAY-004621,INV-004621,04/12/2024,571198.73,CASH
PAY-004622,INV-004622,27/03/2025,"1,129,527.45",cash
PAY-004623,INV-004623,1748016494000,171347.37,CASH
PAY-004624,INV-004624,22/11/2024,570932.54,cash
PAY-004625,INV-004625,2026-01-23 15:51:53,"141,411.91",insurance
PAY-004626,INV-004626,2024-11-25 18:42:48,NGN 71917.50,CASH
PAY-004627,INV-004627,10/03/2025,"NGN10,836.00",cash
PAY-004628,INV-004628,15/05/2025,"132,463.62",TRANSFER
PAY-004629,INV-004629,2025-07-18 23:19:55,15614.38,transfer
PAY-004630,INV-004630,11/12/2024,"NGN146,166.65",TRANSFER
PAY-004631,INV-004631,2026-09-22 06:47:55,NGN 10642.50,transfer
PAY-004632,INV-004632,2025-05-07 19:03:14,"250,349.21",TRANSFER
PAY-004633,INV-004633,1758505940000,NGN 309635.72,insurance
PAY-004634,INV-004634,2025-12-13 23:30:09,"NGN195,062.28",cash
PAY-004635,INV-004635,18/11/2024,"859,179.54",cash
PAY-004636,INV-004636,2026-01-27 03:18:32,"91,012.32",CASH
PAY-004637,INV-004637,14/07/2025,"NGN20,075.62",cash
PAY-004638,INV-004638,1727644843000,NGN 99104.25,card
PAY-004640,INV-004640,2025-04-24 16:53:02,359230.90,insurance
PAY-004642,INV-004642,08/09/2025,8610.75,credit
PAY-004643,INV-004643,2024-11-16 13:21:14,NGN 191907.88,cash
PAY-004645,INV-004645,1753172664000,NGN 225871.81,CASH
PAY-004647,INV-004647,09/03/2025,"31,830.75",insurance
PAY-004648,INV-004648,1780238529000,NGN 24548.50,CASH
PAY-004649,INV-004649,24/12/2025,NGN 1122881.17,cash
PAY-004650,INV-004650,1730369291000,208941.51,CASH
PAY-004652,INV-004652,1746220357000,"NGN3,574.38",CASH
PAY-004653,INV-004653,12/11/2025,"772,139.76",TRANSFER
PAY-004654,INV-004654,2025-07-10 06:37:09,359778.25,CASH
PAY-004656,INV-004656,02/07/2026,"317,115.04",cash
PAY-004657,INV-004657,2025-02-09 18:24:25,9578.25,TRANSFER
PAY-004658,INV-004658,1740155248000,56946.66,TRANSFER
PAY-004660,INV-004660,2024-12-08 13:14:06,NGN 175975.15,TRANSFER
PAY-004661,INV-004661,2025-08-10 12:04:46,23703.75,transfer
PAY-004663,INV-004663,06/01/2026,661743.83,card
PAY-004664,INV-004664,2025-04-25 04:09:14,NGN 26993.25,CASH
PAY-004665,INV-004665,27/05/2025,"NGN59,739.96",insurance
PAY-004669,INV-004669,2026-03-05 20:02:06,"NGN471,717.86",cash
PAY-004670,INV-004670,08/08/2026,"NGN480,421.31",TRANSFER
PAY-004673,INV-004673,27/12/2024,"NGN1,029,485.86",transfer
PAY-004674,INV-004674,2025-07-08 14:19:46,"NGN495,265.28",transfer
PAY-004675,INV-004675,04/05/2026,815721.12,CASH
PAY-004676,INV-004676,2025-09-26 22:51:17,NGN 1215631.68,transfer
PAY-004677,INV-004677,30/12/2024,"NGN582,033.15",TRANSFER
PAY-004679,INV-004679,2025-05-12 03:11:14,NGN 53588.75,card
PAY-004680,INV-004680,1749087363000,"13,158.00",TRANSFER
PAY-004681,INV-004681,2025-07-16 15:50:19,370120.25,cash
PAY-004683,INV-004683,01/10/2024,"649,202.87",CASH
PAY-004685,INV-004685,2025-07-12 13:51:23,127414.72,TRANSFER
PAY-004687,INV-004687,1787921693000,"NGN392,546.07",card
PAY-004688,INV-004688,2025-06-04 00:24:34,288307.89,CASH
PAY-004689,INV-004689,2026-10-07 01:21:16,"714,322.29",credit
PAY-004690,INV-004690,2024-12-15 11:39:08,"NGN152,942.57",insurance
PAY-004691,INV-004691,02/09/2025,NGN 60104.40,transfer
PAY-004692,INV-004692,1761310537000,"4,778.38",CASH
PAY-004693,INV-004693,1746861590000,NGN 327890.45,insurance
PAY-004694,INV-004694,2025-12-22 08:48:29,"36,818.75",TRANSFER
PAY-004696,INV-004696,28/01/2026,NGN 775337.86,transfer
PAY-004697,INV-004697,2025-02-11 14:51:28,"2,821.88",insurance
PAY-004698,INV-004698,1737531899000,"101,211.49",cash
PAY-004699,INV-004699,2025-11-05 14:32:07,NGN 246328.80,credit
PAY-004703,INV-004703,2026-10-05 19:38:59,"NGN4,515.00",card
PAY-004704,INV-004704,2026-08-05 20:54:22,"144,664.95",transfer
PAY-004709,INV-004709,2024-12-24 06:00:10,NGN 179732.30,card
PAY-004710,INV-004710,04/04/2025,"NGN5,724.38",card
PAY-004712,INV-004712,13/03/2025,7449.75,CASH
PAY-004713,INV-004713,2025-08-24 03:44:11,986860.17,credit
PAY-004714,INV-004714,2026-05-11 18:41:14,"NGN714,202.03",credit
PAY-004715,INV-004715,2025-08-23 08:52:14,NGN 309580.91,cash
PAY-004717,INV-004717,1760743293000,NGN 716191.03,credit
PAY-004719,INV-004719,1778855957000,"NGN250,268.54",CASH
PAY-004721,INV-004721,1740518819000,"1,147,926.69",insurance
PAY-004723,INV-004723,2025-01-28 00:49:56,11223.00,CASH
PAY-004724,INV-004724,1740771694000,NGN 174750.74,TRANSFER
PAY-004725,INV-004725,1750731983000,1059362.22,insurance
PAY-004726,INV-004726,2024-12-23 12:22:54,316354.61,card
PAY-004729,INV-004729,2025-05-29 14:35:42,262736.12,cash
PAY-004730,INV-004730,09/04/2026,972279.56,card
PAY-004731,INV-004731,26/07/2026,75519.67,card
PAY-004732,INV-004732,2024-12-15 19:52:58,"408,306.68",TRANSFER
PAY-004733,INV-004733,2025-07-19 11:13:05,"NGN828,636.97",transfer
PAY-004734,INV-004734,2025-06-13 10:07:57,NGN 520710.19,transfer
PAY-004735,INV-004735,1761909240000,"66,857.94",CASH
PAY-004737,INV-004737,2026-05-13 22:14:52,NGN 12174.38,transfer
PAY-004739,INV-004739,07/04/2026,"1,008,203.47",CASH
PAY-004740,INV-004740,20/09/2024,NGN 6235.00,card
PAY-004744,INV-004744,1738407805000,NGN 1145510.85,transfer
PAY-004745,INV-004745,30/04/2026,269954.17,cash
PAY-004746,INV-004746,1759551741000,NGN 1341283.71,credit
PAY-004747,INV-004747,1759125407000,"446,005.26",card
PAY-004748,INV-004748,1778522199000,"194,779.01",card
PAY-004749,INV-004749,11/02/2025,"NGN1,099,390.61",CASH
PAY-004750,INV-004750,2025-07-14 05:30:28,"NGN482,312.77",insurance
PAY-004751,INV-004751,1761412358000,NGN 17656.88,card
PAY-004756,INV-004756,1790963258000,186778.87,transfer
PAY-004758,INV-004758,1756194822000,"NGN18,575.34",CASH
PAY-004759,INV-004759,20/02/2026,"306,669.09",transfer
PAY-004761,INV-004761,2025-02-26 01:51:45,865710.07,TRANSFER
PAY-004762,INV-004762,1771486868000,"12,782.05",credit
PAY-004763,INV-004763,17/04/2025,NGN 155713.96,insurance
PAY-004764,INV-004764,20/08/2026,NGN 635597.60,transfer
PAY-004765,INV-004765,2024-10-11 22:42:28,"641,549.49",TRANSFER
PAY-004767,INV-004767,2026-02-01 15:39:39,NGN 607593.02,credit
PAY-004769,INV-004769,12/06/2025,NGN 9836.25,credit
PAY-004772,INV-004772,1780712160000,"818,474.16",insurance
PAY-004774,INV-004774,2026-05-22 09:16:45,NGN 107094.87,credit
PAY-004775,INV-004775,08/02/2026,"725,057.53",card
PAY-004777,INV-004777,2025-06-08 18:39:19,"600,778.22",CASH
PAY-004778,INV-004778,12/06/2025,"769,152.48",insurance
PAY-004779,INV-004779,07/05/2025,NGN 659046.23,card
PAY-004780,INV-004780,1775152580000,NGN 21526.88,transfer
PAY-004781,INV-004781,1730407766000,NGN 58098.71,cash
PAY-004783,INV-004783,1779193109000,NGN 86751.44,CASH
PAY-004784,INV-004784,2025-08-12 06:15:49,26928.75,transfer
PAY-004786,INV-004786,26/04/2025,NGN 15257.99,cash
PAY-004787,INV-004787,21/04/2026,"NGN567,143.63",TRANSFER
PAY-004788,INV-004788,03/08/2025,"43,376.25",credit
PAY-004789,INV-004789,2024-12-21 00:11:58,"NGN98,379.49",insurance
PAY-004790,INV-004790,2025-08-18 07:14:51,NGN 652893.36,cash
PAY-004791,INV-004791,1776723770000,"722,908.29",card
PAY-004793,INV-004793,1752592989000,NGN 467258.50,card
PAY-004795,INV-004795,1752093480000,"361,547.59",TRANSFER
PAY-004798,INV-004798,21/02/2025,"NGN102,877.50",transfer
PAY-004799,INV-004799,1746730521000,"20,140.93",CASH
PAY-004800,INV-004800,14/12/2025,"425,335.85",CASH
PAY-004801,INV-004801,2026-04-26 04:37:51,714757.76,insurance
PAY-004802,INV-004802,2026-07-26 05:44:09,"915,446.80",TRANSFER
PAY-004803,INV-004803,1746891328000,"NGN2,031.75",credit
PAY-004805,INV-004805,2025-09-20 00:56:08,NGN 4353.75,credit
PAY-004807,INV-004807,2025-02-24 21:08:10,"38,889.48",insurance
PAY-004808,INV-004808,21/11/2025,"NGN530,679.63",insurance
PAY-004809,INV-004809,1787014642000,3678.44,credit
PAY-004810,INV-004810,2026-01-15 19:02:41,"NGN411,203.01",TRANSFER
PAY-004811,INV-004811,1733249538000,"524,094.66",CASH
PAY-004812,INV-004812,04/10/2025,NGN 457364.51,cash
PAY-004813,INV-004813,1735397225000,"853,827.33",credit
PAY-004814,INV-004814,27/07/2025,"889,927.20",card
PAY-004815,INV-004815,30/08/2026,NGN 6734.88,transfer
PAY-004816,INV-004816,1733941265000,"29,830.15",insurance
PAY-004817,INV-004817,2025-06-21 05:29:06,"NGN570,925.53",card
PAY-004818,INV-004818,1760139975000,NGN 213961.05,credit
PAY-004819,INV-004819,13/05/2026,279379.81,insurance
PAY-004820,INV-004820,09/02/2025,NGN 502099.46,transfer
PAY-004822,INV-004822,07/03/2026,"553,449.03",card
PAY-004824,INV-004824,1767218284000,"48,278.25",TRANSFER
PAY-004826,INV-004826,2025-04-10 08:44:51,1368439.15,card
PAY-004827,INV-004827,1781593327000,"292,105.00",insurance
PAY-004830,INV-004830,21/01/2025,"NGN325,012.21",card
PAY-004831,INV-004831,27/03/2025,"NGN91,478.96",credit
PAY-004832,INV-004832,07/03/2026,886053.94,cash
PAY-004833,INV-004833,1737747003000,"1,234,998.66",transfer
PAY-004834,INV-004834,1729528622000,560872.84,card
PAY-004835,INV-004835,25/12/2025,NGN 88327.90,insurance
PAY-004836,INV-004836,09/12/2024,"NGN618,738.92",cash
PAY-004837,INV-004837,2026-08-01 19:17:28,NGN 130915.45,transfer
PAY-004838,INV-004838,08/02/2025,"NGN550,997.15",card
PAY-004839,INV-004839,1743255726000,"NGN414,541.87",cash
PAY-004841,INV-004841,29/07/2026,NGN 2150.00,card
PAY-004842,INV-004842,1728111258000,"NGN925,884.75",TRANSFER
PAY-004844,INV-004844,1746773997000,NGN 4568.75,card
PAY-004845,INV-004845,1781120708000,"NGN444,290.27",insurance
PAY-004846,INV-004846,2024-11-27 14:16:41,"80,302.50",cash
PAY-004848,INV-004848,1749037234000,NGN 471907.70,credit
PAY-004849,INV-004849,21/02/2026,"NGN1,133,297.49",TRANSFER
PAY-004850,INV-004850,2026-08-19 01:08:31,"236,374.15",TRANSFER
PAY-004851,INV-004851,25/04/2026,"3,311.00",CASH
PAY-004852,INV-004852,16/02/2026,NGN 747376.92,card
PAY-004854,INV-004854,30/01/2026,"NGN148,298.76",cash
PAY-004855,INV-004855,2026-06-28 19:11:27,"1,035,030.55",cash
PAY-004856,INV-004856,2026-04-05 09:19:26,"NGN5,536.25",cash
PAY-004857,INV-004857,2025-02-08 18:28:41,NGN 20398.12,TRANSFER
PAY-004858,INV-004858,03/10/2024,7933.50,credit
PAY-004860,INV-004860,2026-07-13 06:28:47,"NGN752,956.02",insurance
PAY-004861,INV-004861,06/02/2025,950360.39,TRANSFER
PAY-004862,INV-004862,1770512771000,"NGN981,231.59",credit
PAY-004863,INV-004863,17/09/2026,"NGN387,684.24",transfer
PAY-004864,INV-004864,1745159860000,557378.95,cash
PAY-004865,INV-004865,1737170956000,"NGN18,221.25",card
PAY-004866,INV-004866,2025-07-22 05:15:41,"3,923.75",cash
PAY-004867,INV-004867,1779207563000,"582,875.06",card
PAY-004868,INV-004868,1740873675000,"NGN361,856.11",cash
PAY-004870,INV-004870,2026-01-09 05:47:46,14184.62,cash
PAY-004871,INV-004871,27/12/2025,"110,963.86",insurance
PAY-004872,INV-004872,28/01/2025,"NGN896,743.09",TRANSFER
PAY-004873,INV-004873,22/10/2024,"216,756.67",credit
PAY-004874,INV-004874,1789972613000,"81,834.38",insurance
PAY-004875,INV-004875,2025-11-11 18:32:17,NGN 70356.58,card
PAY-004876,INV-004876,1755913219000,NGN 241225.29,CASH
PAY-004877,INV-004877,2026-02-10 14:11:09,"NGN457,330.98",transfer
PAY-004878,INV-004878,2025-03-16 00:47:19,"NGN16,931.25",cash
PAY-004879,INV-004879,23/06/2026,"1,868,945.51",credit
PAY-004880,INV-004880,2026-08-29 13:54:54,"493,009.49",cash
PAY-004881,INV-004881,2025-08-25 07:51:13,43351.21,transfer
PAY-004883,INV-004883,1780773385000,410925.51,CASH
PAY-004884,INV-004884,22/02/2026,NGN 2225022.83,cash
PAY-004886,INV-004886,22/10/2025,"8,761.25",transfer
PAY-004887,INV-004887,27/03/2026,NGN 819266.21,insurance
PAY-004888,INV-004888,1743570431000,"686,962.11",credit
PAY-004889,INV-004889,21/04/2026,"6,342.50",CASH
PAY-004890,INV-004890,1756980911000,6288.75,credit
PAY-004891,INV-004891,17/08/2025,NGN 2069.38,transfer
PAY-004892,INV-004892,1747781671000,459346.54,card
PAY-004894,INV-004894,04/04/2025,"NGN36,465.04",CASH
PAY-004895,INV-004895,12/09/2025,NGN 774467.46,cash
PAY-004897,INV-004897,1784536425000,NGN 727979.45,credit
PAY-004898,INV-004898,08/08/2025,468704.68,cash
PAY-004899,INV-004899,28/07/2026,765267.46,insurance
PAY-004901,INV-004901,14/09/2025,NGN 584308.69,CASH
PAY-004902,INV-004902,2026-02-21 00:46:30,"NGN4,326.88",TRANSFER
PAY-004903,INV-004903,17/09/2025,"NGN4,192.50",TRANSFER
PAY-004904,INV-004904,1760830020000,388961.60,CASH
PAY-004905,INV-004905,2025-04-02 17:08:28,"249,022.17",transfer
PAY-004906,INV-004906,2025-11-18 01:28:30,"NGN290,392.62",cash
PAY-004907,INV-004907,2025-02-11 16:10:49,NGN 554169.45,TRANSFER
PAY-004908,INV-004908,1777137835000,"201,408.81",TRANSFER
PAY-004909,INV-004909,2025-11-23 16:33:54,"583,223.78",transfer
PAY-004910,INV-004910,29/12/2024,"NGN5,697.50",insurance
PAY-004911,INV-004911,22/09/2024,"21,769.57",CASH
PAY-004912,INV-004912,04/09/2026,8600.00,CASH
PAY-004913,INV-004913,2026-06-09 03:36:24,815675.26,transfer
PAY-004915,INV-004915,2025-03-04 17:44:58,NGN 825888.39,credit
PAY-004916,INV-004916,1731981689000,NGN 453985.12,CASH
PAY-004917,INV-004917,2026-06-04 08:45:32,450287.35,cash
PAY-004918,INV-004918,02/02/2025,NGN 1311099.86,insurance
PAY-004920,INV-004920,11/06/2025,"202,685.75",card
PAY-004921,INV-004921,29/07/2026,"NGN976,042.02",credit
PAY-004922,INV-004922,18/02/2025,NGN 6772.50,transfer
PAY-004924,INV-004924,08/03/2026,326820.81,insurance
PAY-004925,INV-004925,07/06/2025,"452,349.66",insurance
PAY-004928,INV-004928,2026-08-04 19:15:45,NGN 665838.94,insurance
PAY-004931,INV-004931,29/05/2025,"57,339.46",cash
PAY-004932,INV-004932,1767595686000,"NGN311,906.91",transfer
PAY-004935,INV-004935,1764928202000,"1,133,270.04",credit
PAY-004938,INV-004938,07/03/2026,250896.22,cash
PAY-004940,INV-004940,1774501306000,"1,189,249.25",insurance
PAY-004941,INV-004941,1765545730000,"1,210,222.96",insurance
PAY-004943,INV-004943,2026-09-08 21:20:26,7863.62,card
PAY-004945,INV-004945,1748241687000,"NGN7,068.12",card
PAY-004946,INV-004946,25/04/2026,"NGN6,170.50",TRANSFER
PAY-004948,INV-004948,1770691154000,36039.38,cash
PAY-004949,INV-004949,2025-04-08 23:32:53,836.89,cash
PAY-004950,INV-004950,1758081523000,"NGN9,740.92",insurance
PAY-004951,INV-004951,2024-11-30 07:38:20,"NGN9,481.50",CASH
PAY-004952,INV-004952,2025-07-02 06:24:20,"564,286.48",cash
PAY-004953,INV-004953,22/03/2025,"NGN1,027,984.16",CASH
PAY-004954,INV-004954,03/05/2026,NGN 467605.98,transfer
PAY-004955,INV-004955,30/11/2024,"1,159,884.83",CASH
PAY-004956,INV-004956,1732705856000,NGN 275808.81,card
PAY-004958,INV-004958,1764533416000,"244,085.15",CASH
PAY-004960,INV-004960,1763008702000,43698.75,CASH
PAY-004961,INV-004961,1733676023000,635952.93,card
PAY-004963,INV-004963,2025-02-05 14:30:44,2821.88,credit
PAY-004966,INV-004966,02/12/2025,124383.90,credit
PAY-004967,INV-004967,2025-03-28 10:32:27,"577,221.27",card
PAY-004968,INV-004968,2024-10-31 20:26:11,361864.95,insurance
PAY-004969,INV-004969,22/01/2025,217523.06,transfer
PAY-004970,INV-004970,1729337405000,"15,318.75",TRANSFER
PAY-004971,INV-004971,28/08/2026,405497.33,TRANSFER
PAY-004972,INV-004972,10/02/2025,"NGN165,015.99",transfer
PAY-004973,INV-004973,1751528495000,NGN 60119.40,card
PAY-004974,INV-004974,25/06/2026,"NGN898,499.80",insurance
PAY-004975,INV-004975,06/08/2026,1100694.59,insurance
PAY-004976,INV-004976,29/05/2025,"53,377.64",insurance
PAY-004977,INV-004977,1788163529000,429344.65,TRANSFER
PAY-004978,INV-004978,22/08/2026,NGN 1031450.84,insurance
PAY-004981,INV-004981,18/06/2026,NGN 57321.85,insurance
PAY-004982,INV-004982,1781184676000,NGN 338717.54,TRANSFER
PAY-004983,INV-004983,16/05/2025,"NGN1,252,308.82",card
PAY-004984,INV-004984,07/07/2026,587783.81,TRANSFER
PAY-004985,INV-004985,1739378634000,"NGN245,264.54",transfer
PAY-004986,INV-004986,2025-12-01 01:16:27,NGN 1010782.99,transfer
PAY-004988,INV-004988,2025-07-21 18:32:04,502409.65,cash
PAY-004989,INV-004989,2025-02-27 04:54:13,NGN 9271.88,TRANSFER
PAY-004994,INV-004994,11/05/2025,"NGN457,934.64",card
PAY-004995,INV-004995,2024-12-02 14:57:50,"NGN13,571.55",cash
PAY-004996,INV-004996,1758650742000,"40,176.73",card
PAY-004998,INV-004998,1788601920000,"NGN696,252.12",credit
PAY-004999,INV-004999,24/05/2026,NGN 2165.82,CASH
PAY-005000,INV-005000,2024-10-22 01:18:39,606972.70,CASH
PAY-005001,INV-005001,1762216684000,"164,513.90",TRANSFER
PAY-005002,INV-005002,09/12/2024,NGN 209022.58,card
PAY-005003,INV-005003,1785331572000,"596,517.07",transfer
PAY-005005,INV-005005,2026-01-18 23:43:20,"NGN1,262,311.81",transfer
PAY-005006,INV-005006,26/06/2026,NGN 410743.89,cash
PAY-005008,INV-005008,09/08/2025,"585,256.17",cash
PAY-005009,INV-005009,28/05/2026,"6,661.14",insurance
PAY-005011,INV-005011,1786982154000,171837.35,transfer
PAY-005013,INV-005013,06/06/2026,243960.98,CASH
PAY-005014,INV-005014,1747330959000,180910.54,credit
PAY-005015,INV-005015,2026-02-04 04:21:09,"NGN4,289.25",CASH
PAY-005016,INV-005016,1770541421000,"250,351.36",insurance
PAY-005017,INV-005017,2026-04-21 00:26:08,"666,495.62",CASH
PAY-005018,INV-005018,26/02/2026,"NGN907,908.23",TRANSFER
PAY-005019,INV-005019,05/12/2025,485790.07,cash
PAY-005020,INV-005020,1775740132000,1458.98,transfer
PAY-005021,INV-005021,2025-04-08 18:47:58,"717,688.57",TRANSFER
PAY-005022,INV-005022,1746741367000,"885,310.70",credit
PAY-005023,INV-005023,1735869457000,NGN 17875.44,TRANSFER
PAY-005024,INV-005024,2026-09-03 11:51:48,NGN 58474.54,credit
PAY-005025,INV-005025,19/02/2026,NGN 104751.77,card
PAY-005026,INV-005026,1756985332000,"75,943.93",insurance
PAY-005028,INV-005028,2026-04-12 17:24:36,"NGN57,028.75",cash
PAY-005029,INV-005029,1782581358000,"7,643.25",transfer
PAY-005030,INV-005030,2026-09-21 09:35:05,6369.38,card
PAY-005031,INV-005031,2025-11-03 12:12:08,"680,646.02",transfer
PAY-005033,INV-005033,1739713853000,NGN 258675.02,card
PAY-005034,INV-005034,26/02/2025,"30,743.61",insurance
PAY-005035,INV-005035,2025-07-02 02:45:11,"324,086.79",card
PAY-005036,INV-005036,09/03/2026,"NGN586,907.95",card
PAY-005038,INV-005038,1753424209000,529622.53,card
PAY-005039,INV-005039,2025-06-06 23:43:03,289581.67,TRANSFER
PAY-005041,INV-005041,1745922986000,34426.87,card
PAY-005042,INV-005042,2025-12-06 09:58:48,58221.68,credit
PAY-005044,INV-005044,2025-09-25 06:58:50,"514,632.53",insurance
PAY-005045,INV-005045,2025-03-17 18:35:37,NGN 121326.43,card
PAY-005046,INV-005046,1770914593000,"64,801.67",CASH
PAY-005048,INV-005048,2026-06-23 18:20:17,474483.88,cash
PAY-005049,INV-005049,1767067072000,"NGN320,502.56",cash
PAY-005051,INV-005051,08/05/2025,"207,134.46",credit
PAY-005052,INV-005052,2025-07-15 02:55:18,13706.25,CASH
PAY-005053,INV-005053,2025-08-02 06:04:49,845592.94,insurance
PAY-005054,INV-005054,1734185831000,8891.95,card
PAY-005055,INV-005055,06/08/2025,"NGN469,026.78",CASH
PAY-005056,INV-005056,2026-05-27 23:22:39,NGN 384784.00,insurance
PAY-005057,INV-005057,28/03/2025,"NGN413,727.02",TRANSFER
PAY-005058,INV-005058,1746244208000,940745.53,transfer
PAY-005059,INV-005059,1731794175000,"NGN138,204.25",TRANSFER
PAY-005061,INV-005061,17/01/2026,"NGN409,553.12",insurance
PAY-005062,INV-005062,1777939806000,"777,111.02",CASH
PAY-005063,INV-005063,26/04/2026,26901.88,TRANSFER
PAY-005064,INV-005064,15/11/2025,"NGN7,417.50",credit
PAY-005066,INV-005066,02/11/2024,"NGN794,917.76",insurance
PAY-005067,INV-005067,1789502743000,204694.90,cash
PAY-005070,INV-005070,23/11/2025,"828,351.53",insurance
PAY-005072,INV-005072,2026-04-30 21:01:30,"809,045.42",transfer
PAY-005073,INV-005073,31/03/2026,"NGN5,906.64",cash
PAY-005074,INV-005074,09/04/2026,283221.46,cash
PAY-005076,INV-005076,1763804852000,NGN 829122.12,credit
PAY-005077,INV-005077,1763998095000,"NGN964,481.55",credit
PAY-005078,INV-005078,1777672921000,NGN 75868.12,insurance
PAY-005079,INV-005079,28/02/2026,"1,205,145.24",CASH
PAY-005080,INV-005080,2026-06-29 15:22:04,NGN 630818.72,TRANSFER
PAY-005082,INV-005082,02/05/2026,NGN 915468.59,insurance
PAY-005083,INV-005083,1769211483000,398824.59,credit
PAY-005084,INV-005084,11/07/2025,"NGN95,705.27",TRANSFER
PAY-005085,INV-005085,1759244599000,311969.39,transfer
PAY-005086,INV-005086,2024-12-31 06:15:12,"NGN422,712.30",transfer
PAY-005087,INV-005087,2026-01-28 21:06:56,NGN 2418.75,insurance
PAY-005088,INV-005088,25/02/2025,"646,036.39",TRANSFER
PAY-005089,INV-005089,06/03/2026,NGN 2848.75,cash
PAY-005091,INV-005091,1763231894000,"895,339.62",transfer
PAY-005092,INV-005092,2024-12-29 05:02:06,"NGN404,478.39",card
PAY-005093,INV-005093,1741250616000,"626,584.82",insurance
PAY-005094,INV-005094,1784031814000,"NGN734,339.03",insurance
PAY-005099,INV-005099,15/05/2026,"103,436.75",cash
PAY-005100,INV-005100,14/10/2025,NGN 9352.50,TRANSFER
PAY-005101,INV-005101,2026-02-17 23:42:23,"NGN135,453.68",transfer
PAY-005103,INV-005103,1770066605000,"1,066,828.37",TRANSFER
PAY-005106,INV-005106,2025-06-20 18:35:09,582479.70,TRANSFER
PAY-005107,INV-005107,2024-10-27 14:04:15,NGN 938576.03,CASH
PAY-005108,INV-005108,1735358509000,"NGN463,707.64",insurance
PAY-005111,INV-005111,1782462763000,"587,171.98",cash
PAY-005114,INV-005114,09/08/2026,477814.83,insurance
PAY-005116,INV-005116,2025-04-12 14:04:33,534497.11,TRANSFER
PAY-005117,INV-005117,2026-02-07 14:16:32,"1,345,376.77",transfer
PAY-005118,INV-005118,2025-11-03 18:27:42,"NGN26,525.62",transfer
PAY-005120,INV-005120,1786648863000,"494,156.44",insurance
PAY-005121,INV-005121,03/10/2025,372175.68,TRANSFER
PAY-005122,INV-005122,2025-08-08 06:13:07,28155.89,cash
PAY-005126,INV-005126,25/05/2026,260021.87,credit
PAY-005127,INV-005127,1777298105000,"NGN49,268.06",TRANSFER
PAY-005128,INV-005128,25/11/2024,NGN 133509.97,CASH
PAY-005129,INV-005129,2024-11-29 11:17:48,280568.78,TRANSFER
PAY-005131,INV-005131,2026-07-24 04:50:12,"244,882.22",CASH
PAY-005132,INV-005132,1776267110000,"417,027.56",cash
PAY-005134,INV-005134,1759418787000,"208,415.62",TRANSFER
PAY-005135,INV-005135,25/03/2026,2596.12,transfer
PAY-005136,INV-005136,1775418181000,"53,703.01",credit
PAY-005137,INV-005137,2025-01-02 15:12:24,"NGN2,902.50",insurance
PAY-005140,INV-005140,2025-01-04 19:49:01,NGN 1100613.89,CASH
PAY-005141,INV-005141,2026-01-18 10:43:32,"NGN255,269.39",cash
PAY-005142,INV-005142,27/03/2026,"NGN283,430.84",insurance
PAY-005143,INV-005143,2024-11-10 07:38:40,"NGN370,383.25",transfer
PAY-005144,INV-005144,1761181669000,1768.38,TRANSFER
PAY-005145,INV-005145,2025-11-10 02:20:06,NGN 1608452.10,card
PAY-005146,INV-005146,18/11/2025,NGN 486465.73,cash
PAY-005147,INV-005147,1782932245000,"NGN119,776.86",CASH
PAY-005149,INV-005149,2026-07-10 04:02:21,"NGN637,295.94",insurance
PAY-005150,INV-005150,2026-06-19 23:21:15,5079.38,cash
PAY-005155,INV-005155,1763764697000,"NGN380,030.15",insurance
PAY-005156,INV-005156,25/02/2025,"158,533.32",CASH
PAY-005157,INV-005157,2025-10-19 20:43:26,"NGN19,242.50",transfer
PAY-005158,INV-005158,08/04/2025,"757,277.96",cash
PAY-005159,INV-005159,2026-01-10 12:42:53,"214,307.76",credit
PAY-005160,INV-005160,21/12/2025,"NGN278,885.85",credit
PAY-005161,INV-005161,1746238925000,NGN 746131.06,credit
PAY-005163,INV-005163,2026-08-27 14:43:44,"840,296.89",CASH
PAY-005164,INV-005164,2026-04-10 16:53:50,263921.95,credit
PAY-005165,INV-005165,18/01/2025,NGN 256505.26,TRANSFER
PAY-005167,INV-005167,20/11/2024,"NGN23,758.41",insurance
PAY-005168,INV-005168,02/01/2026,NGN 47779.11,credit
PAY-005169,INV-005169,1760048985000,821400.42,credit
PAY-005171,INV-005171,2025-04-06 02:28:09,167715.60,card
PAY-005172,INV-005172,1783246237000,NGN 490212.74,TRANSFER
PAY-005173,INV-005173,06/04/2026,32991.75,CASH
PAY-005174,INV-005174,2025-06-05 10:36:04,"509,358.27",insurance
PAY-005176,INV-005176,1773035117000,"577,680.00",insurance
PAY-005177,INV-005177,1729337172000,33615.14,CASH
PAY-005178,INV-005178,16/11/2025,"1,055,535.95",TRANSFER
PAY-005179,INV-005179,1734599708000,NGN 1101012.06,TRANSFER
PAY-005183,INV-005183,2026-06-01 09:34:19,609295.89,cash
PAY-005185,INV-005185,2024-11-09 05:20:43,21278.93,cash
PAY-005186,INV-005186,1784977414000,NGN 580198.05,cash
PAY-005187,INV-005187,2025-06-12 15:44:37,272000.70,insurance
PAY-005188,INV-005188,24/06/2025,48232.04,cash
PAY-005191,INV-005191,24/03/2025,NGN 48862.64,CASH
PAY-005192,INV-005192,2025-10-02 06:47:30,"NGN194,884.54",credit
PAY-005193,INV-005193,08/12/2025,"545,226.21",TRANSFER
PAY-005194,INV-005194,07/10/2025,"NGN494,760.00",insurance
PAY-005195,INV-005195,22/12/2024,"NGN432,699.23",card
PAY-005197,INV-005197,2024-11-09 03:58:08,NGN 760311.72,cash
PAY-005199,INV-005199,29/11/2025,NGN 1094219.57,TRANSFER
PAY-005201,INV-005201,1772320615000,"NGN337,334.12",credit
PAY-005202,INV-005202,2025-03-30 02:41:05,NGN 80374.59,TRANSFER
PAY-005204,INV-005204,2024-12-29 06:17:10,NGN 5966.25,CASH
PAY-005205,INV-005205,17/10/2025,317909.32,TRANSFER
PAY-005206,INV-005206,23/08/2026,"NGN9,325.62",cash
PAY-005207,INV-005207,2026-05-04 08:43:11,NGN 274561.23,cash
PAY-005208,INV-005208,1765991089000,NGN 178891.36,insurance
PAY-005210,INV-005210,28/11/2025,NGN 94501.95,cash
PAY-005211,INV-005211,2024-10-27 23:34:34,502045.40,card
PAY-005213,INV-005213,1761136151000,NGN 27412.50,CASH
PAY-005214,INV-005214,17/03/2025,"794,320.85",credit
PAY-005216,INV-005216,02/09/2025,"972,043.97",cash
PAY-005218,INV-005218,2026-02-08 06:25:24,"NGN1,024,259.07",credit
PAY-005219,INV-005219,1777052611000,"3,511.41",insurance
PAY-005220,INV-005220,2026-07-09 09:11:12,NGN 556624.97,cash
PAY-005221,INV-005221,2025-02-04 19:37:41,512047.57,CASH
PAY-005222,INV-005222,2025-11-01 02:46:04,NGN 260607.82,card
PAY-005223,INV-005223,10/04/2026,611763.75,card
PAY-005226,INV-005226,10/06/2025,"165,361.35",TRANSFER
PAY-005227,INV-005227,19/11/2025,NGN 194915.79,CASH
PAY-005228,INV-005228,1739806589000,NGN 377333.50,cash
PAY-005229,INV-005229,2025-03-01 17:36:45,NGN 321490.28,card
PAY-005230,INV-005230,2024-09-27 18:15:37,3687.25,transfer
PAY-005232,INV-005232,1766676072000,"NGN488,742.96",card
PAY-005233,INV-005233,08/04/2025,770597.46,transfer
PAY-005234,INV-005234,1729751955000,"1,994.12",cash
PAY-005235,INV-005235,2025-03-17 18:05:00,NGN 342861.92,insurance
PAY-005236,INV-005236,2026-07-23 09:33:44,NGN 114805.15,cash
PAY-005238,INV-005238,1767226723000,"129,991.67",CASH
PAY-005239,INV-005239,2025-02-22 22:34:21,"190,061.44",CASH
PAY-005240,INV-005240,1780387349000,NGN 99548.05,CASH
PAY-005241,INV-005241,10/12/2024,"54,437.03",TRANSFER
PAY-005243,INV-005243,1785265096000,"8,349.57",TRANSFER
PAY-005244,INV-005244,15/02/2025,90029.25,card
PAY-005245,INV-005245,2025-02-03 01:51:18,"564,418.33",TRANSFER
PAY-005246,INV-005246,1767743938000,"NGN49,098.90",insurance
PAY-005247,INV-005247,1759960948000,NGN 38333.42,TRANSFER
PAY-005251,INV-005251,15/11/2025,"4,775.29",transfer
PAY-005253,INV-005253,1787690937000,NGN 1532386.21,insurance
PAY-005254,INV-005254,2025-04-03 15:40:33,1244195.96,CASH
PAY-005255,INV-005255,29/06/2025,NGN 90609.62,CASH
PAY-005256,INV-005256,2025-04-13 12:15:38,"NGN72,676.21",cash
PAY-005257,INV-005257,1773287958000,NGN 232615.54,cash
PAY-005258,INV-005258,1788019082000,"NGN389,603.31",CASH
PAY-005259,INV-005259,2025-09-16 12:53:43,"557,354.23",insurance
PAY-005260,INV-005260,16/05/2025,"1,666,585.99",TRANSFER
PAY-005261,INV-005261,30/04/2026,"NGN316,989.18",card
PAY-005262,INV-005262,2025-09-25 16:32:25,NGN 1370.62,credit
PAY-005263,INV-005263,23/08/2025,244964.17,insurance
PAY-005265,INV-005265,1758878430000,NGN 210691.56,credit
PAY-005266,INV-005266,2026-03-31 15:35:16,NGN 580098.17,insurance
PAY-005267,INV-005267,18/01/2025,NGN 1159380.50,insurance
PAY-005269,INV-005269,2025-12-29 09:44:05,"NGN66,596.25",CASH
PAY-005270,INV-005270,2024-10-23 14:16:42,146988.07,cash
PAY-005271,INV-005271,2024-10-22 18:37:19,174946.29,TRANSFER
PAY-005272,INV-005272,1736546608000,NGN 444011.05,card
PAY-005273,INV-005273,2025-06-15 15:07:03,"521,742.47",insurance
PAY-005275,INV-005275,2026-02-28 19:25:25,382278.80,insurance
PAY-005277,INV-005277,2025-09-29 00:50:48,NGN 1117647.93,credit
PAY-005278,INV-005278,28/08/2025,NGN 1431993.78,credit
PAY-005279,INV-005279,2025-09-15 03:32:43,384665.85,cash
PAY-005280,INV-005280,2024-12-24 09:59:11,"NGN880,519.59",insurance
PAY-005281,INV-005281,1747308523000,"873,618.18",transfer
PAY-005282,INV-005282,2025-11-07 02:19:01,NGN 109237.30,card
PAY-005283,INV-005283,1764690481000,"NGN91,062.45",TRANSFER
PAY-005284,INV-005284,17/09/2025,NGN 1560957.17,TRANSFER
PAY-005286,INV-005286,2026-06-27 02:50:44,1994.12,transfer
PAY-005287,INV-005287,01/04/2025,"NGN49,020.79",insurance
PAY-005288,INV-005288,1749702056000,620064.74,card
PAY-005289,INV-005289,2024-12-01 16:12:27,NGN 4421.11,CASH
PAY-005291,INV-005291,29/07/2026,NGN 176779.07,credit
PAY-005292,INV-005292,1747200139000,105993.72,credit
PAY-005293,INV-005293,24/04/2025,"475,979.44",credit
PAY-005295,INV-005295,19/04/2026,"8,143.12",CASH
PAY-005296,INV-005296,2026-05-28 09:04:49,366972.41,card
PAY-005297,INV-005297,1777118265000,821588.85,insurance
PAY-005298,INV-005298,2026-06-30 23:49:12,NGN 50985.93,CASH
PAY-005299,INV-005299,1782136565000,NGN 844066.88,card
PAY-005300,INV-005300,2026-05-15 02:27:18,"140,659.56",credit
PAY-005301,INV-005301,2025-12-08 02:45:32,"NGN604,621.05",credit
PAY-005303,INV-005303,2025-12-25 16:45:39,2596.12,card
PAY-005304,INV-005304,2026-07-03 22:41:16,"24,679.69",insurance
PAY-005305,INV-005305,2026-03-31 09:07:58,NGN 804848.93,insurance
PAY-005308,INV-005308,10/03/2025,"143,380.75",TRANSFER
PAY-005309,INV-005309,2025-10-22 10:57:08,587982.14,credit
PAY-005310,INV-005310,1742356085000,"59,485.10",card
PAY-005311,INV-005311,2026-03-08 22:17:33,11099.38,cash
PAY-005312,INV-005312,12/08/2026,"768,021.61",credit
PAY-005313,INV-005313,28/09/2026,218372.86,TRANSFER
PAY-005314,INV-005314,2024-11-21 07:02:14,"327,853.50",CASH
PAY-005316,INV-005316,2026-09-21 15:31:59,"4,364.50",CASH
PAY-005317,INV-005317,08/10/2025,NGN 135717.12,CASH
PAY-005318,INV-005318,09/01/2026,143792.86,transfer
PAY-005319,INV-005319,1778154654000,"316,915.10",card
PAY-005322,INV-005322,2024-12-31 18:22:09,"NGN7,793.75",credit
PAY-005323,INV-005323,2025-12-02 04:36:34,NGN 102230.38,card
PAY-005324,INV-005324,2024-12-29 15:04:20,NGN 105254.19,transfer
PAY-005326,INV-005326,2026-01-08 12:20:58,630745.89,cash
PAY-005327,INV-005327,23/01/2025,"2,408.00",TRANSFER
PAY-005328,INV-005328,02/02/2026,NGN 436665.27,TRANSFER
PAY-005329,INV-005329,1771567473000,443502.83,cash
PAY-005330,INV-005330,1757397223000,NGN 38022.75,credit
PAY-005331,INV-005331,1770835401000,12491.50,insurance
PAY-005332,INV-005332,1761208663000,3090.62,transfer
PAY-005335,INV-005335,1740927342000,NGN 854319.13,insurance
PAY-005337,INV-005337,1788908767000,334289.28,CASH
PAY-005341,INV-005341,1737187438000,"NGN622,072.53",cash
PAY-005342,INV-005342,1729511457000,175021.13,cash
PAY-005343,INV-005343,1774124875000,"262,758.32",TRANSFER
PAY-005344,INV-005344,1742694011000,"1,194,350.24",TRANSFER
PAY-005345,INV-005345,1735170247000,341869.27,credit
PAY-005349,INV-005349,1752933989000,"NGN142,674.00",credit
PAY-005350,INV-005350,1780525907000,"NGN8,707.50",cash
PAY-005351,INV-005351,1756620249000,NGN 828598.78,CASH
PAY-005352,INV-005352,21/12/2024,NGN 447987.05,transfer
PAY-005354,INV-005354,2025-12-28 21:48:23,NGN 687561.93,credit
PAY-005355,INV-005355,2026-02-05 17:39:09,NGN 457312.32,cash
PAY-005356,INV-005356,1767451729000,NGN 960507.02,insurance
PAY-005358,INV-005358,13/10/2025,"1,220,000.33",credit
PAY-005359,INV-005359,2026-01-31 05:50:50,"482,463.82",TRANSFER
PAY-005360,INV-005360,2025-01-03 23:31:56,NGN 191177.58,cash
PAY-005361,INV-005361,2026-03-23 11:06:24,NGN 24284.25,cash
PAY-005362,INV-005362,04/12/2024,"113,198.29",card
PAY-005363,INV-005363,06/07/2026,972959.83,cash
PAY-005364,INV-005364,1783685183000,"NGN793,469.69",TRANSFER
PAY-005365,INV-005365,1770101369000,NGN 510535.43,card
PAY-005367,INV-005367,1772907772000,47970.79,card
PAY-005368,INV-005368,2026-06-12 15:04:22,"272,550.22",transfer
PAY-005369,INV-005369,17/09/2026,"NGN192,846.05",card
PAY-005371,INV-005371,2026-08-23 09:39:17,"NGN137,050.63",cash
PAY-005372,INV-005372,1769209373000,"NGN92,771.20",CASH
PAY-005373,INV-005373,2026-08-12 00:29:22,NGN 3122.88,cash
PAY-005374,INV-005374,2025-11-11 15:36:14,"NGN189,355.35",insurance
PAY-005375,INV-005375,27/10/2024,NGN 517497.74,card
PAY-005376,INV-005376,09/05/2025,2606.88,TRANSFER
PAY-005377,INV-005377,29/08/2026,"108,069.75",card
PAY-005378,INV-005378,2025-09-15 07:23:59,NGN 6880.00,insurance
PAY-005380,INV-005380,1782072497000,246804.79,cash
PAY-005381,INV-005381,1783568383000,"NGN33,997.79",TRANSFER
PAY-005382,INV-005382,25/08/2026,NGN 961995.93,card
PAY-005383,INV-005383,02/05/2025,NGN 188211.70,CASH
PAY-005384,INV-005384,2024-11-20 19:30:44,"111,543.85",CASH
PAY-005385,INV-005385,2026-04-28 10:19:32,"NGN9,707.25",card
PAY-005386,INV-005386,1742750665000,NGN 344923.01,card
PAY-005388,INV-005388,11/09/2026,"92,689.87",CASH
PAY-005390,INV-005390,05/11/2025,425532.55,insurance
PAY-005391,INV-005391,25/12/2025,NGN 423624.30,transfer
PAY-005392,INV-005392,1734512046000,NGN 20220.75,card
PAY-005393,INV-005393,2024-10-24 01:51:10,344262.36,cash
PAY-005394,INV-005394,08/02/2026,1348469.68,card
PAY-005395,INV-005395,2025-10-23 01:16:51,370891.19,card
PAY-005396,INV-005396,18/03/2026,NGN 3771.19,CASH
PAY-005397,INV-005397,30/06/2025,"1,231,457.97",transfer
PAY-005398,INV-005398,1773352902000,"116,417.19",CASH
PAY-005399,INV-005399,2025-11-24 05:12:10,"NGN412,276.40",insurance
PAY-005400,INV-005400,2026-06-22 04:17:46,NGN 1389319.57,TRANSFER
PAY-005401,INV-005401,21/01/2025,NGN 5708.25,credit
PAY-005402,INV-005402,04/08/2025,"45,346.10",TRANSFER
PAY-005403,INV-005403,12/07/2025,4326.87,credit
PAY-005404,INV-005404,24/04/2025,370470.43,card
PAY-005405,INV-005405,2026-04-26 17:32:36,37539.00,card
PAY-005406,INV-005406,27/09/2025,86278.20,transfer
PAY-005407,INV-005407,2025-03-11 17:32:18,"NGN102,721.52",TRANSFER
PAY-005408,INV-005408,2026-09-11 16:09:10,"NGN128,558.13",cash
PAY-005409,INV-005409,1736439143000,7444.38,transfer
PAY-005410,INV-005410,2025-07-13 05:44:15,NGN 810741.48,insurance
PAY-005411,INV-005411,22/05/2026,"NGN91,735.75",credit
PAY-005412,INV-005412,1763627245000,"NGN389,923.80",credit
PAY-005413,INV-005413,19/05/2025,"NGN275,688.64",CASH
PAY-005414,INV-005414,06/02/2025,"NGN1,133,963.91",insurance
PAY-005415,INV-005415,1759943656000,"624,893.60",insurance
PAY-005417,INV-005417,27/07/2025,195531.33,insurance
PAY-005418,INV-005418,1756182042000,NGN 37451.09,cash
PAY-005419,INV-005419,1741253373000,132166.53,CASH
PAY-005420,INV-005420,1731595575000,116781.18,CASH
PAY-005421,INV-005421,1778319404000,NGN 48375.00,CASH
PAY-005423,INV-005423,1781820939000,"NGN2,983.13",TRANSFER
PAY-005424,INV-005424,2025-01-01 11:53:21,NGN 1242130.03,cash
PAY-005425,INV-005425,1782608541000,954005.27,CASH
PAY-005426,INV-005426,24/11/2024,"27,382.10",card
PAY-005427,INV-005427,2026-05-05 17:17:22,35313.75,cash
PAY-005429,INV-005429,1789150173000,NGN 662061.22,CASH
PAY-005430,INV-005430,2025-12-29 06:23:26,NGN 268129.58,cash
PAY-005431,INV-005431,2025-02-10 00:01:39,NGN 144624.35,cash
PAY-005432,INV-005432,30/07/2025,601107.95,cash
PAY-005433,INV-005433,08/04/2025,"NGN1,053,716.31",TRANSFER
PAY-005435,INV-005435,2025-04-05 14:23:05,NGN 89543.69,CASH
PAY-005437,INV-005437,2026-02-26 12:23:05,"NGN116,153.61",card
PAY-005439,INV-005439,1780558771000,NGN 460415.38,transfer
PAY-005441,INV-005441,29/01/2026,NGN 56726.24,card
PAY-005442,INV-005442,28/02/2025,6923.00,credit
PAY-005443,INV-005443,2026-01-12 00:52:44,NGN 7336.88,credit
PAY-005445,INV-005445,2026-09-12 00:25:39,"268,919.55",TRANSFER
PAY-005446,INV-005446,1757422998000,291503.53,TRANSFER
PAY-005447,INV-005447,2024-10-26 08:45:31,NGN 3332.50,card
PAY-005448,INV-005448,2025-02-28 21:45:10,"NGN282,701.51",insurance
PAY-005449,INV-005449,1758520788000,"NGN782,086.86",insurance
PAY-005451,INV-005451,2025-10-09 12:35:17,361036.58,cash
PAY-005452,INV-005452,1747850216000,1300889.90,credit
PAY-005453,INV-005453,2025-11-03 05:52:06,342025.51,card
PAY-005454,INV-005454,2026-03-05 09:53:38,"329,891.42",card
PAY-005455,INV-005455,08/12/2024,"NGN732,986.47",cash
PAY-005456,INV-005456,2025-06-15 08:02:23,NGN 715309.92,cash
PAY-005457,INV-005457,2026-03-06 00:56:08,NGN 13507.38,TRANSFER
PAY-005458,INV-005458,2026-01-22 14:03:29,"1,375,208.99",insurance
PAY-005459,INV-005459,07/12/2025,"298,705.65",TRANSFER
PAY-005460,INV-005460,2025-11-14 07:46:27,"NGN447,201.42",credit
PAY-005461,INV-005461,05/06/2026,"186,110.80",insurance
PAY-005462,INV-005462,02/03/2025,385007.92,CASH
PAY-005463,INV-005463,2026-05-19 04:32:26,NGN 345865.07,cash
PAY-005464,INV-005464,2025-10-30 06:39:33,"NGN6,611.25",cash
PAY-005465,INV-005465,2026-08-08 21:49:34,"630,347.59",cash
PAY-005466,INV-005466,09/02/2026,19059.75,credit
PAY-005467,INV-005467,26/05/2026,NGN 606948.35,cash
PAY-005469,INV-005469,08/12/2025,"NGN33,862.50",card
PAY-005472,INV-005472,1785375323000,"NGN9,838.79",cash
PAY-005473,INV-005473,1776774458000,"920,560.31",TRANSFER
PAY-005474,INV-005474,01/01/2025,"3,085.25",card
PAY-005475,INV-005475,2025-12-06 19:27:45,"NGN236,153.36",CASH
PAY-005477,INV-005477,1740709291000,NGN 583521.91,credit
PAY-005479,INV-005479,1786215451000,NGN 258488.92,credit
PAY-005480,INV-005480,2026-05-26 18:16:01,"18,436.25",insurance
PAY-005482,INV-005482,2025-08-09 23:25:06,NGN 551578.16,TRANSFER
PAY-005483,INV-005483,2026-08-09 13:12:33,"375,913.07",card
PAY-005485,INV-005485,2026-05-24 00:13:10,856371.40,transfer
PAY-005486,INV-005486,01/04/2026,NGN 548578.04,credit
PAY-005487,INV-005487,1762087163000,"NGN3,708.75",card
PAY-005488,INV-005488,1776104803000,"624,133.10",CASH
PAY-005489,INV-005489,12/08/2026,"615,758.82",CASH
PAY-005490,INV-005490,1773579749000,"395,738.95",transfer
PAY-005492,INV-005492,1747650470000,1811005.37,card
PAY-005493,INV-005493,19/02/2026,"1,555,804.69",cash
PAY-005497,INV-005497,17/12/2024,NGN 882723.88,transfer
PAY-005498,INV-005498,2026-05-11 11:15:58,15125.25,TRANSFER
PAY-005499,INV-005499,1743135818000,"3,800.12",insurance
PAY-005500,INV-005500,1756665595000,"NGN130,681.25",TRANSFER
PAY-005503,INV-005503,04/11/2025,"116,200.46",cash
PAY-005504,INV-005504,2025-02-23 07:46:05,"115,058.80",cash
PAY-005505,INV-005505,23/08/2025,127973.16,credit
PAY-005507,INV-005507,29/10/2024,152866.44,credit
PAY-005508,INV-005508,2025-12-05 19:04:19,NGN 369941.54,TRANSFER
PAY-005509,INV-005509,2025-10-28 10:10:12,"NGN421,601.38",TRANSFER
PAY-005511,INV-005511,2025-05-18 17:08:21,"191,928.40",credit
PAY-005512,INV-005512,23/04/2026,"NGN296,287.53",card
PAY-005513,INV-005513,22/06/2025,"96,416.13",cash
PAY-005514,INV-005514,2026-01-13 22:12:57,59823.75,card
PAY-005517,INV-005517,24/06/2025,"33,298.12",credit
PAY-005518,INV-005518,2025-10-05 07:18:27,"363,014.22",transfer
PAY-005519,INV-005519,2026-07-15 18:21:07,174440.59,cash
PAY-005520,INV-005520,2026-02-07 14:00:25,NGN 92608.36,cash
PAY-005521,INV-005521,28/04/2025,"NGN1,772,155.14",credit
PAY-005522,INV-005522,11/10/2025,NGN 97126.25,credit
PAY-005523,INV-005523,1750935825000,855057.12,insurance
PAY-005525,INV-005525,2025-12-07 09:35:31,129297.99,card
PAY-005526,INV-005526,14/09/2025,"NGN26,474.06",transfer
PAY-005528,INV-005528,30/05/2026,"602,531.16",CASH
PAY-005529,INV-005529,28/01/2026,"NGN163,468.40",credit
PAY-005531,INV-005531,2025-11-14 21:48:23,"NGN313,072.69",TRANSFER
PAY-005532,INV-005532,21/03/2026,45514.53,transfer
PAY-005533,INV-005533,05/10/2025,"83,314.74",transfer
PAY-005534,INV-005534,2025-04-21 02:28:18,756503.99,cash
PAY-005535,INV-005535,1767872724000,"NGN6,194.31",credit
PAY-005536,INV-005536,15/05/2025,"443,284.88",CASH
PAY-005538,INV-005538,1766875055000,NGN 185586.97,credit
PAY-005539,INV-005539,1785108824000,"440,205.98",cash
PAY-005540,INV-005540,1782445842000,"4,419.56",card
PAY-005542,INV-005542,1749389512000,NGN 778573.96,card
PAY-005546,INV-005546,17/07/2026,"647,343.39",credit
PAY-005547,INV-005547,2026-01-03 16:23:11,"NGN189,950.31",card
PAY-005548,INV-005548,2024-12-18 15:03:28,NGN 439849.77,insurance
PAY-005549,INV-005549,2025-03-03 01:04:27,"682,474.40",cash
PAY-005550,INV-005550,2024-12-24 05:47:54,NGN 914925.18,cash
PAY-005551,INV-005551,2025-09-17 02:41:45,"NGN935,704.42",credit
PAY-005552,INV-005552,17/03/2026,"1,370,587.53",transfer
PAY-005553,INV-005553,1744406703000,NGN 236340.06,card
PAY-005554,INV-005554,2026-01-15 21:47:31,5052.50,transfer
PAY-005555,INV-005555,10/10/2025,NGN 209807.69,cash
PAY-005556,INV-005556,11/08/2026,"94,307.81",TRANSFER
PAY-005558,INV-005558,2026-01-08 04:20:35,271064.65,card
PAY-005559,INV-005559,1777103984000,"NGN78,720.82",cash
PAY-005561,INV-005561,2025-03-04 06:26:07,"214,074.03",card
PAY-005562,INV-005562,15/05/2026,"NGN254,481.73",credit
PAY-005564,INV-005564,1759551203000,"NGN286,972.18",card
PAY-005565,INV-005565,11/08/2025,1129465.14,transfer
PAY-005566,INV-005566,1756587463000,"982,023.10",cash
PAY-005567,INV-005567,18/12/2024,"NGN1,049,970.07",CASH
PAY-005568,INV-005568,1748013376000,NGN 570510.91,card
PAY-005569,INV-005569,11/12/2025,56381.01,card
PAY-005570,INV-005570,2025-03-13 10:55:49,NGN 1290000.89,TRANSFER
PAY-005571,INV-005571,2026-09-07 14:58:40,"1,382,665.39",card
PAY-005573,INV-005573,18/12/2025,NGN 49970.18,CASH
PAY-005574,INV-005574,21/01/2025,NGN 553922.94,TRANSFER
PAY-005575,INV-005575,30/03/2026,355587.70,cash
PAY-005576,INV-005576,2025-08-20 20:41:26,224191.34,card
PAY-005577,INV-005577,18/07/2026,"211,816.16",card
PAY-005578,INV-005578,02/03/2026,NGN 309674.58,cash
PAY-005579,INV-005579,2026-08-03 08:35:43,"NGN584,108.23",CASH
PAY-005580,INV-005580,07/05/2026,15116.12,TRANSFER
PAY-005582,INV-005582,2026-08-06 16:52:00,"NGN606,428.89",CASH
PAY-005583,INV-005583,04/08/2025,"1,194,203.73",card
PAY-005585,INV-005585,2025-10-15 16:18:13,"216,549.90",transfer
PAY-005586,INV-005586,2025-12-21 03:23:40,468524.10,credit
PAY-005587,INV-005587,1748674697000,"NGN236,415.96",CASH
PAY-005588,INV-005588,16/06/2025,1700432.85,credit
PAY-005589,INV-005589,2025-05-24 22:48:18,"767,874.74",CASH
PAY-005590,INV-005590,06/09/2026,"NGN930,088.51",cash
PAY-005591,INV-005591,1788248069000,588895.92,credit
PAY-005592,INV-005592,10/11/2025,"NGN30,089.25",transfer
PAY-005593,INV-005593,2026-08-11 05:20:04,896424.09,cash
PAY-005595,INV-005595,1769159147000,"14,377.64",card
PAY-005596,INV-005596,1730410904000,"731,681.33",CASH
PAY-005598,INV-005598,2026-05-22 04:22:37,624756.03,cash
PAY-005599,INV-005599,1773459120000,26525.62,card
PAY-005600,INV-005600,2026-07-21 21:11:52,4599.34,CASH
PAY-005601,INV-005601,22/05/2026,NGN 854980.28,card
PAY-005603,INV-005603,1758894835000,NGN 675117.47,insurance
PAY-005604,INV-005604,2024-12-01 17:27:00,NGN 89384.51,TRANSFER
PAY-005605,INV-005605,01/11/2024,"138,652.55",TRANSFER
PAY-005606,INV-005606,1735098547000,"NGN4,407.50",cash
PAY-005607,INV-005607,2026-05-14 02:29:18,"NGN127,978.75",cash
PAY-005608,INV-005608,05/01/2026,377822.53,credit
PAY-005611,INV-005611,1764987541000,NGN 1004298.99,card
PAY-005612,INV-005612,2025-10-14 02:02:06,"NGN39,962.04",transfer
PAY-005613,INV-005613,2025-09-06 02:50:39,"NGN1,775,316.03",TRANSFER
PAY-005615,INV-005615,1743565978000,NGN 96470.50,insurance
PAY-005616,INV-005616,04/10/2024,"350,209.76",CASH
PAY-005617,INV-005617,1781936400000,68970.31,card
PAY-005618,INV-005618,1770708495000,"3,235.75",TRANSFER
PAY-005620,INV-005620,2025-06-13 10:39:59,"NGN273,867.80",transfer
PAY-005621,INV-005621,04/02/2026,"809,795.90",CASH
PAY-005622,INV-005622,07/06/2026,"NGN527,172.73",insurance
PAY-005623,INV-005623,19/01/2026,"NGN32,748.98",CASH
PAY-005624,INV-005624,20/02/2026,NGN 37113.29,card
PAY-005625,INV-005625,2025-08-28 14:00:52,"NGN370,240.13",transfer
PAY-005627,INV-005627,27/02/2026,NGN 541704.69,TRANSFER
PAY-005628,INV-005628,25/11/2025,"40,025.36",cash
PAY-005629,INV-005629,1748820032000,485242.04,credit
PAY-005630,INV-005630,2025-11-26 01:03:36,113696.06,insurance
PAY-005633,INV-005633,08/04/2025,191367.15,TRANSFER
PAY-005634,INV-005634,2026-07-17 10:52:01,"807,627.20",insurance
PAY-005635,INV-005635,1777781159000,"NGN110,930.20",TRANSFER
PAY-005636,INV-005636,2025-02-08 04:37:08,"NGN314,567.32",transfer
PAY-005637,INV-005637,20/09/2026,"494,335.34",insurance
PAY-005638,INV-005638,2025-02-27 06:30:10,360561.68,credit
PAY-005639,INV-005639,1767732416000,441948.17,cash
PAY-005640,INV-005640,2025-03-23 07:38:54,189797.83,card
PAY-005641,INV-005641,2026-03-01 12:10:03,NGN 703798.98,CASH
PAY-005644,INV-005644,2026-08-19 10:05:21,745224.43,card
PAY-005645,INV-005645,08/11/2025,"NGN637,896.81",cash
PAY-005646,INV-005646,2025-04-23 17:22:45,"NGN542,380.43",cash
PAY-005647,INV-005647,08/03/2026,NGN 10561.88,TRANSFER
PAY-005648,INV-005648,17/03/2025,"710,025.68",insurance
PAY-005649,INV-005649,2025-08-14 20:28:20,NGN 1370476.08,insurance
PAY-005650,INV-005650,15/01/2026,"NGN438,960.31",insurance
PAY-005652,INV-005652,08/12/2025,"269,184.65",insurance
PAY-005653,INV-005653,1751407799000,370449.19,transfer
PAY-005654,INV-005654,2025-06-24 00:47:54,"202,333.33",TRANSFER
PAY-005656,INV-005656,1770552675000,NGN 236255.81,transfer
PAY-005657,INV-005657,1732536899000,"NGN556,217.14",cash
PAY-005658,INV-005658,1734868171000,NGN 5418.00,credit
PAY-005659,INV-005659,1764569211000,"NGN1,720.00",card
PAY-005660,INV-005660,10/10/2026,83608.12,cash
PAY-005661,INV-005661,20/07/2026,"586,892.98",insurance
PAY-005662,INV-005662,09/07/2026,4627.88,CASH
PAY-005663,INV-005663,2025-02-13 15:38:26,1841025.47,transfer
PAY-005664,INV-005664,21/11/2025,"13,356.41",card
PAY-005665,INV-005665,27/09/2025,"NGN2,849.62",TRANSFER
PAY-005666,INV-005666,1752105353000,"198,311.83",TRANSFER
PAY-005667,INV-005667,2026-01-11 11:18:10,"384,154.32",credit
PAY-005669,INV-005669,01/09/2025,"609,297.02",credit
PAY-005670,INV-005670,1746900686000,71106.94,cash
PAY-005671,INV-005671,08/12/2024,123395.17,TRANSFER
PAY-005672,INV-005672,07/01/2025,4289.25,TRANSFER
PAY-005673,INV-005673,10/04/2026,NGN 17818.12,TRANSFER
PAY-005674,INV-005674,1784523764000,NGN 800851.11,credit
PAY-005675,INV-005675,1743020728000,191260.50,TRANSFER
PAY-005677,INV-005677,2025-07-21 23:30:53,"865,119.80",TRANSFER
PAY-005679,INV-005679,2025-09-16 11:51:28,680265.81,CASH
PAY-005680,INV-005680,13/03/2026,1693.12,transfer
PAY-005681,INV-005681,2026-01-28 04:53:29,"377,403.06",credit
PAY-005682,INV-005682,19/11/2024,"NGN8,331.25",CASH
PAY-005683,INV-005683,1756694415000,"81,788.89",card
PAY-005684,INV-005684,1738672665000,"NGN1,054,098.54",TRANSFER
PAY-005685,INV-005685,14/06/2025,"234,712.80",insurance
PAY-005686,INV-005686,1730380090000,785038.83,cash
PAY-005687,INV-005687,1784281912000,NGN 2415.61,credit
PAY-005689,INV-005689,2025-08-13 02:59:47,173021.25,insurance
PAY-005691,INV-005691,1777793567000,24263.95,CASH
PAY-005692,INV-005692,23/12/2024,"1,052,599.81",TRANSFER
PAY-005693,INV-005693,13/07/2026,NGN 205816.31,card
PAY-005695,INV-005695,1737818807000,NGN 986672.63,credit
PAY-005696,INV-005696,28/12/2024,286699.10,credit
PAY-005697,INV-005697,06/11/2025,"NGN903,012.92",TRANSFER
PAY-005699,INV-005699,2025-01-01 03:21:01,"4,562.33",transfer
PAY-005701,INV-005701,04/09/2025,"537,454.23",credit
PAY-005702,INV-005702,31/01/2025,"488,394.29",insurance
PAY-005704,INV-005704,2025-10-11 16:22:20,"NGN190,446.78",TRANSFER
PAY-005706,INV-005706,2026-04-01 02:10:35,"NGN30,960.00",insurance
PAY-005707,INV-005707,2026-08-04 19:34:28,NGN 119450.92,card
PAY-005708,INV-005708,2024-10-24 13:24:44,"646,344.53",cash
PAY-005709,INV-005709,2025-06-05 13:05:10,2821.88,CASH
PAY-005711,INV-005711,1769038394000,"NGN1,175,650.94",transfer
PAY-005712,INV-005712,25/07/2025,NGN 338488.42,CASH
PAY-005713,INV-005713,2024-10-19 05:31:18,NGN 973693.37,CASH
PAY-005714,INV-005714,1785267308000,"923,780.94",TRANSFER
PAY-005715,INV-005715,1742601708000,NGN 129860.00,transfer
PAY-005716,INV-005716,2025-11-18 21:27:19,"NGN91,129.40",cash
PAY-005717,INV-005717,30/07/2025,NGN 3725.73,TRANSFER
PAY-005718,INV-005718,1780707266000,"NGN8,917.12",TRANSFER
PAY-005719,INV-005719,1784324957000,"NGN132,415.48",credit
PAY-005720,INV-005720,06/03/2026,"77,809.93",TRANSFER
PAY-005721,INV-005721,22/12/2024,"456,512.46",credit
PAY-005723,INV-005723,1768346026000,NGN 15532.50,transfer
PAY-005724,INV-005724,18/07/2026,"3,140.33",cash
PAY-005726,INV-005726,1756290129000,"567,200.25",insurance
PAY-005727,INV-005727,08/11/2024,387030.21,CASH
PAY-005728,INV-005728,11/02/2025,NGN 49308.58,CASH
PAY-005729,INV-005729,1737150424000,NGN 812129.79,credit
PAY-005730,INV-005730,1762195259000,NGN 516968.97,TRANSFER
PAY-005731,INV-005731,16/04/2025,NGN 1219384.95,transfer
PAY-005732,INV-005732,1782100519000,"432,860.33",cash
PAY-005733,INV-005733,02/03/2025,NGN 742608.31,credit
PAY-005734,INV-005734,23/07/2026,"461,446.71",CASH
PAY-005735,INV-005735,1743465203000,NGN 178700.32,card
PAY-005736,INV-005736,2025-07-13 21:12:40,"NGN46,096.28",transfer
PAY-005739,INV-005739,2024-11-27 07:11:54,"NGN685,003.01",transfer
PAY-005740,INV-005740,2025-12-12 08:13:29,NGN 241391.25,transfer
PAY-005742,INV-005742,2025-01-05 07:41:07,"NGN109,069.49",card
PAY-005743,INV-005743,1789847066000,"NGN620,568.49",credit
PAY-005744,INV-005744,09/12/2025,NGN 59825.98,transfer
PAY-005746,INV-005746,1737807236000,"541,283.86",card
PAY-005747,INV-005747,1757181399000,NGN 675104.09,TRANSFER
PAY-005748,INV-005748,18/07/2026,"1,951,979.59",credit
PAY-005750,INV-005750,30/07/2026,24130.86,insurance
PAY-005752,INV-005752,2025-04-12 08:23:59,"661,263.61",insurance
PAY-005753,INV-005753,16/06/2025,"NGN648,692.24",credit
PAY-005754,INV-005754,2025-03-23 05:11:57,NGN 10932.75,transfer
PAY-005755,INV-005755,1770020149000,NGN 404380.94,card
PAY-005758,INV-005758,2025-08-21 16:06:47,"6,718.75",CASH
PAY-005759,INV-005759,1734525861000,"485,284.84",insurance
PAY-005760,INV-005760,02/05/2026,"526,006.63",TRANSFER
PAY-005761,INV-005761,02/03/2026,"NGN145,610.83",credit
PAY-005763,INV-005763,1739277311000,"370,452.84",card
PAY-005764,INV-005764,1744273987000,"NGN56,840.62",TRANSFER
PAY-005765,INV-005765,1771036759000,NGN 6332.42,CASH
PAY-005766,INV-005766,1763411052000,"NGN781,829.06",insurance
PAY-005768,INV-005768,03/07/2025,NGN 659993.84,CASH
PAY-005771,INV-005771,1731858924000,"NGN664,926.66",TRANSFER
PAY-005774,INV-005774,12/08/2025,963392.89,CASH
PAY-005775,INV-005775,2025-09-22 14:11:06,"25,880.62",CASH
PAY-005776,INV-005776,02/08/2026,"NGN193,248.58",insurance
PAY-005778,INV-005778,1760465161000,694.23,credit
PAY-005779,INV-005779,2025-06-28 06:53:01,NGN 10481.25,card
PAY-005780,INV-005780,11/09/2025,"437,601.25",TRANSFER
PAY-005781,INV-005781,02/03/2026,95240.69,insurance
PAY-005783,INV-005783,08/03/2025,"NGN6,665.00",card
PAY-005784,INV-005784,18/01/2026,NGN 366567.32,card
PAY-005787,INV-005787,2026-09-09 11:05:47,"NGN206,353.40",TRANSFER
PAY-005788,INV-005788,11/08/2025,28885.94,CASH
PAY-005789,INV-005789,1782578030000,NGN 40927.74,transfer
PAY-005790,INV-005790,07/09/2025,3361.80,card
PAY-005791,INV-005791,31/05/2026,"21,385.52",card
PAY-005792,INV-005792,2026-07-07 09:25:48,"NGN945,307.10",card
PAY-005794,INV-005794,1774025727000,"NGN241,927.15",TRANSFER
PAY-005795,INV-005795,08/07/2026,"117,725.28",card
PAY-005796,INV-005796,1773395080000,"595,827.76",cash
PAY-005797,INV-005797,1782003812000,3913.00,CASH
PAY-005798,INV-005798,2026-07-06 03:13:18,"116,810.44",credit
PAY-005799,INV-005799,14/09/2025,"NGN850,796.10",credit
PAY-005800,INV-005800,2025-07-01 05:57:28,"614,728.63",credit
PAY-005801,INV-005801,1785870878000,"NGN13,168.75",cash
PAY-005802,INV-005802,1738459916000,NGN 19645.62,CASH
PAY-005804,INV-005804,2025-06-21 14:52:49,"NGN272,939.60",cash
PAY-005805,INV-005805,11/04/2025,745197.00,insurance
PAY-005809,INV-005809,2025-04-16 05:52:46,"NGN394,489.87",insurance
PAY-005810,INV-005810,1739132519000,13061.25,cash
PAY-005812,INV-005812,31/03/2025,NGN 204752.06,TRANSFER
PAY-005813,INV-005813,14/10/2024,NGN 32553.82,insurance
PAY-005814,INV-005814,1785589708000,"396,908.35",transfer
PAY-005816,INV-005816,03/04/2026,"NGN35,432.07",cash
PAY-005817,INV-005817,2026-09-07 00:11:35,18591.39,CASH
PAY-005818,INV-005818,2026-06-18 19:16:48,"148,618.75",CASH
PAY-005819,INV-005819,1750658553000,NGN 102429.36,TRANSFER
PAY-005820,INV-005820,03/01/2026,7933.50,TRANSFER
PAY-005823,INV-005823,1785601077000,"1,143,874.64",CASH
PAY-005827,INV-005827,2025-03-27 08:32:47,413178.12,TRANSFER
PAY-005828,INV-005828,1782979104000,"408,846.67",insurance
PAY-005829,INV-005829,01/08/2025,"4,918.12",transfer
PAY-005830,INV-005830,1760193527000,NGN 237787.02,insurance
PAY-005831,INV-005831,23/12/2025,"928,108.49",transfer
PAY-005834,INV-005834,2025-10-08 03:43:18,3085.25,transfer
PAY-005835,INV-005835,1761837675000,NGN 67281.14,credit
PAY-005836,INV-005836,1752646338000,59243.58,credit
PAY-005838,INV-005838,2025-04-27 03:39:43,162043.69,transfer
PAY-005839,INV-005839,1757030790000,"269,761.73",cash
PAY-005842,INV-005842,2026-03-31 18:27:16,"428,667.54",insurance
PAY-005843,INV-005843,1739816663000,"NGN826,911.60",card
PAY-005844,INV-005844,2025-06-28 22:28:18,NGN 2077393.13,TRANSFER
PAY-005845,INV-005845,2024-10-13 00:22:55,37861.81,insurance
PAY-005847,INV-005847,1758609738000,"362,699.55",card
PAY-005849,INV-005849,08/08/2025,"880,785.44",CASH
PAY-005850,INV-005850,22/11/2025,"NGN180,434.75",TRANSFER
PAY-005851,INV-005851,2024-10-13 20:37:43,584848.76,credit
PAY-005852,INV-005852,1779172420000,NGN 46111.99,credit
PAY-005853,INV-005853,2025-07-07 13:53:06,NGN 212030.05,insurance
PAY-005855,INV-005855,2025-08-06 18:00:38,328774.71,insurance
PAY-005856,INV-005856,2025-06-16 18:51:03,"NGN425,773.90",insurance
PAY-005857,INV-005857,01/11/2024,NGN 6450.00,CASH
PAY-005858,INV-005858,26/12/2024,NGN 133433.29,TRANSFER
PAY-005859,INV-005859,1761337443000,37926.00,TRANSFER
PAY-005860,INV-005860,2025-04-24 02:20:33,"NGN591,707.69",CASH
PAY-005861,INV-005861,19/04/2026,"NGN626,655.84",card
PAY-005862,INV-005862,30/03/2025,NGN 170200.44,CASH
PAY-005864,INV-005864,1755838572000,"NGN8,977.40",cash
PAY-005865,INV-005865,2026-07-17 23:35:00,95833.81,insurance
PAY-005866,INV-005866,22/01/2026,"NGN187,766.08",cash
PAY-005867,INV-005867,2024-12-15 02:43:42,NGN 258203.30,card
PAY-005869,INV-005869,2026-02-14 21:22:36,593811.78,card
PAY-005870,INV-005870,03/11/2024,504304.92,transfer
PAY-005871,INV-005871,1783030360000,435318.68,credit
PAY-005876,INV-005876,2025-11-03 11:19:08,"4,778.38",transfer
PAY-005877,INV-005877,1783000365000,"490,505.69",credit
PAY-005878,INV-005878,04/08/2026,269859.51,transfer
PAY-005879,INV-005879,1781796072000,"920,834.46",transfer
PAY-005880,INV-005880,1731573379000,62547.04,CASH
PAY-005881,INV-005881,14/02/2025,NGN 436571.94,insurance
PAY-005885,INV-005885,11/03/2026,"NGN996,389.88",card
PAY-005887,INV-005887,03/05/2026,14496.73,transfer
PAY-005889,INV-005889,28/09/2025,"601,450.08",cash
PAY-005890,INV-005890,1766855854000,NGN 492333.43,transfer
PAY-005891,INV-005891,1784460559000,NGN 12890.12,card
PAY-005892,INV-005892,2026-03-25 11:50:13,"NGN427,634.18",cash
PAY-005893,INV-005893,1731874758000,"174,710.25",TRANSFER
PAY-005894,INV-005894,1762931144000,"NGN19,565.00",TRANSFER
PAY-005895,INV-005895,1784556916000,340421.17,TRANSFER
PAY-005896,INV-005896,2026-01-19 05:59:49,1038688.90,transfer
PAY-005897,INV-005897,07/01/2026,"6,745.62",insurance
PAY-005898,INV-005898,17/08/2026,NGN 579299.05,CASH
PAY-005899,INV-005899,17/05/2025,"NGN56,060.32",cash
PAY-005900,INV-005900,1782895717000,"NGN5,375.00",credit
PAY-005901,INV-005901,1745364988000,234176.31,cash
PAY-005902,INV-005902,2026-06-13 21:17:51,13158.00,credit
PAY-005903,INV-005903,05/05/2025,"NGN66,225.68",credit
PAY-005904,INV-005904,07/09/2026,"NGN80,866.88",credit
PAY-005905,INV-005905,1739043050000,"NGN280,203.23",TRANSFER
PAY-005907,INV-005907,19/07/2026,"NGN551,536.88",CASH
PAY-005908,INV-005908,2026-10-03 06:58:32,NGN 1464044.69,credit
PAY-005909,INV-005909,04/08/2026,NGN 82745.01,insurance
PAY-005911,INV-005911,2026-03-20 19:19:46,"60,759.00",transfer
PAY-005912,INV-005912,20/11/2025,"NGN1,041,709.49",card
PAY-005913,INV-005913,1782126213000,"NGN789,740.09",TRANSFER
PAY-005914,INV-005914,2025-05-15 18:15:59,"NGN190,091.43",insurance
PAY-005915,INV-005915,1771371934000,NGN 305488.99,insurance
PAY-005916,INV-005916,01/01/2025,"NGN30,863.25",cash
PAY-005917,INV-005917,1750930271000,"1,324,843.50",credit
PAY-005919,INV-005919,2024-11-16 09:40:30,NGN 492570.82,credit
PAY-005920,INV-005920,16/08/2026,"NGN2,050.08",CASH
PAY-005921,INV-005921,08/01/2026,69488.81,CASH
PAY-005922,INV-005922,1731745052000,NGN 39280.50,TRANSFER
PAY-005923,INV-005923,1772541101000,NGN 106524.17,cash
PAY-005925,INV-005925,27/06/2026,"NGN496,086.71",credit
PAY-005926,INV-005926,2024-11-22 17:25:07,"NGN438,485.79",CASH
PAY-005927,INV-005927,2025-11-29 19:18:25,NGN 76387.62,TRANSFER
PAY-005928,INV-005928,1748955111000,162916.25,cash
PAY-005929,INV-005929,19/06/2026,"NGN9,701.88",TRANSFER
PAY-005930,INV-005930,1743167925000,940690.57,transfer
PAY-005932,INV-005932,1729561972000,6482.25,credit
PAY-005933,INV-005933,2026-02-25 19:59:18,"NGN1,000,007.20",TRANSFER
PAY-005934,INV-005934,2025-04-28 21:19:12,NGN 251769.44,CASH
PAY-005935,INV-005935,07/05/2025,"1,029,223.23",TRANSFER
PAY-005936,INV-005936,1751321504000,"127,005.80",transfer
PAY-005938,INV-005938,1774636538000,"NGN424,984.11",TRANSFER
PAY-005939,INV-005939,21/05/2025,527508.34,transfer
PAY-005940,INV-005940,2025-05-09 14:23:12,NGN 252918.15,CASH
PAY-005941,INV-005941,1745081706000,NGN 183139.95,CASH
PAY-005942,INV-005942,06/12/2025,"932,786.13",TRANSFER
PAY-005943,INV-005943,2026-02-11 11:18:00,NGN 326899.53,transfer
PAY-005944,INV-005944,1757374712000,489963.44,insurance
PAY-005945,INV-005945,04/07/2026,"291,804.23",transfer
PAY-005946,INV-005946,28/04/2025,"NGN116,086.66",cash
PAY-005947,INV-005947,01/09/2026,5514.75,card
PAY-005948,INV-005948,29/11/2024,NGN 462429.92,transfer
PAY-005949,INV-005949,23/06/2025,5482.50,credit
PAY-005950,INV-005950,25/12/2025,"NGN28,138.12",transfer
PAY-005951,INV-005951,2025-10-22 13:11:25,NGN 756066.30,credit
PAY-005952,INV-005952,1754497607000,NGN 141777.64,transfer
PAY-005953,INV-005953,2026-04-14 17:27:03,NGN 526409.82,credit
PAY-005954,INV-005954,29/10/2024,"246,112.15",card
PAY-005955,INV-005955,1765665362000,"112,226.23",card
PAY-005956,INV-005956,1761843558000,"NGN414,236.40",insurance
PAY-005957,INV-005957,2025-07-06 15:12:36,"82,112.33",credit
PAY-005958,INV-005958,1784266313000,NGN 705639.82,insurance
PAY-005959,INV-005959,1749451027000,502277.92,CASH
PAY-005960,INV-005960,2025-06-02 00:18:15,"NGN10,373.75",cash
PAY-005961,INV-005961,07/06/2025,"NGN506,644.37",transfer
PAY-005962,INV-005962,2024-10-19 21:43:55,827409.57,credit
PAY-005965,INV-005965,1773038530000,NGN 1260825.87,card
PAY-005966,INV-005966,1787872078000,188083.11,transfer
PAY-005967,INV-005967,2026-02-28 07:02:43,NGN 547802.92,TRANSFER
PAY-005968,INV-005968,2025-08-25 18:17:28,NGN 215465.02,cash
PAY-005969,INV-005969,2026-04-22 08:36:39,"NGN126,163.88",credit
PAY-005972,INV-005972,25/06/2026,NGN 63964.33,card
PAY-005973,INV-005973,1748327460000,608704.31,card
PAY-005974,INV-005974,1782063729000,NGN 419658.31,cash
PAY-005975,INV-005975,14/11/2024,"596,965.50",cash
PAY-005976,INV-005976,04/10/2024,"NGN6,020.00",insurance
PAY-005977,INV-005977,2024-10-31 10:05:37,"519,240.06",transfer
PAY-005978,INV-005978,2025-01-11 09:30:53,"NGN339,828.97",cash
PAY-005979,INV-005979,1785572631000,NGN 213615.08,insurance
PAY-005980,INV-005980,2025-10-13 05:07:38,"80,396.86",insurance
PAY-005981,INV-005981,2026-05-13 22:27:27,"1,062,977.80",credit
PAY-005982,INV-005982,23/01/2026,NGN 85462.50,CASH
PAY-005983,INV-005983,1759778850000,NGN 28758.08,credit
PAY-005984,INV-005984,1768214112000,"55,044.33",TRANSFER
PAY-005985,INV-005985,2026-08-09 05:17:01,843672.57,card
PAY-005986,INV-005986,1765506334000,"883,661.12",CASH
PAY-005987,INV-005987,2026-01-14 06:27:27,"NGN7,417.50",CASH
PAY-005988,INV-005988,14/05/2026,NGN 107973.75,CASH
PAY-005989,INV-005989,1770944026000,NGN 510883.84,card
PAY-005990,INV-005990,1762657215000,"1,131,903.55",card
PAY-005991,INV-005991,22/01/2026,"44,910.61",credit
PAY-005992,INV-005992,12/02/2025,"330,675.29",credit
PAY-005993,INV-005993,22/01/2025,970329.86,CASH
PAY-005995,INV-005995,1759488499000,520493.94,TRANSFER
PAY-005996,INV-005996,28/01/2025,"834,508.93",CASH
PAY-005997,INV-005997,2024-11-18 21:27:30,"NGN368,951.75",cash
PAY-005998,INV-005998,2026-07-24 16:31:06,"156,991.45",TRANSFER
PAY-005999,INV-005999,2025-05-24 07:07:12,6530.62,transfer
PAY-006000,INV-006000,11/10/2025,328671.92,transfer
PAY-006002,INV-006002,1730254893000,"135,276.29",CASH
PAY-006003,INV-006003,19/05/2025,"NGN16,985.00",transfer
PAY-006004,INV-006004,2026-02-07 22:36:11,541326.26,credit
PAY-006005,INV-006005,08/08/2025,5287.50,cash
PAY-006006,INV-006006,2025-02-03 10:28:20,"NGN456,628.77",CASH
PAY-006008,INV-006008,14/05/2026,NGN 269540.11,transfer
PAY-006009,INV-006009,30/10/2024,"NGN647,104.18",CASH
PAY-006010,INV-006010,1743020218000,"NGN92,749.79",card
PAY-006011,INV-006011,04/12/2025,"348,769.71",transfer
PAY-006012,INV-006012,1783366025000,"15,689.64",transfer
PAY-006014,INV-006014,1779076094000,"23,542.50",TRANSFER
PAY-006016,INV-006016,1774548018000,"198,471.65",cash
PAY-006019,INV-006019,2026-03-14 16:31:07,"390,455.18",cash
PAY-006020,INV-006020,2025-05-12 10:25:42,702046.74,TRANSFER
PAY-006021,INV-006021,1778128140000,"NGN830,209.49",insurance
PAY-006022,INV-006022,14/05/2026,261144.38,cash
PAY-006023,INV-006023,1732548777000,"NGN161,282.60",card
PAY-006024,INV-006024,06/11/2024,"363,706.72",cash
PAY-006026,INV-006026,2025-06-20 06:59:02,1421244.27,card
PAY-006027,INV-006027,02/07/2026,"309,715.66",CASH
PAY-006028,INV-006028,01/11/2025,"172,418.02",card
PAY-006029,INV-006029,2025-06-14 10:03:39,5708.25,transfer
PAY-006030,INV-006030,2025-05-09 22:45:22,"319,254.88",insurance
PAY-006031,INV-006031,1757449590000,"67,644.38",TRANSFER
PAY-006032,INV-006032,23/07/2025,"1,390,330.32",cash
PAY-006033,INV-006033,15/11/2025,"NGN1,047,048.67",CASH
PAY-006034,INV-006034,2025-04-13 08:55:43,"648,198.80",TRANSFER
PAY-006035,INV-006035,1735264300000,"NGN4,853.62",cash
PAY-006036,INV-006036,2026-01-13 11:03:00,NGN 543093.45,card
PAY-006037,INV-006037,1749305969000,"56,031.85",CASH
PAY-006038,INV-006038,06/04/2025,"NGN461,022.44",credit
PAY-006039,INV-006039,22/10/2024,350855.85,transfer
PAY-006040,INV-006040,2026-06-08 13:43:15,"853,762.92",credit
PAY-006041,INV-006041,1764897291000,"NGN998,806.08",CASH
PAY-006042,INV-006042,2025-01-23 14:31:08,NGN 382265.20,cash
PAY-006044,INV-006044,1777402703000,NGN 873207.85,insurance
PAY-006045,INV-006045,1731729632000,286681.52,CASH
PAY-006046,INV-006046,13/09/2026,"358,204.73",credit
PAY-006048,INV-006048,10/08/2026,"330,031.86",cash
PAY-006049,INV-006049,2025-11-11 19:23:05,NGN 199942.32,TRANSFER
PAY-006050,INV-006050,23/03/2026,"NGN5,381.31",card
PAY-006051,INV-006051,2025-06-28 09:32:42,"NGN88,745.35",credit
PAY-006052,INV-006052,1743860959000,"920,041.60",transfer
PAY-006054,INV-006054,2025-08-12 08:37:37,"6,433.88",CASH
PAY-006055,INV-006055,1738227825000,"180,576.05",transfer
PAY-006056,INV-006056,2024-12-15 21:56:33,734819.75,CASH
PAY-006057,INV-006057,2025-03-21 11:59:39,NGN 960306.67,card
PAY-006058,INV-006058,2025-06-24 13:57:51,"152,926.41",credit
PAY-006059,INV-006059,1744120866000,NGN 722357.83,transfer
PAY-006061,INV-006061,1764232019000,"NGN324,448.24",cash
PAY-006062,INV-006062,2025-12-30 13:01:18,NGN 148840.20,insurance
PAY-006064,INV-006064,1744143539000,NGN 666140.77,card
PAY-006065,INV-006065,26/06/2025,NGN 114757.69,CASH
PAY-006067,INV-006067,1770817313000,NGN 621348.13,credit
PAY-006068,INV-006068,28/06/2026,500389.85,CASH
PAY-006070,INV-006070,1769180634000,296999.11,TRANSFER
PAY-006072,INV-006072,02/01/2026,"23,811.94",TRANSFER
PAY-006073,INV-006073,2026-01-10 00:25:17,"18,221.25",card
PAY-006074,INV-006074,2024-12-08 03:51:44,NGN 131875.14,CASH
PAY-006075,INV-006075,2024-12-27 15:53:12,"200,618.87",cash
PAY-006077,INV-006077,07/10/2026,"254,557.31",TRANSFER
PAY-006079,INV-006079,2026-08-14 10:41:36,"7,299.25",cash
PAY-006080,INV-006080,03/01/2026,"NGN658,313.49",CASH
PAY-006081,INV-006081,29/03/2026,250036.36,CASH
PAY-006083,INV-006083,2026-06-30 03:13:11,NGN 1304990.45,CASH
PAY-006084,INV-006084,2025-10-18 17:09:09,"NGN1,608,065.64",insurance
PAY-006085,INV-006085,1752083204000,"NGN26,445.00",transfer
PAY-006088,INV-006088,2025-05-08 19:03:19,"NGN13,394.50",insurance
PAY-006089,INV-006089,1759371895000,"172,257.05",CASH
PAY-006090,INV-006090,2025-01-31 06:23:08,NGN 480866.99,insurance
PAY-006091,INV-006091,2026-04-30 07:20:09,"NGN504,624.51",insurance
PAY-006094,INV-006094,2025-11-17 23:00:16,"NGN1,338,060.13",credit
PAY-006095,INV-006095,1749017819000,1797965.85,credit
PAY-006096,INV-006096,21/05/2025,"382,669.03",TRANSFER
PAY-006098,INV-006098,1783328126000,134316.53,transfer
PAY-006099,INV-006099,2025-09-29 14:01:48,"292,006.37",transfer
PAY-006100,INV-006100,1743825708000,704055.07,card
PAY-006101,INV-006101,2025-05-12 03:43:46,NGN 271213.37,insurance
PAY-006102,INV-006102,24/08/2026,"1,422,246.85",TRANSFER
PAY-006103,INV-006103,2025-11-20 17:32:19,"NGN381,025.38",insurance
PAY-006104,INV-006104,1775498844000,NGN 528473.90,CASH
PAY-006105,INV-006105,2025-04-03 03:05:02,"NGN434,651.27",insurance
PAY-006106,INV-006106,14/01/2025,NGN 178972.68,TRANSFER
PAY-006107,INV-006107,1774678197000,549274.55,insurance
PAY-006108,INV-006108,1785890825000,"NGN12,190.50",cash
PAY-006109,INV-006109,2026-09-02 12:28:54,"7,471.25",cash
PAY-006110,INV-006110,19/01/2025,NGN 6557.50,CASH
PAY-006111,INV-006111,29/06/2025,NGN 10723.12,card
PAY-006112,INV-006112,1760645686000,"NGN3,063.75",credit
PAY-006113,INV-006113,1738614663000,NGN 109715.04,card
PAY-006114,INV-006114,2026-03-23 14:50:46,"2,311.25",insurance
PAY-006115,INV-006115,2024-12-14 05:07:00,"NGN52,206.36",transfer
PAY-006116,INV-006116,01/01/2026,"661,942.44",card
PAY-006117,INV-006117,1754672882000,297185.50,card
PAY-006120,INV-006120,30/10/2024,91353.50,transfer
PAY-006121,INV-006121,07/08/2025,NGN 1292501.25,TRANSFER
PAY-006122,INV-006122,2025-06-26 11:07:35,"NGN14,888.75",insurance
PAY-006123,INV-006123,14/06/2025,"128,818.24",credit
PAY-006124,INV-006124,1746568140000,79508.54,insurance
PAY-006125,INV-006125,1788342044000,2002.98,card
PAY-006126,INV-006126,2024-12-01 17:54:06,140624.45,transfer
PAY-006128,INV-006128,1740874912000,"998,625.75",transfer
PAY-006129,INV-006129,06/07/2025,"NGN483,717.59",TRANSFER
PAY-006130,INV-006130,26/07/2026,NGN 156200.23,TRANSFER
PAY-006131,INV-006131,12/05/2026,"58,590.65",card
PAY-006133,INV-006133,2025-06-11 18:31:31,NGN 1054791.68,card
PAY-006134,INV-006134,1787990282000,"NGN174,797.69",insurance
PAY-006135,INV-006135,1754766515000,"NGN214,735.48",credit
PAY-006136,INV-006136,27/03/2025,"NGN892,288.93",credit
PAY-006137,INV-006137,2025-05-11 22:48:04,11900.25,insurance
PAY-006138,INV-006138,07/11/2024,"403,281.65",insurance
PAY-006139,INV-006139,08/12/2024,NGN 317686.08,TRANSFER
PAY-006142,INV-006142,1789833665000,NGN 1049355.65,transfer
PAY-006143,INV-006143,1789303395000,"41,477.35",CASH
PAY-006144,INV-006144,1764467890000,"807,518.14",cash
PAY-006145,INV-006145,28/04/2026,"NGN340,887.50",insurance
PAY-006146,INV-006146,2025-04-22 09:30:41,11325.26,insurance
PAY-006147,INV-006147,2026-04-12 03:23:21,147072.21,transfer
PAY-006149,INV-006149,1791200959000,874672.40,insurance
PAY-006150,INV-006150,2026-04-02 06:04:18,"NGN25,929.00",insurance
PAY-006151,INV-006151,1781298713000,NGN 1039170.80,card
PAY-006152,INV-006152,2025-03-19 22:07:03,"81,485.00",credit
PAY-006154,INV-006154,09/08/2026,607697.37,credit
PAY-006155,INV-006155,1771982448000,"NGN1,023,595.30",cash
PAY-006156,INV-006156,1753241693000,"NGN1,432,052.40",credit
PAY-006157,INV-006157,1771966877000,NGN 80153.54,transfer
PAY-006159,INV-006159,1768827982000,49923.00,transfer
PAY-006160,INV-006160,2026-08-21 22:18:20,NGN 105468.50,cash
PAY-006161,INV-006161,2024-11-20 08:00:09,NGN 312623.13,card
PAY-006162,INV-006162,1748783330000,"947,260.37",transfer
PAY-006163,INV-006163,1777488585000,"17,898.75",TRANSFER
PAY-006164,INV-006164,1758720322000,827503.26,CASH
PAY-006165,INV-006165,2025-01-28 06:18:57,593186.68,credit
PAY-006166,INV-006166,1780899511000,"874,346.33",CASH
PAY-006167,INV-006167,28/03/2025,"NGN5,643.75",insurance
PAY-006168,INV-006168,2025-05-02 11:04:25,122772.26,CASH
PAY-006169,INV-006169,1778095833000,"1,265,955.96",credit
PAY-006170,INV-006170,29/09/2025,NGN 323839.57,CASH
PAY-006171,INV-006171,2025-12-19 17:35:21,"NGN5,321.25",credit
PAY-006172,INV-006172,2025-02-20 09:39:02,"1,030,940.01",credit
PAY-006174,INV-006174,1732437003000,"851,319.21",transfer
PAY-006175,INV-006175,25/07/2025,NGN 680720.78,credit
PAY-006176,INV-006176,28/04/2026,NGN 326837.90,TRANSFER
PAY-006177,INV-006177,2024-10-20 06:21:53,"NGN26,203.12",cash
PAY-006178,INV-006178,2025-08-20 02:44:02,NGN 139021.25,card
PAY-006179,INV-006179,2026-07-10 05:56:59,"NGN4,891.25",TRANSFER
PAY-006180,INV-006180,14/01/2026,"NGN6,933.75",transfer
PAY-006181,INV-006181,1765914233000,NGN 391933.86,cash
PAY-006182,INV-006182,2025-06-05 22:34:27,101886.56,CASH
PAY-006183,INV-006183,17/04/2026,NGN 28756.25,credit
PAY-006185,INV-006185,31/07/2025,NGN 942916.78,TRANSFER
PAY-006186,INV-006186,2025-03-02 09:57:51,"1,004,693.00",insurance
PAY-006187,INV-006187,09/09/2025,840049.84,insurance
PAY-006188,INV-006188,2025-12-12 04:34:56,NGN 639771.00,credit
PAY-006190,INV-006190,2025-12-21 02:54:56,"13,746.22",transfer
PAY-006191,INV-006191,08/03/2026,NGN 335839.49,CASH
PAY-006192,INV-006192,18/08/2026,"NGN108,381.48",insurance
PAY-006193,INV-006193,1762462077000,"16,125.00",TRANSFER
PAY-006194,INV-006194,2025-07-31 22:39:32,"NGN495,282.42",cash
PAY-006196,INV-006196,2026-04-20 21:21:32,NGN 464871.99,transfer
PAY-006197,INV-006197,2025-10-14 07:49:33,"656,168.71",credit
PAY-006198,INV-006198,1768636464000,680077.21,insurance
PAY-006199,INV-006199,2025-07-29 21:11:06,"NGN232,533.03",credit
PAY-006201,INV-006201,31/05/2026,"737,326.69",credit
PAY-006202,INV-006202,2025-08-30 02:05:21,NGN 816688.56,credit
PAY-006203,INV-006203,10/11/2024,23484.06,transfer
PAY-006204,INV-006204,03/08/2025,"NGN325,367.37",transfer
PAY-006207,INV-006207,09/08/2025,"293,466.10",CASH
PAY-006208,INV-006208,1763573699000,319201.95,transfer
PAY-006209,INV-006209,11/06/2026,"NGN73,519.25",cash
PAY-006210,INV-006210,10/04/2025,195828.75,TRANSFER
PAY-006212,INV-006212,1762558667000,752492.94,insurance
PAY-006213,INV-006213,1766224792000,NGN 1222461.26,transfer
PAY-006214,INV-006214,1739813483000,NGN 245089.32,card
PAY-006217,INV-006217,1753143283000,"NGN301,551.45",transfer
PAY-006219,INV-006219,1762161681000,"NGN18,113.75",TRANSFER
PAY-006220,INV-006220,26/12/2025,385697.18,credit
PAY-006221,INV-006221,1762413878000,1115620.93,TRANSFER
PAY-006222,INV-006222,1782702516000,483012.15,TRANSFER
PAY-006226,INV-006226,2025-09-29 10:08:15,136816.28,TRANSFER
PAY-006227,INV-006227,03/01/2025,1335825.18,credit
PAY-006228,INV-006228,2026-07-22 17:51:11,321663.67,card
PAY-006229,INV-006229,2025-02-20 12:40:49,421645.99,credit
PAY-006231,INV-006231,2026-06-01 07:51:40,"NGN68,225.50",card
PAY-006232,INV-006232,1735147738000,520454.22,cash
PAY-006233,INV-006233,1761531362000,"NGN1,164,914.09",cash
PAY-006234,INV-006234,2025-01-31 07:17:38,NGN 294451.61,CASH
PAY-006235,INV-006235,1776814554000,1041033.37,cash
PAY-006236,INV-006236,2025-11-12 07:03:04,NGN 252644.08,transfer
PAY-006237,INV-006237,2025-08-07 12:14:37,"12,416.25",TRANSFER
PAY-006238,INV-006238,2025-06-13 20:49:27,463005.92,TRANSFER
PAY-006239,INV-006239,1775502176000,NGN 28702.50,CASH
PAY-006240,INV-006240,04/10/2026,"NGN533,552.78",transfer
PAY-006241,INV-006241,2026-02-25 01:05:56,NGN 2711.02,insurance
PAY-006242,INV-006242,1769111206000,NGN 374401.26,card
PAY-006243,INV-006243,18/03/2026,NGN 146053.89,card
PAY-006245,INV-006245,2026-02-05 17:30:00,705035.24,credit
PAY-006246,INV-006246,30/04/2026,NGN 1098389.37,insurance
PAY-006248,INV-006248,1758275464000,"1,485,568.33",TRANSFER
PAY-006249,INV-006249,1789191006000,"NGN758,703.73",TRANSFER
PAY-006250,INV-006250,2026-03-31 03:18:14,343675.41,cash
PAY-006251,INV-006251,2026-08-27 17:33:07,"575,885.29",transfer
PAY-006252,INV-006252,2025-07-25 14:11:44,"40,348.42",credit
PAY-006253,INV-006253,1788257589000,"639,412.33",CASH
PAY-006254,INV-006254,1773795269000,152332.86,transfer
PAY-006255,INV-006255,20/08/2025,323625.72,TRANSFER
PAY-006256,INV-006256,2024-12-11 18:11:28,NGN 303279.77,CASH
PAY-006258,INV-006258,1771963460000,"291,079.59",TRANSFER
PAY-006259,INV-006259,1761452285000,NGN 963956.07,card
PAY-006260,INV-006260,2026-06-27 09:25:26,"NGN187,816.30",insurance
PAY-006261,INV-006261,1769748455000,"52,656.33",CASH
PAY-006262,INV-006262,14/03/2026,20801.25,transfer
PAY-006263,INV-006263,2025-06-15 09:42:08,"NGN55,573.08",transfer
PAY-006264,INV-006264,11/05/2025,"791,350.25",CASH
PAY-006265,INV-006265,13/10/2024,NGN 523677.60,cash
PAY-006266,INV-006266,2025-07-24 06:36:57,457322.56,TRANSFER
PAY-006268,INV-006268,2026-08-22 03:32:20,NGN 302630.86,insurance
PAY-006271,INV-006271,1787963583000,"NGN299,447.29",TRANSFER
PAY-006272,INV-006272,1768408495000,"578,152.91",insurance
PAY-006274,INV-006274,1785408890000,NGN 66961.06,transfer
PAY-006275,INV-006275,21/07/2025,663556.56,transfer
PAY-006277,INV-006277,1767527723000,"607,124.28",insurance
PAY-006278,INV-006278,1758138966000,"263,731.21",card
PAY-006279,INV-006279,2025-10-27 15:06:53,"NGN636,094.24",insurance
PAY-006281,INV-006281,2025-10-05 15:37:14,375908.44,card
PAY-006282,INV-006282,1742469734000,199805.43,transfer
PAY-006283,INV-006283,2024-12-21 10:04:13,NGN 680467.25,credit
PAY-006285,INV-006285,2026-04-14 17:15:02,1724.28,transfer
PAY-006287,INV-006287,1766240166000,"NGN302,964.38",TRANSFER
PAY-006288,INV-006288,1783263665000,NGN 2902.50,credit
PAY-006289,INV-006289,1770037948000,16809.81,card
PAY-006290,INV-006290,1775447501000,238023.64,cash
PAY-006291,INV-006291,01/09/2025,NGN 234930.78,CASH
PAY-006292,INV-006292,2025-12-20 15:56:01,"NGN550,206.97",CASH
PAY-006294,INV-006294,1776817835000,NGN 632100.14,insurance
PAY-006295,INV-006295,28/01/2026,"9,809.38",insurance
PAY-006296,INV-006296,06/08/2026,1088295.93,TRANSFER
PAY-006297,INV-006297,10/10/2025,"NGN779,843.04",transfer
PAY-006298,INV-006298,2025-11-16 03:46:55,NGN 207066.62,insurance
PAY-006300,INV-006300,2025-01-20 11:22:43,"616,755.91",insurance
PAY-006302,INV-006302,01/08/2026,"18,543.75",transfer
PAY-006303,INV-006303,19/10/2025,215664.02,transfer
PAY-006306,INV-006306,2025-07-28 18:53:52,231132.30,TRANSFER
PAY-006307,INV-006307,25/01/2025,NGN 306827.27,credit
PAY-006308,INV-006308,1734688073000,"NGN732,772.82",card
PAY-006309,INV-006309,2024-11-23 08:03:15,NGN 1032612.77,CASH
PAY-006310,INV-006310,26/12/2024,"1,219,531.23",credit
PAY-006311,INV-006311,25/05/2025,1093655.98,transfer
PAY-006312,INV-006312,1740264388000,NGN 25061.54,credit
PAY-006314,INV-006314,1747470579000,909611.72,insurance
PAY-006315,INV-006315,2024-10-14 19:16:42,NGN 428096.64,transfer
PAY-006316,INV-006316,2026-02-28 09:19:06,"6,127.50",CASH
PAY-006317,INV-006317,07/01/2025,NGN 578803.37,cash
PAY-006318,INV-006318,02/07/2025,NGN 35605.04,TRANSFER
PAY-006319,INV-006319,18/09/2025,NGN 470252.83,insurance
PAY-006321,INV-006321,04/03/2025,"1,298,707.42",transfer
PAY-006322,INV-006322,1739809137000,"103,429.20",TRANSFER
PAY-006324,INV-006324,27/04/2025,"NGN5,858.75",credit
PAY-006325,INV-006325,1766980201000,1478.12,insurance
PAY-006326,INV-006326,1787885685000,"367,764.80",card
PAY-006327,INV-006327,2025-02-02 18:42:27,NGN 517196.44,cash
PAY-006328,INV-006328,10/05/2025,NGN 421396.14,insurance
PAY-006330,INV-006330,1741004372000,"539,190.01",CASH
PAY-006333,INV-006333,26/04/2026,"NGN10,027.27",transfer
PAY-006334,INV-006334,1769489984000,"482,163.61",insurance
PAY-006335,INV-006335,2026-03-10 09:45:34,"528,468.54",cash
PAY-006336,INV-006336,1770141570000,22256.02,transfer
PAY-006337,INV-006337,14/08/2025,NGN 337656.25,cash
PAY-006339,INV-006339,1741022488000,NGN 308387.29,cash
PAY-006340,INV-006340,1733014992000,"NGN285,447.65",cash
PAY-006342,INV-006342,2025-08-10 09:09:59,"1,006,295.19",insurance
PAY-006344,INV-006344,1745958257000,"NGN14,512.50",transfer
PAY-006345,INV-006345,1761873494000,"198,791.57",TRANSFER
PAY-006346,INV-006346,07/12/2025,NGN 812827.67,transfer
PAY-006347,INV-006347,2026-06-12 19:20:28,NGN 155821.25,card
PAY-006350,INV-006350,08/05/2025,"761,757.20",transfer
PAY-006351,INV-006351,2025-10-02 04:15:55,NGN 193400.38,transfer
PAY-006352,INV-006352,2025-09-07 09:17:23,747093.35,CASH
PAY-006353,INV-006353,16/10/2024,"84,901.16",CASH
PAY-006354,INV-006354,2024-11-06 23:54:20,NGN 56893.39,transfer
PAY-006355,INV-006355,17/03/2025,10051.25,transfer
PAY-006356,INV-006356,1765773039000,"NGN2,184,500.10",insurance
PAY-006357,INV-006357,2024-12-30 03:29:02,"41,726.12",insurance
PAY-006359,INV-006359,03/09/2026,"141,871.40",cash
PAY-006360,INV-006360,1746644245000,NGN 620887.36,card
PAY-006361,INV-006361,2025-08-17 05:44:49,NGN 101383.56,card
PAY-006362,INV-006362,20/04/2025,NGN 184872.18,transfer
PAY-006363,INV-006363,19/05/2025,"NGN1,926,686.68",transfer
PAY-006365,INV-006365,2024-11-11 07:51:05,NGN 190184.23,card
PAY-006366,INV-006366,27/09/2025,NGN 598888.16,CASH
PAY-006367,INV-006367,2025-05-04 03:58:15,171765.86,CASH
PAY-006369,INV-006369,1786121953000,430937.58,cash
PAY-006370,INV-006370,1736426454000,618360.04,CASH
PAY-006371,INV-006371,2025-10-23 16:01:23,"5,902.54",cash
PAY-006372,INV-006372,07/12/2025,"NGN85,693.80",TRANSFER
PAY-006375,INV-006375,11/12/2025,"1,355,678.65",insurance
PAY-006376,INV-006376,03/03/2025,159036.29,credit
PAY-006379,INV-006379,27/03/2026,1095131.16,card
PAY-006380,INV-006380,2025-04-04 00:43:57,"149,612.41",cash
PAY-006381,INV-006381,2025-07-17 03:20:18,"662,874.71",cash
PAY-006383,INV-006383,2026-03-28 18:44:04,"952,771.75",card
PAY-006384,INV-006384,1763394501000,1158653.78,credit
PAY-006385,INV-006385,21/11/2024,NGN 167347.85,card
PAY-006386,INV-006386,18/04/2025,"79,710.29",TRANSFER
PAY-006387,INV-006387,2026-04-06 11:46:15,"NGN81,658.54",transfer
PAY-006388,INV-006388,2025-11-16 18:33:29,"873,205.83",TRANSFER
PAY-006389,INV-006389,08/10/2025,NGN 149693.75,transfer
PAY-006392,INV-006392,04/11/2024,619970.98,TRANSFER
PAY-006393,INV-006393,16/04/2025,"338,785.51",cash
PAY-006394,INV-006394,2026-07-27 10:16:51,"43,247.25",insurance
PAY-006396,INV-006396,2026-06-06 21:23:28,"NGN1,451.25",TRANSFER
PAY-006397,INV-006397,08/05/2026,"584,992.12",credit
PAY-006398,INV-006398,2024-11-21 02:57:17,485958.72,credit
PAY-006401,INV-006401,2025-07-19 11:57:02,NGN 127771.56,TRANSFER
PAY-006403,INV-006403,18/04/2026,1720.00,insurance
PAY-006404,INV-006404,1741273159000,532196.87,TRANSFER
PAY-006406,INV-006406,2026-05-06 16:19:02,807007.30,cash
PAY-006407,INV-006407,2025-03-23 13:24:17,645469.83,insurance
PAY-006408,INV-006408,03/10/2025,284146.39,TRANSFER
PAY-006409,INV-006409,1784877076000,975991.50,insurance
PAY-006410,INV-006410,1757583094000,NGN 666600.59,insurance
PAY-006412,INV-006412,1757499109000,"5,418.00",insurance
PAY-006414,INV-006414,2026-07-20 10:12:12,"768,187.40",cash
PAY-006415,INV-006415,25/11/2024,"981,717.11",cash
PAY-006417,INV-006417,30/07/2026,145476.22,card
PAY-006419,INV-006419,30/01/2026,"NGN4,367.29",insurance
PAY-006421,INV-006421,2026-05-23 10:52:26,"991,631.73",insurance
PAY-006422,INV-006422,2024-11-24 00:51:53,12943.00,card
PAY-006423,INV-006423,06/04/2026,NGN 45663.59,cash
PAY-006424,INV-006424,2025-10-16 16:18:17,"NGN92,265.59",insurance
PAY-006425,INV-006425,15/02/2025,"325,319.88",insurance
PAY-006426,INV-006426,2026-01-13 04:43:56,NGN 217759.54,cash
PAY-006427,INV-006427,02/12/2024,"NGN152,381.25",TRANSFER
PAY-006429,INV-006429,2026-09-28 18:47:45,NGN 418054.62,CASH
PAY-006430,INV-006430,1757401512000,NGN 1206614.30,credit
PAY-006431,INV-006431,2026-02-17 03:13:01,"984,951.86",credit
PAY-006432,INV-006432,08/06/2025,"NGN3,085.25",TRANSFER
PAY-006434,INV-006434,1743137266000,"NGN31,927.50",insurance
PAY-006435,INV-006435,23/10/2025,"NGN1,523,694.56",cash
PAY-006436,INV-006436,2025-11-20 06:48:24,"NGN20,801.25",CASH
PAY-006437,INV-006437,2025-04-19 23:16:00,"NGN234,082.21",insurance
PAY-006440,INV-006440,26/11/2024,NGN 149259.57,cash
PAY-006441,INV-006441,24/10/2024,NGN 401327.26,TRANSFER
PAY-006442,INV-006442,1776368809000,265653.37,CASH
PAY-006443,INV-006443,2025-08-17 03:28:46,"32,538.33",credit
PAY-006444,INV-006444,20/02/2025,"NGN290,815.18",CASH
PAY-006445,INV-006445,1744780344000,"260,215.24",TRANSFER
PAY-006446,INV-006446,2025-11-06 05:38:33,"NGN42,086.25",cash
PAY-006447,INV-006447,1735484023000,"796,816.21",CASH
PAY-006448,INV-006448,24/03/2025,176582.39,TRANSFER
PAY-006452,INV-006452,1787126949000,"NGN8,514.00",TRANSFER
PAY-006454,INV-006454,2025-02-18 10:48:31,"NGN196,938.33",transfer
PAY-006455,INV-006455,1777517760000,NGN 778824.13,transfer
PAY-006457,INV-006457,2025-04-28 13:34:50,"NGN38,728.08",insurance
PAY-006459,INV-006459,13/10/2024,NGN 676762.50,cash
PAY-006460,INV-006460,2026-04-25 06:04:41,NGN 23865.00,credit
PAY-006461,INV-006461,2026-05-03 18:11:57,190769.28,cash
PAY-006463,INV-006463,27/01/2025,"238,983.97",transfer
PAY-006464,INV-006464,06/12/2025,"94,827.29",credit
PAY-006465,INV-006465,03/08/2025,"NGN625,439.48",card
PAY-006466,INV-006466,2025-07-14 15:47:27,"547,137.43",credit
PAY-006468,INV-006468,26/08/2025,624151.36,card
PAY-006469,INV-006469,1734892362000,NGN 525020.15,TRANSFER
PAY-006470,INV-006470,2026-02-11 08:04:11,"NGN535,007.42",TRANSFER
PAY-006471,INV-006471,1730455426000,NGN 198156.39,card
PAY-006472,INV-006472,2026-02-04 23:40:17,1763.82,cash
PAY-006473,INV-006473,2025-02-15 08:38:09,"NGN508,298.94",TRANSFER
PAY-006474,INV-006474,1736479253000,"NGN570,989.92",credit
PAY-006477,INV-006477,2025-09-10 01:50:45,121601.92,CASH
PAY-006478,INV-006478,1752201898000,NGN 115225.31,card
PAY-006479,INV-006479,1778761950000,562215.36,transfer
PAY-006480,INV-006480,30/06/2026,NGN 1079279.85,TRANSFER
PAY-006481,INV-006481,1741718619000,"NGN769,396.74",credit
PAY-006482,INV-006482,2026-04-15 01:50:37,828360.27,card
PAY-006483,INV-006483,1786325431000,NGN 219226.70,transfer
PAY-006485,INV-006485,2026-08-02 11:36:25,201242.02,insurance
PAY-006486,INV-006486,1750811323000,NGN 2902.50,insurance
PAY-006489,INV-006489,29/11/2025,"149,090.72",insurance
PAY-006490,INV-006490,2025-03-14 15:38:45,NGN 11341.25,CASH
PAY-006491,INV-006491,21/04/2025,NGN 121313.75,CASH
PAY-006492,INV-006492,07/03/2026,432720.02,CASH
PAY-006493,INV-006493,02/07/2025,1181492.73,card
PAY-006494,INV-006494,18/09/2025,NGN 10255.50,credit
PAY-006496,INV-006496,1731199567000,"NGN645,283.49",transfer
PAY-006497,INV-006497,1784028862000,"37,600.73",cash
PAY-006498,INV-006498,1761095126000,291295.44,cash
PAY-006499,INV-006499,1746114502000,"NGN318,862.59",TRANSFER
PAY-006501,INV-006501,25/04/2026,"NGN35,151.82",cash
PAY-006503,INV-006503,21/02/2025,232793.14,CASH
PAY-006504,INV-006504,05/09/2025,NGN 321556.72,cash
PAY-006506,INV-006506,01/10/2025,"989,796.37",insurance
PAY-006507,INV-006507,14/12/2025,"886,400.26",credit
PAY-006508,INV-006508,15/01/2025,"830,794.50",card
PAY-006509,INV-006509,2025-09-06 23:56:51,NGN 833453.79,transfer
PAY-006511,INV-006511,2026-03-15 17:36:29,"25,851.50",CASH
PAY-006513,INV-006513,09/06/2026,NGN 338358.22,card
PAY-006514,INV-006514,2026-06-02 07:22:12,NGN 17253.75,transfer
PAY-006515,INV-006515,2025-11-13 12:22:27,NGN 19511.25,transfer
PAY-006516,INV-006516,2025-05-26 11:59:08,"166,942.00",TRANSFER
PAY-006517,INV-006517,2026-08-31 05:58:10,"838,564.02",TRANSFER
PAY-006518,INV-006518,2026-03-27 21:30:27,"NGN7,014.38",cash
PAY-006520,INV-006520,2026-01-03 21:04:07,"39,743.79",TRANSFER
PAY-006521,INV-006521,2026-09-01 23:33:33,"9,191.25",CASH
PAY-006522,INV-006522,16/04/2026,NGN 822773.02,credit
PAY-006523,INV-006523,1734884456000,"1,179,504.47",CASH
PAY-006527,INV-006527,2026-09-22 01:09:52,NGN 833911.07,credit
PAY-006528,INV-006528,08/01/2026,"NGN625,576.28",credit
PAY-006529,INV-006529,1772942101000,"745,592.99",card
PAY-006530,INV-006530,2025-08-28 07:01:53,"NGN818,961.82",TRANSFER
PAY-006532,INV-006532,20/02/2026,"NGN129,229.80",transfer
PAY-006533,INV-006533,1728522846000,416038.30,credit
PAY-006534,INV-006534,1754910981000,NGN 345109.87,cash
PAY-006535,INV-006535,2026-08-16 01:36:20,NGN 662824.34,transfer
PAY-006537,INV-006537,2024-12-01 18:10:35,"632,328.72",card
PAY-006538,INV-006538,06/12/2024,657426.61,insurance
PAY-006540,INV-006540,2026-01-03 10:21:23,"NGN9,481.50",TRANSFER
PAY-006543,INV-006543,1732322273000,"NGN427,332.36",insurance
PAY-006544,INV-006544,1728987056000,"NGN480,971.69",card
PAY-006545,INV-006545,1764937413000,1786.42,credit
PAY-006546,INV-006546,1776347176000,NGN 469682.48,insurance
PAY-006547,INV-006547,2025-11-03 09:14:16,66453.85,credit
PAY-006548,INV-006548,1737168641000,"219,846.78",CASH
PAY-006550,INV-006550,2025-05-08 03:41:04,"351,272.64",card
PAY-006551,INV-006551,1762497260000,"NGN278,786.72",card
PAY-006552,INV-006552,20/09/2025,"432,869.82",insurance
PAY-006554,INV-006554,1745883347000,351296.17,CASH
PAY-006556,INV-006556,11/11/2025,4063.82,insurance
PAY-006557,INV-006557,2025-11-20 05:51:11,"NGN189,342.57",transfer
PAY-006558,INV-006558,2026-07-28 09:00:51,NGN 95953.85,credit
PAY-006559,INV-006559,2025-01-12 15:45:53,"10,402.83",CASH
PAY-006560,INV-006560,2026-03-15 23:02:06,NGN 587739.33,insurance
PAY-006561,INV-006561,2025-07-06 17:47:52,"591,063.74",insurance
PAY-006562,INV-006562,2026-04-08 06:39:07,1576867.97,credit
PAY-006563,INV-006563,1774346972000,"3,642.55",credit
PAY-006564,INV-006564,2026-03-10 01:44:16,"NGN246,618.26",CASH
PAY-006565,INV-006565,1740579644000,"NGN903,663.88",transfer
PAY-006567,INV-006567,2026-09-22 15:45:07,676340.61,card
PAY-006568,INV-006568,2025-05-30 07:55:10,NGN 349420.79,transfer
PAY-006569,INV-006569,2026-06-10 01:26:18,NGN 57937.81,cash
PAY-006570,INV-006570,05/08/2026,"150,528.00",TRANSFER
PAY-006571,INV-006571,1743040516000,NGN 11513.25,insurance
PAY-006572,INV-006572,1745545295000,"1,038,712.89",CASH
PAY-006573,INV-006573,29/12/2025,"5,369.55",insurance
PAY-006574,INV-006574,17/10/2024,"10,158.75",credit
PAY-006575,INV-006575,1774568101000,"91,386.39",insurance
PAY-006576,INV-006576,18/04/2025,"NGN308,395.08",insurance
PAY-006578,INV-006578,16/11/2025,"NGN306,242.18",TRANSFER
PAY-006579,INV-006579,2025-01-25 05:42:49,"299,155.17",credit
PAY-006581,INV-006581,24/07/2025,NGN 942890.68,transfer
PAY-006582,INV-006582,1726741582000,"NGN131,178.11",credit
PAY-006583,INV-006583,1787267208000,"102,862.32",cash
PAY-006584,INV-006584,1761202117000,NGN 540858.63,CASH
PAY-006585,INV-006585,2025-03-27 07:25:00,"944,825.08",transfer
PAY-006586,INV-006586,1786200298000,"1,856,898.64",credit
PAY-006587,INV-006587,1763529552000,"NGN569,876.89",insurance
PAY-006588,INV-006588,1743760809000,NGN 649141.22,cash
PAY-006590,INV-006590,12/05/2025,"1,236.25",cash
PAY-006591,INV-006591,24/11/2024,NGN 262868.52,card
PAY-006592,INV-006592,04/09/2025,319488.33,CASH
PAY-006593,INV-006593,1788260637000,"NGN595,135.07",card
PAY-006596,INV-006596,2025-04-18 15:07:54,"840,105.99",transfer
PAY-006597,INV-006597,1774352002000,"NGN1,063,782.80",cash
PAY-006598,INV-006598,05/04/2025,"NGN5,428.75",TRANSFER
PAY-006599,INV-006599,04/02/2025,1126350.93,CASH
PAY-006600,INV-006600,1780163108000,NGN 38162.50,credit
PAY-006601,INV-006601,1762485548000,"NGN69,085.05",transfer
PAY-006602,INV-006602,24/12/2024,"349,278.10",transfer
PAY-006603,INV-006603,1776305120000,"550,092.71",transfer
PAY-006604,INV-006604,18/06/2025,296922.20,credit
PAY-006605,INV-006605,1739982810000,"499,793.00",cash
PAY-006606,INV-006606,12/10/2024,NGN 67891.60,credit
PAY-006607,INV-006607,2025-03-05 08:54:29,"577,066.60",credit
PAY-006608,INV-006608,1741147375000,NGN 133347.27,CASH
PAY-006609,INV-006609,1755945204000,"NGN566,576.97",TRANSFER
PAY-006611,INV-006611,2026-04-30 20:54:48,"23,336.86",CASH
PAY-006612,INV-006612,2025-02-02 03:34:56,442454.47,card
PAY-006613,INV-006613,1757986188000,"NGN1,134,834.77",credit
PAY-006614,INV-006614,1752214936000,NGN 1116415.47,transfer
PAY-006616,INV-006616,14/04/2025,NGN 241695.74,insurance
PAY-006618,INV-006618,1753979840000,190184.92,TRANSFER
PAY-006619,INV-006619,16/01/2026,NGN 173733.08,insurance
PAY-006621,INV-006621,2025-03-03 23:44:43,"NGN16,330.57",CASH
PAY-006622,INV-006622,2025-12-20 07:55:58,"1,064,262.23",TRANSFER
PAY-006623,INV-006623,2025-09-28 20:38:47,421204.64,transfer
PAY-006624,INV-006624,2026-07-08 04:45:26,369337.53,TRANSFER
PAY-006625,INV-006625,1766366810000,"10,545.75",insurance
PAY-006626,INV-006626,2026-03-14 14:32:39,"485,773.13",transfer
PAY-006627,INV-006627,2026-04-05 09:08:33,"NGN650,462.80",card
PAY-006628,INV-006628,2025-09-22 05:43:40,612867.41,cash
PAY-006629,INV-006629,22/04/2025,"NGN307,283.88",TRANSFER
PAY-006632,INV-006632,1782388122000,"NGN566,295.96",credit
PAY-006633,INV-006633,1757950433000,"855,318.96",cash
PAY-006634,INV-006634,2025-11-08 12:10:23,NGN 152972.50,card
PAY-006636,INV-006636,2024-11-23 17:52:25,"NGN70,065.17",card
PAY-006637,INV-006637,2025-08-08 23:10:06,"NGN1,006,703.30",insurance
PAY-006638,INV-006638,31/07/2026,373452.23,transfer
PAY-006639,INV-006639,06/08/2026,871317.96,insurance
PAY-006640,INV-006640,09/04/2026,"NGN997,731.03",transfer
PAY-006641,INV-006641,22/07/2026,"216,198.07",TRANSFER
PAY-006642,INV-006642,2026-03-30 04:04:00,"NGN272,579.64",cash
PAY-006643,INV-006643,2026-02-06 23:26:10,NGN 476076.67,CASH
PAY-006644,INV-006644,23/05/2025,"NGN451,991.19",CASH
PAY-006645,INV-006645,2026-08-30 01:03:23,NGN 153966.38,card
PAY-006646,INV-006646,2025-09-17 18:08:17,"1,054,891.07",cash
PAY-006648,INV-006648,31/05/2026,"NGN869,308.93",insurance
PAY-006649,INV-006649,2025-01-24 06:28:02,"NGN594,230.35",transfer
PAY-006650,INV-006650,01/04/2025,"NGN94,903.31",card
PAY-006651,INV-006651,1733149026000,"NGN8,707.50",credit
PAY-006653,INV-006653,2024-12-25 03:18:42,"NGN344,917.46",CASH
PAY-006655,INV-006655,2025-05-03 23:18:19,NGN 107186.16,card
PAY-006656,INV-006656,1757325943000,108220.13,insurance
PAY-006657,INV-006657,1740839655000,111539.87,transfer
PAY-006658,INV-006658,2025-12-04 02:21:05,1459077.36,transfer
PAY-006659,INV-006659,1745395070000,"133,555.79",credit
PAY-006660,INV-006660,1761297049000,NGN 4192.50,card
PAY-006662,INV-006662,1732075011000,"383,251.73",TRANSFER
PAY-006663,INV-006663,1760014392000,NGN 1023537.64,transfer
PAY-006664,INV-006664,2026-04-12 17:11:49,"663,291.65",credit
PAY-006668,INV-006668,27/03/2025,"109,659.75",cash
PAY-006669,INV-006669,1728721554000,NGN 468107.22,insurance
PAY-006670,INV-006670,2026-01-22 09:37:59,NGN 469868.67,transfer
PAY-006671,INV-006671,2026-01-22 02:48:57,"NGN717,031.09",insurance
PAY-006673,INV-006673,02/05/2026,NGN 1166427.09,CASH
PAY-006674,INV-006674,2025-07-18 16:58:55,"NGN485,693.14",card
PAY-006675,INV-006675,2024-11-07 04:07:17,"NGN12,738.75",CASH
PAY-006676,INV-006676,1763998366000,NGN 20747.50,cash
PAY-006677,INV-006677,1753656838000,"686,492.92",TRANSFER
PAY-006678,INV-006678,04/07/2026,NGN 66370.67,CASH
PAY-006680,INV-006680,2025-10-07 19:22:18,104948.94,insurance
PAY-006681,INV-006681,13/10/2025,"NGN221,888.15",card
PAY-006682,INV-006682,30/05/2026,354598.23,credit
PAY-006683,INV-006683,2025-05-10 21:33:54,"NGN5,401.88",credit
PAY-006684,INV-006684,2025-05-25 20:51:29,"604,605.26",TRANSFER
PAY-006685,INV-006685,1788116037000,"4,273.12",credit
PAY-006686,INV-006686,1758743346000,NGN 612934.97,credit
PAY-006687,INV-006687,2024-10-23 08:22:23,35797.81,cash
PAY-006688,INV-006688,1730838797000,541228.19,CASH
PAY-006690,INV-006690,1785663010000,149245.88,transfer
PAY-006691,INV-006691,2025-02-20 15:58:03,"7,202.50",card
PAY-006692,INV-006692,1732351009000,"114,605.75",credit
PAY-006693,INV-006693,17/06/2025,"NGN497,438.17",cash
PAY-006694,INV-006694,09/05/2026,"NGN350,956.71",CASH
PAY-006695,INV-006695,2024-11-25 15:21:34,NGN 1106885.60,cash
PAY-006696,INV-006696,2025-12-31 12:05:12,843818.84,cash
PAY-006698,INV-006698,2024-10-22 17:58:57,"32,314.50",CASH
PAY-006700,INV-006700,1736544778000,"NGN717,570.81",credit
PAY-006701,INV-006701,2025-05-05 17:04:08,"749,327.59",cash
PAY-006702,INV-006702,2026-01-17 08:16:48,NGN 252540.68,card
PAY-006703,INV-006703,1784413302000,"452,852.24",transfer
PAY-006704,INV-006704,2026-06-01 17:58:02,NGN 7363.75,transfer
PAY-006705,INV-006705,2025-01-23 20:37:46,695713.18,TRANSFER
PAY-006706,INV-006706,2025-11-28 02:31:59,"NGN43,912.35",card
PAY-006707,INV-006707,2026-03-15 05:28:20,301263.57,credit
PAY-006708,INV-006708,2025-04-11 07:02:43,NGN 1105779.92,transfer
PAY-006709,INV-006709,2025-07-28 11:38:31,8511.75,credit
PAY-006710,INV-006710,1771367910000,"NGN17,898.75",CASH
PAY-006711,INV-006711,17/03/2026,1380185.19,transfer
PAY-006712,INV-006712,14/09/2026,676728.09,credit
PAY-006713,INV-006713,2026-02-26 00:09:19,"168,338.40",card
PAY-006714,INV-006714,2025-01-08 16:46:50,NGN 16931.25,credit
PAY-006715,INV-006715,2024-12-26 08:00:30,NGN 252191.14,credit
PAY-006716,INV-006716,1748050204000,"1,140,976.49",insurance
PAY-006718,INV-006718,02/08/2025,"567,462.22",insurance
PAY-006719,INV-006719,2026-06-27 20:00:12,"NGN757,622.40",transfer
PAY-006721,INV-006721,2025-12-12 22:17:57,NGN 3499.12,insurance
PAY-006723,INV-006723,14/07/2026,"71,595.00",card
PAY-006724,INV-006724,2026-06-13 11:12:08,NGN 17664.81,TRANSFER
PAY-006725,INV-006725,09/12/2025,"NGN64,595.06",credit
PAY-006726,INV-006726,02/06/2025,"164,096.19",card
PAY-006727,INV-006727,1731632741000,"NGN18,366.26",cash
PAY-006728,INV-006728,1781650561000,"240,592.30",transfer
PAY-006729,INV-006729,2026-04-09 14:50:15,"420,806.21",card
PAY-006730,INV-006730,1758030543000,"60,305.65",insurance
PAY-006731,INV-006731,2025-12-15 00:24:21,NGN 60136.71,transfer
PAY-006732,INV-006732,1770634379000,361923.93,CASH
PAY-006733,INV-006733,2025-07-14 02:32:16,"832,586.53",credit
PAY-006734,INV-006734,2026-04-25 06:18:50,92505.39,CASH
PAY-006735,INV-006735,2025-04-24 23:36:25,"736,727.78",card
PAY-006736,INV-006736,2025-02-16 06:58:40,"83,460.59",cash
PAY-006737,INV-006737,1770092619000,"580,193.31",transfer
PAY-006738,INV-006738,2025-02-28 01:50:59,1800.62,credit
PAY-006739,INV-006739,2026-06-23 21:42:49,NGN 587083.14,CASH
PAY-006740,INV-006740,05/06/2026,984643.14,cash
PAY-006741,INV-006741,08/04/2025,571638.36,insurance
PAY-006743,INV-006743,2025-02-20 13:07:43,37635.75,CASH
PAY-006744,INV-006744,27/10/2025,"2,246.17",credit
PAY-006745,INV-006745,2025-06-20 18:48:16,"371,531.80",cash
PAY-006746,INV-006746,1732991764000,"NGN175,270.17",card
PAY-006749,INV-006749,1728222434000,"721,149.07",TRANSFER
PAY-006750,INV-006750,1728062697000,NGN 1443845.68,insurance
PAY-006751,INV-006751,2026-08-24 13:47:53,"NGN187,544.28",card
PAY-006752,INV-006752,1781209136000,"NGN614,595.84",cash
PAY-006754,INV-006754,1780346149000,"190,530.95",cash
PAY-006755,INV-006755,1756111401000,NGN 517966.78,credit
PAY-006758,INV-006758,02/07/2026,"372,308.37",TRANSFER
PAY-006760,INV-006760,1778679645000,NGN 74809.65,insurance
PAY-006761,INV-006761,2026-08-10 23:05:16,NGN 458251.29,credit
PAY-006762,INV-006762,1751141250000,NGN 221532.95,insurance
PAY-006763,INV-006763,1758151043000,"8,734.38",TRANSFER
PAY-006765,INV-006765,29/03/2025,NGN 529185.51,CASH
PAY-006766,INV-006766,23/01/2025,"NGN390,254.64",cash
PAY-006767,INV-006767,1770510372000,"NGN1,320,581.51",TRANSFER
PAY-006768,INV-006768,2026-01-24 10:17:13,60903.13,cash
PAY-006769,INV-006769,2025-09-20 03:31:45,"NGN1,572,418.27",CASH
PAY-006770,INV-006770,1756634328000,"NGN4,407.50",CASH
PAY-006771,INV-006771,1765110626000,NGN 334884.19,card
PAY-006772,INV-006772,03/12/2024,215129.08,card
PAY-006774,INV-006774,12/03/2025,"NGN159,310.92",credit
PAY-006776,INV-006776,1777167748000,"NGN1,253,777.31",cash
PAY-006777,INV-006777,07/10/2024,"930,937.98",insurance
PAY-006780,INV-006780,07/11/2025,"NGN58,291.88",CASH
PAY-006781,INV-006781,2026-02-14 18:48:31,"10,373.75",card
PAY-006782,INV-006782,01/01/2026,NGN 1746.88,transfer
PAY-006784,INV-006784,14/03/2025,"97,672.50",transfer
PAY-006785,INV-006785,1761514760000,"NGN881,810.10",credit
PAY-006786,INV-006786,1768960879000,"NGN84,583.82",transfer
PAY-006787,INV-006787,23/07/2025,NGN 1095244.28,card
PAY-006788,INV-006788,2024-10-23 23:17:59,23461.88,cash
PAY-006789,INV-006789,1776989655000,287770.44,credit
PAY-006790,INV-006790,2026-04-21 11:14:15,"216,025.03",TRANSFER
PAY-006791,INV-006791,1734534582000,74497.50,TRANSFER
PAY-006792,INV-006792,01/04/2026,NGN 792966.35,insurance
PAY-006793,INV-006793,1731323024000,NGN 346462.56,TRANSFER
PAY-006794,INV-006794,29/04/2025,"19,191.13",TRANSFER
PAY-006795,INV-006795,1749348873000,850083.87,credit
PAY-006796,INV-006796,2026-07-19 11:48:48,803620.76,insurance
PAY-006797,INV-006797,1761244934000,92690.34,TRANSFER
PAY-006798,INV-006798,2025-01-13 10:50:02,"219,469.40",CASH
PAY-006799,INV-006799,1754125925000,NGN 23452.73,transfer
PAY-006800,INV-006800,18/01/2026,"215,971.38",card
PAY-006801,INV-006801,12/12/2025,NGN 910847.91,cash
PAY-006802,INV-006802,12/03/2025,162432.50,insurance
PAY-006804,INV-006804,03/02/2025,646026.16,transfer
PAY-006807,INV-006807,1782861962000,"965,671.77",transfer
PAY-006810,INV-006810,30/11/2024,"31,927.50",cash
PAY-006811,INV-006811,01/03/2026,"NGN112,688.46",credit
PAY-006812,INV-006812,12/12/2024,NGN 1101.88,TRANSFER
PAY-006813,INV-006813,2025-09-29 11:23:10,451452.22,credit
PAY-006814,INV-006814,07/12/2025,"NGN964,999.05",insurance
PAY-006816,INV-006816,2026-03-03 13:36:20,NGN 1586.27,CASH
PAY-006817,INV-006817,06/05/2025,"489,987.97",TRANSFER
PAY-006818,INV-006818,19/05/2026,"326,290.79",credit
PAY-006819,INV-006819,2024-12-16 05:00:50,NGN 269611.57,insurance
PAY-006822,INV-006822,2026-03-23 00:29:10,NGN 1604901.88,credit
PAY-006823,INV-006823,2026-10-09 02:12:27,35348.93,transfer
PAY-006824,INV-006824,1741311020000,NGN 490489.21,TRANSFER
PAY-006826,INV-006826,15/02/2026,"296,421.84",CASH
PAY-006827,INV-006827,18/04/2026,331692.78,credit
PAY-006829,INV-006829,1756940480000,"8,626.88",card
PAY-006830,INV-006830,16/11/2024,"NGN259,221.52",transfer
PAY-006832,INV-006832,11/04/2025,"412,524.68",credit
PAY-006833,INV-006833,12/07/2026,NGN 136639.86,CASH
PAY-006834,INV-006834,1733345367000,NGN 188747.91,credit
PAY-006835,INV-006835,05/02/2025,"241,147.93",TRANSFER
PAY-006836,INV-006836,2026-02-18 16:14:45,22804.74,card
PAY-006837,INV-006837,2025-11-14 15:33:11,"388,349.28",cash
PAY-006838,INV-006838,1736559387000,"NGN16,157.25",credit
PAY-006839,INV-006839,14/08/2026,610965.94,insurance
PAY-006841,INV-006841,12/04/2025,"NGN92,724.07",CASH
PAY-006842,INV-006842,27/04/2025,"NGN302,581.60",TRANSFER
PAY-006843,INV-006843,2026-05-10 03:39:46,"780,581.99",card
PAY-006844,INV-006844,14/09/2026,"NGN443,932.79",TRANSFER
PAY-006845,INV-006845,1781351887000,"307,239.25",card
PAY-006846,INV-006846,1764141088000,"NGN384,442.68",credit
PAY-006847,INV-006847,08/06/2026,159267.22,TRANSFER
PAY-006850,INV-006850,20/11/2024,"1,373,363.42",card
PAY-006851,INV-006851,2024-12-11 17:01:52,NGN 793784.48,card
PAY-006852,INV-006852,13/05/2026,"1,611,292.42",TRANSFER
PAY-006853,INV-006853,1742531933000,"NGN54,120.03",insurance
PAY-006854,INV-006854,03/11/2024,"NGN1,731,971.97",credit
PAY-006855,INV-006855,1742075845000,"NGN742,842.60",insurance
PAY-006856,INV-006856,1783771256000,"393,714.84",CASH
PAY-006858,INV-006858,1765591553000,"682,236.39",credit
PAY-006859,INV-006859,2026-07-21 06:37:54,NGN 489424.13,insurance
PAY-006861,INV-006861,04/08/2026,NGN 267701.77,insurance
PAY-006862,INV-006862,1779897249000,926520.60,cash
PAY-006863,INV-006863,2026-09-06 10:18:11,"934,279.20",insurance
PAY-006864,INV-006864,11/07/2025,"5,912.50",card
PAY-006865,INV-006865,1750626521000,NGN 729343.40,insurance
PAY-006866,INV-006866,2025-01-15 11:35:46,NGN 119965.28,card
PAY-006868,INV-006868,26/02/2026,NGN 4031.25,CASH
PAY-006870,INV-006870,1730862296000,"NGN617,074.48",credit
PAY-006871,INV-006871,2025-06-12 15:41:43,10561.88,transfer
PAY-006874,INV-006874,05/06/2025,NGN 2526.25,insurance
PAY-006875,INV-006875,14/05/2026,"816,672.21",cash
PAY-006876,INV-006876,1742675460000,NGN 1060653.39,transfer
PAY-006877,INV-006877,1788092405000,NGN 238222.27,transfer
PAY-006878,INV-006878,2026-03-22 00:34:38,"27,804.88",cash
PAY-006879,INV-006879,17/12/2025,"NGN1,331,972.71",insurance
PAY-006880,INV-006880,30/03/2025,"11,233.75",credit
PAY-006881,INV-006881,18/06/2026,"517,617.70",cash
PAY-006882,INV-006882,2026-06-02 10:55:19,"5,482.50",TRANSFER
PAY-006883,INV-006883,1771896656000,NGN 987053.63,CASH
PAY-006884,INV-006884,1779969442000,435334.46,cash
PAY-006885,INV-006885,2024-10-02 03:43:36,NGN 339494.26,insurance
PAY-006887,INV-006887,15/07/2025,"NGN1,148,392.88",credit
PAY-006888,INV-006888,2025-05-04 18:10:55,44571.14,transfer
PAY-006889,INV-006889,1758313515000,"1,968,813.52",cash
PAY-006891,INV-006891,1750292383000,NGN 26310.62,cash
PAY-006892,INV-006892,1789185802000,"215,349.38",cash
PAY-006893,INV-006893,28/10/2025,NGN 564769.45,insurance
PAY-006894,INV-006894,2026-01-25 18:54:35,2633.75,CASH
PAY-006895,INV-006895,03/01/2025,"313,915.89",TRANSFER
PAY-006896,INV-006896,2025-11-23 07:55:11,NGN 6611.25,cash
PAY-006900,INV-006900,2024-10-28 20:55:12,NGN 697802.38,card
PAY-006902,INV-006902,2025-11-29 12:20:39,"53,146.48",CASH
PAY-006903,INV-006903,1741438308000,NGN 407021.06,TRANSFER
PAY-006904,INV-006904,2025-02-14 12:45:55,"NGN76,237.31",transfer
PAY-006905,INV-006905,2025-01-02 19:33:27,"NGN32,743.66",insurance
PAY-006907,INV-006907,30/06/2026,NGN 224397.34,TRANSFER
PAY-006909,INV-006909,1756181066000,12255.00,CASH
PAY-006913,INV-006913,2024-12-16 06:26:22,"NGN521,008.27",card
PAY-006914,INV-006914,26/03/2025,"NGN361,568.25",card
PAY-006915,INV-006915,1742572533000,"479,723.33",CASH
PAY-006917,INV-006917,25/03/2025,"NGN595,388.94",transfer
PAY-006918,INV-006918,2025-02-01 20:13:30,"NGN852,902.84",CASH
PAY-006919,INV-006919,25/09/2025,NGN 2472.50,credit
PAY-006922,INV-006922,1735785948000,"NGN729,178.84",credit
PAY-006923,INV-006923,2025-02-17 13:35:32,NGN 222641.17,CASH
PAY-006924,INV-006924,2025-08-27 10:28:12,"8,707.50",credit
PAY-006925,INV-006925,2025-02-02 15:32:21,"NGN358,869.56",credit
PAY-006926,INV-006926,2026-05-14 20:13:38,"NGN341,502.95",credit
PAY-006928,INV-006928,1767745900000,105955.74,CASH
PAY-006929,INV-006929,20/04/2025,"NGN553,340.42",credit
PAY-006930,INV-006930,2026-03-15 14:58:42,NGN 483515.11,cash
PAY-006933,INV-006933,2026-02-08 12:38:07,NGN 151041.41,CASH
PAY-006935,INV-006935,14/05/2025,"16,662.50",TRANSFER
PAY-006939,INV-006939,1781167669000,NGN 358670.21,transfer
PAY-006940,INV-006940,20/08/2025,NGN 145281.71,transfer
PAY-006941,INV-006941,2025-03-04 06:37:23,"261,209.94",TRANSFER
PAY-006942,INV-006942,2026-06-08 12:30:11,"277,218.27",card
PAY-006943,INV-006943,19/09/2025,"NGN1,071,151.30",cash
PAY-006945,INV-006945,18/02/2025,45574.23,insurance
PAY-006946,INV-006946,11/11/2024,"NGN52,788.04",card
PAY-006947,INV-006947,2024-12-05 05:38:25,"NGN152,912.55",insurance
PAY-006948,INV-006948,1787852522000,"866,967.32",credit
PAY-006949,INV-006949,1761472771000,NGN 98939.94,card
PAY-006950,INV-006950,2025-10-09 10:37:56,NGN 604188.66,card
PAY-006951,INV-006951,2026-01-09 02:22:52,189986.07,cash
PAY-006952,INV-006952,1744681820000,865393.78,CASH
PAY-006955,INV-006955,29/08/2025,191126.19,TRANSFER
PAY-006956,INV-006956,1759060940000,"356,274.24",card
PAY-006957,INV-006957,17/07/2025,NGN 360692.22,credit
PAY-006958,INV-006958,03/03/2025,NGN 1429425.42,CASH
PAY-006959,INV-006959,30/06/2025,"NGN290,802.27",cash
PAY-006960,INV-006960,11/11/2024,"518,870.28",card
PAY-006961,INV-006961,2026-03-01 08:36:12,253409.02,TRANSFER
PAY-006962,INV-006962,1751618401000,NGN 485753.24,TRANSFER
PAY-006963,INV-006963,29/09/2024,684360.78,credit
PAY-006965,INV-006965,1770225133000,"447,719.14",TRANSFER
PAY-006966,INV-006966,13/02/2026,"NGN623,374.30",TRANSFER
PAY-006967,INV-006967,1782577184000,251445.84,TRANSFER
PAY-006968,INV-006968,2025-01-03 23:31:55,NGN 359734.58,credit
PAY-006969,INV-006969,1759319403000,"NGN63,492.22",card
PAY-006970,INV-006970,10/03/2025,368031.94,transfer
PAY-006971,INV-006971,1767821735000,6127.50,transfer
PAY-006973,INV-006973,20/02/2025,"NGN611,815.84",credit
PAY-006975,INV-006975,04/10/2024,"NGN54,761.71",card
PAY-006976,INV-006976,2025-07-10 14:14:04,NGN 484156.58,cash
PAY-006977,INV-006977,1787183762000,494005.84,insurance
PAY-006978,INV-006978,2025-04-02 21:25:11,"692,325.67",CASH
PAY-006981,INV-006981,2026-05-10 18:08:25,NGN 1857959.21,insurance
PAY-006982,INV-006982,2025-11-23 15:26:06,437901.56,credit
PAY-006983,INV-006983,2025-03-11 19:09:42,"NGN74,013.75",transfer
PAY-006984,INV-006984,18/03/2026,3988.25,card
PAY-006985,INV-006985,12/09/2026,NGN 5321.25,transfer
PAY-006988,INV-006988,17/10/2025,"26,230.00",insurance
PAY-006989,INV-006989,2024-11-19 16:55:37,"NGN243,930.88",card
PAY-006990,INV-006990,2025-06-21 06:52:37,NGN 8372.16,CASH
PAY-006991,INV-006991,21/01/2026,625292.65,credit
PAY-006992,INV-006992,2025-07-23 04:58:47,458277.60,credit
PAY-006994,INV-006994,2025-01-11 14:59:40,NGN 255655.94,cash
PAY-006996,INV-006996,16/01/2026,"NGN597,679.09",insurance
PAY-006998,INV-006998,24/09/2024,1134294.81,insurance
PAY-006999,INV-006999,2025-04-21 13:20:36,"4,353.75",insurance
PAY-007000,INV-007000,1752393925000,NGN 6396.25,insurance
PAY-007001,INV-007001,2026-02-14 09:25:41,758459.17,CASH
PAY-007002,INV-007002,1751292370000,3420.71,CASH
PAY-007003,INV-007003,1766613145000,87316.25,card
PAY-007006,INV-007006,1762373053000,88634.45,cash
PAY-007007,INV-007007,12/11/2024,"NGN2,196.96",insurance
PAY-007009,INV-007009,1729477405000,"1,311,135.08",credit
PAY-007010,INV-007010,08/02/2025,"108,720.02",CASH
PAY-007012,INV-007012,2026-02-20 13:34:40,"868,021.17",cash
PAY-007013,INV-007013,04/02/2025,"NGN247,980.08",card
PAY-007014,INV-007014,10/03/2026,NGN 5240.62,CASH
PAY-007016,INV-007016,2026-05-22 20:45:23,"NGN533,466.65",credit
PAY-007017,INV-007017,15/09/2025,"NGN414,613.90",TRANSFER
PAY-007018,INV-007018,2026-08-26 17:35:37,"66,435.00",insurance
PAY-007019,INV-007019,2026-07-04 23:35:24,"NGN492,758.94",credit
PAY-007020,INV-007020,2025-11-02 00:11:33,"NGN138,755.62",cash
PAY-007021,INV-007021,1760309881000,167957.90,credit
PAY-007022,INV-007022,2026-09-22 02:20:02,1182039.90,cash
PAY-007024,INV-007024,1779848707000,97013.55,CASH
PAY-007025,INV-007025,2025-01-14 20:32:17,"NGN17,318.25",insurance
PAY-007027,INV-007027,2025-11-16 11:29:01,"1,248,477.70",cash
PAY-007028,INV-007028,2025-12-23 14:27:45,38561.06,cash
PAY-007029,INV-007029,1786895743000,NGN 5509.38,cash
PAY-007031,INV-007031,13/11/2025,"NGN36,668.25",insurance
PAY-007032,INV-007032,24/09/2026,"NGN541,344.14",transfer
PAY-007033,INV-007033,2026-09-14 10:57:21,"NGN147,646.91",cash
PAY-007035,INV-007035,1754412512000,NGN 2981.39,insurance
PAY-007036,INV-007036,13/04/2026,NGN 30073.12,cash
PAY-007041,INV-007041,07/06/2026,NGN 975027.15,TRANSFER
PAY-007043,INV-007043,1764580563000,714364.01,credit
PAY-007044,INV-007044,1738411054000,NGN 4243.73,insurance
PAY-007045,INV-007045,2026-02-26 14:57:32,8546.25,insurance
PAY-007046,INV-007046,1749042631000,NGN 370072.59,cash
PAY-007047,INV-007047,2024-11-06 22:14:44,"NGN3,676.50",TRANSFER
PAY-007048,INV-007048,2026-09-20 04:18:37,"252,853.69",TRANSFER
PAY-007051,INV-007051,03/12/2024,11706.75,TRANSFER
PAY-007052,INV-007052,18/06/2025,8707.50,card
PAY-007053,INV-007053,2025-03-03 02:29:15,127870.30,card
PAY-007054,INV-007054,2025-11-26 04:29:45,"580,214.99",CASH
PAY-007055,INV-007055,1732177288000,NGN 312330.72,transfer
PAY-007056,INV-007056,2025-02-01 00:32:32,526312.78,TRANSFER
PAY-007057,INV-007057,1774028739000,117402.95,CASH
PAY-007058,INV-007058,12/02/2025,605394.98,credit
PAY-007060,INV-007060,1754155522000,"395,211.37",transfer
PAY-007061,INV-007061,20/04/2026,"1,880,660.88",card
PAY-007062,INV-007062,1741884388000,"43,079.77",card
PAY-007064,INV-007064,1759186891000,NGN 308339.18,cash
PAY-007065,INV-007065,18/05/2025,391359.44,cash
PAY-007067,INV-007067,2025-08-26 20:08:02,1385481.67,CASH
PAY-007068,INV-007068,2026-04-17 16:40:18,104462.80,credit
PAY-007069,INV-007069,1737639886000,"662,358.66",cash
PAY-007071,INV-007071,2025-08-27 15:07:56,NGN 1050.85,insurance
PAY-007073,INV-007073,11/09/2025,316320.13,insurance
PAY-007074,INV-007074,02/06/2026,NGN 2526.25,CASH
PAY-007075,INV-007075,1752342276000,"NGN493,166.31",credit
PAY-007077,INV-007077,13/10/2024,"NGN169,156.75",credit
PAY-007078,INV-007078,1729129469000,NGN 178333.12,CASH
PAY-007080,INV-007080,16/08/2026,626640.17,insurance
PAY-007081,INV-007081,26/09/2025,"NGN1,197,460.05",cash
PAY-007083,INV-007083,1749098284000,NGN 653431.47,cash
PAY-007084,INV-007084,1780767078000,NGN 618248.82,card
PAY-007085,INV-007085,26/11/2025,"NGN239,520.73",credit
PAY-007086,INV-007086,15/05/2025,"NGN592,205.28",cash
PAY-007087,INV-007087,1787795248000,NGN 596970.17,transfer
PAY-007088,INV-007088,2026-02-19 11:24:08,421062.13,TRANSFER
PAY-007089,INV-007089,1779923247000,97718.32,card
PAY-007090,INV-007090,2024-10-13 06:42:18,"NGN7,111.12",insurance
PAY-007092,INV-007092,2026-08-27 19:43:07,NGN 1331941.48,cash
PAY-007093,INV-007093,1779299401000,190204.87,CASH
PAY-007095,INV-007095,03/03/2026,119296.20,insurance
PAY-007096,INV-007096,1773189201000,503383.69,transfer
PAY-007097,INV-007097,15/04/2026,NGN 940766.64,card
PAY-007098,INV-007098,1732476241000,"7,661.12",insurance
PAY-007099,INV-007099,1738456615000,"1,440,582.08",cash
PAY-007100,INV-007100,2025-04-14 16:52:01,"621,478.53",CASH
PAY-007101,INV-007101,2025-07-16 11:45:50,"NGN117,927.50",cash
PAY-007104,INV-007104,23/05/2025,NGN 1015974.72,transfer
PAY-007105,INV-007105,1753143137000,"87,867.17",transfer
PAY-007108,INV-007108,04/12/2024,"NGN344,099.64",TRANSFER
PAY-007109,INV-007109,2025-08-03 11:03:45,13975.00,transfer
PAY-007111,INV-007111,1777823162000,"NGN6,095.25",transfer
PAY-007112,INV-007112,21/07/2025,"675,188.46",credit
PAY-007113,INV-007113,1731543444000,"NGN345,697.45",credit
PAY-007115,INV-007115,2025-08-07 22:38:19,498935.08,CASH
PAY-007116,INV-007116,14/04/2026,"587,267.57",transfer
PAY-007119,INV-007119,1742614016000,"NGN847,524.04",insurance
PAY-007120,INV-007120,1781584688000,"NGN3,225.00",credit
PAY-007122,INV-007122,1768979362000,"NGN182,572.74",cash
PAY-007125,INV-007125,1779768553000,70622.12,insurance
PAY-007126,INV-007126,2026-09-03 13:01:56,348902.97,insurance
PAY-007128,INV-007128,1754122869000,457732.48,credit
PAY-007129,INV-007129,2025-07-19 10:37:10,347740.37,credit
PAY-007130,INV-007130,01/09/2025,525907.55,TRANSFER
PAY-007133,INV-007133,14/08/2026,"NGN948,279.03",TRANSFER
PAY-007134,INV-007134,2026-04-30 10:45:32,NGN 560885.38,card
PAY-007135,INV-007135,04/01/2025,891740.70,TRANSFER
PAY-007136,INV-007136,23/01/2025,"NGN1,140,981.86",card
PAY-007137,INV-007137,1763946109000,"392,217.43",CASH
PAY-007138,INV-007138,1727964120000,NGN 332312.60,TRANSFER
PAY-007139,INV-007139,2024-11-05 04:56:22,NGN 924706.23,card
PAY-007140,INV-007140,2025-03-06 21:42:38,7256.25,CASH
PAY-007141,INV-007141,23/11/2025,"NGN9,481.50",card
PAY-007142,INV-007142,2024-11-08 19:28:09,NGN 21965.55,CASH
PAY-007143,INV-007143,11/06/2025,NGN 740885.82,insurance
PAY-007144,INV-007144,25/12/2025,1267120.68,transfer
PAY-007145,INV-007145,1755763543000,NGN 611134.94,cash
PAY-007146,INV-007146,1777420599000,"NGN799,993.78",CASH
PAY-007147,INV-007147,02/12/2025,876063.73,insurance
PAY-007149,INV-007149,16/11/2024,"NGN3,628.12",CASH
PAY-007150,INV-007150,07/04/2026,NGN 225930.44,card
PAY-007151,INV-007151,2025-09-28 07:17:31,"NGN5,751.25",cash
PAY-007153,INV-007153,2026-08-19 21:22:48,"NGN1,179,598.06",cash
PAY-007154,INV-007154,1758537120000,NGN 9675.00,TRANSFER
PAY-007155,INV-007155,1777060088000,"660,333.58",credit
PAY-007156,INV-007156,1777327805000,60043.32,card
PAY-007157,INV-007157,17/09/2025,677521.83,card
PAY-007158,INV-007158,14/05/2025,NGN 22227.45,insurance
PAY-007159,INV-007159,31/03/2026,"NGN1,104,014.10",credit
PAY-007160,INV-007160,27/10/2025,"422,325.85",TRANSFER
PAY-007161,INV-007161,2025-09-01 05:32:41,11126.25,TRANSFER
PAY-007162,INV-007162,2026-04-02 07:01:18,"NGN43,537.50",card
PAY-007164,INV-007164,1752231084000,"1,380.70",transfer
PAY-007165,INV-007165,1744976639000,NGN 366159.43,TRANSFER
PAY-007166,INV-007166,1763759621000,"NGN4,246.25",cash
PAY-007167,INV-007167,1751104773000,NGN 1544273.38,credit
PAY-007169,INV-007169,09/08/2025,740022.17,TRANSFER
PAY-007170,INV-007170,1768078362000,NGN 295459.31,transfer
PAY-007171,INV-007171,1771734041000,"186,060.26",TRANSFER
PAY-007172,INV-007172,1754276830000,NGN 99415.65,insurance
PAY-007173,INV-007173,2025-01-13 01:40:49,707628.12,transfer
PAY-007174,INV-007174,1781047836000,"563,987.21",card
PAY-007175,INV-007175,1763341141000,"NGN125,231.91",credit
PAY-007176,INV-007176,2025-07-11 02:13:32,96452.25,cash
PAY-007177,INV-007177,2024-10-14 13:43:34,"548,464.61",transfer
PAY-007178,INV-007178,1732164265000,NGN 309698.19,credit
PAY-007179,INV-007179,24/01/2025,"613,550.66",insurance
PAY-007180,INV-007180,2024-11-16 20:34:27,"61,218.03",credit
PAY-007181,INV-007181,2026-06-10 10:08:09,"719,534.47",credit
PAY-007182,INV-007182,2024-12-15 11:15:46,NGN 2553.12,transfer
PAY-007184,INV-007184,14/10/2024,NGN 23915.86,card
PAY-007186,INV-007186,02/02/2025,29186.25,transfer
PAY-007187,INV-007187,09/03/2025,6208.12,card
PAY-007188,INV-007188,01/06/2026,270275.87,TRANSFER
PAY-007189,INV-007189,2024-11-20 08:02:10,"NGN253,959.44",cash
PAY-007190,INV-007190,2025-10-17 20:41:39,"NGN801,824.23",card
PAY-007191,INV-007191,05/07/2026,"NGN326,065.71",credit
PAY-007192,INV-007192,31/07/2025,NGN 229594.48,cash
PAY-007194,INV-007194,04/12/2024,"NGN520,220.48",transfer
PAY-007195,INV-007195,1736342029000,"NGN78,571.56",CASH
PAY-007196,INV-007196,1732558277000,7713.12,insurance
PAY-007197,INV-007197,14/04/2026,"1,570,147.98",credit
PAY-007198,INV-007198,1754342185000,"NGN8,600.00",cash
PAY-007199,INV-007199,1751286763000,"NGN232,260.25",CASH
PAY-007200,INV-007200,2025-08-26 20:36:38,"NGN7,449.75",credit
PAY-007201,INV-007201,1785248304000,"NGN229,361.55",insurance
PAY-007202,INV-007202,23/02/2025,"NGN621,440.45",credit
PAY-007203,INV-007203,2026-06-24 23:25:22,5267.50,card
PAY-007205,INV-007205,1741109332000,"159,881.50",insurance
PAY-007206,INV-007206,18/12/2025,"560,407.45",insurance
PAY-007207,INV-007207,01/10/2024,422801.06,transfer
PAY-007208,INV-007208,2026-03-01 01:41:12,298231.88,cash
PAY-007209,INV-007209,29/10/2024,"178,284.07",insurance
PAY-007210,INV-007210,2026-05-31 06:06:32,"NGN705,070.64",credit
PAY-007211,INV-007211,1752310691000,"376,890.60",TRANSFER
PAY-007212,INV-007212,30/05/2026,76612.59,card
PAY-007213,INV-007213,1751187627000,NGN 660904.22,TRANSFER
PAY-007214,INV-007214,10/02/2026,"917,904.91",transfer
PAY-007217,INV-007217,1785130148000,"233,378.53",card
PAY-007218,INV-007218,1789400469000,"408,679.59",credit
PAY-007219,INV-007219,1777292485000,323941.66,TRANSFER
PAY-007221,INV-007221,20/03/2026,209559.58,cash
PAY-007222,INV-007222,22/02/2026,"NGN8,116.25",cash
PAY-007223,INV-007223,2024-11-20 22:43:16,"NGN343,775.67",cash
PAY-007224,INV-007224,1745181456000,212158.15,credit
PAY-007225,INV-007225,15/12/2025,NGN 827871.13,credit
PAY-007226,INV-007226,1770116165000,524021.96,CASH
PAY-007227,INV-007227,04/06/2026,646792.63,cash
PAY-007229,INV-007229,1729831232000,NGN 297059.64,cash
PAY-007230,INV-007230,06/01/2026,NGN 192640.75,TRANSFER
PAY-007231,INV-007231,2026-06-14 08:35:05,NGN 481650.86,cash
PAY-007236,INV-007236,1758496831000,607858.09,insurance
PAY-007239,INV-007239,1781362620000,"NGN364,542.48",card
PAY-007240,INV-007240,1771825592000,NGN 130928.16,CASH
PAY-007241,INV-007241,1770596283000,"NGN421,021.90",cash
PAY-007243,INV-007243,2026-08-12 04:49:43,"NGN42,470.22",insurance
PAY-007244,INV-007244,2026-05-19 05:30:52,"NGN3,708.75",transfer
PAY-007245,INV-007245,1773403329000,"240,373.39",cash
PAY-007246,INV-007246,15/06/2025,NGN 789472.26,card
PAY-007247,INV-007247,2026-02-04 06:48:54,"NGN1,153.29",card
PAY-007248,INV-007248,1739482346000,1150521.13,CASH
PAY-007249,INV-007249,2024-12-26 05:31:36,"NGN54,027.81",card
PAY-007250,INV-007250,2025-12-14 18:41:11,NGN 11706.75,card
PAY-007251,INV-007251,2025-04-24 12:17:20,NGN 104028.90,card
PAY-007252,INV-007252,01/09/2025,818538.57,card
PAY-007253,INV-007253,04/08/2025,1145339.30,card
PAY-007254,INV-007254,25/02/2025,30089.25,TRANSFER
PAY-007255,INV-007255,30/11/2025,"20,658.13",insurance
PAY-007257,INV-007257,1777698753000,NGN 984667.36,insurance
PAY-007258,INV-007258,1765083094000,"NGN181,705.98",credit
PAY-007259,INV-007259,01/03/2026,"NGN152,010.06",cash
PAY-007260,INV-007260,1783561935000,"NGN346,283.84",CASH
PAY-007264,INV-007264,1749190267000,"655,592.62",CASH
PAY-007265,INV-007265,2026-04-26 02:53:33,"705,515.04",transfer
PAY-007266,INV-007266,10/09/2025,NGN 345224.45,insurance
PAY-007267,INV-007267,20/05/2025,"914,495.70",insurance
PAY-007268,INV-007268,1753169690000,806.77,transfer
PAY-007269,INV-007269,18/07/2025,"NGN150,592.11",card
PAY-007270,INV-007270,21/07/2026,NGN 209811.25,transfer
PAY-007271,INV-007271,1761525771000,"NGN1,042,874.22",transfer
PAY-007272,INV-007272,1758568144000,NGN 408054.00,CASH
PAY-007273,INV-007273,07/07/2026,NGN 1950984.40,card
PAY-007274,INV-007274,25/03/2025,NGN 2338.12,CASH
PAY-007276,INV-007276,15/04/2026,"NGN753,328.00",CASH
PAY-007277,INV-007277,2024-10-31 04:27:42,"87,765.72",insurance
PAY-007278,INV-007278,2025-05-28 03:05:54,"NGN268,775.09",CASH
PAY-007279,INV-007279,1741409017000,40779.48,TRANSFER
PAY-007280,INV-007280,2024-11-07 18:50:53,NGN 8514.00,cash
PAY-007281,INV-007281,1757175095000,NGN 9755.62,transfer
PAY-007282,INV-007282,1740722001000,NGN 451916.97,card
PAY-007284,INV-007284,09/12/2025,23139.38,TRANSFER
PAY-007286,INV-007286,1744615979000,33816.73,TRANSFER
PAY-007288,INV-007288,1763703970000,"NGN165,692.28",credit
PAY-007289,INV-007289,04/07/2026,"135,794.44",card
PAY-007290,INV-007290,06/07/2025,NGN 255760.70,CASH
PAY-007291,INV-007291,2026-01-20 11:15:54,NGN 147228.87,CASH
PAY-007292,INV-007292,03/01/2025,"170,485.75",transfer
PAY-007294,INV-007294,08/01/2025,15798.46,credit
PAY-007295,INV-007295,1782807491000,"NGN614,207.84",credit
PAY-007296,INV-007296,2026-05-07 19:30:19,"78,260.90",CASH
PAY-007297,INV-007297,2025-01-05 22:04:49,NGN 812263.67,credit
PAY-007298,INV-007298,21/08/2025,587336.14,credit
PAY-007299,INV-007299,1764889715000,70168.46,insurance
PAY-007300,INV-007300,1729810884000,NGN 1142230.29,cash
PAY-007301,INV-007301,1742639732000,"NGN404,744.01",card
PAY-007302,INV-007302,1763276823000,"NGN31,856.77",credit
PAY-007303,INV-007303,1768525147000,"NGN550,699.57",insurance
PAY-007304,INV-007304,03/08/2026,188747.54,card
PAY-007305,INV-007305,1773684393000,11997.00,transfer
PAY-007307,INV-007307,1737678928000,"NGN238,204.73",card
PAY-007309,INV-007309,01/09/2026,"756,194.47",transfer
PAY-007310,INV-007310,2025-06-22 10:29:12,199711.21,card
PAY-007311,INV-007311,1779434253000,455207.34,cash
PAY-007313,INV-007313,1779010136000,"NGN5,590.00",TRANSFER
PAY-007314,INV-007314,23/06/2026,"930,642.55",TRANSFER
PAY-007315,INV-007315,1758175078000,1025321.00,insurance
PAY-007316,INV-007316,26/11/2025,NGN 721336.61,cash
PAY-007317,INV-007317,20/08/2026,NGN 83373.92,insurance
PAY-007318,INV-007318,18/11/2024,"636,393.32",cash
PAY-007319,INV-007319,2024-12-07 23:49:53,NGN 458760.86,cash
PAY-007321,INV-007321,2025-09-30 17:50:51,NGN 1014146.35,TRANSFER
PAY-007323,INV-007323,2025-06-21 02:58:51,16528.12,CASH
PAY-007324,INV-007324,1787220734000,NGN 42420.85,insurance
PAY-007325,INV-007325,1780329123000,"NGN546,384.11",credit
PAY-007326,INV-007326,2026-03-13 10:09:02,"201,523.96",CASH
PAY-007327,INV-007327,2025-04-22 18:37:10,NGN 386781.19,cash
PAY-007328,INV-007328,1772115696000,NGN 1613.61,CASH
PAY-007329,INV-007329,1741546199000,"413,208.31",TRANSFER
PAY-007330,INV-007330,2026-01-28 19:58:43,"68,101.25",CASH
PAY-007332,INV-007332,1729141120000,NGN 8164.62,card
PAY-007333,INV-007333,1745098598000,NGN 136719.59,TRANSFER
PAY-007334,INV-007334,23/03/2025,"1,404.15",card
PAY-007335,INV-007335,08/04/2025,"NGN341,415.71",transfer
PAY-007336,INV-007336,2025-02-02 22:57:12,"646,060.23",card
PAY-007340,INV-007340,1767916790000,"NGN4,568.75",CASH
PAY-007341,INV-007341,2025-09-05 05:04:23,NGN 260798.81,card
PAY-007342,INV-007342,1751717247000,NGN 217450.65,cash
PAY-007343,INV-007343,2025-09-12 03:08:53,1470572.42,cash
PAY-007344,INV-007344,22/05/2025,NGN 449297.60,TRANSFER
PAY-007345,INV-007345,2024-12-13 11:19:47,NGN 691835.72,credit
PAY-007346,INV-007346,1735092527000,638993.94,CASH
PAY-007347,INV-007347,1784827756000,585542.85,CASH
PAY-007348,INV-007348,27/12/2024,"NGN486,448.94",transfer
PAY-007351,INV-007351,20/02/2026,NGN 44225.52,transfer
PAY-007352,INV-007352,2026-08-16 14:24:49,"10,215.51",credit
PAY-007354,INV-007354,10/03/2026,288525.66,insurance
PAY-007355,INV-007355,2024-09-27 01:38:31,1314946.65,insurance
PAY-007356,INV-007356,2025-01-09 00:16:05,"NGN115,408.75",card
PAY-007357,INV-007357,1760627441000,"19,156.50",CASH
PAY-007358,INV-007358,2025-11-05 13:14:46,6073.75,card
PAY-007360,INV-007360,04/12/2024,"87,014.18",credit
PAY-007361,INV-007361,2025-11-14 22:15:28,"NGN334,892.83",credit
PAY-007363,INV-007363,2024-10-22 03:03:45,"NGN7,175.62",cash
PAY-007364,INV-007364,1779835505000,"NGN565,808.65",card
PAY-007365,INV-007365,1769214876000,NGN 36452.37,TRANSFER
PAY-007366,INV-007366,2026-02-21 17:08:52,NGN 387906.67,CASH
PAY-007368,INV-007368,2024-12-09 15:29:34,NGN 517833.17,credit
PAY-007369,INV-007369,2024-11-06 01:14:45,"NGN298,667.25",CASH
PAY-007371,INV-007371,26/01/2026,"NGN656,798.12",insurance
PAY-007372,INV-007372,2025-07-28 00:54:14,NGN 35882.44,CASH
PAY-007374,INV-007374,2024-12-28 16:38:54,NGN 520178.06,cash
PAY-007375,INV-007375,13/09/2026,NGN 310296.13,credit
PAY-007376,INV-007376,2025-09-02 15:37:33,NGN 1090887.26,CASH
PAY-007377,INV-007377,1781470107000,NGN 586984.58,card
PAY-007378,INV-007378,1745432198000,"289,724.95",credit
PAY-007380,INV-007380,2025-07-11 14:22:51,67124.36,CASH
PAY-007381,INV-007381,1742245325000,NGN 341571.75,cash
PAY-007382,INV-007382,1775553522000,"NGN1,222,800.81",card
PAY-007384,INV-007384,19/08/2026,6087.98,credit
PAY-007385,INV-007385,1783486544000,"NGN37,312.40",cash
PAY-007386,INV-007386,2025-10-01 03:55:35,243469.00,CASH
PAY-007387,INV-007387,18/02/2026,676416.55,CASH
PAY-007388,INV-007388,1759274707000,22751.27,TRANSFER
PAY-007389,INV-007389,09/12/2024,NGN 721251.20,transfer
PAY-007390,INV-007390,2026-02-26 04:08:03,1207663.30,transfer
PAY-007392,INV-007392,1757711863000,599968.53,card
PAY-007393,INV-007393,2024-12-04 13:19:32,28824.74,insurance
PAY-007394,INV-007394,26/11/2024,569273.66,credit
PAY-007395,INV-007395,17/11/2025,"399,769.73",CASH
PAY-007396,INV-007396,1737101895000,NGN 602663.45,CASH
PAY-007397,INV-007397,29/11/2025,"NGN159,658.83",cash
PAY-007398,INV-007398,06/03/2025,NGN 427210.21,transfer
PAY-007399,INV-007399,2025-10-09 06:17:35,426252.50,CASH
PAY-007402,INV-007402,1778986053000,"216,085.53",CASH
PAY-007405,INV-007405,2025-03-02 10:03:41,"NGN1,085,354.58",CASH
PAY-007406,INV-007406,18/01/2026,"397,626.49",card
PAY-007408,INV-007408,1741489633000,"3,762.50",credit
PAY-007409,INV-007409,11/11/2025,120929.71,TRANSFER
PAY-007410,INV-007410,17/03/2025,"288,596.33",card
PAY-007411,INV-007411,29/06/2026,"1,449,126.05",card
PAY-007412,INV-007412,1772167580000,"NGN375,758.77",cash
PAY-007413,INV-007413,2025-06-15 06:21:15,105011.38,cash
PAY-007414,INV-007414,2025-09-16 11:30:40,"NGN24,189.14",card
PAY-007415,INV-007415,2024-12-02 05:25:47,"NGN473,214.02",credit
PAY-007416,INV-007416,19/09/2026,NGN 5900.43,card
PAY-007417,INV-007417,1754474237000,633829.55,insurance
PAY-007418,INV-007418,1751517314000,"70,724.25",TRANSFER
PAY-007419,INV-007419,14/10/2025,"770,004.36",insurance
PAY-007420,INV-007420,2024-11-24 21:22:47,NGN 183391.82,transfer
PAY-007421,INV-007421,2025-12-07 00:54:20,"1,617.88",transfer
PAY-007422,INV-007422,1747285591000,"1,545.25",cash
PAY-007423,INV-007423,1761839665000,"NGN291,521.25",credit
PAY-007424,INV-007424,1778616030000,"36,932.70",cash
PAY-007425,INV-007425,2026-06-23 09:31:00,82724.83,card
PAY-007426,INV-007426,2025-01-26 23:16:02,"137,170.00",card
PAY-007427,INV-007427,2025-11-19 22:23:56,531801.76,TRANSFER
PAY-007428,INV-007428,1751341094000,NGN 501161.34,insurance
PAY-007429,INV-007429,31/01/2025,951624.13,insurance
PAY-007431,INV-007431,24/02/2025,NGN 257619.53,credit
PAY-007432,INV-007432,2025-02-06 08:21:21,293365.04,TRANSFER
PAY-007433,INV-007433,1782090578000,595227.02,TRANSFER
PAY-007435,INV-007435,1772999280000,"21,123.75",transfer
PAY-007436,INV-007436,1764575255000,"NGN69,901.88",TRANSFER
PAY-007437,INV-007437,09/10/2025,596242.85,transfer
PAY-007438,INV-007438,1751367763000,"NGN419,196.99",cash
PAY-007439,INV-007439,14/03/2025,"361,898.97",cash
PAY-007440,INV-007440,1753537335000,"311,482.44",card
PAY-007441,INV-007441,1752164132000,"1,562,064.51",CASH
PAY-007443,INV-007443,1757007472000,288225.06,insurance
PAY-007445,INV-007445,2025-07-19 10:26:17,NGN 512112.74,transfer
PAY-007446,INV-007446,31/08/2025,"42,376.50",TRANSFER
PAY-007447,INV-007447,28/05/2025,"52,903.14",card
PAY-007448,INV-007448,2026-09-01 07:39:21,"74,831.71",TRANSFER
PAY-007451,INV-007451,06/09/2026,169654.86,TRANSFER
PAY-007452,INV-007452,22/12/2025,NGN 693675.60,insurance
PAY-007453,INV-007453,28/03/2025,285982.67,credit
PAY-007455,INV-007455,2025-08-21 14:01:51,314165.39,transfer
PAY-007456,INV-007456,02/05/2025,NGN 411621.31,TRANSFER
PAY-007458,INV-007458,2026-03-01 09:02:07,215020.27,transfer
PAY-007459,INV-007459,1741415643000,1101.88,CASH
PAY-007460,INV-007460,01/01/2026,"384,561.94",card
PAY-007463,INV-007463,1737326290000,"20,532.50",TRANSFER
PAY-007465,INV-007465,2025-07-08 19:37:12,"NGN25,773.12",insurance
PAY-007466,INV-007466,1758811695000,87127.27,transfer
PAY-007467,INV-007467,1744021817000,"NGN986,742.91",credit
PAY-007472,INV-007472,29/03/2025,"121,848.12",transfer
PAY-007473,INV-007473,1778536341000,1575725.98,cash
PAY-007474,INV-007474,2026-02-04 22:14:08,"NGN627,280.66",credit
PAY-007475,INV-007475,1739062399000,"NGN226,040.05",credit
PAY-007476,INV-007476,10/01/2025,NGN 75985.98,TRANSFER
PAY-007477,INV-007477,19/04/2025,440957.64,CASH
PAY-007479,INV-007479,21/07/2025,13948.12,CASH
PAY-007480,INV-007480,2025-02-10 10:36:47,1275562.32,cash
PAY-007481,INV-007481,10/07/2026,62064.28,CASH
PAY-007484,INV-007484,04/02/2026,NGN 241077.54,transfer
PAY-007485,INV-007485,2025-08-05 16:03:32,"NGN431,661.60",TRANSFER
PAY-007486,INV-007486,23/03/2026,63529.71,TRANSFER
PAY-007488,INV-007488,2025-09-24 15:09:45,NGN 54447.29,card
PAY-007489,INV-007489,2026-02-19 05:20:44,"NGN73,300.49",cash
PAY-007490,INV-007490,06/06/2025,"166,134.19",TRANSFER
PAY-007491,INV-007491,29/05/2025,NGN 217168.84,card
PAY-007492,INV-007492,2025-03-03 19:34:05,"NGN240,461.01",TRANSFER
PAY-007494,INV-007494,08/10/2025,"150,812.37",credit
PAY-007495,INV-007495,2024-12-20 17:23:29,"696,576.46",transfer
PAY-007496,INV-007496,1754319245000,NGN 7095.00,card
PAY-007497,INV-007497,2024-12-13 15:57:58,"397,076.89",insurance
PAY-007498,INV-007498,1757772966000,"50,411.40",TRANSFER
PAY-007500,INV-007500,20/12/2025,793057.73,insurance
PAY-007501,INV-007501,2025-06-22 19:20:35,"915,743.15",cash
PAY-007503,INV-007503,15/01/2026,"NGN686,315.57",credit
PAY-007504,INV-007504,07/09/2026,"NGN406,553.87",card
PAY-007505,INV-007505,1772709532000,75934.67,credit
PAY-007507,INV-007507,2025-10-28 06:32:57,NGN 200018.81,card
PAY-007508,INV-007508,2026-06-25 22:02:35,200966.60,TRANSFER
PAY-007509,INV-007509,2025-07-28 17:15:26,"6,557.50",insurance
PAY-007510,INV-007510,13/04/2025,"224,400.73",card
PAY-007511,INV-007511,31/08/2025,"NGN856,180.72",cash
PAY-007513,INV-007513,22/07/2026,"NGN98,468.00",transfer
PAY-007514,INV-007514,2026-02-19 05:36:57,"NGN2,596.12",CASH
PAY-007515,INV-007515,12/02/2025,NGN 563441.53,cash
PAY-007516,INV-007516,2025-01-10 17:57:21,309350.00,CASH
PAY-007517,INV-007517,2025-02-19 03:11:55,23967.81,TRANSFER
PAY-007518,INV-007518,14/10/2025,"140,082.97",credit
PAY-007519,INV-007519,20/04/2025,NGN 25101.25,insurance
PAY-007520,INV-007520,31/05/2025,"565,847.81",cash
PAY-007521,INV-007521,1730528972000,"NGN393,345.89",cash
PAY-007523,INV-007523,19/01/2026,1119960.61,transfer
PAY-007525,INV-007525,1756078878000,NGN 1321567.26,insurance
PAY-007526,INV-007526,26/02/2026,801838.25,CASH
PAY-007527,INV-007527,12/07/2025,"NGN710,902.00",insurance
PAY-007528,INV-007528,1752079331000,"NGN1,463,820.29",card
PAY-007529,INV-007529,09/11/2024,1184.03,credit
PAY-007530,INV-007530,1777214858000,"143,023.62",insurance
PAY-007531,INV-007531,24/04/2025,NGN 540692.20,cash
PAY-007532,INV-007532,2026-09-07 06:50:37,NGN 160666.81,credit
PAY-007534,INV-007534,26/10/2024,"NGN608,650.61",transfer
PAY-007535,INV-007535,2025-09-29 20:24:12,2119.48,TRANSFER
PAY-007537,INV-007537,2025-06-02 21:03:57,"NGN653,652.54",transfer
PAY-007539,INV-007539,1789276498000,"NGN807,169.26",card
PAY-007540,INV-007540,1748068394000,"NGN547,353.39",transfer
PAY-007541,INV-007541,23/09/2025,NGN 137194.49,transfer
PAY-007543,INV-007543,04/10/2025,NGN 650501.57,cash
PAY-007544,INV-007544,1785325853000,"NGN465,237.10",credit
PAY-007545,INV-007545,23/05/2025,NGN 107855.08,insurance
PAY-007546,INV-007546,2026-06-02 08:35:03,"669,681.14",CASH
PAY-007547,INV-007547,1744788144000,NGN 630354.00,card
PAY-007548,INV-007548,2025-08-22 09:54:01,"NGN1,230,472.37",cash
PAY-007549,INV-007549,01/12/2024,379681.23,cash
PAY-007550,INV-007550,27/09/2025,"1,132,557.20",insurance
PAY-007552,INV-007552,2024-11-20 22:45:56,"NGN759,579.55",TRANSFER
PAY-007554,INV-007554,2025-01-10 04:39:27,NGN 7310.00,TRANSFER
PAY-007555,INV-007555,1764475601000,NGN 8949.38,credit
PAY-007557,INV-007557,1787245562000,9578.25,TRANSFER
PAY-007558,INV-007558,21/07/2025,1350663.10,TRANSFER
PAY-007560,INV-007560,11/11/2024,715537.42,CASH
PAY-007561,INV-007561,2025-06-06 02:38:08,NGN 5536.25,TRANSFER
PAY-007562,INV-007562,12/10/2025,543788.00,credit
PAY-007564,INV-007564,26/07/2026,"NGN346,500.90",cash
PAY-007565,INV-007565,2025-10-20 04:54:50,"386,631.08",CASH
PAY-007566,INV-007566,13/12/2025,"NGN2,150.00",cash
PAY-007567,INV-007567,2026-01-08 19:55:07,181235.45,card
PAY-007571,INV-007571,2026-09-07 16:56:33,"8,868.75",transfer
PAY-007572,INV-007572,29/06/2026,"NGN933,880.66",insurance
PAY-007573,INV-007573,13/08/2026,"NGN9,352.50",credit
PAY-007574,INV-007574,20/01/2026,114370.21,TRANSFER
PAY-007575,INV-007575,2026-02-06 06:01:05,NGN 292010.94,transfer
PAY-007576,INV-007576,15/02/2025,NGN 341231.69,card
PAY-007577,INV-007577,30/03/2026,"13,168.75",CASH
PAY-007578,INV-007578,03/01/2025,1388231.45,card
PAY-007580,INV-007580,2025-11-01 05:52:30,"299,908.37",insurance
PAY-007581,INV-007581,24/09/2025,"498,635.92",card
PAY-007583,INV-007583,09/07/2026,177176.46,cash
PAY-007585,INV-007585,1740998692000,NGN 873758.82,insurance
PAY-007587,INV-007587,2025-02-10 04:13:08,"613,449.61",TRANSFER
PAY-007588,INV-007588,1769681057000,"196,480.05",card
PAY-007589,INV-007589,2025-01-12 01:13:17,"40,484.50",cash
PAY-007591,INV-007591,2026-06-28 01:36:43,501508.78,card
PAY-007594,INV-007594,2025-02-11 03:07:19,"NGN342,324.92",insurance
PAY-007597,INV-007597,2025-11-12 09:56:55,"30,960.00",TRANSFER
PAY-007599,INV-007599,2025-07-13 14:22:00,"NGN39,827.92",CASH
PAY-007600,INV-007600,25/04/2025,14598.50,insurance
PAY-007601,INV-007601,1770996253000,NGN 11878.75,card
PAY-007602,INV-007602,1784735329000,"1,152,646.41",credit
PAY-007604,INV-007604,2025-04-14 12:18:30,"131,189.65",transfer
PAY-007606,INV-007606,19/11/2025,1561396.32,credit
PAY-007607,INV-007607,2025-10-18 08:59:40,NGN 14125.50,CASH
PAY-007608,INV-007608,25/01/2025,"1,404,287.05",TRANSFER
PAY-007610,INV-007610,1774682163000,100556.47,card
PAY-007611,INV-007611,14/06/2026,"801,774.18",cash
PAY-007612,INV-007612,23/12/2025,"70,417.48",insurance
PAY-007614,INV-007614,2026-03-08 00:18:11,NGN 486392.07,cash
PAY-007615,INV-007615,2025-07-18 21:10:07,"NGN514,088.19",TRANSFER
PAY-007617,INV-007617,1744173421000,"NGN199,797.94",cash
PAY-007618,INV-007618,1746349053000,"45,526.25",CASH
PAY-007619,INV-007619,2026-01-24 00:37:29,NGN 590456.54,CASH
PAY-007622,INV-007622,02/04/2026,1165852.91,CASH
PAY-007623,INV-007623,2025-04-29 00:13:13,647862.42,transfer
PAY-007624,INV-007624,1748850256000,"311,253.07",cash
PAY-007625,INV-007625,2026-07-25 21:04:53,74212.52,CASH
PAY-007627,INV-007627,1785128833000,NGN 67210.61,credit
PAY-007629,INV-007629,20/05/2025,"44,083.55",insurance
PAY-007630,INV-007630,2024-10-24 13:33:18,"298,259.68",CASH
PAY-007631,INV-007631,2024-12-24 01:43:23,"NGN358,411.52",cash
PAY-007632,INV-007632,1771455091000,NGN 325290.03,transfer
PAY-007633,INV-007633,25/04/2025,"NGN209,366.17",card
PAY-007634,INV-007634,2026-06-04 21:51:29,"304,848.30",TRANSFER
PAY-007636,INV-007636,2024-11-25 05:03:35,"NGN493,000.82",CASH
PAY-007637,INV-007637,1743050406000,"NGN821,228.39",CASH
PAY-007638,INV-007638,2025-08-20 00:26:22,NGN 146469.50,TRANSFER
PAY-007641,INV-007641,28/09/2025,"322,828.70",cash
PAY-007642,INV-007642,04/12/2024,NGN 631355.23,CASH
PAY-007643,INV-007643,2025-11-13 18:35:19,"NGN197,493.99",transfer
PAY-007644,INV-007644,1782652408000,1300028.44,credit
PAY-007645,INV-007645,1758677185000,5160.00,transfer
PAY-007646,INV-007646,1783325868000,NGN 191996.21,transfer
PAY-007647,INV-007647,1749782509000,8976.25,insurance
PAY-007648,INV-007648,2026-08-11 15:16:51,NGN 246072.45,card
PAY-007649,INV-007649,06/03/2026,NGN 148377.86,cash
PAY-007650,INV-007650,2026-06-02 07:23:11,"251,351.71",transfer
PAY-007651,INV-007651,24/10/2025,1602549.16,transfer
PAY-007652,INV-007652,1740807644000,"325,183.06",cash
PAY-007653,INV-007653,10/04/2025,"795,642.59",cash
PAY-007654,INV-007654,1766816739000,NGN 222489.88,TRANSFER
PAY-007655,INV-007655,1791856278000,NGN 194827.30,CASH
PAY-007656,INV-007656,1727032937000,NGN 108984.55,credit
PAY-007657,INV-007657,2025-01-29 21:51:04,"1,358,837.13",insurance
PAY-007658,INV-007658,19/12/2024,NGN 437690.82,CASH
PAY-007659,INV-007659,2025-03-08 17:56:32,NGN 390678.88,card
PAY-007661,INV-007661,2025-03-30 01:50:45,NGN 612846.09,insurance
PAY-007663,INV-007663,2026-06-12 11:07:43,446668.90,credit
PAY-007664,INV-007664,27/06/2025,NGN 2334.92,card
PAY-007666,INV-007666,2025-11-23 05:16:36,NGN 26187.90,insurance
PAY-007667,INV-007667,1739728921000,"934,597.38",card
PAY-007668,INV-007668,2026-02-06 14:26:07,34016.28,CASH
PAY-007669,INV-007669,1740220179000,"359,485.57",credit
PAY-007670,INV-007670,2025-06-26 04:57:08,"NGN60,585.68",card
PAY-007672,INV-007672,2025-06-20 22:20:32,"581,846.93",cash
PAY-007673,INV-007673,2026-08-14 06:07:08,NGN 328909.28,insurance
PAY-007674,INV-007674,1741120819000,203069.91,TRANSFER
PAY-007675,INV-007675,1766573695000,"NGN2,606.88",TRANSFER
PAY-007676,INV-007676,1782277859000,"269,527.17",insurance
PAY-007677,INV-007677,2025-06-24 23:43:06,"NGN4,816.00",card
PAY-007678,INV-007678,28/03/2026,NGN 178155.28,transfer
PAY-007680,INV-007680,03/03/2025,"NGN188,637.82",credit
PAY-007681,INV-007681,1778306638000,"820,531.78",card
PAY-007682,INV-007682,2025-09-09 14:35:45,"NGN1,020,268.07",CASH
PAY-007683,INV-007683,2025-08-17 05:39:49,"NGN214,617.55",CASH
PAY-007684,INV-007684,1733825331000,"11,626.12",card
PAY-007685,INV-007685,06/07/2026,"NGN878,333.02",cash
PAY-007687,INV-007687,2025-07-01 14:12:39,335969.99,credit
PAY-007688,INV-007688,2025-12-05 07:38:21,397340.09,insurance
PAY-007689,INV-007689,17/04/2026,"201,166.94",cash
PAY-007691,INV-007691,1783778588000,NGN 1372169.92,TRANSFER
PAY-007692,INV-007692,02/07/2026,"364,419.96",transfer
PAY-007694,INV-007694,18/01/2026,"NGN91,200.44",transfer
PAY-007695,INV-007695,14/09/2025,NGN 291797.95,card
PAY-007697,INV-007697,2025-11-21 00:38:19,NGN 14136.70,cash
PAY-007698,INV-007698,2025-05-01 03:58:34,"472,049.01",credit
PAY-007699,INV-007699,1756264080000,909285.16,card
PAY-007700,INV-007700,08/01/2025,"NGN8,976.25",CASH
PAY-007701,INV-007701,1742381397000,"118,874.94",credit
PAY-007702,INV-007702,2026-05-21 12:13:11,"NGN4,985.54",insurance
PAY-007703,INV-007703,1751928467000,747297.28,insurance
PAY-007704,INV-007704,1763715835000,1268009.07,card
PAY-007708,INV-007708,1776793276000,"1,034,162.68",TRANSFER
PAY-007709,INV-007709,2025-10-24 22:18:58,"NGN78,379.46",card
PAY-007710,INV-007710,20/12/2024,NGN 9809.38,cash
PAY-007711,INV-007711,2025-01-11 13:51:26,"300,108.82",CASH
PAY-007712,INV-007712,08/07/2025,NGN 37220.17,TRANSFER
PAY-007713,INV-007713,2026-06-26 18:36:36,6261.88,CASH
PAY-007715,INV-007715,1764828311000,NGN 508310.86,transfer
PAY-007716,INV-007716,2026-01-23 14:00:01,NGN 769894.77,transfer
PAY-007717,INV-007717,1731774306000,510152.07,insurance
PAY-007718,INV-007718,16/08/2026,1514836.71,credit
PAY-007719,INV-007719,1763070977000,"NGN661,196.50",insurance
PAY-007720,INV-007720,2025-08-25 12:42:52,"109,820.56",card
PAY-007721,INV-007721,2024-10-06 16:25:34,853217.36,card
PAY-007723,INV-007723,31/08/2025,112898.15,CASH
PAY-007725,INV-007725,01/02/2025,"381,119.61",cash
PAY-007726,INV-007726,2025-05-10 21:05:46,"94,228.81",CASH
PAY-007727,INV-007727,1788910696000,"2,203.75",transfer
PAY-007728,INV-007728,1735214871000,227336.90,card
PAY-007729,INV-007729,2025-01-13 08:04:32,"427,118.82",card
PAY-007730,INV-007730,1739223523000,"4,289.25",transfer
PAY-007731,INV-007731,1746519835000,"NGN1,751.89",transfer
PAY-007732,INV-007732,1762359543000,"843,334.11",cash
PAY-007733,INV-007733,2026-02-18 03:48:22,"1,282,727.66",insurance
PAY-007734,INV-007734,1759441454000,NGN 182812.53,card
PAY-007735,INV-007735,2025-10-01 04:35:17,11018.38,insurance
PAY-007736,INV-007736,05/04/2025,"NGN11,927.12",CASH
PAY-007737,INV-007737,1786141903000,NGN 171834.17,transfer
PAY-007739,INV-007739,15/04/2025,"NGN572,168.79",transfer
PAY-007740,INV-007740,2024-10-19 21:00:40,"814,075.33",transfer
PAY-007741,INV-007741,01/04/2026,"NGN242,720.08",card
PAY-007744,INV-007744,29/03/2026,NGN 259842.46,credit
PAY-007745,INV-007745,1732486296000,NGN 1166325.14,CASH
PAY-007746,INV-007746,19/04/2025,1655.50,card
PAY-007747,INV-007747,2025-07-28 19:27:49,NGN 12930.53,transfer
PAY-007748,INV-007748,1741568200000,NGN 382857.19,CASH
PAY-007749,INV-007749,09/12/2025,NGN 593946.97,card
PAY-007751,INV-007751,1733552457000,"574,413.66",credit
PAY-007752,INV-007752,16/11/2025,"621,448.93",card
PAY-007755,INV-007755,08/07/2026,NGN 1299470.89,transfer
PAY-007756,INV-007756,15/05/2026,863494.95,card
PAY-007757,INV-007757,1756628035000,"NGN850,201.39",CASH
PAY-007758,INV-007758,2025-08-02 03:57:30,NGN 252627.36,credit
PAY-007759,INV-007759,2024-12-31 14:39:45,"NGN169,592.79",CASH
PAY-007761,INV-007761,1772257288000,"855,142.76",cash
PAY-007762,INV-007762,1726292438000,"NGN18,285.75",insurance
PAY-007763,INV-007763,2026-03-01 16:45:55,"NGN799,272.51",insurance
PAY-007764,INV-007764,1767811938000,"NGN236,546.07",insurance
PAY-007765,INV-007765,03/01/2025,"NGN185,284.32",insurance
PAY-007766,INV-007766,2026-05-05 20:14:11,"5,966.25",TRANSFER
PAY-007767,INV-007767,1779313960000,329804.25,card
PAY-007769,INV-007769,1783039795000,357734.52,TRANSFER
PAY-007770,INV-007770,2025-09-26 01:17:23,660737.21,TRANSFER
PAY-007772,INV-007772,1789348261000,"NGN412,153.22",TRANSFER
PAY-007773,INV-007773,10/07/2025,"294,834.11",cash
PAY-007775,INV-007775,1771425546000,NGN 387916.70,insurance
PAY-007776,INV-007776,2026-08-08 10:05:31,"6,450.00",card
PAY-007777,INV-007777,1766312376000,NGN 962559.18,TRANSFER
PAY-007778,INV-007778,2026-09-02 07:12:15,NGN 343800.37,transfer
PAY-007779,INV-007779,23/04/2026,74375.92,CASH
PAY-007780,INV-007780,2025-07-01 12:24:49,"91,090.12",card
PAY-007781,INV-007781,2025-05-13 18:34:10,"775,786.35",TRANSFER
PAY-007782,INV-007782,17/12/2024,637197.20,cash
PAY-007783,INV-007783,1742463699000,"16,035.97",cash
PAY-007785,INV-007785,2026-04-27 22:16:52,333256.36,credit
PAY-007786,INV-007786,06/10/2025,"NGN783,628.28",TRANSFER
PAY-007790,INV-007790,2025-08-12 09:25:57,"NGN145,469.62",insurance
PAY-007791,INV-007791,29/07/2026,753119.45,CASH
PAY-007792,INV-007792,2026-05-13 10:45:55,"224,107.66",card
PAY-007793,INV-007793,1767229088000,236661.34,card
PAY-007794,INV-007794,1759910144000,"NGN380,794.80",credit
PAY-007796,INV-007796,2025-03-01 21:36:38,"NGN25,217.50",insurance
PAY-007799,INV-007799,07/11/2024,NGN 391165.70,credit
PAY-007801,INV-007801,29/03/2026,"440,009.81",insurance
PAY-007802,INV-007802,1746079580000,"303,965.95",insurance
PAY-007803,INV-007803,08/02/2026,949698.74,transfer
PAY-007804,INV-007804,1791127872000,"NGN1,118,773.01",CASH
PAY-007806,INV-007806,12/02/2026,NGN 71817.02,insurance
PAY-007807,INV-007807,2026-07-09 10:50:17,NGN 585222.98,insurance
PAY-007808,INV-007808,1769002465000,NGN 1344089.35,TRANSFER
PAY-007809,INV-007809,1770898249000,"246,959.65",card
PAY-007810,INV-007810,2025-03-29 00:04:23,1434601.22,insurance
PAY-007811,INV-007811,1736307623000,NGN 103357.90,TRANSFER
PAY-007812,INV-007812,05/12/2024,"NGN490,869.88",insurance
PAY-007813,INV-007813,2025-11-04 07:19:16,NGN 94285.19,CASH
PAY-007814,INV-007814,2025-09-28 22:08:24,NGN 10158.75,insurance
PAY-007815,INV-007815,2025-10-29 02:24:24,"3,870.00",transfer
PAY-007817,INV-007817,2025-03-24 07:31:08,"NGN4,439.75",credit
PAY-007818,INV-007818,19/05/2026,"16,157.25",TRANSFER
PAY-007820,INV-007820,1787916323000,"NGN555,792.71",cash
PAY-007821,INV-007821,2025-07-20 19:39:01,NGN 106409.82,transfer
PAY-007822,INV-007822,2024-12-09 13:38:07,769061.92,credit
PAY-007823,INV-007823,11/03/2026,"NGN705,328.64",card
PAY-007827,INV-007827,2025-10-29 05:07:08,"1,655.50",credit
PAY-007828,INV-007828,2026-04-17 05:27:41,154757.10,cash
PAY-007829,INV-007829,1747788417000,4783.75,insurance
PAY-007830,INV-007830,09/06/2025,"NGN270,337.67",TRANSFER
PAY-007832,INV-007832,1774075604000,"1,142,218.12",TRANSFER
PAY-007833,INV-007833,2025-05-06 15:55:29,"NGN193,877.83",TRANSFER
PAY-007834,INV-007834,2025-01-13 17:00:24,NGN 6321.00,cash
PAY-007835,INV-007835,2025-10-10 18:45:45,"1,430.44",CASH
PAY-007836,INV-007836,29/05/2026,NGN 514170.71,cash
PAY-007837,INV-007837,2024-11-12 18:52:43,NGN 4058.12,TRANSFER
PAY-007838,INV-007838,14/12/2024,NGN 113750.90,cash
PAY-007840,INV-007840,05/03/2025,66880.51,transfer
PAY-007842,INV-007842,02/12/2024,NGN 30282.75,insurance
PAY-007843,INV-007843,1753820180000,1221097.91,CASH
PAY-007844,INV-007844,2026-04-12 22:17:23,"1,234,387.55",CASH
PAY-007846,INV-007846,26/01/2025,NGN 20994.75,TRANSFER
PAY-007849,INV-007849,25/10/2025,NGN 21123.75,transfer
PAY-007851,INV-007851,2025-10-21 15:39:45,"NGN30,771.18",insurance
PAY-007852,INV-007852,30/12/2025,300887.90,CASH
PAY-007854,INV-007854,1738231039000,8868.75,card
PAY-007855,INV-007855,2024-12-16 12:47:12,NGN 205973.22,cash
PAY-007856,INV-007856,2025-11-11 15:30:41,"710,823.82",credit
PAY-007857,INV-007857,21/08/2025,"NGN763,569.88",transfer
PAY-007858,INV-007858,2026-05-17 11:57:28,NGN 295199.68,TRANSFER
PAY-007859,INV-007859,07/07/2026,"NGN445,542.47",credit
PAY-007860,INV-007860,1740935173000,NGN 1167528.24,TRANSFER
PAY-007861,INV-007861,2026-06-26 07:11:14,NGN 1119462.41,TRANSFER
PAY-007862,INV-007862,1749459791000,"515,736.11",credit
PAY-007863,INV-007863,1769281570000,"NGN153,048.78",cash
PAY-007864,INV-007864,06/12/2025,NGN 1058299.62,card
PAY-007865,INV-007865,2025-08-31 06:51:23,NGN 559323.51,card
PAY-007866,INV-007866,2025-12-16 22:59:42,"NGN671,269.71",credit
PAY-007868,INV-007868,02/10/2025,"224,530.70",cash
PAY-007870,INV-007870,1731262463000,519083.37,card
PAY-007872,INV-007872,08/12/2025,311228.81,insurance
PAY-007873,INV-007873,02/03/2025,NGN 673861.99,credit
PAY-007874,INV-007874,2025-09-01 04:46:38,157598.69,CASH
PAY-007876,INV-007876,1757146782000,2332.75,TRANSFER
PAY-007877,INV-007877,14/06/2026,NGN 1956.50,credit
PAY-007878,INV-007878,1753911669000,146556.57,credit
PAY-007879,INV-007879,2026-05-02 04:18:08,NGN 415948.61,CASH
PAY-007880,INV-007880,11/10/2025,NGN701.71,TRANSFER
PAY-007881,INV-007881,1781932046000,"NGN587,892.10",insurance
PAY-007882,INV-007882,1749057743000,"NGN82,153.71",insurance
PAY-007883,INV-007883,2025-10-30 02:56:37,"NGN179,567.69",TRANSFER
PAY-007885,INV-007885,04/12/2025,"182,674.01",cash
PAY-007886,INV-007886,21/03/2026,"32,895.00",CASH
PAY-007887,INV-007887,2026-08-25 21:15:58,"NGN723,033.72",credit
PAY-007888,INV-007888,1767274691000,NGN 70905.31,TRANSFER
PAY-007889,INV-007889,1786078782000,25706.94,transfer
PAY-007890,INV-007890,06/05/2026,"45,248.10",card
PAY-007891,INV-007891,1775388731000,"NGN1,003,683.36",cash
PAY-007892,INV-007892,1781341432000,"865,393.38",card
PAY-007893,INV-007893,10/08/2025,615547.22,TRANSFER
PAY-007894,INV-007894,1745496051000,"NGN340,879.80",cash
PAY-007896,INV-007896,1785080466000,"NGN4,898.83",CASH
PAY-007897,INV-007897,21/05/2025,537577.29,cash
PAY-007899,INV-007899,18/02/2026,"NGN105,425.92",TRANSFER
PAY-007900,INV-007900,07/11/2024,"511,540.29",insurance
PAY-007901,INV-007901,2024-11-22 12:49:05,NGN 722862.30,TRANSFER
PAY-007902,INV-007902,13/02/2025,95492.07,credit
PAY-007903,INV-007903,2026-05-12 02:15:46,NGN 88808.17,TRANSFER
PAY-007904,INV-007904,1740714614000,536903.75,cash
PAY-007905,INV-007905,1779881943000,NGN 17728.98,TRANSFER
PAY-007906,INV-007906,08/07/2025,"NGN134,006.11",insurance
PAY-007907,INV-007907,1760824065000,"111,428.98",CASH
PAY-007908,INV-007908,1780086602000,NGN 1119240.95,card
PAY-007909,INV-007909,09/05/2025,"NGN96,380.40",card
PAY-007911,INV-007911,24/03/2025,"317,197.79",CASH
PAY-007912,INV-007912,1790535645000,"NGN1,047,108.41",insurance
PAY-007914,INV-007914,21/10/2025,NGN 561367.61,TRANSFER
PAY-007915,INV-007915,06/03/2025,42182.03,credit
PAY-007916,INV-007916,2025-09-06 20:39:01,"NGN105,264.35",credit
PAY-007918,INV-007918,1750856617000,990542.24,CASH
PAY-007919,INV-007919,12/09/2026,"NGN272,566.90",transfer
PAY-007921,INV-007921,16/11/2025,"378,119.66",cash
PAY-007922,INV-007922,05/08/2025,183191.40,transfer
PAY-007923,INV-007923,2025-04-19 07:12:57,NGN 332170.33,credit
PAY-007924,INV-007924,1739394551000,"NGN598,315.53",credit
PAY-007925,INV-007925,14/02/2026,NGN 980425.53,TRANSFER
PAY-007926,INV-007926,23/07/2025,"1,984,200.17",credit
PAY-007927,INV-007927,26/03/2025,"1,137,100.71",transfer
PAY-007929,INV-007929,2025-05-16 20:32:13,"236,491.67",cash
PAY-007930,INV-007930,21/09/2025,NGN 3144.38,card
PAY-007931,INV-007931,2026-02-03 20:48:47,52136.02,card
PAY-007932,INV-007932,1771788865000,"NGN18,489.31",credit
PAY-007933,INV-007933,1774057022000,"NGN1,510,119.35",CASH
PAY-007935,INV-007935,31/05/2026,1962277.79,credit
PAY-007938,INV-007938,1767641919000,308022.43,TRANSFER
PAY-007939,INV-007939,2026-06-12 23:05:56,NGN 827504.25,CASH
PAY-007941,INV-007941,07/02/2026,NGN 130604.29,credit
PAY-007942,INV-007942,2025-05-06 11:16:12,"277,929.03",insurance
PAY-007943,INV-007943,2026-02-15 01:51:26,"1,031,280.79",transfer
PAY-007946,INV-007946,1747164224000,1245968.15,credit
PAY-007947,INV-007947,25/06/2026,"NGN699,394.78",card
PAY-007948,INV-007948,25/11/2024,"NGN543,764.30",card
PAY-007949,INV-007949,2024-11-08 21:17:40,"478,092.62",CASH
PAY-007951,INV-007951,1738282782000,2445.62,transfer
PAY-007952,INV-007952,1756261519000,NGN 540718.05,insurance
PAY-007953,INV-007953,1743984269000,"12,905.38",insurance
PAY-007954,INV-007954,21/12/2025,"7,643.25",transfer
PAY-007955,INV-007955,30/09/2025,1050991.63,cash
PAY-007957,INV-007957,1782925505000,22655.62,credit
PAY-007958,INV-007958,1769960603000,"612,386.14",card
PAY-007959,INV-007959,11/02/2025,986911.46,insurance
PAY-007960,INV-007960,1785479190000,NGN 4703.12,cash
PAY-007961,INV-007961,1733915371000,"391,893.95",insurance
PAY-007962,INV-007962,1729579071000,"206,465.46",card
PAY-007963,INV-007963,21/08/2025,NGN 1147992.66,cash
PAY-007965,INV-007965,06/01/2026,NGN 1158764.22,CASH
PAY-007966,INV-007966,1746615153000,NGN 312392.75,cash
PAY-007967,INV-007967,25/01/2026,NGN 242587.27,CASH
PAY-007969,INV-007969,10/03/2026,"NGN366,624.50",credit
PAY-007970,INV-007970,1759595070000,"NGN71,844.53",transfer
PAY-007972,INV-007972,2025-07-11 06:49:44,"NGN855,121.54",cash
PAY-007974,INV-007974,1762617415000,"738,435.60",insurance
PAY-007975,INV-007975,2025-03-16 02:02:10,146359.79,cash
PAY-007976,INV-007976,2025-10-24 18:25:23,"862,864.26",transfer
PAY-007977,INV-007977,26/07/2026,"231,914.47",cash
PAY-007980,INV-007980,2025-01-17 13:53:15,8465.62,CASH
PAY-007981,INV-007981,1769366563000,189563.53,CASH
PAY-007982,INV-007982,15/06/2026,"NGN317,409.85",credit
PAY-007983,INV-007983,01/03/2026,393372.89,TRANSFER
PAY-007984,INV-007984,01/08/2025,22919.84,transfer
PAY-007985,INV-007985,27/04/2025,"6,052.55",transfer
PAY-007986,INV-007986,2025-09-29 21:06:01,NGN 673422.96,TRANSFER
PAY-007987,INV-007987,1787439336000,NGN 189003.58,cash
PAY-007988,INV-007988,1740079029000,"NGN1,153,565.81",transfer
PAY-007990,INV-007990,1764956879000,"42,140.00",insurance
PAY-007991,INV-007991,05/06/2026,"NGN118,193.00",transfer
PAY-007994,INV-007994,17/09/2026,892737.68,card
PAY-007997,INV-007997,1745181524000,7498.12,credit
PAY-007998,INV-007998,1750373414000,NGN 133890.16,TRANSFER
PAY-007999,INV-007999,1770171991000,NGN 80169.42,credit
PAY-008000,INV-008000,2025-12-23 16:34:57,798647.73,CASH
PAY-008001,INV-008001,1739614567000,1092076.33,TRANSFER
PAY-008002,INV-008002,1736226863000,"NGN518,452.69",credit
PAY-008003,INV-008003,2025-06-06 20:41:03,"148,517.28",cash
PAY-008005,INV-008005,2026-01-05 00:34:20,"NGN888,677.07",transfer
PAY-008007,INV-008007,1775057306000,"289,425.07",TRANSFER
PAY-008008,INV-008008,1785630242000,609893.70,TRANSFER
PAY-008009,INV-008009,28/03/2025,"NGN69,429.18",CASH
PAY-008010,INV-008010,1757809208000,"NGN82,779.43",CASH
PAY-008011,INV-008011,28/10/2025,"NGN121,614.88",credit
PAY-008012,INV-008012,1765639158000,NGN 1575379.79,card
PAY-008014,INV-008014,2026-03-22 19:41:24,"NGN404,574.40",card
PAY-008015,INV-008015,2025-04-20 10:15:27,458105.72,TRANSFER
PAY-008016,INV-008016,1739224924000,"NGN194,923.96",TRANSFER
PAY-008017,INV-008017,1743219085000,"144,802.50",cash
PAY-008018,INV-008018,1755267956000,"NGN689,838.98",TRANSFER
PAY-008020,INV-008020,2026-06-24 14:55:32,"225,532.48",card
PAY-008021,INV-008021,1757749876000,"NGN56,598.75",credit
PAY-008022,INV-008022,2024-12-05 18:54:16,NGN 116697.92,card
PAY-008024,INV-008024,1753763099000,NGN 1056400.49,CASH
PAY-008025,INV-008025,15/05/2026,719584.39,cash
PAY-008026,INV-008026,1758221127000,"NGN152,163.95",TRANSFER
PAY-008027,INV-008027,2026-04-07 06:48:44,"NGN1,064,499.29",cash
PAY-008028,INV-008028,1758576330000,6665.00,TRANSFER
PAY-008029,INV-008029,1775462020000,NGN 317014.49,TRANSFER
PAY-008030,INV-008030,2025-10-26 22:13:06,"343,311.44",credit
PAY-008031,INV-008031,1770798894000,855225.29,card
PAY-008032,INV-008032,1760566423000,"NGN623,098.18",transfer
PAY-008033,INV-008033,01/12/2024,187929.39,card
PAY-008034,INV-008034,1756373594000,NGN 5581.43,insurance
PAY-008035,INV-008035,1762112090000,"NGN365,732.55",CASH
PAY-008036,INV-008036,1766445811000,NGN 82624.50,CASH
PAY-008038,INV-008038,1735242765000,NGN 281895.27,card
PAY-008040,INV-008040,26/08/2025,131027.08,CASH
PAY-008042,INV-008042,21/01/2025,191200.88,insurance
PAY-008043,INV-008043,1770335322000,NGN 362085.03,credit
PAY-008044,INV-008044,18/09/2025,"7,417.50",TRANSFER
PAY-008045,INV-008045,2025-08-17 17:57:38,"NGN748,711.82",transfer
PAY-008046,INV-008046,13/07/2025,NGN 1078770.54,TRANSFER
PAY-008047,INV-008047,25/07/2026,NGN 3351.61,insurance
PAY-008048,INV-008048,07/05/2025,NGN 4171.14,CASH
PAY-008049,INV-008049,2025-04-30 06:05:51,741613.44,card
PAY-008050,INV-008050,03/04/2025,NGN 95552.30,TRANSFER
PAY-008051,INV-008051,19/06/2026,"NGN284,683.92",CASH
PAY-008052,INV-008052,06/05/2026,"538,479.51",insurance
PAY-008053,INV-008053,23/01/2025,68984.71,CASH
PAY-008055,INV-008055,10/12/2025,"NGN1,268,662.65",transfer
PAY-008056,INV-008056,1731730687000,"NGN26,219.25",cash
