invoice_number,wo_number,customer_id,invoice_date,subtotal_ngn,vat_ngn,total_ngn,currency,payment_status
INV-000001,WO-000001,CUST00658,28/10/2025,NGN 427654.70,32074.10,NGN 459728.80,NGN,paid
INV-000002,WO-000002,CUST00983,10/07/2025,"NGN6,975.00",NGN523.12,NGN 7498.12,NGN,PAID
INV-000003,WO-000003,CUST01060,2026-04-23 00:35:29,NGN 148430.03,"11,132.25","159,562.28",ngn,paid
INV-000004,WO-000004,CUST00511,1742006340000,999130.52,NGN 74934.79,NGN 1074065.31,NGN,paid
INV-000005,WO-000005,CUST00109,2025-02-26 21:35:42,54422.65,"NGN4,081.70",NGN 58504.35,NGN,unpaid
INV-000006,WO-000006,CUST00422,2026-07-01 00:12:57,NGN 360422.79,27031.71,NGN 387454.50,NGN,paid
INV-000007,WO-000007,CUST00595,06/07/2025,"NGN331,051.89",NGN 24828.89,"NGN355,880.78",NGN,paid
INV-000008,WO-000008,CUST00158,1781898646000,"626,939.31","47,020.45",NGN 673959.76,NGN,paid
INV-000009,WO-000009,CUST00154,2025-03-13 20:51:29,"NGN1,008,308.31","NGN75,623.12","NGN1,083,931.43",NGN,PAID
INV-000010,WO-000010,CUST00791,20/01/2025,303532.17,"NGN22,764.91",NGN 326297.08,NGN,written_off
INV-000011,WO-000011,CUST00428,1765713808000,9900.00,742.50,"NGN10,642.50",NGN,partial
INV-000012,WO-000012,CUST01962,1731649590000,"NGN147,050.00",NGN 11028.75,"NGN158,078.75",ngn,paid
INV-000013,WO-000013,CUST00417,2025-03-13 14:10:01,"152,878.05","11,465.85",164343.90,NGN,PAID
INV-000014,WO-000015,CUST01179,2026-07-02 23:28:48,71475.00,"NGN5,360.62",76835.62,NGN,PAID
INV-000015,WO-000016,CUST00113,2024-12-19 18:25:13,"NGN13,685.00","NGN1,026.38",NGN 14711.38,NGN,paid
INV-000016,WO-000017,CUST00673,1740769008000,"NGN199,263.77","14,944.78",214208.55,ngn,paid
INV-000017,WO-000018,CUST00218,2026-01-09 20:26:29,"545,591.00","40,919.33",586510.33,NGN,unpaid
INV-000018,WO-000019,CUST01074,2025-06-06 17:21:14,NGN 40863.06,3064.73,"43,927.79",NGN,partial
INV-000019,WO-000020,CUST00834,28/01/2025,758181.75,"56,863.63","815,045.38",NGN,paid
INV-000020,WO-000021,CUST00315,1767552156000,286808.01,"NGN21,510.60",308318.61,NGN,paid
INV-000021,WO-000022,CUST00743,1756617027000,"79,500.00","5,962.50",85462.50,NGN,paid
INV-000022,WO-000023,CUST01649,30/10/2024,"13,950.00","1,046.25","NGN14,996.25",NGN,paid
INV-000023,WO-000024,CUST00265,1747914225000,NGN 818746.36,"61,405.98",NGN 880152.34,NGN,UNPAID
INV-000024,WO-000025,CUST00850,1775703944000,9630.00,NGN 722.25,10352.25,ngn,PAID
INV-000025,WO-000026,CUST01086,12/03/2026,NGN 962163.13,NGN 72162.24,"NGN1,034,325.37",NGN,partial
INV-000026,WO-000027,CUST00516,17/12/2024,NGN 14700.00,"NGN1,102.50","15,802.50",ngn,paid
INV-000027,WO-000028,CUST00183,1748352670000,160363.41,"NGN12,027.26","172,390.67",NGN,paid
INV-000028,WO-000029,CUST00100,09/12/2024,"NGN6,700.00",502.50,7202.50,NGN,paid
INV-000029,WO-000031,CUST01181,2026-08-24 18:25:59,"NGN289,013.88",21676.04,"310,689.92",NGN,paid
INV-000030,WO-000032,CUST00458,2025-07-15 05:01:36,"NGN380,429.87",28532.24,408962.11,NGN,unpaid
INV-000031,WO-000033,CUST00078,1760953707000,"719,839.53","NGN53,987.96","773,827.49",NGN,PAID
INV-000032,WO-000034,CUST01006,2026-06-05 08:45:22,1950.00,146.25,NGN 2096.25,NGN,paid
INV-000033,WO-000035,CUST00746,1783399575000,"91,970.23","NGN6,897.77","98,868.00",NGN,PAID
INV-000034,WO-000036,CUST00217,18/04/2026,NGN 987269.25,74045.19,"NGN1,061,314.44",NGN,PAID
INV-000035,WO-000037,CUST00230,2025-12-27 09:53:37,"436,497.66",32737.32,"469,234.98",ngn,paid
INV-000036,WO-000038,CUST00512,1736418519000,"NGN230,951.22","17,321.34","NGN248,272.56",NGN,UNPAID
INV-000037,WO-000039,CUST00015,2025-09-10 04:07:49,411234.18,"NGN30,842.56","NGN442,076.74",NGN,paid
INV-000038,WO-000040,CUST00863,2024-12-20 02:03:24,909686.78,NGN 68226.51,977913.29,ngn,paid
INV-000039,WO-000042,CUST00746,1756473008000,"226,023.51","16,951.76","NGN242,975.27",NGN,PAID
INV-000040,WO-000043,CUST00520,2026-01-12 21:17:40,"1,353,654.48","NGN101,524.09","1,455,178.57",NGN,partial
INV-000041,WO-000044,CUST00762,2025-06-22 13:14:45,NGN 714359.96,"53,577.00",767936.96,NGN,paid
INV-000042,WO-000045,CUST00831,1770713334000,"37,294.68",2797.10,NGN 40091.78,NGN,PAID
INV-000043,WO-000046,CUST00541,28/08/2026,"140,658.51",NGN 10549.39,NGN 151207.90,NGN,partial
INV-000044,WO-000047,CUST01272,1785684176000,10750.00,806.25,11556.25,NGN,UNPAID
INV-000045,WO-000048,CUST00143,30/10/2024,"200,753.65",15056.52,"215,810.17",NGN,unpaid
INV-000046,WO-000049,CUST00204,1741406166000,"211,269.28",15845.20,"NGN227,114.48",NGN,paid
INV-000047,WO-000050,CUST00173,15/07/2026,NGN 1383212.49,NGN 103740.94,"NGN1,486,953.43",NGN,PAID
INV-000048,WO-000052,CUST00605,1782353233000,"782,915.13",NGN 58718.63,"NGN841,633.76",ngn,paid
INV-000049,WO-000054,CUST01148,2025-08-26 07:59:42,"29,400.00",2205.00,NGN 31605.00,NGN,paid
INV-000050,WO-000055,CUST02386,2024-12-05 05:36:25,NGN 3575.00,NGN 268.12,NGN 3843.12,NGN,paid
INV-000051,WO-000056,CUST00894,1746024375000,NGN 486698.00,36502.35,"NGN523,200.35",NGN,PAID
INV-000052,WO-000057,CUST01283,2025-03-30 00:23:49,"248,069.48",18605.21,NGN 266674.69,NGN,paid
INV-000053,WO-000058,CUST00770,1787766701000,"NGN152,747.86",NGN 11456.09,"NGN164,203.95",ngn,unpaid
INV-000054,WO-000059,CUST00870,2024-12-26 21:36:02,"NGN491,651.06",36873.83,528524.89,NGN,partial
INV-000055,WO-000060,CUST00683,1768223002000,"NGN294,734.21",22105.07,316839.28,NGN,PAID
INV-000056,WO-000061,CUST00392,2026-04-16 12:45:00,269101.34,20182.60,"289,283.94",NGN,PAID
INV-000057,WO-000062,CUST01118,12/07/2026,"NGN266,818.01","NGN20,011.35",286829.36,NGN,PAID
INV-000058,WO-000063,CUST01003,1787319373000,NGN 95350.00,7151.25,"102,501.25",ngn,paid
INV-000059,WO-000064,CUST01883,16/08/2026,"278,518.43","20,888.88",299407.31,NGN,PAID
INV-000060,WO-000065,CUST00676,2026-06-19 13:21:39,"1,394,781.29",NGN 104608.60,1499389.89,ngn,unpaid
INV-000061,WO-000066,CUST00993,08/12/2024,"NGN865,292.01",64896.90,930188.91,NGN,paid
INV-000062,WO-000067,CUST00182,2026-02-09 14:07:38,82382.66,"6,178.70","88,561.36",NGN,unpaid
INV-000063,WO-000068,CUST00479,1786551365000,"NGN1,202,584.50","90,193.84","1,292,778.34",NGN,paid
INV-000064,WO-000069,CUST00548,2025-08-26 01:05:51,1437011.67,107775.87,"1,544,787.54",NGN,written_off
INV-000065,WO-000070,CUST00197,05/10/2024,"600,266.16","45,019.96","645,286.12",NGN,PAID
INV-000066,WO-000071,CUST01125,1776916729000,"NGN49,987.01","NGN3,749.03",NGN 53736.04,NGN,PAID
INV-000067,WO-000072,CUST00163,2025-08-19 06:44:29,NGN 156850.00,"11,763.75",NGN 168613.75,NGN,paid
INV-000068,WO-000074,CUST00972,12/02/2026,669043.85,50178.29,"719,222.14",NGN,paid
INV-000069,WO-000075,CUST00076,15/09/2025,18589.08,1394.18,NGN 19983.26,NGN,paid
INV-000070,WO-000076,CUST00257,2024-12-08 15:58:37,NGN 163800.00,NGN 12285.00,NGN 176085.00,NGN,paid
INV-000071,WO-000077,CUST00021,2026-05-30 19:43:49,11900.00,NGN892.50,NGN 12792.50,NGN,PAID
INV-000072,WO-000078,CUST00881,1751638369000,NGN 10745.00,NGN805.88,"NGN11,550.88",NGN,UNPAID
INV-000073,WO-000079,CUST01165,19/09/2024,"865,352.25","64,901.42","NGN930,253.67",NGN,paid
INV-000074,WO-000080,CUST00975,1764751226000,NGN 878833.70,"65,912.53","NGN944,746.23",NGN,paid
INV-000075,WO-000081,CUST00468,2024-11-05 13:21:39,"260,406.37","19,530.48",NGN 279936.85,ngn,paid
INV-000076,WO-000082,CUST00987,1766447958000,"21,225.00","NGN1,591.88",22816.88,NGN,paid
INV-000077,WO-000083,CUST00260,1743035086000,NGN 1406044.36,"NGN105,453.33","1,511,497.69",NGN,unpaid
INV-000078,WO-000084,CUST00098,28/11/2024,250579.63,"NGN18,793.47",269373.10,NGN,paid
INV-000079,WO-000086,CUST00268,2025-11-04 01:28:44,NGN 715022.26,"NGN53,626.67",NGN 768648.93,NGN,PAID
INV-000080,WO-000087,CUST00462,09/04/2025,"13,228.06",992.10,14220.16,NGN,paid
INV-000081,WO-000088,CUST00059,2025-07-16 01:42:58,"530,854.39","NGN39,814.08","570,668.47",ngn,unpaid
INV-000082,WO-000090,CUST00735,04/11/2025,"117,920.60","NGN8,844.05","126,764.65",NGN,paid
INV-000083,WO-000091,CUST00018,28/01/2025,"NGN1,950,604.06","NGN146,295.30",2096899.36,NGN,paid
INV-000084,WO-000092,CUST00381,18/08/2025,831917.53,"62,393.82","894,311.35",NGN,paid
INV-000085,WO-000093,CUST01546,2026-04-20 20:46:52,NGN 316233.62,NGN 23717.52,339951.14,NGN,partial
INV-000086,WO-000094,CUST00433,1779991834000,"NGN782,886.81",NGN 58716.51,"NGN841,603.32",NGN,PAID
INV-000087,WO-000095,CUST00759,31/07/2025,9425.00,706.88,10131.88,NGN,PAID
INV-000088,WO-000096,CUST00254,2026-03-05 15:49:38,48780.00,NGN 3658.50,"52,438.50",NGN,paid
INV-000089,WO-000097,CUST00888,2026-05-25 12:19:51,"NGN557,664.70",NGN 41824.85,"NGN599,489.55",ngn,paid
INV-000090,WO-000099,CUST00234,21/11/2025,"31,287.24","2,346.54",33633.78,NGN,paid
INV-000091,WO-000100,CUST00264,2026-03-25 17:38:02,"319,994.60","23,999.59",343994.19,NGN,paid
INV-000092,WO-000102,CUST01071,2026-06-07 14:14:25,"5,700.00",NGN427.50,NGN 6127.50,NGN,UNPAID
INV-000093,WO-000103,CUST00873,06/10/2025,NGN 976703.48,73252.76,"1,049,956.24",ngn,unpaid
INV-000094,WO-000104,CUST00766,2025-08-11 14:31:04,"6,850.00",NGN 513.75,7363.75,NGN,PAID
INV-000095,WO-000105,CUST01058,2024-12-04 23:40:13,"NGN427,545.30","32,065.90","459,611.20",NGN,UNPAID
INV-000096,WO-000107,CUST00529,1742262728000,7824.65,NGN586.85,"NGN8,411.50",NGN,PAID
INV-000097,WO-000108,CUST00050,25/05/2026,"NGN489,036.39",36677.73,"525,714.12",ngn,unpaid
INV-000098,WO-000109,CUST00976,26/12/2025,"939,447.37",70458.55,"NGN1,009,905.92",NGN,partial
INV-000099,WO-000110,CUST00438,2026-01-15 10:27:15,NGN 41200.75,NGN 3090.06,44290.81,NGN,PAID
INV-000100,WO-000111,CUST00072,1758006492000,917566.59,"68,817.49",NGN 986384.08,NGN,UNPAID
INV-000101,WO-000112,CUST00282,28/02/2025,511866.20,"38,389.97","550,256.17",NGN,paid
INV-000102,WO-000113,CUST00773,06/04/2026,"682,434.18","51,182.56","733,616.74",NGN,paid
INV-000103,WO-000115,CUST01032,1751489289000,NGN 1167060.41,87529.53,NGN 1254589.94,NGN,PAID
INV-000104,WO-000116,CUST00754,1769437991000,"NGN640,953.96",NGN 48071.55,689025.51,NGN,PAID
INV-000105,WO-000117,CUST00503,30/11/2024,"NGN14,105.00",NGN 1057.88,"15,162.88",NGN,paid
INV-000106,WO-000118,CUST00173,2025-10-18 13:02:45,"NGN668,734.11",50155.06,"718,889.17",NGN,paid
INV-000107,WO-000119,CUST00625,2025-10-22 11:08:33,"57,000.00",NGN 4275.00,61275.00,NGN,paid
INV-000108,WO-000120,CUST00645,1771607580000,NGN 205198.63,15389.90,"220,588.53",NGN,unpaid
INV-000109,WO-000121,CUST00560,2025-12-13 02:30:16,"245,785.93","NGN18,433.95","264,219.88",ngn,paid
INV-000110,WO-000122,CUST00196,1747225460000,129714.08,"9,728.56",139442.64,NGN,UNPAID
INV-000111,WO-000123,CUST00982,2026-08-23 17:25:12,NGN 390880.66,"NGN29,316.05",420196.71,NGN,PAID
INV-000112,WO-000125,CUST00162,2025-05-02 20:24:44,"256,772.93",NGN 19257.97,"276,030.90",NGN,paid
INV-000113,WO-000126,CUST00165,18/04/2025,"NGN538,979.79",40423.48,"579,403.27",NGN,paid
INV-000114,WO-000127,CUST00936,2025-10-21 12:31:07,NGN 18450.00,"1,383.75","NGN19,833.75",NGN,written_off
INV-000115,WO-000128,CUST00523,1764155976000,941587.03,"70,619.03",1012206.06,NGN,PAID
INV-000116,WO-000129,CUST00867,22/06/2025,"NGN8,575.00",NGN 643.12,"9,218.12",NGN,paid
INV-000117,WO-000130,CUST00410,2024-12-20 23:09:53,1514729.67,"NGN113,604.72",NGN 1628334.39,NGN,unpaid
INV-000118,WO-000131,CUST00435,02/12/2025,56956.87,"NGN4,271.77",61228.64,NGN,paid
INV-000119,WO-000132,CUST00820,2025-09-07 05:20:54,NGN 429337.35,"NGN32,200.30",461537.65,NGN,unpaid
INV-000120,WO-000133,CUST00146,1771337178000,"418,559.95",31392.00,NGN 449951.95,NGN,paid
INV-000121,WO-000134,CUST00518,1760261596000,"NGN311,011.94","23,325.90",334337.84,NGN,UNPAID
INV-000122,WO-000135,CUST00491,1734681204000,"6,150.00",461.25,6611.25,NGN,paid
INV-000123,WO-000136,CUST00086,2025-01-24 11:14:53,8505.00,NGN637.88,"NGN9,142.88",NGN,PAID
INV-000124,WO-000137,CUST00090,2026-08-02 06:28:37,NGN 1112747.58,83456.07,NGN 1196203.65,ngn,paid
INV-000125,WO-000139,CUST00812,2024-10-28 18:15:23,882532.82,"NGN66,189.96",NGN 948722.78,NGN,PAID
INV-000126,WO-000140,CUST00697,10/06/2026,"104,910.81","NGN7,868.31",NGN 112779.12,NGN,paid
INV-000127,WO-000141,CUST01979,1781244236000,4350.00,326.25,"NGN4,676.25",NGN,paid
INV-000128,WO-000142,CUST00747,1784859131000,"432,255.83",32419.19,464675.02,NGN,paid
INV-000129,WO-000143,CUST01056,1749214879000,NGN 86118.21,6458.87,NGN 92577.08,NGN,paid
INV-000130,WO-000144,CUST00311,2025-02-13 13:56:57,"NGN683,877.33",NGN 51290.80,NGN 735168.13,NGN,written_off
INV-000131,WO-000145,CUST00098,2024-10-14 20:20:46,542594.11,40694.56,"NGN583,288.67",NGN,paid
INV-000132,WO-000147,CUST01883,21/03/2025,"NGN57,892.40",4341.93,"62,234.33",NGN,paid
INV-000133,WO-000148,CUST00756,1774179879000,"193,506.33",NGN 14512.97,NGN 208019.30,NGN,unpaid
INV-000134,WO-000149,CUST00506,1768253764000,"NGN11,700.00",NGN 877.50,"NGN12,577.50",NGN,partial
INV-000135,WO-000150,CUST00957,2025-08-25 02:58:37,"NGN789,068.27","59,180.12","848,248.39",NGN,paid
INV-000136,WO-000151,CUST00563,1764137961000,2200.00,165.00,NGN 2365.00,NGN,paid
INV-000137,WO-000152,CUST00133,2024-10-15 04:18:33,"327,599.30","24,569.95","NGN352,169.25",NGN,unpaid
INV-000138,WO-000153,CUST00508,2026-02-26 19:33:45,NGN 255137.10,19135.28,"274,272.38",ngn,PAID
INV-000139,WO-000154,CUST00740,2025-07-10 16:39:16,"86,574.41","6,493.08","NGN93,067.49",NGN,PAID
INV-000140,WO-000155,CUST00755,08/01/2026,1010616.55,NGN 75796.24,"NGN1,086,412.79",NGN,PAID
INV-000141,WO-000156,CUST00474,1778649040000,NGN 1236892.78,92766.96,1329659.74,NGN,paid
INV-000142,WO-000157,CUST00946,2024-10-23 12:26:59,NGN 702202.75,NGN 52665.21,754867.96,NGN,PAID
INV-000143,WO-000158,CUST00010,2026-08-18 01:26:40,NGN 59290.00,"NGN4,446.75",NGN 63736.75,NGN,paid
INV-000144,WO-000159,CUST01161,2025-09-30 02:19:45,"508,252.27","NGN38,118.92","NGN546,371.19",NGN,unpaid
INV-000145,WO-000161,CUST01027,1774660408000,"120,935.01",NGN 9070.13,"NGN130,005.14",NGN,PAID
INV-000146,WO-000162,CUST00103,05/10/2024,NGN 353187.35,26489.05,NGN 379676.40,NGN,PAID
INV-000147,WO-000163,CUST00568,02/01/2026,"NGN135,531.72","10,164.88",NGN 145696.60,NGN,paid
INV-000148,WO-000164,CUST00826,1731039065000,1710479.65,"128,285.97",1838765.62,ngn,paid
INV-000149,WO-000165,CUST00184,15/06/2026,NGN 89662.39,6724.68,"NGN96,387.07",NGN,PAID
INV-000150,WO-000166,CUST01016,1742484151000,"26,188.06","NGN1,964.10","28,152.16",NGN,PAID
INV-000151,WO-000167,CUST00339,1772935905000,218127.40,16359.56,NGN 234486.96,NGN,paid
INV-000152,WO-000168,CUST00911,11/06/2025,NGN 1173211.23,NGN 87990.84,"1,261,202.07",ngn,paid
INV-000153,WO-000169,CUST00048,1786196236000,"NGN735,717.21",55178.79,"NGN790,896.00",NGN,unpaid
INV-000154,WO-000170,CUST00914,2026-07-09 20:09:57,NGN 304307.59,"22,823.07",NGN 327130.66,NGN,PAID
INV-000155,WO-000172,CUST00940,14/10/2025,"373,655.87","NGN28,024.19",401680.06,NGN,unpaid
INV-000156,WO-000173,CUST00610,1744935017000,1470.00,NGN110.25,"NGN1,580.25",NGN,written_off
INV-000157,WO-000174,CUST00449,1765995839000,"1,240,796.11",NGN 93059.71,"NGN1,333,855.82",ngn,paid
INV-000158,WO-000175,CUST00368,1738621034000,"201,231.46","NGN15,092.36",NGN 216323.82,NGN,PAID
INV-000159,WO-000176,CUST00069,10/12/2024,349923.34,"NGN26,244.25","NGN376,167.59",NGN,partial
INV-000160,WO-000177,CUST00403,2024-09-16 15:01:32,"NGN61,727.45","4,629.56",66357.01,NGN,PAID
INV-000161,WO-000178,CUST00530,2025-09-27 04:27:47,NGN 209180.38,"15,688.53","NGN224,868.91",NGN,paid
INV-000162,WO-000179,CUST00427,27/06/2025,719502.97,NGN 53962.72,"NGN773,465.69",NGN,paid
INV-000163,WO-000180,CUST01064,1729017703000,"9,925.00",744.38,10669.38,NGN,PAID
INV-000164,WO-000181,CUST00049,30/06/2025,"853,873.71","NGN64,040.53",NGN 917914.24,NGN,paid
INV-000165,WO-000182,CUST00869,2025-11-13 09:03:55,NGN 189914.21,"14,243.57","NGN204,157.78",NGN,paid
INV-000166,WO-000183,CUST00985,27/03/2025,219326.76,"16,449.51","NGN235,776.27",NGN,unpaid
INV-000167,WO-000184,CUST00545,1754379153000,"NGN6,480.00",NGN 486.00,6966.00,NGN,paid
INV-000168,WO-000186,CUST00521,2026-05-05 23:24:58,"NGN10,425.00",781.88,11206.88,NGN,unpaid
INV-000169,WO-000188,CUST00706,1762190557000,"130,518.64",NGN 9788.90,NGN 140307.54,NGN,partial
INV-000170,WO-000189,CUST01163,14/07/2026,"NGN104,675.34","NGN7,850.65",NGN 112525.99,NGN,partial
INV-000171,WO-000190,CUST00914,2025-04-16 06:12:38,"NGN6,650.00",498.75,"NGN7,148.75",NGN,partial
INV-000172,WO-000191,CUST00980,2024-10-26 00:34:47,"351,474.96",26360.62,"377,835.58",ngn,PAID
INV-000173,WO-000192,CUST00209,1736472794000,198989.29,"NGN14,924.20",213913.49,NGN,partial
INV-000174,WO-000193,CUST00616,1728670887000,"NGN26,301.13","1,972.58","28,273.71",ngn,UNPAID
INV-000175,WO-000194,CUST00415,2026-06-22 08:16:37,19976.70,NGN 1498.25,"NGN21,474.95",NGN,paid
INV-000176,WO-000195,CUST00520,20/05/2025,NGN 162320.64,"12,174.05","NGN174,494.69",NGN,paid
INV-000177,WO-000196,CUST00654,1765966060000,NGN 47226.13,3541.96,"50,768.09",NGN,paid
INV-000178,WO-000197,CUST01045,2026-08-03 04:26:05,"2,047,263.95",NGN 153544.80,2200808.75,NGN,paid
INV-000179,WO-000199,CUST00205,1778121630000,"652,629.58",NGN 48947.22,701576.80,ngn,paid
INV-000180,WO-000200,CUST00077,17/01/2026,736639.12,"55,247.93",791887.05,NGN,paid
INV-000181,WO-000201,CUST01153,1780363931000,3360.00,NGN 252.00,"NGN3,612.00",NGN,paid
INV-000182,WO-000202,CUST01289,26/01/2025,"NGN784,521.53",58839.11,843360.64,NGN,partial
INV-000183,WO-000203,CUST00847,19/07/2025,"725,868.38","NGN54,440.13",NGN 780308.51,NGN,paid
INV-000184,WO-000204,CUST00605,15/04/2025,"7,800.00",NGN 585.00,"8,385.00",NGN,paid
INV-000185,WO-000206,CUST02032,10/05/2026,"332,569.29","NGN24,942.70","357,511.99",NGN,paid
INV-000186,WO-000207,CUST00815,03/09/2025,"75,920.29",5694.02,"81,614.31",ngn,paid
INV-000187,WO-000208,CUST00493,2025-10-29 19:20:54,320348.01,24026.10,"NGN344,374.11",NGN,UNPAID
INV-000188,WO-000209,CUST00503,1736480902000,"1,629,459.17",122209.44,"1,751,668.61",NGN,UNPAID
INV-000189,WO-000210,CUST01314,16/08/2025,"NGN123,432.71",NGN 9257.45,"NGN132,690.16",NGN,paid
INV-000190,WO-000211,CUST00035,1769187278000,"699,510.17",52463.26,"NGN751,973.43",NGN,partial
INV-000191,WO-000212,CUST00230,2026-04-09 11:18:49,"116,698.53",8752.39,125450.92,ngn,PAID
INV-000192,WO-000213,CUST00543,2025-05-21 22:08:47,120193.64,NGN 9014.52,"NGN129,208.16",NGN,PAID
INV-000193,WO-000214,CUST00909,1730106566000,"NGN331,907.74",NGN 24893.08,356800.82,NGN,UNPAID
INV-000194,WO-000215,CUST00115,05/01/2025,"NGN248,452.16",18633.91,"NGN267,086.07",NGN,unpaid
INV-000195,WO-000217,CUST01072,1739248230000,"NGN297,272.31","NGN22,295.42","319,567.73",NGN,paid
INV-000196,WO-000218,CUST00847,2026-03-30 23:19:04,315173.00,23637.97,NGN 338810.97,NGN,PAID
INV-000197,WO-000219,CUST00037,13/03/2025,"641,728.52","NGN48,129.64",NGN 689858.16,NGN,paid
INV-000198,WO-000220,CUST00096,09/02/2025,"286,020.18","21,451.51","307,471.69",ngn,partial
INV-000199,WO-000221,CUST00684,1762878862000,NGN 57665.78,NGN 4324.93,"61,990.71",ngn,paid
INV-000200,WO-000222,CUST00323,1740838348000,"97,335.00","NGN7,300.12","104,635.12",NGN,written_off
INV-000201,WO-000224,CUST00740,1743689559000,NGN 305153.29,"NGN22,886.50",328039.79,NGN,UNPAID
INV-000202,WO-000225,CUST00059,2025-01-02 09:12:43,"NGN1,081,435.26",NGN 81107.64,1162542.90,NGN,partial
INV-000203,WO-000226,CUST01199,26/04/2025,"NGN1,531,247.15",NGN 114843.54,1646090.69,NGN,partial
INV-000204,WO-000227,CUST00687,2025-06-14 16:07:39,NGN 28712.30,2153.42,"30,865.72",ngn,paid
INV-000205,WO-000228,CUST00214,2024-10-26 08:05:38,"NGN590,931.19",NGN 44319.84,NGN 635251.03,NGN,paid
INV-000206,WO-000229,CUST00720,2025-11-17 15:25:46,"48,988.84",3674.16,"NGN52,663.00",NGN,paid
INV-000207,WO-000230,CUST00215,1778777769000,NGN 1026900.36,77017.53,NGN 1103917.89,NGN,unpaid
INV-000208,WO-000231,CUST00578,1729146348000,"NGN39,189.18",2939.19,NGN 42128.37,NGN,PAID
INV-000209,WO-000232,CUST00965,2025-06-24 15:19:51,515891.91,38691.89,554583.80,NGN,paid
INV-000210,WO-000234,CUST00079,29/05/2026,NGN 4690.00,351.75,"NGN5,041.75",NGN,paid
INV-000211,WO-000235,CUST00933,1759422588000,"23,310.00","1,748.25","25,058.25",NGN,unpaid
INV-000212,WO-000238,CUST00019,2025-09-04 08:06:10,"NGN201,386.20",NGN 15103.97,"216,490.17",NGN,paid
INV-000213,WO-000239,CUST00699,2026-08-11 22:12:27,"405,225.60","30,391.92",435617.52,ngn,paid
INV-000214,WO-000240,CUST00196,1748604263000,"27,075.00","2,030.62","NGN29,105.62",NGN,written_off
INV-000215,WO-000241,CUST00272,19/04/2025,"NGN719,066.47",NGN 53929.99,"NGN772,996.46",NGN,unpaid
INV-000216,WO-000242,CUST01317,05/09/2025,NGN 317133.62,"NGN23,785.02",NGN 340918.64,NGN,UNPAID
INV-000217,WO-000243,CUST00906,2024-10-06 18:33:43,NGN 1237689.03,"NGN92,826.68",1330515.71,NGN,partial
INV-000218,WO-000246,CUST00905,06/07/2026,771972.47,"57,897.94",829870.41,NGN,written_off
INV-000219,WO-000247,CUST00134,2025-05-02 02:05:25,"NGN55,088.64","4,131.65",59220.29,NGN,unpaid
INV-000220,WO-000248,CUST00981,23/03/2025,NGN 415819.17,"31,186.44",447005.61,NGN,partial
INV-000221,WO-000249,CUST00621,29/07/2026,NGN 396020.06,"NGN29,701.50",NGN 425721.56,NGN,PAID
INV-000222,WO-000250,CUST00852,2025-11-19 16:24:46,"168,777.10","12,658.28",181435.38,NGN,paid
INV-000223,WO-000251,CUST00081,17/09/2025,"255,532.73",19164.95,274697.68,NGN,PAID
INV-000224,WO-000252,CUST01034,11/07/2026,"NGN453,292.29","NGN33,996.92","487,289.21",NGN,paid
INV-000225,WO-000254,CUST00224,20/04/2025,"369,928.69","NGN27,744.65","NGN397,673.34",NGN,partial
INV-000226,WO-000255,CUST01110,2025-11-25 00:43:46,1053537.27,"79,015.30",1132552.57,NGN,paid
INV-000227,WO-000256,CUST00905,2026-03-13 01:59:43,1168398.62,"87,629.90","NGN1,256,028.52",NGN,paid
INV-000228,WO-000257,CUST00392,1731284674000,"NGN626,961.16",NGN 47022.09,"NGN673,983.25",NGN,paid
INV-000229,WO-000258,CUST00367,2026-06-18 00:09:37,416601.40,"31,245.11",NGN 447846.51,NGN,PAID
INV-000230,WO-000259,CUST00328,11/03/2025,NGN 40828.40,3062.13,43890.53,NGN,PAID
INV-000231,WO-000260,CUST00453,1765306029000,"505,129.14","37,884.69",543013.83,NGN,unpaid
INV-000232,WO-000261,CUST01097,11/10/2024,832844.47,"62,463.33","895,307.80",NGN,PAID
INV-000233,WO-000262,CUST01447,27/08/2025,"NGN15,675.00",NGN 1175.62,NGN 16850.62,NGN,paid
INV-000234,WO-000263,CUST00967,18/07/2025,"209,577.54",15718.32,"225,295.86",ngn,partial
INV-000235,WO-000264,CUST00405,2025-08-31 11:53:48,"420,080.47",NGN 31506.03,451586.50,NGN,PAID
INV-000236,WO-000265,CUST00278,2026-08-09 22:54:45,NGN 366794.72,"NGN27,509.60","394,304.32",NGN,paid
INV-000237,WO-000267,CUST01128,1759014554000,NGN 2750.00,206.25,NGN 2956.25,NGN,paid
INV-000238,WO-000268,CUST00763,1734865458000,1465545.33,"109,915.90",NGN 1575461.23,NGN,PAID
INV-000239,WO-000269,CUST01171,1775723877000,"6,225.00",NGN 466.88,"6,691.88",NGN,UNPAID
INV-000240,WO-000270,CUST00923,22/12/2024,NGN 594784.33,NGN 44608.83,NGN 639393.16,NGN,paid
INV-000241,WO-000271,CUST01054,1781844883000,"1,309,281.63","98,196.12",1407477.75,NGN,paid
INV-000242,WO-000272,CUST01064,14/01/2026,NGN 181509.80,"NGN13,613.23","NGN195,123.03",NGN,written_off
INV-000243,WO-000273,CUST00423,1745111189000,"762,087.50",NGN 57156.56,"NGN819,244.06",ngn,paid
INV-000244,WO-000274,CUST01186,18/10/2024,NGN 952248.89,"NGN71,418.67","1,023,667.56",NGN,unpaid
INV-000245,WO-000275,CUST00878,2026-08-11 06:56:33,"42,030.00","NGN3,152.25",45182.25,NGN,PAID
INV-000246,WO-000276,CUST00667,02/12/2024,NGN 3990.00,NGN 299.25,"4,289.25",NGN,paid
INV-000247,WO-000277,CUST00450,31/12/2024,1450.00,NGN108.75,"NGN1,558.75",NGN,paid
INV-000248,WO-000278,CUST00859,2026-01-27 16:10:53,NGN 144790.10,NGN 10859.26,NGN 155649.36,NGN,paid
INV-000249,WO-000279,CUST02324,1739653766000,"NGN16,607.34","1,245.55","17,852.89",NGN,paid
INV-000250,WO-000280,CUST00583,19/10/2025,"354,382.67","NGN26,578.70",380961.37,NGN,paid
INV-000251,WO-000282,CUST00548,1743511829000,"NGN265,845.02",NGN 19938.38,285783.40,NGN,paid
INV-000252,WO-000283,CUST00673,2025-04-09 06:58:36,"1,078,738.91","80,905.42","NGN1,159,644.33",NGN,unpaid
INV-000253,WO-000284,CUST00788,1731407687000,667005.31,"NGN50,025.40",NGN 717030.71,NGN,PAID
INV-000254,WO-000285,CUST00884,29/04/2026,"NGN316,758.61","23,756.90","340,515.51",NGN,PAID
INV-000255,WO-000286,CUST00313,2026-03-24 07:29:07,488668.33,NGN 36650.12,"NGN525,318.45",NGN,paid
INV-000256,WO-000287,CUST00135,1770637480000,NGN 9675.00,725.62,"10,400.62",ngn,paid
INV-000257,WO-000288,CUST01056,1783231888000,"823,376.94","61,753.27","NGN885,130.21",NGN,paid
INV-000258,WO-000290,CUST00752,1762074313000,NGN 676185.29,NGN 50713.90,NGN 726899.19,ngn,unpaid
INV-000259,WO-000291,CUST00389,16/11/2025,"591,317.49","44,348.81",635666.30,NGN,paid
INV-000260,WO-000292,CUST00827,1759507712000,NGN 488554.59,NGN 36641.59,525196.18,NGN,UNPAID
INV-000261,WO-000293,CUST00801,2026-01-21 20:31:08,520529.99,"39,039.75","559,569.74",ngn,PAID
INV-000262,WO-000294,CUST00412,31/12/2025,715859.20,NGN 53689.44,"769,548.64",NGN,unpaid
INV-000263,WO-000295,CUST00848,2025-04-18 13:06:13,NGN 143400.93,"NGN10,755.07",NGN 154156.00,NGN,paid
INV-000264,WO-000296,CUST00457,2026-07-15 20:24:12,"NGN7,125.00",NGN534.38,"NGN7,659.38",NGN,paid
INV-000265,WO-000297,CUST01162,2025-12-27 02:11:17,"758,828.51","56,912.14","NGN815,740.65",NGN,paid
INV-000266,WO-000298,CUST01601,2025-02-12 02:52:02,356737.35,"NGN26,755.30","NGN383,492.65",ngn,paid
INV-000267,WO-000300,CUST00915,2025-01-21 14:03:44,NGN 48225.00,3616.88,"51,841.88",NGN,paid
INV-000268,WO-000301,CUST00295,1780842259000,"NGN1,270,237.13",95267.79,"1,365,504.92",NGN,paid
INV-000269,WO-000303,CUST00584,08/11/2024,"389,362.98","NGN29,202.22",418565.20,NGN,paid
INV-000270,WO-000304,CUST00137,1756919638000,NGN 336457.59,25234.32,361691.91,NGN,unpaid
INV-000271,WO-000305,CUST00605,1769802527000,"NGN43,001.70","3,225.13","NGN46,226.83",NGN,paid
INV-000272,WO-000306,CUST00185,1786348107000,"464,681.22","NGN34,851.09",499532.31,NGN,PAID
INV-000273,WO-000307,CUST00991,2026-03-03 03:17:38,"10,950.00",NGN821.25,"NGN11,771.25",NGN,written_off
INV-000274,WO-000308,CUST00497,1777516979000,"205,532.93","NGN15,414.97","220,947.90",ngn,paid
INV-000275,WO-000309,CUST01604,2025-05-10 04:23:04,"NGN43,928.62","3,294.65",47223.27,NGN,paid
INV-000276,WO-000310,CUST00772,1746599348000,"14,035.00",1052.62,NGN 15087.62,NGN,paid
INV-000277,WO-000311,CUST01004,2026-02-28 06:57:11,"NGN5,650.00",NGN 423.75,"6,073.75",NGN,paid
INV-000278,WO-000312,CUST00967,2025-08-31 19:56:57,NGN 3325.00,NGN 249.38,"3,574.38",NGN,unpaid
INV-000279,WO-000313,CUST00229,2026-07-26 08:45:52,"NGN216,007.26","NGN16,200.54",232207.80,NGN,paid
INV-000280,WO-000316,CUST00307,1770645514000,"163,570.32","NGN12,267.77",NGN 175838.09,NGN,paid
INV-000281,WO-000317,CUST02041,13/11/2025,"NGN332,804.02","24,960.30",357764.32,NGN,PAID
INV-000282,WO-000319,CUST01649,1762213249000,"290,581.29",21793.60,312374.89,NGN,PAID
INV-000283,WO-000320,CUST00711,2026-04-15 15:12:36,"NGN27,650.00",2073.75,"NGN29,723.75",NGN,UNPAID
INV-000284,WO-000322,CUST00796,1737258108000,1553399.34,"116,504.95",1669904.29,NGN,paid
INV-000285,WO-000323,CUST00339,1766363357000,"NGN479,371.53","NGN35,952.86",515324.39,NGN,UNPAID
INV-000286,WO-000324,CUST00425,14/03/2025,8500.00,NGN637.50,NGN 9137.50,NGN,paid
INV-000287,WO-000325,CUST01218,31/03/2025,"532,870.41","NGN39,965.28","NGN572,835.69",NGN,unpaid
INV-000288,WO-000326,CUST00894,2025-11-03 08:28:30,40860.29,"NGN3,064.52","43,924.81",NGN,paid
INV-000289,WO-000327,CUST00754,01/12/2024,"NGN2,314,320.59",173574.04,NGN 2487894.63,NGN,PAID
INV-000290,WO-000328,CUST00943,1784195378000,"NGN194,661.01",NGN 14599.58,209260.59,NGN,paid
INV-000291,WO-000329,CUST01157,1778223086000,651588.90,"48,869.17",NGN 700458.07,NGN,paid
INV-000292,WO-000330,CUST00066,22/03/2025,"NGN81,290.29",NGN 6096.77,NGN 87387.06,NGN,partial
INV-000293,WO-000332,CUST00719,1783387482000,NGN 199587.86,"14,969.09","214,556.95",NGN,partial
INV-000294,WO-000333,CUST00526,2025-08-30 05:08:33,"NGN715,924.12","NGN53,694.31","769,618.43",NGN,PAID
INV-000295,WO-000334,CUST02123,1775328115000,187410.26,"NGN14,055.77","201,466.03",NGN,unpaid
INV-000296,WO-000335,CUST00748,24/09/2025,NGN 249958.73,"18,746.90",268705.63,NGN,written_off
INV-000297,WO-000336,CUST00407,1772216296000,NGN 278625.87,NGN 20896.94,299522.81,NGN,unpaid
INV-000298,WO-000337,CUST00889,09/08/2025,NGN 973981.55,"NGN73,048.62","NGN1,047,030.17",NGN,PAID
INV-000299,WO-000338,CUST00108,06/11/2025,NGN 631822.81,"47,386.71",679209.52,NGN,UNPAID
INV-000300,WO-000339,CUST00157,15/05/2026,"NGN322,579.02",24193.43,"NGN346,772.45",NGN,PAID
INV-000301,WO-000340,CUST00432,07/07/2025,"NGN149,956.65",11246.75,"NGN161,203.40",NGN,unpaid
INV-000302,WO-000341,CUST01073,2025-05-13 02:04:30,399664.60,NGN 29974.85,429639.45,NGN,paid
INV-000303,WO-000342,CUST00727,29/12/2025,NGN 370875.32,"27,815.65",398690.97,NGN,paid
INV-000304,WO-000343,CUST00782,2025-01-21 13:44:08,NGN 804810.36,60360.78,"NGN865,171.14",NGN,PAID
INV-000305,WO-000344,CUST00527,25/06/2026,"NGN232,769.33","17,457.70",250227.03,NGN,paid
INV-000306,WO-000345,CUST01258,09/04/2026,NGN 780245.36,"58,518.40","NGN838,763.76",NGN,paid
INV-000307,WO-000346,CUST00931,18/08/2025,"18,630.00","1,397.25",20027.25,NGN,paid
INV-000308,WO-000347,CUST00762,1743656010000,NGN 671066.87,"NGN50,330.01",721396.88,NGN,unpaid
INV-000309,WO-000348,CUST00872,23/07/2026,"NGN1,429,080.50","NGN107,181.04",1536261.54,NGN,written_off
INV-000310,WO-000349,CUST00461,2026-01-20 22:46:43,"540,186.53","NGN40,513.99","580,700.52",NGN,PAID
INV-000311,WO-000350,CUST00176,2026-07-03 06:59:42,"NGN219,510.87","16,463.32",235974.19,NGN,unpaid
INV-000312,WO-000351,CUST00069,05/12/2025,152446.65,"11,433.50",NGN 163880.15,NGN,paid
INV-000313,WO-000352,CUST00650,2026-07-16 04:03:31,"1,666,166.36","NGN124,962.48",1791128.84,NGN,partial
INV-000314,WO-000353,CUST00754,1781124794000,NGN 604450.65,"NGN45,333.80","649,784.45",NGN,PAID
INV-000315,WO-000354,CUST00735,1776131364000,"NGN980,392.93","NGN73,529.47",1053922.40,NGN,paid
INV-000316,WO-000355,CUST00888,2026-07-05 15:52:58,"NGN33,996.72",2549.75,NGN 36546.47,NGN,paid
INV-000317,WO-000357,CUST00054,1772758655000,NGN 270738.23,"20,305.37",291043.60,ngn,paid
INV-000318,WO-000358,CUST00051,2026-07-24 01:03:00,645961.58,"NGN48,447.12","NGN694,408.70",NGN,paid
INV-000319,WO-000359,CUST01546,1751495457000,"41,068.45",3080.13,"NGN44,148.58",NGN,PAID
INV-000320,WO-000360,CUST00967,2026-01-31 00:45:32,"NGN153,269.74","NGN11,495.23","164,764.97",NGN,PAID
INV-000321,WO-000361,CUST00423,29/03/2025,NGN 1188479.01,"NGN89,135.93",1277614.94,NGN,written_off
INV-000322,WO-000362,CUST00782,2026-01-09 00:56:24,"NGN570,900.97","NGN42,817.57",NGN 613718.54,NGN,PAID
INV-000323,WO-000363,CUST00610,1768877051000,647942.04,"NGN48,595.65",696537.69,NGN,paid
INV-000324,WO-000364,CUST00586,07/07/2026,"NGN1,673,668.39","125,525.13","1,799,193.52",NGN,paid
INV-000325,WO-000365,CUST00653,1747512179000,"17,350.00",1301.25,18651.25,NGN,paid
INV-000326,WO-000366,CUST02334,22/04/2026,"NGN166,693.64","12,502.02",NGN 179195.66,NGN,paid
INV-000327,WO-000368,CUST00568,1754503709000,NGN 302392.87,22679.47,NGN 325072.34,NGN,paid
INV-000328,WO-000369,CUST00220,2025-08-21 05:34:07,"NGN280,398.43","NGN21,029.88","NGN301,428.31",ngn,partial
INV-000329,WO-000371,CUST01004,17/07/2025,"55,950.00",4196.25,"NGN60,146.25",NGN,PAID
INV-000330,WO-000372,CUST00181,1787999001000,NGN 791767.46,59382.56,NGN 851150.02,NGN,paid
INV-000331,WO-000373,CUST00613,2025-04-08 10:44:06,35088.42,2631.63,NGN 37720.05,NGN,paid
INV-000332,WO-000374,CUST00032,1778348907000,62446.82,4683.51,"67,130.33",NGN,written_off
INV-000333,WO-000375,CUST00885,1762706131000,"267,247.39","20,043.55",287290.94,NGN,PAID
INV-000334,WO-000376,CUST00467,2025-02-03 05:30:58,"456,386.12",NGN 34228.96,"490,615.08",NGN,partial
INV-000335,WO-000377,CUST00871,20/06/2026,"NGN128,028.63","9,602.15","137,630.78",NGN,partial
INV-000336,WO-000378,CUST00541,2025-05-09 11:29:32,631337.53,"NGN47,350.31","678,687.84",NGN,unpaid
INV-000337,WO-000379,CUST01149,12/07/2025,"916,967.12","NGN68,772.53",NGN 985739.65,NGN,UNPAID
INV-000338,WO-000380,CUST00051,03/06/2025,506400.21,"37,980.02","544,380.23",NGN,PAID
INV-000339,WO-000382,CUST00903,2025-01-01 17:00:05,"959,883.95","71,991.30","NGN1,031,875.25",NGN,paid
INV-000340,WO-000383,CUST01102,28/11/2025,"NGN654,832.76",49112.46,NGN 703945.22,NGN,partial
INV-000341,WO-000384,CUST00128,10/07/2026,NGN 9520.00,714.00,"10,234.00",NGN,unpaid
INV-000342,WO-000387,CUST00934,2026-01-12 03:18:20,1586175.78,118963.18,NGN 1705138.96,NGN,PAID
INV-000343,WO-000388,CUST01317,1772454778000,7300.00,547.50,NGN 7847.50,NGN,partial
INV-000344,WO-000390,CUST00506,1760396136000,41791.27,"3,134.34",44925.61,NGN,partial
INV-000345,WO-000392,CUST00576,1766910894000,NGN 4900.00,367.50,"NGN5,267.50",NGN,paid
INV-000346,WO-000393,CUST00841,2024-10-11 07:19:24,NGN 405114.37,"NGN30,383.58",435497.95,NGN,paid
INV-000347,WO-000394,CUST00018,1758914319000,"474,841.62",35613.12,510454.74,NGN,UNPAID
INV-000348,WO-000395,CUST00211,2025-11-13 10:33:07,"NGN10,875.00",815.62,11690.62,NGN,paid
INV-000349,WO-000396,CUST00306,1753477043000,988718.40,74153.88,"NGN1,062,872.28",NGN,paid
INV-000350,WO-000397,CUST00128,08/07/2025,NGN 455539.13,"NGN34,165.44",NGN 489704.57,NGN,partial
INV-000351,WO-000398,CUST00851,1762471480000,"985,687.65","NGN73,926.57",1059614.22,NGN,paid
INV-000352,WO-000399,CUST00029,30/03/2025,828196.60,NGN 62114.75,"NGN890,311.35",NGN,paid
INV-000353,WO-000400,CUST00907,14/12/2024,229577.03,"NGN17,218.28","246,795.31",NGN,paid
INV-000354,WO-000401,CUST00260,1748014183000,"960,663.25",72049.74,"NGN1,032,712.99",NGN,paid
INV-000355,WO-000402,CUST01258,2025-04-22 06:36:28,"657,504.83","NGN49,312.86",NGN 706817.69,NGN,paid
INV-000356,WO-000403,CUST01173,17/08/2026,625381.44,46903.61,"NGN672,285.05",NGN,paid
INV-000357,WO-000404,CUST00682,1788100307000,"NGN280,503.26",21037.74,"301,541.00",NGN,PAID
INV-000358,WO-000406,CUST00397,1745750887000,NGN 66349.47,4976.21,"71,325.68",NGN,paid
INV-000359,WO-000407,CUST00821,30/12/2024,"NGN336,363.31","NGN25,227.25","361,590.56",NGN,PAID
INV-000360,WO-000408,CUST01128,17/07/2025,"NGN29,520.00","NGN2,214.00","31,734.00",NGN,paid
INV-000361,WO-000409,CUST01047,27/07/2025,45120.97,"3,384.07","48,505.04",NGN,PAID
INV-000362,WO-000411,CUST00770,2025-10-28 06:42:31,NGN 927161.35,NGN 69537.10,996698.45,NGN,unpaid
INV-000363,WO-000412,CUST00714,2026-04-22 03:01:54,"NGN287,056.84","NGN21,529.26",NGN 308586.10,NGN,paid
INV-000364,WO-000413,CUST01689,26/02/2025,"248,399.30","NGN18,629.95",NGN 267029.25,NGN,paid
INV-000365,WO-000414,CUST00394,02/04/2026,"754,839.24",56612.94,NGN 811452.18,NGN,PAID
INV-000366,WO-000415,CUST00550,2025-09-05 05:29:21,"NGN1,275.00",NGN 95.62,1370.62,NGN,UNPAID
INV-000367,WO-000416,CUST00980,1734911069000,NGN 20500.00,1537.50,NGN 22037.50,ngn,paid
INV-000368,WO-000417,CUST00206,1757667599000,"181,276.85",13595.76,NGN 194872.61,NGN,PAID
INV-000369,WO-000418,CUST00675,05/05/2025,"6,550.00",NGN491.25,7041.25,NGN,paid
INV-000370,WO-000419,CUST01056,23/02/2025,148929.08,11169.68,160098.76,NGN,paid
INV-000371,WO-000420,CUST01171,1766831542000,NGN 209693.27,"15,726.99","NGN225,420.26",NGN,paid
INV-000372,WO-000421,CUST01074,2025-11-12 05:13:08,19800.00,NGN 1485.00,"21,285.00",NGN,written_off
INV-000373,WO-000422,CUST00685,1743464023000,"NGN165,173.81",12388.04,"NGN177,561.85",NGN,paid
INV-000374,WO-000424,CUST01848,2026-04-16 10:20:36,NGN 880095.41,66007.16,NGN 946102.57,NGN,paid
INV-000375,WO-000428,CUST00341,29/07/2026,"1,299,601.55",NGN 97470.12,"NGN1,397,071.67",NGN,paid
INV-000376,WO-000429,CUST00747,1761130266000,412494.33,30937.07,NGN 443431.40,ngn,partial
INV-000377,WO-000430,CUST00303,16/09/2025,"NGN923,166.86",NGN 69237.51,"992,404.37",NGN,partial
INV-000378,WO-000431,CUST00019,1777164563000,"1,017,120.73",76284.06,"NGN1,093,404.79",NGN,PAID
INV-000379,WO-000432,CUST01095,2024-12-09 11:25:00,"140,625.00","NGN10,546.88","NGN151,171.88",NGN,partial
INV-000380,WO-000433,CUST00976,2025-04-24 10:13:11,"70,477.10",5285.78,"NGN75,762.88",NGN,paid
INV-000381,WO-000435,CUST00388,1749770580000,"79,345.00",5950.88,"NGN85,295.88",NGN,paid
INV-000382,WO-000436,CUST00693,21/05/2025,394534.59,NGN 29590.09,NGN 424124.68,NGN,paid
INV-000383,WO-000437,CUST00183,2024-09-21 18:46:24,"82,992.87","6,224.46",NGN 89217.33,NGN,UNPAID
INV-000384,WO-000438,CUST00537,1778407927000,"1,212,484.24","NGN90,936.32","1,303,420.56",NGN,paid
INV-000385,WO-000439,CUST00353,1730601034000,461594.33,NGN 34619.57,"496,213.90",ngn,paid
INV-000386,WO-000440,CUST00591,1787170541000,74620.00,5596.50,NGN 80216.50,NGN,paid
INV-000387,WO-000441,CUST02274,21/07/2025,182770.41,NGN 13707.78,NGN 196478.19,NGN,paid
INV-000388,WO-000443,CUST00228,09/01/2025,"1,367,609.50","102,570.71",1470180.21,NGN,paid
INV-000389,WO-000444,CUST01053,2026-08-14 20:54:12,NGN 239019.14,"17,926.44",NGN 256945.58,NGN,paid
INV-000390,WO-000446,CUST00723,1745787622000,"481,620.98",36121.57,517742.55,NGN,partial
INV-000391,WO-000447,CUST00721,2025-06-14 20:28:48,NGN 927523.57,69564.27,"NGN997,087.84",ngn,paid
INV-000392,WO-000448,CUST02139,29/05/2026,"242,284.29",18171.32,260455.61,NGN,PAID
INV-000393,WO-000449,CUST00893,2025-09-19 18:19:27,234040.41,NGN 17553.03,251593.44,NGN,PAID
INV-000394,WO-000450,CUST00524,26/09/2024,784436.08,"58,832.71",NGN 843268.79,ngn,partial
INV-000395,WO-000451,CUST00713,2025-01-23 15:24:14,"NGN842,095.78","63,157.18",905252.96,NGN,paid
INV-000396,WO-000452,CUST00992,1763222095000,"482,944.46","NGN36,220.83","519,165.29",NGN,partial
INV-000397,WO-000453,CUST01002,2026-02-25 20:35:22,"NGN165,568.92","NGN12,417.67",177986.59,ngn,paid
INV-000398,WO-000454,CUST01649,2026-08-29 09:47:06,"NGN36,296.60",NGN 2722.24,NGN 39018.84,NGN,PAID
INV-000399,WO-000455,CUST00807,09/08/2026,"NGN86,404.13","6,480.31","NGN92,884.44",NGN,PAID
INV-000400,WO-000456,CUST00205,28/05/2025,384093.16,"NGN28,806.99",412900.15,NGN,paid
INV-000401,WO-000457,CUST00035,26/05/2025,NGN 511491.40,"38,361.86","NGN549,853.26",NGN,partial
INV-000402,WO-000458,CUST00697,2025-05-20 07:18:03,"245,277.46",18395.81,"263,673.27",NGN,UNPAID
INV-000403,WO-000459,CUST00519,10/11/2024,"96,530.00","7,239.75",103769.75,NGN,PAID
INV-000404,WO-000460,CUST01045,1756728012000,NGN 1205111.07,"NGN90,383.33",1295494.40,NGN,partial
INV-000405,WO-000461,CUST00077,03/08/2026,"564,898.34","42,367.38",607265.72,NGN,paid
INV-000406,WO-000462,CUST01535,2025-11-07 11:51:01,531228.10,NGN 39842.11,"NGN571,070.21",NGN,PAID
INV-000407,WO-000463,CUST00231,1780047633000,NGN 602307.15,45173.04,"NGN647,480.19",NGN,paid
INV-000408,WO-000464,CUST01033,02/02/2025,"NGN18,630.00","NGN1,397.25",NGN 20027.25,NGN,UNPAID
INV-000409,WO-000465,CUST00260,01/09/2026,13223.66,991.77,NGN 14215.43,NGN,paid
INV-000410,WO-000466,CUST00264,2025-02-04 06:56:19,"409,157.50","NGN30,686.81","NGN439,844.31",NGN,partial
INV-000411,WO-000467,CUST00276,08/12/2024,"NGN375,292.24",28146.92,NGN 403439.16,NGN,paid
INV-000412,WO-000468,CUST01076,2026-07-28 07:32:45,16100.00,1207.50,"NGN17,307.50",NGN,paid
INV-000413,WO-000470,CUST00312,31/01/2026,"2,675.00",200.62,NGN 2875.62,NGN,UNPAID
INV-000414,WO-000471,CUST00502,2026-01-28 16:03:44,"NGN230,684.43",17301.33,"247,985.76",NGN,unpaid
INV-000415,WO-000472,CUST00342,10/01/2026,"NGN243,046.62","18,228.50","261,275.12",NGN,paid
INV-000416,WO-000473,CUST00978,2026-02-12 10:27:17,"849,901.82",NGN 63742.64,913644.46,NGN,partial
INV-000417,WO-000474,CUST00847,1746288658000,"538,762.50",40407.19,579169.69,NGN,paid
INV-000418,WO-000476,CUST00150,29/05/2025,"NGN590,329.86","44,274.74",NGN 634604.60,NGN,PAID
INV-000419,WO-000478,CUST00844,1775938912000,NGN 165998.80,NGN 12449.91,NGN 178448.71,NGN,partial
INV-000420,WO-000479,CUST00710,03/12/2025,NGN 3600.00,NGN270.00,NGN 3870.00,NGN,paid
INV-000421,WO-000480,CUST00546,1735671645000,"NGN726,146.83",54461.01,"NGN780,607.84",NGN,PAID
INV-000422,WO-000481,CUST00487,23/09/2024,"540,900.04","40,567.50","NGN581,467.54",NGN,paid
INV-000423,WO-000482,CUST02225,2025-08-27 00:18:33,"NGN19,950.00","1,496.25",21446.25,NGN,PAID
INV-000424,WO-000483,CUST00200,2025-01-07 10:29:53,NGN 700254.45,NGN 52519.08,"NGN752,773.53",NGN,UNPAID
INV-000425,WO-000484,CUST00084,1767613349000,2835.00,212.62,"3,047.62",NGN,PAID
INV-000426,WO-000486,CUST01019,24/01/2026,NGN 30507.67,"NGN2,288.08",NGN 32795.75,NGN,PAID
INV-000427,WO-000487,CUST00273,2025-09-23 18:08:40,"NGN970,879.78","72,815.98",NGN 1043695.76,NGN,paid
INV-000428,WO-000489,CUST00225,23/01/2025,NGN 36293.09,"NGN2,721.98","39,015.07",ngn,unpaid
INV-000429,WO-000491,CUST01132,22/06/2025,NGN 67539.10,"NGN5,065.43",NGN 72604.53,NGN,paid
INV-000430,WO-000492,CUST00049,15/05/2026,NGN 500028.98,37502.17,"537,531.15",NGN,partial
INV-000431,WO-000493,CUST00161,1738187519000,110992.25,NGN 8324.42,"119,316.67",ngn,partial
INV-000432,WO-000494,CUST00599,2025-01-14 18:38:44,NGN 138410.09,"10,380.76",NGN 148790.85,NGN,paid
INV-000433,WO-000495,CUST00374,1773026179000,"6,750.00",NGN 506.25,"7,256.25",NGN,paid
INV-000434,WO-000496,CUST00456,2026-06-25 04:15:54,NGN 9415.00,NGN 706.12,"10,121.12",NGN,paid
INV-000435,WO-000497,CUST01150,13/02/2025,NGN 330690.13,"NGN24,801.76","355,491.89",NGN,UNPAID
INV-000436,WO-000498,CUST00360,1758819318000,141243.42,NGN 10593.26,"151,836.68",NGN,paid
INV-000437,WO-000500,CUST00307,2024-11-21 08:07:57,"NGN828,298.59",NGN 62122.39,"NGN890,420.98",NGN,paid
INV-000438,WO-000501,CUST00304,14/02/2025,"NGN146,188.43",10964.13,"NGN157,152.56",NGN,paid
INV-000439,WO-000502,CUST02237,11/12/2024,NGN 417249.16,"31,293.69",448542.85,NGN,partial
INV-000440,WO-000503,CUST01141,26/12/2025,"1,188,037.64",89102.82,"NGN1,277,140.46",NGN,paid
INV-000441,WO-000504,CUST00957,1783072234000,"NGN124,617.13","NGN9,346.29","NGN133,963.42",NGN,paid
INV-000442,WO-000505,CUST00456,2025-01-21 19:46:16,NGN 757653.65,NGN 56824.02,"NGN814,477.67",NGN,paid
INV-000443,WO-000506,CUST00564,30/11/2025,"NGN19,170.00","NGN1,437.75",20607.75,NGN,partial
INV-000444,WO-000507,CUST00096,18/04/2025,"NGN696,860.39",52264.53,NGN 749124.92,NGN,partial
INV-000445,WO-000509,CUST00180,13/11/2024,440388.50,33029.14,"NGN473,417.64",NGN,paid
INV-000446,WO-000510,CUST00003,1729500982000,"664,943.82",49870.79,714814.61,NGN,partial
INV-000447,WO-000511,CUST00193,2026-08-08 14:25:18,"676,524.02",50739.30,"NGN727,263.32",NGN,unpaid
INV-000448,WO-000512,CUST00485,2026-04-14 20:33:34,NGN 215460.00,16159.50,"NGN231,619.50",NGN,PAID
INV-000449,WO-000513,CUST00423,2025-06-18 23:07:16,"NGN72,672.10",NGN 5450.41,"NGN78,122.51",NGN,paid
INV-000450,WO-000514,CUST00665,14/09/2025,NGN 1304657.33,"97,849.30",NGN 1402506.63,NGN,paid
INV-000451,WO-000515,CUST00136,1754413421000,"22,172.32","1,662.92","23,835.24",ngn,paid
INV-000452,WO-000516,CUST00988,2026-04-20 04:37:25,"NGN239,815.67",17986.18,"257,801.85",NGN,unpaid
INV-000453,WO-000517,CUST00015,2025-07-17 05:51:35,121294.12,"NGN9,097.06",NGN 130391.18,NGN,paid
INV-000454,WO-000518,CUST00877,2025-05-19 21:38:25,NGN 26300.00,1972.50,NGN 28272.50,NGN,PAID
INV-000455,WO-000519,CUST01047,1756765573000,513102.94,38482.72,"551,585.66",ngn,paid
INV-000456,WO-000520,CUST02073,1753227004000,"243,136.35","18,235.23","NGN261,371.58",NGN,unpaid
INV-000457,WO-000521,CUST00491,20/02/2026,"NGN761,359.35","57,101.95","NGN818,461.30",NGN,partial
INV-000458,WO-000522,CUST02172,2025-01-27 02:16:43,"43,208.45",3240.63,46449.08,NGN,partial
INV-000459,WO-000523,CUST00112,05/08/2025,"417,811.02",NGN 31335.83,NGN 449146.85,NGN,unpaid
INV-000460,WO-000525,CUST00510,1730364683000,NGN 207510.09,"15,563.26",NGN 223073.35,NGN,PAID
INV-000461,WO-000526,CUST00800,2025-04-11 17:05:45,474485.20,35586.39,"510,071.59",NGN,unpaid
INV-000462,WO-000527,CUST00769,29/07/2025,"NGN139,486.74","10,461.51","NGN149,948.25",NGN,UNPAID
INV-000463,WO-000528,CUST00204,2025-12-04 09:02:40,"631,601.43","47,370.11",678971.54,ngn,PAID
INV-000464,WO-000529,CUST00115,2026-01-31 09:18:41,"NGN1,094,608.06","NGN82,095.60",NGN 1176703.66,NGN,PAID
INV-000465,WO-000530,CUST00477,1760361397000,NGN 652462.50,"48,934.69",NGN 701397.19,NGN,partial
INV-000466,WO-000531,CUST01099,04/01/2025,23130.00,1734.75,"24,864.75",NGN,PAID
INV-000467,WO-000532,CUST00060,21/12/2025,250740.00,"18,805.50","NGN269,545.50",NGN,partial
INV-000468,WO-000533,CUST00098,1785489829000,"NGN327,788.23","24,584.12",352372.35,NGN,partial
INV-000469,WO-000535,CUST01009,1780361607000,"1,925.00",144.38,2069.38,NGN,paid
INV-000470,WO-000536,CUST00100,2024-09-26 18:04:34,NGN 12550.00,941.25,"13,491.25",NGN,paid
INV-000471,WO-000537,CUST00260,1735014474000,"NGN259,699.73",NGN 19477.48,NGN 279177.21,NGN,UNPAID
INV-000472,WO-000538,CUST01085,17/08/2025,"532,223.36",NGN 39916.75,"NGN572,140.11",NGN,paid
INV-000473,WO-000540,CUST00128,18/07/2025,"NGN667,804.49",50085.34,"717,889.83",NGN,PAID
INV-000474,WO-000541,CUST01198,2025-06-30 06:04:13,"NGN16,875.00",1265.62,"NGN18,140.62",ngn,paid
INV-000475,WO-000542,CUST01979,1751864746000,"NGN755,861.02","NGN56,689.58","812,550.60",ngn,paid
INV-000476,WO-000543,CUST00505,1775415620000,"NGN144,433.62","NGN10,832.52","NGN155,266.14",NGN,partial
INV-000477,WO-000544,CUST01103,27/12/2025,NGN 45077.54,3380.82,"NGN48,458.36",NGN,paid
INV-000478,WO-000545,CUST00302,1745522488000,"NGN389,222.60",NGN 29191.70,"418,414.30",NGN,partial
INV-000479,WO-000546,CUST01138,01/04/2026,"338,172.99",NGN 25362.97,NGN 363535.96,NGN,partial
INV-000480,WO-000547,CUST01132,10/04/2026,"10,700.00",802.50,NGN 11502.50,NGN,paid
INV-000481,WO-000548,CUST01102,09/03/2025,NGN 345052.02,"NGN25,878.90","NGN370,930.92",NGN,unpaid
INV-000482,WO-000549,CUST00850,01/04/2025,NGN 26100.00,"NGN1,957.50","NGN28,057.50",NGN,paid
INV-000483,WO-000550,CUST00510,2026-08-29 07:41:05,"NGN553,540.36","41,515.53","595,055.89",NGN,partial
INV-000484,WO-000551,CUST00927,12/09/2025,"560,472.95",NGN 42035.47,"NGN602,508.42",NGN,PAID
INV-000485,WO-000552,CUST00582,1736189547000,"13,580.76",1018.56,14599.32,NGN,PAID
INV-000486,WO-000553,CUST00210,08/03/2025,NGN 1619161.27,"121,437.09",1740598.36,ngn,partial
INV-000487,WO-000556,CUST00193,1758486870000,NGN 407935.13,"30,595.13",438530.26,NGN,paid
INV-000488,WO-000557,CUST01073,2025-04-15 01:28:36,1800.00,135.00,"1,935.00",NGN,paid
INV-000489,WO-000558,CUST00935,1778072631000,1121298.23,84097.37,NGN 1205395.60,NGN,written_off
INV-000490,WO-000559,CUST00990,1777098580000,"318,899.02",23917.43,NGN 342816.45,NGN,partial
INV-000491,WO-000560,CUST00951,23/12/2025,112385.61,"8,428.92",120814.53,NGN,partial
INV-000492,WO-000562,CUST00218,20/09/2024,"336,535.65","25,240.17","NGN361,775.82",NGN,unpaid
INV-000493,WO-000563,CUST00465,2025-04-14 14:24:03,282169.23,NGN 21162.69,303331.92,NGN,UNPAID
INV-000494,WO-000564,CUST01074,04/01/2025,"605,859.64","NGN45,439.47",651299.11,NGN,partial
INV-000495,WO-000566,CUST00562,27/02/2026,"1,326,657.09","99,499.28","1,426,156.37",NGN,paid
INV-000496,WO-000567,CUST00100,27/12/2025,669756.03,"NGN50,231.70",NGN 719987.73,NGN,paid
INV-000497,WO-000568,CUST00860,04/02/2025,"NGN323,593.40","NGN24,269.51",347862.91,NGN,paid
INV-000498,WO-000569,CUST01327,1774399098000,"10,125.00",759.38,NGN 10884.38,NGN,PAID
INV-000499,WO-000570,CUST00904,01/06/2026,"NGN172,277.63",NGN 12920.82,185198.45,NGN,paid
INV-000500,WO-000571,CUST00781,03/02/2026,NGN 800784.96,NGN 60058.87,860843.83,NGN,paid
INV-000501,WO-000572,CUST00539,1741449080000,"5,400.00",NGN 405.00,"5,805.00",NGN,partial
INV-000502,WO-000573,CUST00362,2026-02-20 13:29:45,NGN 452463.48,NGN 33934.76,NGN 486398.24,NGN,PAID
INV-000503,WO-000574,CUST00072,1754154540000,NGN 868088.47,"65,106.63","NGN933,195.10",NGN,paid
INV-000504,WO-000575,CUST01116,03/12/2025,"NGN146,604.62",10995.35,157599.97,NGN,PAID
INV-000505,WO-000576,CUST01144,1751942435000,NGN 1036057.40,"NGN77,704.31","1,113,761.71",NGN,paid
INV-000506,WO-000577,CUST00096,04/08/2026,NGN 1019966.26,"NGN76,497.47",1096463.73,NGN,UNPAID
INV-000507,WO-000579,CUST00684,2024-10-05 04:03:33,"NGN125,600.78",9420.06,135020.84,ngn,paid
INV-000508,WO-000581,CUST00324,29/09/2025,NGN 127800.00,NGN 9585.00,"137,385.00",NGN,PAID
INV-000509,WO-000582,CUST01029,2025-11-17 07:08:48,NGN 464513.48,NGN 34838.51,"NGN499,351.99",NGN,partial
INV-000510,WO-000583,CUST00455,1753300931000,"556,281.60",NGN 41721.12,"NGN598,002.72",NGN,paid
INV-000511,WO-000584,CUST00925,2025-10-03 18:11:57,NGN 6675.00,NGN 500.62,"7,175.62",NGN,PAID
INV-000512,WO-000585,CUST00914,11/05/2025,NGN 602773.01,45207.98,"NGN647,980.99",NGN,PAID
INV-000513,WO-000586,CUST01088,1788059032000,NGN 135438.96,10157.92,NGN 145596.88,ngn,PAID
INV-000514,WO-000587,CUST00763,1754689848000,"357,914.84",NGN 26843.61,"NGN384,758.45",NGN,paid
INV-000515,WO-000588,CUST00150,23/03/2025,3600.00,270.00,"3,870.00",NGN,paid
INV-000516,WO-000589,CUST00871,1787511126000,"1,052,045.65",NGN 78903.42,NGN 1130949.07,NGN,partial
INV-000517,WO-000591,CUST00120,18/09/2024,"NGN147,124.87",NGN 11034.37,NGN 158159.24,NGN,paid
INV-000518,WO-000592,CUST00073,18/09/2024,"NGN536,330.76","NGN40,224.81","NGN576,555.57",NGN,paid
INV-000519,WO-000593,CUST00220,07/06/2026,169817.63,"NGN12,736.32","NGN182,553.95",NGN,written_off
INV-000520,WO-000594,CUST01087,27/08/2026,"NGN311,404.03",NGN 23355.30,NGN 334759.33,NGN,paid
INV-000521,WO-000595,CUST00833,2025-09-15 06:43:45,261392.46,NGN 19604.43,NGN 280996.89,NGN,paid
INV-000522,WO-000596,CUST01068,1726295165000,422934.49,"NGN31,720.09",NGN 454654.58,NGN,partial
INV-000523,WO-000597,CUST01085,14/04/2025,"NGN174,788.82","NGN13,109.16",187897.98,NGN,paid
INV-000524,WO-000598,CUST00150,05/01/2025,"1,025,907.76",NGN 76943.08,NGN 1102850.84,NGN,paid
INV-000525,WO-000600,CUST00806,1787493233000,NGN 1028503.57,"77,137.77",1105641.34,NGN,paid
INV-000526,WO-000601,CUST00050,2024-10-07 02:28:20,298775.05,"22,408.13","321,183.18",NGN,paid
INV-000527,WO-000602,CUST01116,23/05/2026,"NGN148,378.80","11,128.41",159507.21,NGN,unpaid
INV-000528,WO-000603,CUST00807,1750813374000,769826.23,NGN 57736.97,827563.20,NGN,partial
INV-000529,WO-000604,CUST00921,1773506591000,"896,348.25","67,226.12",NGN 963574.37,NGN,PAID
INV-000530,WO-000605,CUST02225,01/04/2026,NGN 249517.93,"NGN18,713.84","NGN268,231.77",NGN,unpaid
INV-000531,WO-000606,CUST00653,1765452517000,"NGN13,265.00",994.88,"14,259.88",NGN,unpaid
INV-000532,WO-000607,CUST00553,2025-11-05 16:40:00,"598,439.44","44,882.96","643,322.40",NGN,partial
INV-000533,WO-000608,CUST01123,1773410307000,NGN 413802.64,31035.20,"NGN444,837.84",NGN,paid
INV-000534,WO-000610,CUST01025,07/02/2026,"NGN42,971.25","NGN3,222.84",46194.09,NGN,paid
INV-000535,WO-000612,CUST00256,29/08/2026,NGN 809912.20,"60,743.42","NGN870,655.62",NGN,partial
INV-000536,WO-000614,CUST00356,2025-10-25 06:55:59,NGN 106503.86,"7,987.79","114,491.65",NGN,PAID
INV-000537,WO-000615,CUST00740,2026-07-03 16:28:01,193107.43,"NGN14,483.06",207590.49,NGN,PAID
INV-000538,WO-000617,CUST00202,2024-09-16 01:03:52,"577,335.13",NGN 43300.14,"NGN620,635.27",NGN,partial
INV-000539,WO-000618,CUST00093,21/10/2025,133111.34,9983.35,143094.69,NGN,PAID
INV-000540,WO-000619,CUST01050,1734927788000,"NGN14,650.00",1098.75,NGN 15748.75,NGN,PAID
INV-000541,WO-000620,CUST00322,1784098349000,101613.41,7621.01,"NGN109,234.42",NGN,paid
INV-000542,WO-000621,CUST01974,08/08/2025,"NGN924,149.28","69,311.20",993460.48,NGN,UNPAID
INV-000543,WO-000622,CUST00023,2025-03-22 15:53:25,277276.99,NGN 20795.77,298072.76,NGN,partial
INV-000544,WO-000623,CUST01157,2025-11-04 19:40:29,"NGN177,072.05","NGN13,280.40",NGN 190352.45,NGN,paid
INV-000545,WO-000624,CUST00794,2026-07-18 14:46:14,"7,805.00",NGN585.38,8390.38,NGN,PAID
INV-000546,WO-000627,CUST01124,2024-11-22 09:06:39,"76,994.63","5,774.60",82769.23,NGN,PAID
INV-000547,WO-000628,CUST00667,2026-04-14 16:01:05,"NGN477,486.03","35,811.45",NGN 513297.48,ngn,partial
INV-000548,WO-000629,CUST00369,21/08/2026,"22,900.17",NGN 1717.51,"NGN24,617.68",NGN,partial
INV-000549,WO-000630,CUST02301,1760952430000,"NGN15,200.00",1140.00,"16,340.00",NGN,unpaid
INV-000550,WO-000631,CUST01149,2025-11-12 22:16:31,6825.00,511.88,"NGN7,336.88",NGN,paid
INV-000551,WO-000632,CUST00933,1738349381000,412110.89,NGN 30908.32,NGN 443019.21,NGN,partial
INV-000552,WO-000633,CUST00147,09/06/2026,"NGN162,228.00",12167.10,NGN 174395.10,NGN,written_off
INV-000553,WO-000634,CUST00102,2025-01-03 06:59:06,NGN 582543.28,43690.75,626234.03,NGN,paid
INV-000554,WO-000635,CUST01054,15/06/2026,"NGN228,573.59",17143.02,"NGN245,716.61",NGN,PAID
INV-000555,WO-000636,CUST00808,24/05/2026,"408,159.94","30,612.00",NGN 438771.94,NGN,paid
INV-000556,WO-000637,CUST00679,09/11/2025,"NGN1,237,738.40",NGN 92830.38,NGN 1330568.78,NGN,partial
INV-000557,WO-000638,CUST00572,2025-12-08 17:09:22,"NGN1,216,025.05",91201.88,1307226.93,ngn,PAID
INV-000558,WO-000639,CUST00821,2025-10-12 00:13:39,NGN 20775.00,"NGN1,558.12","22,333.12",ngn,unpaid
INV-000559,WO-000640,CUST00796,1738216729000,9000.00,675.00,"9,675.00",NGN,PAID
INV-000560,WO-000641,CUST00978,17/05/2026,645350.33,NGN 48401.27,"693,751.60",NGN,paid
INV-000561,WO-000642,CUST00087,2024-12-21 21:46:41,"692,108.27","NGN51,908.12",NGN 744016.39,NGN,PAID
INV-000562,WO-000643,CUST00301,1756614212000,341633.35,"25,622.50",NGN 367255.85,NGN,paid
INV-000563,WO-000644,CUST00780,1753725986000,"55,670.64",NGN 4175.30,"59,845.94",NGN,paid
INV-000564,WO-000645,CUST00961,2026-01-15 03:37:52,NGN 8850.00,NGN663.75,NGN 9513.75,ngn,paid
INV-000565,WO-000646,CUST00069,25/01/2026,NGN 689530.56,NGN 51714.79,"NGN741,245.35",NGN,paid
INV-000566,WO-000648,CUST01083,1731114795000,"535,551.80",40166.38,575718.18,NGN,UNPAID
INV-000567,WO-000649,CUST00964,1747646400000,"6,370.00",477.75,NGN 6847.75,NGN,PAID
INV-000568,WO-000650,CUST00531,2025-11-03 18:54:37,"190,776.67",14308.25,NGN 205084.92,NGN,PAID
INV-000569,WO-000651,CUST01004,1746449838000,NGN 396142.61,"NGN29,710.70",425853.31,NGN,UNPAID
INV-000570,WO-000652,CUST00776,1735168246000,"609,587.57","NGN45,719.07",655306.64,NGN,UNPAID
INV-000571,WO-000653,CUST00314,1759512382000,1059965.20,79497.39,NGN 1139462.59,ngn,paid
INV-000572,WO-000654,CUST00924,1735258767000,"828,630.85",NGN 62147.31,"NGN890,778.16",NGN,paid
INV-000573,WO-000656,CUST01195,2025-09-07 05:20:04,"NGN746,259.25","55,969.44","802,228.69",ngn,PAID
INV-000574,WO-000658,CUST00978,2025-08-09 07:50:24,"NGN11,830.00",NGN 887.25,12717.25,NGN,PAID
INV-000575,WO-000661,CUST00052,24/04/2025,NGN 1017626.15,"76,321.96","1,093,948.11",ngn,paid
INV-000576,WO-000662,CUST01317,1739714872000,"1,544,894.74","115,867.11",1660761.85,NGN,PAID
INV-000577,WO-000663,CUST00047,1773651187000,"NGN125,768.96","9,432.67",135201.63,NGN,paid
INV-000578,WO-000664,CUST00098,2024-11-12 08:13:35,22320.00,"1,674.00",23994.00,NGN,UNPAID
INV-000579,WO-000665,CUST00762,1787799779000,"1,837,439.56","137,807.97","NGN1,975,247.53",NGN,paid
INV-000580,WO-000666,CUST00145,2026-08-12 11:32:31,NGN 43549.32,"NGN3,266.20","46,815.52",NGN,paid
INV-000581,WO-000667,CUST00354,1757997129000,201184.88,"15,088.87",NGN 216273.75,NGN,paid
INV-000582,WO-000668,CUST00872,18/01/2025,"124,393.64","NGN9,329.52","133,723.16",ngn,paid
INV-000583,WO-000669,CUST01181,2025-07-15 04:43:54,"NGN136,317.44","10,223.81",146541.25,NGN,paid
INV-000584,WO-000670,CUST01060,1742565360000,"1,086,562.50","81,492.19","1,168,054.69",NGN,paid
INV-000585,WO-000673,CUST00357,22/06/2026,NGN 320299.02,"NGN24,022.43",NGN 344321.45,NGN,paid
INV-000586,WO-000674,CUST00480,2025-03-11 17:18:56,NGN 613186.52,45988.99,659175.51,ngn,paid
INV-000587,WO-000675,CUST00807,1731873918000,54300.00,NGN 4072.50,"58,372.50",NGN,partial
INV-000588,WO-000676,CUST00586,15/12/2025,"99,708.61",7478.15,NGN 107186.76,NGN,partial
INV-000589,WO-000677,CUST00309,1754521733000,"NGN1,219,878.32",91490.87,1311369.19,NGN,unpaid
INV-000590,WO-000678,CUST00905,2025-06-30 22:22:20,"NGN648,595.13",48644.64,"NGN697,239.77",NGN,paid
INV-000591,WO-000679,CUST00744,2025-12-05 19:45:37,"NGN73,603.20",5520.24,"NGN79,123.44",NGN,paid
INV-000592,WO-000680,CUST00528,27/05/2026,"NGN465,115.89",34883.69,"499,999.58",ngn,partial
INV-000593,WO-000681,CUST01317,2025-12-31 23:59:10,"550,014.05","NGN41,251.05",591265.10,NGN,partial
INV-000594,WO-000682,CUST01848,22/10/2024,"NGN6,825.00",NGN511.88,NGN 7336.88,NGN,paid
INV-000595,WO-000683,CUST00062,1780369254000,"112,028.77","NGN8,402.16","120,430.93",NGN,paid
INV-000596,WO-000684,CUST00735,2025-10-08 01:41:19,788376.21,"59,128.22",NGN 847504.43,NGN,paid
INV-000597,WO-000685,CUST00581,1753141550000,935400.48,"NGN70,155.04","1,005,555.52",NGN,paid
INV-000598,WO-000686,CUST01105,2026-07-11 14:57:24,NGN 1261677.62,NGN 94625.82,1356303.44,NGN,unpaid
INV-000599,WO-000687,CUST01003,1727910634000,812746.95,60956.02,"873,702.97",NGN,paid
INV-000600,WO-000688,CUST00890,29/10/2025,315992.34,"NGN23,699.43","NGN339,691.77",NGN,written_off
INV-000601,WO-000689,CUST00200,2025-10-20 05:57:56,1533239.76,NGN 114992.98,NGN 1648232.74,NGN,paid
INV-000602,WO-000690,CUST01096,2026-05-19 15:30:10,"6,120.00",459.00,NGN 6579.00,NGN,partial
INV-000603,WO-000691,CUST00418,1742659239000,10350.00,NGN 776.25,"11,126.25",NGN,paid
INV-000604,WO-000692,CUST00132,14/06/2025,19550.00,1466.25,"21,016.25",NGN,paid
INV-000605,WO-000693,CUST01163,04/11/2024,"NGN194,175.19","NGN14,563.14","208,738.33",NGN,PAID
INV-000606,WO-000694,CUST00785,2026-01-20 03:36:28,527318.39,"NGN39,548.88","NGN566,867.27",NGN,paid
INV-000607,WO-000695,CUST00467,10/03/2025,"NGN1,702,692.29","127,701.92","1,830,394.21",ngn,PAID
INV-000608,WO-000696,CUST01176,2025-07-11 12:35:44,NGN 36470.00,"NGN2,735.25",NGN 39205.25,ngn,PAID
INV-000609,WO-000697,CUST01137,1762931782000,68471.50,"NGN5,135.36","NGN73,606.86",NGN,paid
INV-000610,WO-000698,CUST00186,2025-04-30 04:26:59,806692.22,"NGN60,501.92","NGN867,194.14",NGN,paid
INV-000611,WO-000699,CUST00295,30/11/2024,268729.07,20154.68,NGN 288883.75,NGN,PAID
INV-000612,WO-000700,CUST00054,1781809550000,NGN 80026.90,"NGN6,002.02",NGN 86028.92,NGN,PAID
INV-000613,WO-000701,CUST01267,2025-11-15 12:13:18,383554.83,28766.61,412321.44,ngn,paid
INV-000614,WO-000702,CUST00458,09/02/2025,"NGN6,625.00",496.88,"NGN7,121.88",NGN,partial
INV-000615,WO-000703,CUST00669,2026-07-11 17:13:42,NGN 7225.00,541.88,"7,766.88",NGN,paid
INV-000616,WO-000704,CUST00471,1771956055000,"402,335.30","30,175.15",NGN 432510.45,ngn,UNPAID
INV-000617,WO-000705,CUST01317,1744532928000,533511.11,NGN 40013.33,"NGN573,524.44",NGN,PAID
INV-000618,WO-000706,CUST01162,2025-10-31 19:43:36,315843.43,"NGN23,688.26",NGN 339531.69,NGN,paid
INV-000619,WO-000707,CUST01102,2024-10-30 04:08:32,"NGN116,289.82",NGN 8721.74,NGN 125011.56,NGN,PAID
INV-000620,WO-000708,CUST00210,1726910043000,"1,373,358.88","103,001.92",NGN 1476360.80,NGN,partial
INV-000621,WO-000709,CUST00608,1761548766000,NGN 578983.27,"NGN43,423.74",622407.01,NGN,paid
INV-000622,WO-000710,CUST00062,15/12/2024,"NGN476,669.31","NGN35,750.20","NGN512,419.51",NGN,partial
INV-000623,WO-000711,CUST01195,1771242808000,"NGN540,639.73",40547.98,NGN 581187.71,NGN,partial
INV-000624,WO-000712,CUST00586,2025-05-20 13:21:51,251583.47,"18,868.76","NGN270,452.23",NGN,UNPAID
INV-000625,WO-000713,CUST00091,15/09/2024,1013600.76,NGN 76020.06,"1,089,620.82",NGN,paid
INV-000626,WO-000714,CUST00315,25/12/2024,"NGN8,640.00",NGN 648.00,NGN 9288.00,NGN,PAID
INV-000627,WO-000715,CUST01149,21/01/2026,"NGN13,500.00","1,012.50",14512.50,NGN,paid
INV-000628,WO-000716,CUST00119,1770467299000,"1,169,613.76","NGN87,721.03",NGN 1257334.79,NGN,paid
INV-000629,WO-000717,CUST00453,21/06/2025,NGN 314330.47,23574.78,337905.25,NGN,PAID
INV-000630,WO-000719,CUST00763,11/02/2026,NGN 376376.87,28228.27,404605.14,NGN,partial
INV-000631,WO-000720,CUST00523,18/06/2025,"9,720.00",NGN729.00,"NGN10,449.00",NGN,PAID
INV-000632,WO-000721,CUST00946,1769985763000,NGN 50244.07,"NGN3,768.31",54012.38,NGN,paid
INV-000633,WO-000722,CUST00483,19/01/2026,"NGN11,340.00",NGN 850.50,12190.50,NGN,written_off
INV-000634,WO-000723,CUST01031,1733425644000,680371.96,51027.90,"NGN731,399.86",NGN,UNPAID
INV-000635,WO-000724,CUST00872,15/07/2026,NGN 374649.75,"28,098.73","402,748.48",ngn,paid
INV-000636,WO-000725,CUST00610,13/04/2025,"NGN282,024.90",21151.87,"303,176.77",NGN,partial
INV-000637,WO-000726,CUST00577,10/05/2026,NGN 135582.54,"10,168.69","NGN145,751.23",NGN,UNPAID
INV-000638,WO-000727,CUST01752,2026-05-07 21:00:56,"NGN32,220.00",NGN 2416.50,"34,636.50",NGN,paid
INV-000639,WO-000728,CUST00340,1765974754000,"169,346.33",12700.97,"182,047.30",NGN,unpaid
INV-000640,WO-000729,CUST00712,1757394996000,"182,049.78",13653.73,"195,703.51",NGN,PAID
INV-000641,WO-000731,CUST00605,13/01/2026,NGN 465904.91,NGN 34942.87,500847.78,ngn,partial
INV-000642,WO-000732,CUST00497,02/03/2025,1039073.64,NGN 77930.52,"1,117,004.16",NGN,paid
INV-000643,WO-000733,CUST01032,1741453070000,158125.43,NGN 11859.41,NGN 169984.84,ngn,paid
INV-000644,WO-000736,CUST00614,22/06/2026,"715,566.72","NGN53,667.50","NGN769,234.22",NGN,paid
INV-000645,WO-000737,CUST00556,2025-05-29 02:40:18,"1,187,861.14","89,089.59","NGN1,276,950.73",NGN,paid
INV-000646,WO-000738,CUST01158,2025-03-01 11:50:18,NGN 94085.14,7056.39,"101,141.53",NGN,paid
INV-000647,WO-000739,CUST00485,1769073027000,NGN 333319.67,"NGN24,998.97","NGN358,318.64",ngn,PAID
INV-000648,WO-000740,CUST00850,2026-04-11 15:07:33,"525,113.35","NGN39,383.50","564,496.85",NGN,paid
INV-000649,WO-000741,CUST00151,2024-10-07 06:47:46,1210145.95,90760.95,"1,300,906.90",NGN,partial
INV-000650,WO-000742,CUST00524,2025-07-04 20:27:14,NGN 523254.92,NGN 39244.12,NGN 562499.04,NGN,paid
INV-000651,WO-000744,CUST00306,1788128084000,"256,127.55","19,209.57","275,337.12",NGN,PAID
INV-000652,WO-000745,CUST00314,27/12/2024,602608.87,45195.67,"NGN647,804.54",NGN,PAID
INV-000653,WO-000746,CUST01373,13/12/2025,"NGN305,922.58",22944.19,"NGN328,866.77",NGN,unpaid
INV-000654,WO-000747,CUST00740,25/02/2025,"850,577.31","NGN63,793.30",914370.61,NGN,partial
INV-000655,WO-000748,CUST01036,2024-09-16 13:26:31,NGN 1648686.60,123651.50,"NGN1,772,338.10",NGN,PAID
INV-000656,WO-000750,CUST00303,2025-01-02 18:47:06,"153,076.16","NGN11,480.71",164556.87,NGN,paid
INV-000657,WO-000751,CUST00146,30/03/2026,"332,922.56","24,969.19",NGN 357891.75,NGN,UNPAID
INV-000658,WO-000752,CUST00801,1757745313000,"113,003.77","8,475.28",121479.05,NGN,paid
INV-000659,WO-000753,CUST00735,2026-04-05 03:09:28,"10,440.00",783.00,"11,223.00",NGN,paid
INV-000660,WO-000755,CUST00569,1754142292000,"116,111.23",NGN 8708.34,"124,819.57",NGN,unpaid
INV-000661,WO-000756,CUST00929,25/05/2026,"372,059.06","NGN27,904.43","NGN399,963.49",NGN,partial
INV-000662,WO-000759,CUST01022,06/01/2025,"185,573.80","NGN13,918.04",199491.84,NGN,unpaid
INV-000663,WO-000760,CUST00820,1740298508000,NGN 805160.06,60387.00,"NGN865,547.06",NGN,PAID
INV-000664,WO-000761,CUST01188,1779681662000,"1,023,394.22",NGN 76754.57,"NGN1,100,148.79",NGN,PAID
INV-000665,WO-000762,CUST00279,15/01/2025,"NGN280,220.66",NGN 21016.55,NGN 301237.21,NGN,PAID
INV-000666,WO-000763,CUST01604,2026-05-31 18:24:39,553803.34,41535.25,"595,338.59",NGN,paid
INV-000667,WO-000764,CUST00341,1737212179000,"5,175.00",NGN 388.12,5563.12,ngn,paid
INV-000668,WO-000765,CUST01147,2024-12-27 10:08:09,"13,860.00",1039.50,NGN 14899.50,NGN,paid
INV-000669,WO-000766,CUST00892,2025-09-29 14:02:32,41601.70,3120.13,"44,721.83",NGN,partial
INV-000670,WO-000767,CUST00111,1784850043000,"NGN30,559.32","NGN2,291.95","32,851.27",NGN,partial
INV-000671,WO-000768,CUST00373,2026-05-15 18:34:02,8250.00,618.75,"8,868.75",NGN,paid
INV-000672,WO-000769,CUST00099,1773110290000,"NGN1,168,058.48","NGN87,604.39","1,255,662.87",ngn,partial
INV-000673,WO-000770,CUST00798,1760766632000,NGN 321102.32,NGN 24082.67,"NGN345,184.99",NGN,unpaid
INV-000674,WO-000771,CUST00043,29/04/2025,NGN 367997.80,"27,599.83",395597.63,NGN,partial
INV-000675,WO-000772,CUST00158,1758738114000,NGN 831167.48,"62,337.56",NGN 893505.04,NGN,paid
INV-000676,WO-000773,CUST00665,20/10/2025,NGN 18050.00,NGN 1353.75,"NGN19,403.75",NGN,paid
INV-000677,WO-000774,CUST01025,1787650881000,"143,332.86",10749.96,NGN 154082.82,NGN,paid
INV-000678,WO-000775,CUST00314,03/03/2026,"NGN282,059.21",21154.44,303213.65,NGN,paid
INV-000679,WO-000776,CUST00668,2024-12-09 03:56:10,NGN 97874.73,"NGN7,340.60","NGN105,215.33",NGN,UNPAID
INV-000680,WO-000777,CUST01137,2024-10-20 22:30:13,85604.05,"6,420.30","NGN92,024.35",NGN,partial
INV-000681,WO-000778,CUST00838,2026-08-09 13:04:36,"76,664.07",5749.81,82413.88,NGN,unpaid
INV-000682,WO-000780,CUST00799,27/10/2024,"NGN283,324.15","21,249.31","NGN304,573.46",NGN,PAID
INV-000683,WO-000781,CUST01152,28/01/2026,802611.64,60195.87,"NGN862,807.51",NGN,paid
INV-000684,WO-000782,CUST00807,1751530987000,"NGN577,631.93",43322.39,NGN 620954.32,NGN,paid
INV-000685,WO-000783,CUST00548,1757070907000,790786.26,NGN 59308.97,850095.23,NGN,UNPAID
INV-000686,WO-000784,CUST00914,15/02/2025,"NGN89,767.79","6,732.58",96500.37,NGN,paid
INV-000687,WO-000786,CUST00269,1755428930000,"50,650.00",3798.75,"54,448.75",ngn,paid
INV-000688,WO-000787,CUST00620,09/09/2025,"NGN1,261,583.89",94618.79,"1,356,202.68",ngn,paid
INV-000689,WO-000788,CUST00576,07/05/2026,"NGN325,708.89","24,428.17","NGN350,137.06",NGN,paid
INV-000690,WO-000789,CUST00425,28/01/2026,NGN 244389.98,"NGN18,329.25","NGN262,719.23",NGN,PAID
INV-000691,WO-000790,CUST00420,2025-06-27 19:45:04,"77,482.54",NGN 5811.19,83293.73,NGN,unpaid
INV-000692,WO-000791,CUST00156,1787404501000,"NGN13,375.00",1003.12,NGN 14378.12,NGN,unpaid
INV-000693,WO-000793,CUST00838,1788079457000,NGN 58342.23,4375.67,"62,717.90",NGN,paid
INV-000694,WO-000794,CUST00233,1729606029000,NGN 229511.45,NGN 17213.36,"246,724.81",NGN,paid
INV-000695,WO-000795,CUST00163,16/01/2026,NGN 15975.00,"1,198.12",NGN 17173.12,ngn,paid
INV-000696,WO-000796,CUST00269,1774017697000,506003.98,"37,950.30","NGN543,954.28",NGN,paid
INV-000697,WO-000797,CUST00578,2026-03-07 14:26:48,"NGN412,012.96","NGN30,900.97",NGN 442913.93,NGN,PAID
INV-000698,WO-000798,CUST00431,2025-08-03 17:10:48,1000.00,NGN 75.00,1075.00,NGN,unpaid
INV-000699,WO-000799,CUST00659,15/10/2024,"61,532.40",4614.93,NGN 66147.33,NGN,partial
INV-000700,WO-000800,CUST01649,01/04/2025,"475,900.41","35,692.53",511592.94,NGN,UNPAID
INV-000701,WO-000802,CUST00917,1771759105000,NGN 819279.69,"61,445.98",NGN 880725.67,NGN,written_off
INV-000702,WO-000803,CUST00660,2024-12-31 15:47:07,"NGN1,158,403.84","NGN86,880.29",NGN 1245284.13,NGN,partial
INV-000703,WO-000804,CUST00869,1728735774000,"NGN97,300.00","7,297.50","NGN104,597.50",NGN,written_off
INV-000704,WO-000805,CUST00070,1778925452000,NGN 92011.99,NGN 6900.90,98912.89,NGN,paid
INV-000705,WO-000806,CUST00420,2024-12-31 07:09:33,"702,287.60","52,671.57",754959.17,NGN,unpaid
INV-000706,WO-000807,CUST00289,2026-06-29 06:11:26,293140.29,NGN 21985.52,"315,125.81",ngn,paid
INV-000707,WO-000808,CUST00128,21/09/2024,NGN 220305.48,"16,522.91","NGN236,828.39",ngn,PAID
INV-000708,WO-000811,CUST00848,03/04/2025,"16,400.00","NGN1,230.00","NGN17,630.00",ngn,paid
INV-000709,WO-000812,CUST00202,1760261172000,"NGN418,410.27","NGN31,380.77","NGN449,791.04",NGN,PAID
INV-000710,WO-000813,CUST00150,1746551325000,"340,579.40","25,543.45",366122.85,NGN,UNPAID
INV-000711,WO-000814,CUST00563,2026-08-18 20:56:52,NGN 7025.00,NGN526.88,"7,551.88",NGN,PAID
INV-000712,WO-000815,CUST01177,12/06/2025,NGN 319414.99,NGN 23956.12,NGN 343371.11,NGN,unpaid
INV-000713,WO-000816,CUST01862,1735418074000,346733.44,NGN 26005.01,"372,738.45",NGN,paid
INV-000714,WO-000817,CUST01166,2025-03-10 07:17:56,"415,839.49","31,187.96","447,027.45",NGN,paid
INV-000715,WO-000818,CUST00661,18/07/2026,"231,755.42","17,381.66","249,137.08",NGN,paid
INV-000716,WO-000819,CUST00606,01/06/2026,"120,700.00",9052.50,"129,752.50",NGN,unpaid
INV-000717,WO-000820,CUST01165,2024-09-29 06:03:46,NGN 31573.00,"2,367.98","33,940.98",NGN,paid
INV-000718,WO-000823,CUST00007,24/08/2025,NGN 26730.76,"2,004.81","NGN28,735.57",NGN,PAID
INV-000719,WO-000824,CUST01164,1780265022000,25425.00,1906.88,NGN 27331.88,NGN,PAID
INV-000720,WO-000825,CUST00421,1766640841000,"NGN420,693.60",31552.02,"NGN452,245.62",NGN,PAID
INV-000721,WO-000826,CUST01132,2026-05-11 01:24:57,"NGN890,899.55",NGN 66817.47,NGN 957717.02,NGN,UNPAID
INV-000722,WO-000827,CUST00023,14/07/2026,"NGN322,624.53","24,196.84",NGN 346821.37,NGN,unpaid
INV-000723,WO-000828,CUST00815,2024-12-10 23:52:47,278100.00,"NGN20,857.50",298957.50,NGN,unpaid
INV-000724,WO-000829,CUST00929,24/11/2025,"1,151,869.27","86,390.19",1238259.46,NGN,paid
INV-000725,WO-000830,CUST00044,18/01/2026,475198.76,"NGN35,639.91","NGN510,838.67",NGN,PAID
INV-000726,WO-000831,CUST00280,12/04/2025,"585,788.92",NGN 43934.17,"NGN629,723.09",NGN,PAID
INV-000727,WO-000833,CUST00312,22/09/2024,"183,049.48",NGN 13728.71,"NGN196,778.19",NGN,PAID
INV-000728,WO-000834,CUST00779,1779318662000,"NGN430,629.80","NGN32,297.24","NGN462,927.04",NGN,paid
INV-000729,WO-000835,CUST01218,1780131761000,"NGN127,003.35","9,525.25","136,528.60",NGN,paid
INV-000730,WO-000836,CUST00031,18/10/2024,132804.08,"NGN9,960.31",142764.39,NGN,paid
INV-000731,WO-000837,CUST00886,10/02/2026,NGN 273612.88,NGN 20520.97,"NGN294,133.85",NGN,paid
INV-000732,WO-000838,CUST01168,2025-08-03 07:54:32,1304502.92,"97,837.72",NGN 1402340.64,ngn,paid
INV-000733,WO-000839,CUST01108,30/07/2026,201038.51,"NGN15,077.89",216116.40,NGN,PAID
INV-000734,WO-000840,CUST00523,29/10/2024,7455.00,559.12,"NGN8,014.12",NGN,UNPAID
INV-000735,WO-000841,CUST00975,2024-09-16 20:38:18,NGN 61524.65,NGN 4614.35,NGN 66139.00,NGN,partial
INV-000736,WO-000843,CUST00179,1772186160000,"NGN553,725.37","NGN41,529.40","NGN595,254.77",NGN,written_off
INV-000737,WO-000844,CUST00815,1771590226000,7275.00,545.62,"7,820.62",NGN,partial
INV-000738,WO-000845,CUST01267,31/10/2024,"307,738.15",23080.36,330818.51,NGN,unpaid
INV-000739,WO-000846,CUST00826,1781977257000,4230.00,317.25,"4,547.25",NGN,partial
INV-000740,WO-000848,CUST00352,1762988627000,"113,019.86","8,476.49","NGN121,496.35",NGN,partial
INV-000741,WO-000849,CUST00640,20/06/2025,2075.00,NGN 155.62,2230.62,NGN,paid
INV-000742,WO-000850,CUST00065,05/06/2025,"942,549.50","NGN70,691.21","NGN1,013,240.71",NGN,unpaid
INV-000743,WO-000852,CUST00998,2026-06-17 08:45:54,NGN 6225.00,466.88,6691.88,NGN,paid
INV-000744,WO-000853,CUST02123,28/07/2026,NGN 302329.77,NGN 22674.73,"NGN325,004.50",NGN,paid
INV-000745,WO-000854,CUST00945,1754395048000,NGN 561132.39,"NGN42,084.93",603217.32,NGN,PAID
INV-000746,WO-000855,CUST00226,2025-09-28 16:07:18,NGN 86395.99,NGN 6479.70,"92,875.69",NGN,paid
INV-000747,WO-000856,CUST00909,2025-01-01 07:39:40,"305,764.35","22,932.33","NGN328,696.68",ngn,paid
INV-000748,WO-000857,CUST00980,2026-05-30 15:24:52,"1,035,109.27","77,633.20","1,112,742.47",NGN,paid
INV-000749,WO-000858,CUST00730,12/10/2024,"NGN1,027,557.82","NGN77,066.84",1104624.66,NGN,paid
INV-000750,WO-000859,CUST00858,1742094511000,65235.29,4892.65,NGN 70127.94,NGN,unpaid
INV-000751,WO-000860,CUST00787,2024-12-04 20:12:57,"NGN421,194.82",NGN 31589.61,"452,784.43",NGN,paid
INV-000752,WO-000861,CUST00158,1769338746000,"20,685.00","1,551.38","22,236.38",NGN,paid
INV-000753,WO-000862,CUST00662,11/01/2025,"9,150.00",686.25,9836.25,NGN,unpaid
INV-000754,WO-000863,CUST00747,2026-06-01 00:54:16,129013.97,NGN 9676.05,NGN 138690.02,NGN,UNPAID
INV-000755,WO-000864,CUST01056,1729888810000,NGN 627096.31,47032.22,674128.53,NGN,paid
INV-000756,WO-000865,CUST01747,1755953117000,NGN 277480.34,20811.03,"298,291.37",NGN,PAID
INV-000757,WO-000866,CUST00623,1743290524000,NGN 592747.17,44456.04,NGN 637203.21,ngn,written_off
INV-000758,WO-000867,CUST01156,02/01/2026,"2,825.00",211.87,"NGN3,036.87",NGN,partial
INV-000759,WO-000868,CUST00662,1766081591000,NGN 570844.33,42813.32,NGN 613657.65,NGN,PAID
INV-000760,WO-000869,CUST00570,2025-07-26 16:14:51,NGN 618830.03,"46,412.25",665242.28,NGN,PAID
INV-000761,WO-000870,CUST00870,2025-03-20 23:44:41,"NGN788,201.94",59115.15,NGN 847317.09,ngn,paid
INV-000762,WO-000872,CUST01148,1753455392000,"NGN18,271.53",NGN 1370.36,19641.89,NGN,partial
INV-000763,WO-000873,CUST00762,2026-03-12 13:46:51,"547,552.68","41,066.45","NGN588,619.13",NGN,paid
INV-000764,WO-000874,CUST00557,10/03/2026,8850.00,663.75,NGN 9513.75,NGN,paid
INV-000765,WO-000875,CUST00278,1744197738000,"NGN233,059.29",17479.45,"250,538.74",NGN,PAID
INV-000766,WO-000876,CUST00106,2026-05-23 10:57:37,369668.85,"27,725.16",NGN 397394.01,NGN,paid
INV-000767,WO-000877,CUST00390,13/07/2025,NGN 12040.00,903.00,12943.00,NGN,UNPAID
INV-000768,WO-000879,CUST00927,03/07/2025,NGN 89873.79,NGN 6740.53,96614.32,NGN,PAID
INV-000769,WO-000880,CUST00461,11/02/2025,"NGN1,715.00",128.62,1843.62,NGN,paid
INV-000770,WO-000881,CUST00426,25/04/2025,"336,049.14","25,203.69","361,252.83",NGN,unpaid
INV-000771,WO-000882,CUST01108,1732488249000,"NGN1,418,560.93","NGN106,392.07",NGN 1524953.00,NGN,PAID
INV-000772,WO-000883,CUST00017,1766436351000,NGN 227383.37,"17,053.75",244437.12,NGN,paid
INV-000773,WO-000884,CUST00531,2024-09-26 14:13:19,146534.17,10990.06,157524.23,NGN,PAID
INV-000774,WO-000885,CUST00061,1741288145000,5075.00,NGN380.62,"NGN5,455.62",ngn,partial
INV-000775,WO-000886,CUST01283,2025-12-16 18:17:31,"160,261.88","NGN12,019.64",NGN 172281.52,NGN,partial
INV-000776,WO-000887,CUST01123,2025-12-21 10:15:52,594661.20,44599.59,NGN 639260.79,ngn,paid
INV-000777,WO-000888,CUST00642,2024-11-25 11:44:37,NGN 1919940.33,NGN 143995.52,"NGN2,063,935.85",NGN,unpaid
INV-000778,WO-000889,CUST00147,04/05/2026,19530.00,NGN 1464.75,NGN 20994.75,NGN,paid
INV-000779,WO-000890,CUST00453,1747423707000,"468,870.73","35,165.30",504036.03,NGN,PAID
INV-000780,WO-000891,CUST00615,2026-01-08 11:04:15,3225.00,NGN241.88,"NGN3,466.88",NGN,paid
INV-000781,WO-000892,CUST00530,2026-07-06 16:34:35,"NGN1,960.00",147.00,2107.00,NGN,unpaid
INV-000782,WO-000894,CUST00199,2025-12-26 08:51:19,NGN 906833.66,68012.52,"NGN974,846.18",NGN,paid
INV-000783,WO-000895,CUST00300,2025-01-18 22:16:33,"NGN420,493.78","NGN31,537.03",452030.81,NGN,PAID
INV-000784,WO-000896,CUST00996,1771847965000,NGN 202396.33,15179.72,217576.05,NGN,PAID
INV-000785,WO-000897,CUST00487,20/04/2026,"510,405.19",NGN 38280.39,548685.58,ngn,paid
INV-000786,WO-000898,CUST01020,2025-06-16 00:42:41,121174.73,NGN 9088.11,130262.84,NGN,unpaid
INV-000787,WO-000899,CUST00263,19/06/2026,671539.00,"NGN50,365.43","721,904.43",NGN,paid
INV-000788,WO-000900,CUST00185,1768379332000,"NGN502,435.69",37682.68,"540,118.37",NGN,paid
INV-000789,WO-000901,CUST00823,2025-02-01 06:44:18,NGN 854501.94,64087.65,NGN 918589.59,NGN,paid
INV-000790,WO-000902,CUST00503,08/08/2026,NGN 634217.05,"NGN47,566.28",681783.33,NGN,paid
INV-000791,WO-000903,CUST00914,2025-11-08 08:34:04,69958.43,NGN 5246.88,75205.31,NGN,partial
INV-000792,WO-000904,CUST00318,1766271779000,348333.62,NGN 26125.02,"374,458.64",NGN,UNPAID
INV-000793,WO-000905,CUST00860,01/04/2026,"218,272.41","16,370.43","234,642.84",NGN,PAID
INV-000794,WO-000906,CUST00681,02/02/2025,"1,314,489.13",98586.68,NGN 1413075.81,ngn,PAID
INV-000795,WO-000908,CUST00270,24/01/2025,"390,362.81",29277.21,"419,640.02",NGN,partial
INV-000796,WO-000909,CUST00904,2025-11-07 15:02:07,167545.49,NGN 12565.91,"NGN180,111.40",NGN,paid
INV-000797,WO-000910,CUST01106,1770772443000,NGN 187774.46,NGN 14083.08,NGN 201857.54,NGN,paid
INV-000798,WO-000912,CUST00782,1748596381000,"799,265.07",NGN 59944.88,"859,209.95",NGN,paid
INV-000799,WO-000914,CUST00194,1748046389000,"NGN1,925.00",NGN144.38,"2,069.38",NGN,partial
INV-000800,WO-000915,CUST00161,09/05/2026,"249,160.16",18687.01,"267,847.17",NGN,partial
INV-000801,WO-000916,CUST00392,2026-01-05 18:24:09,NGN 276878.73,"20,765.91",297644.64,NGN,UNPAID
INV-000802,WO-000918,CUST00581,2025-03-27 09:11:40,NGN 2240.00,NGN168.00,NGN 2408.00,NGN,paid
INV-000803,WO-000919,CUST00771,2025-03-10 14:41:58,19875.00,"NGN1,490.62","NGN21,365.62",NGN,PAID
INV-000804,WO-000920,CUST01012,1741975272000,"NGN1,266,511.90","NGN94,988.39","1,361,500.29",NGN,written_off
INV-000805,WO-000922,CUST00130,2024-09-25 23:08:05,"NGN1,397,805.85","NGN104,835.44","1,502,641.29",NGN,paid
INV-000806,WO-000923,CUST00884,1742651209000,"NGN562,153.46","42,161.51",604314.97,NGN,unpaid
INV-000807,WO-000925,CUST01723,30/12/2025,719467.72,53960.08,773427.80,NGN,unpaid
INV-000808,WO-000926,CUST01576,1731663130000,NGN 93060.00,"NGN6,979.50","NGN100,039.50",NGN,paid
INV-000809,WO-000927,CUST00234,27/08/2025,76782.26,"NGN5,758.67","NGN82,540.93",NGN,written_off
INV-000810,WO-000928,CUST00191,2026-03-29 05:19:28,NGN 205502.84,"15,412.71","220,915.55",NGN,unpaid
INV-000811,WO-000929,CUST00707,1788204249000,200666.38,"15,049.98",215716.36,NGN,partial
INV-000812,WO-000930,CUST00441,1729116996000,NGN 253923.00,NGN 19044.23,"NGN272,967.23",NGN,partial
INV-000813,WO-000931,CUST00776,20/06/2026,"67,950.00",NGN 5096.25,NGN 73046.25,NGN,PAID
INV-000814,WO-000932,CUST00322,16/05/2026,"469,435.74","35,207.68",504643.42,ngn,paid
INV-000815,WO-000934,CUST00223,16/11/2024,"NGN943,645.25",70773.39,"NGN1,014,418.64",ngn,PAID
INV-000816,WO-000935,CUST00420,2026-04-13 05:43:01,1034416.88,"77,581.27","NGN1,111,998.15",NGN,unpaid
INV-000817,WO-000936,CUST02300,2026-02-15 15:10:13,"NGN112,923.21","NGN8,469.24","121,392.45",NGN,UNPAID
INV-000818,WO-000937,CUST01124,31/07/2026,"246,712.20",18503.41,"265,215.61",NGN,unpaid
INV-000819,WO-000938,CUST00858,23/03/2025,"1,461,546.16",109615.96,1571162.12,NGN,paid
INV-000820,WO-000939,CUST00879,2025-04-21 14:18:27,NGN 229705.67,"17,227.93","246,933.60",NGN,paid
INV-000821,WO-000940,CUST01061,1784337331000,47173.22,"3,537.99","NGN50,711.21",NGN,UNPAID
INV-000822,WO-000941,CUST01024,1757339314000,NGN 291930.18,21894.76,313824.94,NGN,unpaid
INV-000823,WO-000942,CUST00569,18/04/2026,"NGN763,682.13",57276.16,NGN 820958.29,NGN,paid
INV-000824,WO-000943,CUST00156,18/04/2025,"NGN986,163.68",NGN 73962.28,"NGN1,060,125.96",ngn,unpaid
INV-000825,WO-000944,CUST00119,1745482882000,"50,893.40","3,817.00",54710.40,NGN,paid
INV-000826,WO-000946,CUST00235,1743749872000,"NGN77,187.26",5789.04,"82,976.30",ngn,paid
INV-000827,WO-000947,CUST00311,1764092115000,250669.42,NGN 18800.21,"NGN269,469.63",NGN,paid
INV-000828,WO-000948,CUST00217,26/01/2026,"1,246,476.33","93,485.73",NGN 1339962.06,NGN,paid
INV-000829,WO-000950,CUST00146,2026-03-09 14:41:39,"2,850.00",NGN 213.75,3063.75,NGN,unpaid
INV-000830,WO-000951,CUST00574,23/02/2026,"NGN571,143.92","42,835.79","613,979.71",NGN,UNPAID
INV-000831,WO-000953,CUST00072,06/02/2025,"166,766.28","NGN12,507.47","NGN179,273.75",NGN,PAID
INV-000832,WO-000954,CUST00239,2025-01-21 02:25:55,"NGN1,335,530.71","100,164.80","1,435,695.51",NGN,paid
INV-000833,WO-000955,CUST01017,2024-11-12 18:09:46,275130.00,20634.75,"295,764.75",NGN,paid
INV-000834,WO-000956,CUST00396,1771315621000,NGN 573208.34,42990.63,"NGN616,198.97",NGN,partial
INV-000835,WO-000957,CUST00592,05/06/2026,NGN 1792537.11,134440.28,1926977.39,NGN,paid
INV-000836,WO-000958,CUST00135,11/11/2025,"4,445.00",333.38,"4,778.38",NGN,PAID
INV-000837,WO-000959,CUST02300,1731273318000,"NGN90,358.19","6,776.86","NGN97,135.05",NGN,unpaid
INV-000838,WO-000960,CUST01005,1749154458000,85196.88,"NGN6,389.77",91586.65,NGN,paid
INV-000839,WO-000961,CUST00911,30/10/2024,"488,408.20",36630.62,"NGN525,038.82",NGN,paid
INV-000840,WO-000962,CUST00755,1772450667000,NGN 674316.07,NGN 50573.71,"724,889.78",NGN,PAID
INV-000841,WO-000963,CUST00904,2025-06-14 23:57:31,"347,979.53","NGN26,098.47",NGN 374078.00,NGN,paid
INV-000842,WO-000964,CUST01079,28/11/2024,NGN 161489.13,NGN 12111.68,"NGN173,600.81",NGN,UNPAID
INV-000843,WO-000965,CUST00549,2025-08-14 18:58:53,"NGN2,304,119.97","172,809.00",2476928.97,ngn,unpaid
INV-000844,WO-000966,CUST00365,15/12/2025,NGN 145872.86,"NGN10,940.46",156813.32,NGN,paid
INV-000845,WO-000967,CUST00209,1731636654000,1050284.20,78771.32,"NGN1,129,055.52",NGN,paid
INV-000846,WO-000968,CUST00503,1762226206000,NGN 14350.00,"1,076.25",NGN 15426.25,ngn,PAID
INV-000847,WO-000971,CUST00981,1759365314000,NGN 768663.54,"NGN57,649.77","826,313.31",NGN,written_off
INV-000848,WO-000972,CUST00613,1760216764000,"722,320.15","NGN54,174.01","776,494.16",NGN,paid
INV-000849,WO-000974,CUST01156,04/04/2025,NGN 244537.46,18340.31,262877.77,ngn,partial
INV-000850,WO-000975,CUST00436,03/03/2026,"139,176.23","NGN10,438.22","NGN149,614.45",NGN,written_off
INV-000851,WO-000976,CUST01185,1775064529000,"NGN110,186.65","8,264.00",118450.65,NGN,written_off
INV-000852,WO-000977,CUST00535,21/08/2026,524500.57,39337.54,"563,838.11",NGN,paid
INV-000853,WO-000978,CUST00580,23/05/2026,888972.70,"NGN66,672.95",NGN 955645.65,NGN,UNPAID
INV-000854,WO-000980,CUST01118,1737251307000,"163,422.86","NGN12,256.71","NGN175,679.57",NGN,paid
INV-000855,WO-000981,CUST00079,04/03/2025,"165,993.10","NGN12,449.48",NGN 178442.58,ngn,paid
INV-000856,WO-000983,CUST00288,1770683415000,"NGN391,575.33","29,368.15",420943.48,ngn,unpaid
INV-000857,WO-000985,CUST00310,1759105157000,171291.12,"12,846.83","184,137.95",NGN,paid
INV-000858,WO-000986,CUST00845,20/01/2026,NGN 6975.00,523.12,NGN 7498.12,NGN,paid
INV-000859,WO-000987,CUST00919,16/03/2026,"1,930,472.77","NGN144,785.46","NGN2,075,258.23",NGN,PAID
INV-000860,WO-000988,CUST00718,2024-11-18 05:29:04,45254.03,3394.05,"NGN48,648.08",NGN,UNPAID
INV-000861,WO-000989,CUST00122,1755933457000,1126515.27,NGN 84488.65,1211003.92,NGN,paid
INV-000862,WO-000990,CUST00891,28/05/2025,"272,802.25",20460.17,"293,262.42",NGN,PAID
INV-000863,WO-000991,CUST00893,2025-07-22 20:03:36,249559.48,NGN 18716.96,268276.44,NGN,PAID
INV-000864,WO-000992,CUST01314,31/10/2024,"123,846.75",NGN 9288.51,"133,135.26",NGN,partial
INV-000865,WO-000993,CUST02033,2025-04-19 14:06:31,"36,163.40","2,712.25",NGN 38875.65,NGN,partial
INV-000866,WO-000995,CUST00721,01/02/2026,1107324.68,NGN 83049.35,NGN 1190374.03,NGN,PAID
INV-000867,WO-000996,CUST00447,20/05/2026,"NGN214,709.50",16103.21,"230,812.71",NGN,paid
INV-000868,WO-000997,CUST00642,2026-07-29 08:40:31,NGN 118963.33,8922.25,NGN 127885.58,NGN,PAID
INV-000869,WO-000998,CUST02139,08/12/2025,NGN 342852.43,"25,713.93",NGN 368566.36,NGN,paid
INV-000870,WO-000999,CUST00713,1768318998000,"9,875.00",740.62,NGN 10615.62,NGN,paid
INV-000871,WO-001000,CUST00150,1788376604000,"523,323.34",NGN 39249.25,562572.59,NGN,PAID
INV-000872,WO-001001,CUST00868,1785109071000,NGN 19125.00,"NGN1,434.38",20559.38,NGN,paid
INV-000873,WO-001002,CUST01146,1771255268000,NGN 6840.00,NGN513.00,7353.00,ngn,paid
INV-000874,WO-001003,CUST02389,2026-06-22 05:12:16,"517,927.67","NGN38,844.58","556,772.25",NGN,partial
INV-000875,WO-001004,CUST00883,1763730512000,411536.44,"NGN30,865.23",442401.67,NGN,partial
INV-000876,WO-001005,CUST00835,2026-05-09 03:14:16,"176,609.80",NGN 13245.73,189855.53,ngn,partial
INV-000877,WO-001006,CUST01055,2025-04-13 09:30:54,34200.00,NGN 2565.00,NGN 36765.00,NGN,partial
INV-000878,WO-001008,CUST00363,07/06/2025,466564.55,34992.34,"501,556.89",ngn,written_off
INV-000879,WO-001009,CUST00896,1745387103000,271639.00,"NGN20,372.93",NGN 292011.93,NGN,paid
INV-000880,WO-001010,CUST01181,03/10/2025,NGN 695679.20,NGN 52175.94,747855.14,NGN,PAID
INV-000881,WO-001011,CUST00029,1758978609000,"NGN7,470.00",560.25,"8,030.25",NGN,PAID
INV-000882,WO-001012,CUST00358,2025-06-27 02:55:45,NGN 422382.98,NGN 31678.72,"NGN454,061.70",NGN,paid
INV-000883,WO-001013,CUST00946,27/09/2025,"NGN1,681,269.33",NGN 126095.20,NGN 1807364.53,NGN,paid
INV-000884,WO-001014,CUST01149,1743538140000,"297,813.30",NGN 22336.00,NGN 320149.30,NGN,unpaid
INV-000885,WO-001015,CUST01148,15/12/2025,NGN 25275.00,"NGN1,895.62",27170.62,NGN,paid
INV-000886,WO-001016,CUST00518,1734395524000,"4,750.00",356.25,NGN 5106.25,NGN,paid
INV-000887,WO-001017,CUST00455,1767005650000,6900.00,517.50,7417.50,NGN,UNPAID
INV-000888,WO-001019,CUST00255,2024-10-09 02:23:19,NGN 11700.00,NGN877.50,"12,577.50",ngn,paid
INV-000889,WO-001020,CUST00092,22/06/2025,"155,346.17","NGN11,650.96","NGN166,997.13",NGN,paid
INV-000890,WO-001021,CUST01047,2025-03-16 20:43:38,"NGN904,012.97","67,800.97",NGN 971813.94,NGN,paid
INV-000891,WO-001022,CUST00272,2025-11-02 21:02:08,"NGN239,756.95","17,981.77","NGN257,738.72",NGN,paid
INV-000892,WO-001023,CUST00815,15/09/2024,237319.48,17798.96,"255,118.44",NGN,paid
INV-000893,WO-001024,CUST00068,24/07/2025,"8,190.00",NGN 614.25,NGN 8804.25,NGN,paid
INV-000894,WO-001027,CUST01061,2026-05-26 11:31:55,"NGN34,173.71","2,563.03",36736.74,NGN,paid
INV-000895,WO-001028,CUST00824,2024-11-29 22:48:25,"753,419.03",56506.43,"NGN809,925.46",NGN,unpaid
INV-000896,WO-001029,CUST00480,2025-04-06 12:33:08,"NGN200,121.43","15,009.11",215130.54,NGN,UNPAID
INV-000897,WO-001030,CUST01848,1743876889000,989338.24,74200.37,"NGN1,063,538.61",NGN,paid
INV-000898,WO-001031,CUST00590,2026-08-28 12:28:11,NGN 387364.12,"29,052.31",NGN 416416.43,NGN,paid
INV-000899,WO-001033,CUST00922,2025-09-22 10:11:00,257031.37,"19,277.35",276308.72,NGN,paid
INV-000900,WO-001034,CUST00200,1726207625000,NGN 271344.61,20350.85,NGN 291695.46,NGN,paid
INV-000901,WO-001036,CUST00714,31/12/2025,"NGN480,220.62",36016.55,"516,237.17",NGN,paid
INV-000902,WO-001037,CUST01062,2026-03-17 12:53:09,NGN 9750.00,731.25,"NGN10,481.25",NGN,partial
INV-000903,WO-001038,CUST00588,04/12/2025,"NGN477,952.83","35,846.46","513,799.29",NGN,paid
INV-000904,WO-001039,CUST00745,2025-03-24 06:57:57,"NGN17,950.00",NGN 1346.25,"19,296.25",NGN,PAID
INV-000905,WO-001040,CUST00286,1737417194000,NGN 4650.00,NGN 348.75,4998.75,NGN,partial
INV-000906,WO-001041,CUST00506,2026-05-22 22:20:40,NGN 269995.70,NGN 20249.68,"NGN290,245.38",ngn,paid
INV-000907,WO-001042,CUST00633,2025-02-07 19:24:32,"879,535.75",NGN 65965.18,945500.93,NGN,PAID
INV-000908,WO-001043,CUST00583,2024-12-16 15:23:43,35553.40,2666.50,38219.90,ngn,PAID
INV-000909,WO-001044,CUST01000,2025-11-28 13:49:05,112086.75,"8,406.51",NGN 120493.26,NGN,paid
INV-000910,WO-001045,CUST01078,04/03/2025,"611,826.37","NGN45,886.98","NGN657,713.35",NGN,partial
INV-000911,WO-001046,CUST00466,15/08/2026,"NGN1,382,157.50","103,661.81",NGN 1485819.31,ngn,PAID
INV-000912,WO-001047,CUST00894,2025-11-08 05:30:53,NGN 955350.58,"NGN71,651.29",1027001.87,NGN,paid
INV-000913,WO-001048,CUST00782,2026-04-28 20:16:37,46361.67,"NGN3,477.13",49838.80,NGN,paid
INV-000914,WO-001049,CUST00383,05/03/2025,"214,374.12","NGN16,078.06",NGN 230452.18,NGN,PAID
INV-000915,WO-001050,CUST00468,1782434259000,"NGN483,227.13","NGN36,242.04",519469.17,ngn,partial
INV-000916,WO-001051,CUST00826,1765046252000,"NGN352,091.65",26406.87,"NGN378,498.52",NGN,paid
INV-000917,WO-001052,CUST00243,1786206518000,10575.00,793.12,NGN 11368.12,NGN,paid
INV-000918,WO-001055,CUST00970,1736227843000,"NGN386,858.16",29014.36,415872.52,NGN,UNPAID
INV-000919,WO-001057,CUST01078,2025-08-18 02:20:03,"NGN1,064,014.64",NGN 79801.10,1143815.74,NGN,partial
INV-000920,WO-001058,CUST00074,1785957031000,"NGN1,323,521.82","99,264.14",NGN 1422785.96,NGN,unpaid
INV-000921,WO-001059,CUST00404,1776938888000,"NGN60,053.23","NGN4,503.99",64557.22,NGN,unpaid
INV-000922,WO-001061,CUST01166,01/01/2025,"NGN392,940.13","NGN29,470.51","NGN422,410.64",NGN,PAID
INV-000923,WO-001062,CUST00360,1743312323000,"NGN201,212.96",15090.97,NGN 216303.93,ngn,PAID
INV-000924,WO-001063,CUST00342,2025-05-07 16:16:18,"NGN1,146,394.03","85,979.55",1232373.58,NGN,UNPAID
INV-000925,WO-001064,CUST01111,1742962633000,"246,792.60","NGN18,509.45","NGN265,302.05",NGN,paid
INV-000926,WO-001066,CUST00799,2025-05-26 17:55:23,NGN 41924.70,"3,144.35",NGN 45069.05,NGN,paid
INV-000927,WO-001067,CUST01496,1763020039000,22050.00,"1,653.75",NGN 23703.75,NGN,UNPAID
INV-000928,WO-001068,CUST00470,31/07/2025,NGN 571683.73,"42,876.28",NGN 614560.01,NGN,paid
INV-000929,WO-001069,CUST00377,1787627292000,NGN 3510.00,263.25,"NGN3,773.25",NGN,partial
INV-000930,WO-001070,CUST02366,08/02/2025,"NGN224,300.58",16822.54,"NGN241,123.12",NGN,PAID
INV-000931,WO-001071,CUST00880,26/09/2024,225252.20,16893.91,NGN 242146.11,NGN,paid
INV-000932,WO-001072,CUST01098,1744292803000,118850.94,"8,913.82","NGN127,764.76",NGN,partial
INV-000933,WO-001073,CUST01275,1734873505000,1330.00,NGN 99.75,1429.75,NGN,paid
INV-000934,WO-001074,CUST01133,2025-04-27 07:50:28,NGN 577903.17,43342.74,NGN 621245.91,NGN,paid
INV-000935,WO-001075,CUST00408,1756135624000,NGN 17809.26,1335.69,"NGN19,144.95",ngn,paid
INV-000936,WO-001076,CUST00707,02/07/2026,"2,400.00",NGN 180.00,"NGN2,580.00",NGN,partial
INV-000937,WO-001077,CUST00540,28/06/2026,NGN 7850.00,NGN 588.75,"NGN8,438.75",NGN,PAID
INV-000938,WO-001078,CUST00314,1733020690000,NGN 1045482.84,"78,411.21","NGN1,123,894.05",NGN,paid
INV-000939,WO-001079,CUST00031,1727249568000,"NGN1,090,816.36",81811.23,"1,172,627.59",NGN,UNPAID
INV-000940,WO-001080,CUST00199,1736851328000,1610.00,120.75,NGN 1730.75,NGN,PAID
INV-000941,WO-001081,CUST02115,2026-05-18 16:47:56,"279,420.72",NGN 20956.55,"NGN300,377.27",NGN,partial
INV-000942,WO-001082,CUST00073,1785060633000,34014.35,"2,551.08",NGN 36565.43,NGN,partial
INV-000943,WO-001083,CUST00348,1776635963000,"NGN573,069.40",NGN 42980.21,"NGN616,049.61",ngn,PAID
INV-000944,WO-001084,CUST00507,1745553908000,NGN 5025.00,NGN 376.87,"NGN5,401.87",NGN,written_off
INV-000945,WO-001085,CUST00549,2025-03-10 02:11:59,NGN 802765.43,NGN 60207.41,862972.84,ngn,paid
INV-000946,WO-001086,CUST00476,1766080951000,NGN 554040.36,NGN 41553.03,NGN 595593.39,NGN,PAID
INV-000947,WO-001087,CUST00158,2024-11-28 04:51:32,NGN 1360054.55,NGN 102004.09,NGN 1462058.64,NGN,paid
INV-000948,WO-001088,CUST00605,2025-11-30 03:56:22,"1,066,997.33",NGN 80024.80,NGN 1147022.13,NGN,paid
INV-000949,WO-001089,CUST00145,2025-12-30 14:11:48,21420.00,"NGN1,606.50","NGN23,026.50",NGN,partial
INV-000950,WO-001090,CUST00943,2026-01-06 01:32:35,NGN 64950.00,"NGN4,871.25",69821.25,NGN,paid
INV-000951,WO-001094,CUST00447,1729481686000,"27,372.42",NGN 2052.93,"NGN29,425.35",NGN,paid
INV-000952,WO-001095,CUST01011,2025-05-09 00:03:08,542335.43,40675.16,"583,010.59",NGN,paid
INV-000953,WO-001096,CUST01010,2025-10-16 09:07:47,NGN 322501.58,NGN 24187.62,346689.20,NGN,written_off
INV-000954,WO-001097,CUST00077,11/03/2025,"NGN775,485.65",NGN 58161.42,NGN 833647.07,NGN,unpaid
INV-000955,WO-001098,CUST00174,2025-03-11 09:31:04,NGN 672776.60,"NGN50,458.24",NGN 723234.84,NGN,UNPAID
INV-000956,WO-001099,CUST01094,2024-10-16 15:30:19,"NGN20,700.00","1,552.50",NGN 22252.50,NGN,PAID
INV-000957,WO-001100,CUST01979,10/12/2025,25575.00,NGN 1918.12,"NGN27,493.12",NGN,PAID
INV-000958,WO-001101,CUST00654,1750943359000,"NGN223,108.90",16733.17,"239,842.07",NGN,PAID
INV-000959,WO-001102,CUST00225,2025-12-09 05:55:06,NGN 360646.73,NGN 27048.50,"387,695.23",NGN,paid
INV-000960,WO-001103,CUST01029,1743024684000,"95,655.00",NGN 7174.12,"NGN102,829.12",NGN,paid
INV-000961,WO-001104,CUST00864,2025-08-14 16:32:36,NGN 1562334.45,NGN 117175.08,1679509.53,ngn,paid
INV-000962,WO-001106,CUST00034,2025-11-01 11:02:50,139750.00,10481.25,"150,231.25",NGN,written_off
INV-000963,WO-001107,CUST01137,2025-07-06 12:33:41,7725.00,NGN 579.38,NGN 8304.38,NGN,UNPAID
INV-000964,WO-001108,CUST00926,2026-03-06 06:23:09,1008225.63,"75,616.92","NGN1,083,842.55",NGN,paid
INV-000965,WO-001109,CUST00278,23/10/2025,"1,244,706.97","93,353.02","1,338,059.99",NGN,paid
INV-000966,WO-001110,CUST00051,1733626385000,NGN 367360.40,"NGN27,552.03",NGN 394912.43,NGN,unpaid
INV-000967,WO-001111,CUST00206,2024-10-08 13:50:36,NGN 293835.24,NGN 22037.64,NGN 315872.88,NGN,unpaid
INV-000968,WO-001112,CUST00891,11/01/2025,"NGN420,606.61",NGN 31545.50,"NGN452,152.11",NGN,UNPAID
INV-000969,WO-001113,CUST00936,2025-10-17 11:30:45,"134,112.85",NGN 10058.46,144171.31,NGN,partial
INV-000970,WO-001115,CUST00239,19/04/2025,"NGN14,300.00","NGN1,072.50","15,372.50",NGN,paid
INV-000971,WO-001116,CUST01120,1754025702000,742127.13,55659.53,"797,786.66",NGN,partial
INV-000972,WO-001117,CUST01056,2025-05-08 03:46:42,211569.05,NGN 15867.68,"227,436.73",NGN,paid
INV-000973,WO-001118,CUST00313,2025-12-14 15:43:09,336616.13,"NGN25,246.21",NGN 361862.34,NGN,paid
INV-000974,WO-001119,CUST01027,2026-06-22 23:30:58,"NGN648,992.93",NGN 48674.47,NGN 697667.40,NGN,partial
INV-000975,WO-001120,CUST01186,2025-10-02 03:49:48,NGN 402481.78,"NGN30,186.13",432667.91,NGN,PAID
INV-000976,WO-001121,CUST00195,1747610955000,"224,720.30","16,854.02",241574.32,NGN,PAID
INV-000977,WO-001122,CUST00628,2025-11-25 01:56:45,"NGN659,875.27","NGN49,490.65","709,365.92",NGN,paid
INV-000978,WO-001123,CUST00782,05/05/2026,"118,916.81","NGN8,918.76","NGN127,835.57",NGN,partial
INV-000979,WO-001125,CUST01601,1760912272000,"794,407.05",59580.53,853987.58,NGN,PAID
INV-000980,WO-001126,CUST00841,2024-10-10 18:18:10,"NGN267,125.87",20034.44,"287,160.31",NGN,unpaid
INV-000981,WO-001127,CUST00878,2024-11-30 19:56:56,"18,450.00",NGN 1383.75,NGN 19833.75,NGN,paid
INV-000982,WO-001128,CUST00920,2026-05-05 13:51:32,NGN 6300.00,NGN 472.50,"6,772.50",NGN,paid
INV-000983,WO-001129,CUST00592,1738125621000,4350.00,NGN 326.25,NGN 4676.25,NGN,PAID
INV-000984,WO-001130,CUST00781,1735609388000,"1,820.00",NGN136.50,"1,956.50",NGN,paid
INV-000985,WO-001131,CUST00797,1756867473000,859418.26,64456.37,"NGN923,874.63",NGN,paid
INV-000986,WO-001132,CUST01126,29/08/2026,NGN 114964.33,"8,622.32","123,586.65",NGN,unpaid
INV-000987,WO-001133,CUST00250,02/04/2025,"NGN467,099.80","35,032.48",502132.28,NGN,PAID
INV-000988,WO-001135,CUST02355,1778376432000,NGN 570755.40,"NGN42,806.66","613,562.06",NGN,UNPAID
INV-000989,WO-001136,CUST01077,2024-11-24 07:00:27,851151.92,63836.39,"NGN914,988.31",NGN,paid
INV-000990,WO-001138,CUST00924,2026-05-29 20:24:51,NGN 24686.53,1851.49,"NGN26,538.02",NGN,paid
INV-000991,WO-001139,CUST00449,11/06/2025,"NGN29,477.54","NGN2,210.82",31688.36,NGN,unpaid
INV-000992,WO-001140,CUST00184,1756604366000,"6,020.00",NGN451.50,NGN 6471.50,NGN,partial
INV-000993,WO-001141,CUST00556,03/01/2026,"NGN550,802.00",41310.15,592112.15,NGN,paid
INV-000994,WO-001142,CUST00656,2025-06-10 02:28:51,"NGN105,355.70","7,901.68","NGN113,257.38",NGN,PAID
INV-000995,WO-001143,CUST00793,2024-11-13 16:53:52,"NGN1,194,027.47",NGN 89552.06,1283579.53,NGN,PAID
INV-000996,WO-001144,CUST00392,2025-01-20 02:38:25,NGN 16275.00,NGN 1220.62,"NGN17,495.62",NGN,paid
INV-000997,WO-001145,CUST00874,2025-10-10 21:02:00,"NGN17,010.00",NGN 1275.75,NGN 18285.75,ngn,unpaid
INV-000998,WO-001146,CUST00856,2026-05-24 06:29:36,"307,891.81","NGN23,091.89","330,983.70",NGN,PAID
INV-000999,WO-001147,CUST00178,2026-07-30 04:56:20,"NGN50,252.55",NGN 3768.94,54021.49,NGN,unpaid
INV-001000,WO-001148,CUST01373,08/10/2024,"291,442.24","NGN21,858.17","NGN313,300.41",NGN,PAID
INV-001001,WO-001149,CUST01189,2026-07-01 02:20:38,5500.00,NGN 412.50,"NGN5,912.50",NGN,paid
INV-001002,WO-001150,CUST01974,1728029544000,"NGN576,513.99","43,238.55",NGN 619752.54,NGN,paid
INV-001003,WO-001151,CUST00394,04/03/2026,"NGN213,127.53","NGN15,984.57",NGN 229112.10,NGN,paid
INV-001004,WO-001152,CUST00280,1769536769000,"NGN33,123.41",NGN 2484.26,"NGN35,607.67",NGN,UNPAID
INV-001005,WO-001153,CUST00970,10/06/2025,"NGN171,531.12",12864.83,184395.95,NGN,paid
INV-001006,WO-001154,CUST00744,2026-06-03 04:02:22,447655.48,"NGN33,574.16","NGN481,229.64",NGN,partial
INV-001007,WO-001155,CUST00316,1742156866000,NGN 19750.00,NGN 1481.25,"21,231.25",NGN,paid
INV-001008,WO-001156,CUST01717,2024-10-05 10:10:09,18474.39,NGN 1385.58,19859.97,NGN,written_off
INV-001009,WO-001157,CUST01087,1738908432000,NGN 434704.34,NGN 32602.83,"467,307.17",NGN,paid
INV-001010,WO-001158,CUST00139,2025-03-11 12:56:28,718462.87,53884.71,"NGN772,347.58",NGN,paid
INV-001011,WO-001159,CUST00078,15/04/2026,"15,820.00","NGN1,186.50",NGN 17006.50,NGN,paid
INV-001012,WO-001160,CUST00153,1777601445000,NGN 260048.65,19503.65,279552.30,NGN,paid
INV-001013,WO-001161,CUST00987,03/05/2026,346231.00,25967.33,372198.33,NGN,unpaid
INV-001014,WO-001162,CUST00109,2026-06-20 04:26:18,"NGN290,029.39","21,752.20",311781.59,NGN,partial
INV-001015,WO-001164,CUST00513,21/03/2025,"NGN409,236.38",NGN 30692.73,"439,929.11",NGN,paid
INV-001016,WO-001165,CUST00203,1781449795000,"NGN911,058.80",NGN 68329.41,979388.21,NGN,partial
INV-001017,WO-001166,CUST00634,1755371994000,"285,885.20",21441.39,307326.59,ngn,unpaid
INV-001018,WO-001167,CUST00749,03/06/2025,"464,919.03","NGN34,868.93","499,787.96",NGN,partial
INV-001019,WO-001168,CUST00132,29/11/2024,3275.00,245.62,"3,520.62",NGN,written_off
INV-001020,WO-001169,CUST01023,1782861176000,NGN 3975.00,298.12,"4,273.12",NGN,PAID
INV-001021,WO-001170,CUST01053,04/11/2025,NGN 1192011.37,NGN 89400.85,"1,281,412.22",NGN,PAID
INV-001022,WO-001171,CUST01125,03/03/2025,"NGN13,720.00","NGN1,029.00","14,749.00",NGN,PAID
INV-001023,WO-001172,CUST00127,27/05/2025,NGN 10640.00,798.00,"NGN11,438.00",NGN,unpaid
INV-001024,WO-001173,CUST01979,1737746074000,"1,066,394.14","NGN79,979.56",NGN 1146373.70,ngn,unpaid
INV-001025,WO-001174,CUST00838,13/03/2025,307386.81,"23,054.01","NGN330,440.82",NGN,PAID
INV-001026,WO-001175,CUST00653,2026-01-06 14:59:13,NGN 293311.34,"NGN21,998.35",315309.69,NGN,unpaid
INV-001027,WO-001176,CUST00794,2026-06-19 07:03:28,NGN 277554.05,"NGN20,816.55","298,370.60",NGN,UNPAID
INV-001028,WO-001177,CUST00111,15/07/2025,"576,362.70","43,227.20",NGN 619589.90,NGN,paid
INV-001029,WO-001178,CUST01535,1783220867000,"474,472.11",NGN 35585.41,NGN 510057.52,NGN,PAID
INV-001030,WO-001179,CUST00829,2025-07-19 06:46:23,NGN 168926.12,"NGN12,669.46","181,595.58",NGN,unpaid
INV-001031,WO-001180,CUST00263,2025-01-22 08:54:44,42894.63,"3,217.10","NGN46,111.73",NGN,UNPAID
INV-001032,WO-001181,CUST01018,20/01/2026,"194,185.39","NGN14,563.90",NGN 208749.29,NGN,paid
INV-001033,WO-001183,CUST00850,2026-01-10 00:18:44,"NGN316,799.52","23,759.96","NGN340,559.48",NGN,PAID
INV-001034,WO-001184,CUST00491,1772488992000,"518,044.15",38853.31,NGN 556897.46,NGN,paid
INV-001035,WO-001185,CUST00069,1735435683000,NGN 4550.00,NGN341.25,NGN 4891.25,NGN,PAID
INV-001036,WO-001186,CUST00260,1784625489000,"NGN186,435.49","NGN13,982.66",200418.15,NGN,paid
INV-001037,WO-001188,CUST00442,1775418500000,"41,143.41",NGN 3085.76,44229.17,NGN,paid
INV-001038,WO-001189,CUST02301,28/07/2025,"NGN491,569.93",NGN 36867.74,"528,437.67",NGN,paid
INV-001039,WO-001190,CUST00393,1753328194000,NGN 1155452.39,"86,658.93","1,242,111.32",NGN,paid
INV-001040,WO-001191,CUST00924,1736988450000,"191,944.20","14,395.81",206340.01,NGN,UNPAID
INV-001041,WO-001192,CUST01033,2025-11-11 05:02:29,"619,450.96","46,458.82","NGN665,909.78",NGN,PAID
INV-001042,WO-001193,CUST00633,1753333542000,1133328.67,84999.65,NGN 1218328.32,NGN,PAID
INV-001043,WO-001194,CUST00938,1736610709000,2925.00,NGN 219.38,"NGN3,144.38",NGN,paid
INV-001044,WO-001195,CUST00473,2025-01-27 04:36:42,944838.63,"70,862.90","NGN1,015,701.53",NGN,paid
INV-001045,WO-001196,CUST01081,24/04/2026,2850.00,213.75,NGN 3063.75,NGN,PAID
INV-001046,WO-001198,CUST00943,1779660282000,"NGN20,050.00","1,503.75",NGN 21553.75,NGN,written_off
INV-001047,WO-001199,CUST00579,1761891066000,"NGN248,319.41",18623.96,266943.37,NGN,PAID
INV-001048,WO-001200,CUST00563,1787711385000,"82,410.29",NGN 6180.77,"NGN88,591.06",NGN,PAID
INV-001049,WO-001201,CUST00183,2025-03-22 04:29:49,183887.84,13791.59,"197,679.43",NGN,paid
INV-001050,WO-001202,CUST00132,20/10/2024,48212.45,"NGN3,615.93",NGN 51828.38,NGN,paid
INV-001051,WO-001203,CUST01081,2025-06-21 14:16:42,"NGN1,302,427.38",NGN 97682.05,1400109.43,NGN,PAID
INV-001052,WO-001204,CUST01172,07/08/2026,"930,012.03","NGN69,750.90",NGN 999762.93,NGN,unpaid
INV-001053,WO-001205,CUST00922,29/08/2025,"NGN1,064,691.19",NGN 79851.84,NGN 1144543.03,NGN,unpaid
INV-001054,WO-001206,CUST00204,17/06/2026,"911,777.53","NGN68,383.32",980160.85,NGN,paid
INV-001055,WO-001207,CUST00874,2024-10-25 12:08:01,NGN 349029.74,NGN 26177.23,375206.97,NGN,paid
INV-001056,WO-001208,CUST00362,04/03/2025,"6,000.00",450.00,"6,450.00",NGN,paid
INV-001057,WO-001209,CUST00150,2025-05-07 10:04:39,"594,495.15","44,587.14","NGN639,082.29",NGN,PAID
INV-001058,WO-001210,CUST00114,1732616026000,"628,339.04",47125.43,NGN 675464.47,ngn,paid
INV-001059,WO-001211,CUST01028,1762101538000,"756,983.60","56,773.77",813757.37,NGN,partial
INV-001060,WO-001212,CUST00087,06/02/2025,"NGN819,348.39","61,451.13",NGN 880799.52,NGN,UNPAID
INV-001061,WO-001213,CUST00161,2025-05-13 00:07:06,"NGN11,880.00",891.00,"12,771.00",NGN,UNPAID
INV-001062,WO-001214,CUST00122,2025-04-02 02:58:08,NGN 7425.00,556.88,"7,981.88",NGN,partial
INV-001063,WO-001215,CUST00744,31/07/2026,689108.29,51683.12,NGN 740791.41,NGN,PAID
INV-001064,WO-001216,CUST00956,1728857011000,"NGN25,313.71",1898.53,NGN 27212.24,NGN,partial
INV-001065,WO-001217,CUST01035,2024-11-05 15:45:31,NGN 31102.76,"2,332.71","NGN33,435.47",NGN,partial
INV-001066,WO-001219,CUST01188,2025-07-25 15:49:31,2625.00,196.88,"NGN2,821.88",NGN,paid
INV-001067,WO-001220,CUST00424,1754352985000,364419.40,"NGN27,331.46",391750.86,NGN,paid
INV-001068,WO-001221,CUST00123,1758962422000,533916.13,"NGN40,043.71","573,959.84",NGN,paid
INV-001069,WO-001222,CUST00214,27/11/2025,NGN 1058096.15,79357.21,"NGN1,137,453.36",NGN,unpaid
INV-001070,WO-001223,CUST00725,26/12/2025,NGN 210527.59,"NGN15,789.57","NGN226,317.16",NGN,unpaid
INV-001071,WO-001224,CUST00438,02/12/2024,105354.84,7901.61,"NGN113,256.45",NGN,paid
INV-001072,WO-001225,CUST00274,2026-08-20 02:39:44,"NGN119,972.45",8997.93,"NGN128,970.38",NGN,paid
INV-001073,WO-001226,CUST00557,1783600015000,NGN 14100.00,NGN 1057.50,"NGN15,157.50",NGN,partial
INV-001074,WO-001227,CUST00872,2025-03-04 22:47:40,NGN 15570.00,"NGN1,167.75","16,737.75",NGN,paid
INV-001075,WO-001228,CUST00387,1769885899000,546837.40,"NGN41,012.80",587850.20,ngn,PAID
INV-001076,WO-001229,CUST00004,1762559125000,"NGN1,105,313.74",82898.53,NGN 1188212.27,NGN,paid
INV-001077,WO-001231,CUST00611,2025-12-02 08:33:04,"12,060.00",904.50,"12,964.50",ngn,PAID
INV-001078,WO-001233,CUST00726,1781034899000,268183.44,20113.76,"NGN288,297.20",NGN,PAID
INV-001079,WO-001234,CUST00686,1786898279000,100002.03,7500.15,"NGN107,502.18",NGN,unpaid
INV-001080,WO-001236,CUST00119,1752941298000,"178,326.68",13374.50,"191,701.18",NGN,PAID
INV-001081,WO-001237,CUST01028,2025-08-15 15:25:11,"NGN9,300.00",697.50,"NGN9,997.50",NGN,UNPAID
INV-001082,WO-001238,CUST00241,2025-11-09 07:31:31,653767.93,"49,032.59","702,800.52",NGN,PAID
INV-001083,WO-001239,CUST00493,17/11/2025,"NGN3,400.00",NGN255.00,"3,655.00",NGN,paid
INV-001084,WO-001240,CUST00279,2026-03-13 23:35:47,"5,125.00",384.38,"NGN5,509.38",NGN,paid
INV-001085,WO-001241,CUST00384,1732872961000,"NGN3,375.00",253.12,NGN 3628.12,NGN,paid
INV-001086,WO-001242,CUST00760,1741280599000,"NGN5,450.00",NGN 408.75,"5,858.75",NGN,paid
INV-001087,WO-001243,CUST01197,2025-09-10 09:24:38,"37,050.00",NGN 2778.75,NGN 39828.75,NGN,paid
INV-001088,WO-001244,CUST00434,03/01/2025,1150944.23,86320.82,"1,237,265.05",NGN,paid
INV-001089,WO-001245,CUST00199,18/09/2024,531977.16,39898.29,NGN 571875.45,NGN,unpaid
INV-001090,WO-001246,CUST01126,31/05/2025,NGN 313663.09,"NGN23,524.73","337,187.82",NGN,paid
INV-001091,WO-001249,CUST00132,2026-05-15 00:55:17,NGN 10870.81,NGN 815.31,"NGN11,686.12",NGN,paid
INV-001092,WO-001250,CUST00779,05/05/2026,318264.13,"NGN23,869.81",342133.94,NGN,PAID
INV-001093,WO-001251,CUST00718,2025-10-28 13:29:51,116909.74,8768.23,"NGN125,677.97",NGN,unpaid
INV-001094,WO-001252,CUST00694,17/10/2024,983161.46,73737.11,"NGN1,056,898.57",NGN,unpaid
INV-001095,WO-001253,CUST01001,24/05/2026,"112,326.50","8,424.49","120,750.99",NGN,UNPAID
INV-001096,WO-001254,CUST00295,1739983885000,89958.34,"6,746.88",NGN 96705.22,NGN,paid
INV-001097,WO-001255,CUST00956,18/08/2026,"7,470.00",560.25,"NGN8,030.25",ngn,PAID
INV-001098,WO-001256,CUST01121,15/06/2026,NGN 760966.49,NGN 57072.49,NGN 818038.98,NGN,paid
INV-001099,WO-001257,CUST01649,22/04/2026,"398,371.87","29,877.89",428249.76,NGN,paid
INV-001100,WO-001258,CUST00757,1749229005000,116571.16,"NGN8,742.84",NGN 125314.00,NGN,paid
INV-001101,WO-001259,CUST00146,2025-04-19 18:14:46,"NGN508,300.89","38,122.57",NGN 546423.46,NGN,paid
INV-001102,WO-001260,CUST00405,27/07/2026,"143,408.64","NGN10,755.65",NGN 154164.29,NGN,paid
INV-001103,WO-001261,CUST00358,2026-06-22 12:54:37,"NGN590,366.26",44277.47,NGN 634643.73,NGN,PAID
INV-001104,WO-001262,CUST00096,2025-10-23 16:45:19,"NGN325,910.36","24,443.28",NGN 350353.64,NGN,PAID
INV-001105,WO-001263,CUST00215,28/12/2024,"43,393.44","NGN3,254.51","NGN46,647.95",NGN,partial
INV-001106,WO-001264,CUST01169,30/08/2025,"531,591.93","NGN39,869.40",NGN 571461.33,ngn,paid
INV-001107,WO-001265,CUST00745,1733644465000,"NGN121,384.80",9103.86,"NGN130,488.66",NGN,unpaid
INV-001108,WO-001266,CUST01179,2024-11-06 11:05:17,"NGN183,058.80","13,729.41","NGN196,788.21",NGN,paid
INV-001109,WO-001267,CUST00407,1770161857000,"NGN315,600.01","23,670.00","339,270.01",NGN,paid
INV-001110,WO-001268,CUST00097,1734977984000,"206,087.00",NGN 15456.53,NGN 221543.53,NGN,partial
INV-001111,WO-001269,CUST00370,19/03/2026,"572,500.33",NGN 42937.52,NGN 615437.85,NGN,unpaid
INV-001112,WO-001270,CUST01193,1763428986000,NGN 540212.98,"40,515.97",580728.95,NGN,paid
INV-001113,WO-001271,CUST00865,1783895183000,"80,910.99","6,068.32","NGN86,979.31",NGN,PAID
INV-001114,WO-001272,CUST00403,1728177762000,NGN 17820.00,"NGN1,336.50",NGN 19156.50,NGN,paid
INV-001115,WO-001273,CUST00409,2026-03-12 20:06:42,271069.57,20330.22,291399.79,NGN,PAID
INV-001116,WO-001274,CUST01037,1774223586000,NGN 212387.40,NGN 15929.06,"228,316.46",NGN,paid
INV-001117,WO-001275,CUST00764,19/03/2025,"NGN161,566.44",NGN 12117.48,"173,683.92",NGN,PAID
INV-001118,WO-001276,CUST01150,16/11/2025,606624.93,45496.87,652121.80,NGN,paid
INV-001119,WO-001278,CUST00322,1742221978000,"NGN44,546.53",3340.99,47887.52,NGN,UNPAID
INV-001120,WO-001279,CUST00850,1753442608000,92050.85,NGN 6903.81,"98,954.66",NGN,written_off
INV-001121,WO-001280,CUST00718,2026-03-13 09:48:28,"16,400.00","1,230.00",17630.00,NGN,partial
INV-001122,WO-001281,CUST01171,23/01/2026,NGN 92647.68,6948.58,"99,596.26",NGN,PAID
INV-001123,WO-001282,CUST00042,04/03/2025,"197,064.60",NGN 14779.85,"NGN211,844.45",NGN,UNPAID
INV-001124,WO-001283,CUST00609,2025-01-08 04:46:00,NGN 70680.87,"5,301.07","NGN75,981.94",NGN,partial
INV-001125,WO-001284,CUST00533,18/11/2025,NGN 7450.00,NGN 558.75,NGN 8008.75,NGN,PAID
INV-001126,WO-001285,CUST00165,06/09/2025,"1,154,633.56","NGN86,597.52","NGN1,241,231.08",NGN,paid
INV-001127,WO-001286,CUST00812,05/10/2025,NGN 689433.93,"51,707.54",NGN 741141.47,NGN,unpaid
INV-001128,WO-001287,CUST00209,1749781288000,3080.00,NGN 231.00,3311.00,NGN,paid
INV-001129,WO-001288,CUST00006,25/09/2025,"222,968.04","NGN16,722.60","239,690.64",NGN,partial
INV-001130,WO-001290,CUST00029,2026-02-16 23:51:40,839664.57,"62,974.84","902,639.41",NGN,unpaid
INV-001131,WO-001291,CUST00632,1768571157000,617655.67,"NGN46,324.17",NGN 663979.84,NGN,PAID
INV-001132,WO-001292,CUST00520,2025-06-25 17:04:30,NGN 2550.00,191.25,2741.25,ngn,unpaid
INV-001133,WO-001293,CUST01115,2026-02-28 04:20:12,"NGN758,281.23","NGN56,871.09","NGN815,152.32",NGN,paid
INV-001134,WO-001294,CUST01110,16/01/2025,NGN 291272.46,21845.43,NGN 313117.89,NGN,paid
INV-001135,WO-001295,CUST00988,1759824925000,NGN 1216409.03,91230.68,"NGN1,307,639.71",ngn,PAID
INV-001136,WO-001297,CUST00537,2025-02-16 09:17:19,179383.19,"NGN13,453.74","NGN192,836.93",NGN,partial
INV-001137,WO-001299,CUST00879,2026-07-08 02:45:55,"508,531.88",38139.89,NGN 546671.77,NGN,paid
INV-001138,WO-001300,CUST00901,11/03/2026,"NGN51,150.00","3,836.25","NGN54,986.25",NGN,written_off
INV-001139,WO-001301,CUST00898,13/10/2024,"NGN9,150.00",686.25,NGN 9836.25,NGN,paid
INV-001140,WO-001302,CUST00011,1786608595000,4100.00,NGN 307.50,4407.50,NGN,partial
INV-001141,WO-001303,CUST00314,2026-05-24 10:28:28,352567.35,26442.55,NGN 379009.90,NGN,written_off
INV-001142,WO-001305,CUST00912,2025-01-04 19:54:09,"10,710.00",803.25,"NGN11,513.25",NGN,paid
INV-001143,WO-001306,CUST00362,1740987620000,166230.00,"NGN12,467.25",NGN 178697.25,NGN,paid
INV-001144,WO-001307,CUST01118,1728175159000,"18,700.00","1,402.50","20,102.50",NGN,paid
INV-001145,WO-001308,CUST01120,04/06/2026,"NGN16,400.00","1,230.00",NGN 17630.00,NGN,PAID
INV-001146,WO-001309,CUST00955,12/02/2026,11600.00,NGN870.00,"NGN12,470.00",NGN,PAID
INV-001147,WO-001310,CUST00478,28/09/2025,"10,825.00",NGN 811.88,11636.88,NGN,paid
INV-001148,WO-001311,CUST00953,2026-03-01 02:03:34,NGN 1003129.87,75234.74,"1,078,364.61",NGN,paid
INV-001149,WO-001312,CUST00280,2025-09-28 07:52:13,"NGN4,050.00",303.75,"NGN4,353.75",NGN,partial
INV-001150,WO-001313,CUST01364,2025-06-06 06:08:51,"NGN45,009.02","NGN3,375.68",NGN 48384.70,NGN,PAID
INV-001151,WO-001314,CUST00073,10/07/2026,"238,161.83","17,862.14",256023.97,NGN,paid
INV-001152,WO-001315,CUST00621,1774737086000,"635,898.15","NGN47,692.36","NGN683,590.51",NGN,PAID
INV-001153,WO-001316,CUST00503,1728210266000,"656,689.63",NGN 49251.72,NGN 705941.35,NGN,unpaid
INV-001154,WO-001317,CUST02284,21/08/2026,"52,830.00","3,962.25",NGN 56792.25,NGN,PAID
INV-001155,WO-001318,CUST00355,23/08/2026,"341,147.59","NGN25,586.07","NGN366,733.66",NGN,unpaid
INV-001156,WO-001319,CUST01862,2026-04-17 07:06:37,"624,717.92",46853.84,NGN 671571.76,NGN,paid
INV-001157,WO-001320,CUST00825,31/12/2024,"NGN835,728.26",62679.62,"NGN898,407.88",NGN,paid
INV-001158,WO-001321,CUST01159,01/06/2025,400968.15,"NGN30,072.61",431040.76,NGN,unpaid
INV-001159,WO-001322,CUST00127,1746986216000,"NGN1,066,663.85",79999.79,"NGN1,146,663.64",NGN,unpaid
INV-001160,WO-001323,CUST00956,18/08/2025,"NGN70,165.16","5,262.39",75427.55,NGN,written_off
INV-001161,WO-001324,CUST00955,24/11/2024,25200.00,NGN 1890.00,NGN 27090.00,ngn,unpaid
INV-001162,WO-001325,CUST00763,03/12/2025,"NGN9,485.00",711.38,10196.38,NGN,UNPAID
INV-001163,WO-001326,CUST01747,2024-12-01 22:11:27,NGN 141064.39,"NGN10,579.83",NGN 151644.22,NGN,paid
INV-001164,WO-001327,CUST00836,26/06/2025,"549,579.44",41218.46,NGN 590797.90,NGN,paid
INV-001165,WO-001328,CUST00272,2025-02-14 20:28:39,"NGN377,968.34",28347.63,"406,315.97",NGN,paid
INV-001166,WO-001329,CUST00457,01/06/2025,"1,055,708.99",79178.17,NGN 1134887.16,NGN,paid
INV-001167,WO-001330,CUST00605,2025-04-07 03:39:27,NGN 195411.97,14655.90,"NGN210,067.87",NGN,partial
INV-001168,WO-001331,CUST00035,2025-05-30 05:02:00,"1,065,843.48","79,938.26","NGN1,145,781.74",NGN,paid
INV-001169,WO-001332,CUST00343,2025-10-03 19:11:18,"3,975.00",NGN298.12,"NGN4,273.12",NGN,paid
INV-001170,WO-001333,CUST01183,2026-08-17 17:28:15,"582,177.63","43,663.32",625840.95,NGN,paid
INV-001171,WO-001334,CUST00705,23/05/2025,389152.66,"NGN29,186.45","NGN418,339.11",NGN,paid
INV-001172,WO-001335,CUST01146,1776839019000,"612,786.13",45958.96,"NGN658,745.09",NGN,UNPAID
INV-001173,WO-001337,CUST01108,26/05/2025,171671.88,NGN 12875.39,184547.27,NGN,PAID
INV-001174,WO-001338,CUST01094,30/07/2025,"832,800.13","62,460.01",NGN 895260.14,NGN,paid
INV-001175,WO-001339,CUST00019,1741757077000,"NGN683,889.55",NGN 51291.72,735181.27,NGN,UNPAID
INV-001176,WO-001340,CUST00100,2025-09-24 12:21:27,NGN 6370.00,477.75,NGN 6847.75,NGN,paid
INV-001177,WO-001341,CUST00474,1763388029000,"955,498.76","71,662.41",1027161.17,NGN,PAID
INV-001178,WO-001342,CUST01102,2024-11-10 11:02:51,"NGN525,531.02",39414.83,564945.85,NGN,paid
INV-001179,WO-001343,CUST00529,1767939728000,NGN 26000.00,"NGN1,950.00",27950.00,NGN,unpaid
INV-001180,WO-001344,CUST00101,01/06/2026,111689.80,8376.73,"NGN120,066.53",ngn,unpaid
INV-001181,WO-001345,CUST00609,30/07/2026,NGN 4480.00,NGN 336.00,NGN 4816.00,NGN,PAID
INV-001182,WO-001346,CUST00448,1785833059000,"NGN1,362,456.95",NGN 102184.27,NGN 1464641.22,NGN,paid
INV-001183,WO-001347,CUST01078,17/03/2025,372143.37,"27,910.75",400054.12,NGN,paid
INV-001184,WO-001348,CUST01011,1770977642000,"14,300.00","NGN1,072.50","NGN15,372.50",NGN,paid
INV-001185,WO-001349,CUST00142,1774904497000,4795.00,359.62,5154.62,NGN,paid
INV-001186,WO-001350,CUST01041,2026-04-20 22:16:30,NGN 355566.95,"NGN26,667.52",382234.47,NGN,partial
INV-001187,WO-001351,CUST01079,2025-06-21 04:45:41,"1,313,137.73","NGN98,485.33",1411623.06,NGN,paid
INV-001188,WO-001352,CUST00809,29/07/2025,"NGN344,906.01",NGN 25867.95,370773.96,NGN,paid
INV-001189,WO-001354,CUST01055,1773428459000,"NGN540,576.33",NGN 40543.22,581119.55,NGN,paid
INV-001190,WO-001355,CUST00658,2025-04-09 00:43:30,"710,322.04","NGN53,274.15","NGN763,596.19",NGN,paid
INV-001191,WO-001357,CUST01060,1754730456000,2200.00,165.00,NGN 2365.00,NGN,PAID
INV-001192,WO-001358,CUST00531,1744175090000,"NGN1,195,218.05","89,641.35",1284859.40,NGN,written_off
INV-001193,WO-001359,CUST02300,1741232080000,"NGN931,890.70","69,891.80","NGN1,001,782.50",NGN,paid
INV-001194,WO-001360,CUST00536,04/03/2025,"377,110.76","28,283.31","405,394.07",NGN,partial
INV-001195,WO-001361,CUST00740,1775317108000,"456,539.37","NGN34,240.45","NGN490,779.82",NGN,paid
INV-001196,WO-001362,CUST00105,1773398569000,"435,060.27","32,629.52",467689.79,ngn,paid
INV-001197,WO-001363,CUST01156,2026-07-28 17:30:51,NGN 996972.17,74772.91,"NGN1,071,745.08",NGN,PAID
INV-001198,WO-001364,CUST00912,2026-05-05 17:52:55,300070.81,NGN 22505.31,322576.12,NGN,unpaid
INV-001199,WO-001367,CUST01373,1744941184000,"582,023.64","43,651.77","625,675.41",NGN,PAID
INV-001200,WO-001368,CUST00271,19/04/2026,46550.00,"3,491.25",NGN 50041.25,NGN,paid
INV-001201,WO-001370,CUST01056,06/10/2024,"351,009.00",NGN 26325.67,"377,334.67",NGN,paid
INV-001202,WO-001371,CUST01053,10/08/2025,119358.87,NGN 8951.91,"128,310.78",NGN,unpaid
INV-001203,WO-001372,CUST00093,18/02/2026,201301.33,"NGN15,097.60",216398.93,NGN,paid
INV-001204,WO-001373,CUST00564,02/08/2025,"10,350.00",NGN776.25,11126.25,ngn,paid
INV-001205,WO-001374,CUST01960,18/08/2025,"432,105.27",32407.90,"NGN464,513.17",NGN,PAID
INV-001206,WO-001375,CUST00991,2025-06-15 02:32:51,NGN 268041.16,20103.09,288144.25,NGN,UNPAID
INV-001207,WO-001376,CUST00275,2025-07-04 17:48:06,"NGN4,900.00",367.50,"NGN5,267.50",NGN,PAID
INV-001208,WO-001377,CUST01081,1786956508000,NGN 130370.58,9777.79,"140,148.37",NGN,PAID
INV-001209,WO-001379,CUST00486,1728182311000,"NGN10,050.00",753.75,"10,803.75",ngn,paid
INV-001210,WO-001380,CUST00597,02/03/2025,11060.00,NGN 829.50,NGN 11889.50,NGN,PAID
INV-001211,WO-001381,CUST01317,29/08/2025,NGN 15300.00,"1,147.50","16,447.50",NGN,paid
INV-001212,WO-001382,CUST00430,2024-09-17 05:48:36,455013.48,34126.01,NGN 489139.49,NGN,paid
INV-001213,WO-001383,CUST00104,26/03/2026,88457.06,6634.28,NGN 95091.34,NGN,partial
INV-001214,WO-001384,CUST00549,30/07/2026,"426,831.77",NGN 32012.38,"458,844.15",NGN,UNPAID
INV-001215,WO-001385,CUST00859,14/05/2026,"587,732.51",44079.94,"631,812.45",NGN,PAID
INV-001216,WO-001387,CUST00348,2024-12-22 00:38:48,"NGN684,704.18",51352.81,NGN 736056.99,NGN,paid
INV-001217,WO-001389,CUST00393,2025-05-20 03:00:41,"864,199.13","NGN64,814.93",NGN 929014.06,NGN,paid
INV-001218,WO-001390,CUST01167,2026-06-17 08:00:33,1100947.00,"NGN82,571.03","NGN1,183,518.03",NGN,paid
INV-001219,WO-001391,CUST00078,02/05/2025,NGN 674693.03,"50,601.98","725,295.01",NGN,partial
INV-001220,WO-001392,CUST00238,1781260133000,NGN 687836.43,NGN 51587.73,NGN 739424.16,ngn,unpaid
INV-001221,WO-001393,CUST01033,2025-07-03 08:29:34,"NGN1,286,276.96","96,470.77",NGN 1382747.73,NGN,unpaid
INV-001222,WO-001395,CUST00266,31/05/2025,"10,255.00",769.12,"NGN11,024.12",NGN,paid
INV-001223,WO-001396,CUST00634,11/06/2025,150382.32,"NGN11,278.67","161,660.99",NGN,paid
INV-001224,WO-001397,CUST00808,02/08/2025,"NGN11,550.00",866.25,12416.25,NGN,partial
INV-001225,WO-001398,CUST00537,1733250948000,NGN 714714.07,NGN 53603.56,"NGN768,317.63",NGN,paid
INV-001226,WO-001399,CUST00093,2025-07-07 21:31:50,"1,091,054.15","81,829.06","NGN1,172,883.21",NGN,paid
INV-001227,WO-001400,CUST01143,11/10/2024,"5,975.00",448.12,NGN 6423.12,NGN,UNPAID
INV-001228,WO-001401,CUST00614,2026-06-23 15:03:28,330201.95,NGN 24765.15,NGN 354967.10,NGN,paid
INV-001229,WO-001402,CUST02139,03/11/2025,NGN 195031.68,"14,627.38","NGN209,659.06",NGN,paid
INV-001230,WO-001404,CUST01091,2026-03-10 13:05:07,NGN 483792.94,NGN 36284.47,NGN 520077.41,NGN,PAID
INV-001231,WO-001405,CUST00752,2025-02-09 05:40:26,977241.58,73293.12,"1,050,534.70",NGN,unpaid
INV-001232,WO-001407,CUST00929,21/06/2025,"NGN143,087.01",10731.53,"153,818.54",NGN,PAID
INV-001233,WO-001408,CUST00255,1787696312000,"NGN839,419.74","NGN62,956.48","NGN902,376.22",NGN,partial
INV-001234,WO-001409,CUST00859,2026-06-19 16:23:33,"NGN749,266.89",56195.02,"805,461.91",NGN,paid
INV-001235,WO-001410,CUST00117,2024-10-18 22:58:33,"NGN458,868.49","34,415.14","493,283.63",NGN,PAID
INV-001236,WO-001412,CUST00377,28/12/2024,"819,853.32","61,489.00","881,342.32",NGN,PAID
INV-001237,WO-001413,CUST01089,2026-02-27 19:19:53,NGN 914918.31,68618.87,"NGN983,537.18",ngn,paid
INV-001238,WO-001414,CUST00872,2025-02-26 01:58:07,"269,940.14","NGN20,245.51",290185.65,NGN,paid
INV-001239,WO-001415,CUST00571,02/03/2026,"NGN556,561.09","41,742.08",NGN 598303.17,NGN,PAID
INV-001240,WO-001416,CUST00882,2025-10-04 14:38:06,703864.73,"NGN52,789.85","756,654.58",NGN,paid
INV-001241,WO-001417,CUST01111,01/03/2025,NGN 741483.26,55611.24,"NGN797,094.50",NGN,paid
INV-001242,WO-001418,CUST00404,1767899336000,1654224.29,"NGN124,066.82",NGN 1778291.11,NGN,PAID
INV-001243,WO-001419,CUST01317,05/06/2025,"NGN6,300.00",472.50,NGN 6772.50,ngn,partial
INV-001244,WO-001420,CUST00638,1768547814000,NGN 78975.00,NGN 5923.12,"NGN84,898.12",NGN,PAID
INV-001245,WO-001421,CUST00269,1764988618000,"NGN430,095.93",32257.20,NGN 462353.13,NGN,UNPAID
INV-001246,WO-001422,CUST01071,2026-05-30 10:46:45,NGN 251589.97,18869.25,270459.22,NGN,PAID
INV-001247,WO-001423,CUST00081,2026-05-14 09:55:51,NGN 457377.36,"NGN34,303.30","491,680.66",NGN,unpaid
INV-001248,WO-001424,CUST00417,1781287917000,593228.71,44492.15,"637,720.86",NGN,unpaid
INV-001249,WO-001425,CUST01060,1735106995000,"736,605.96",NGN 55245.45,"791,851.41",NGN,paid
INV-001250,WO-001426,CUST01623,10/09/2024,252384.27,18928.82,"271,313.09",NGN,partial
INV-001251,WO-001427,CUST00519,2025-01-05 17:51:48,"1,177,720.82","88,329.06",1266049.88,NGN,paid
INV-001252,WO-001428,CUST00453,03/05/2026,"NGN952,913.31","NGN71,468.50",NGN 1024381.81,NGN,paid
INV-001253,WO-001429,CUST01092,09/02/2026,"2,450.00",183.75,"NGN2,633.75",NGN,PAID
INV-001254,WO-001430,CUST00196,05/08/2026,79282.26,NGN 5946.17,85228.43,ngn,UNPAID
INV-001255,WO-001431,CUST00384,2026-09-02 06:16:55,1069949.45,"80,246.21",NGN 1150195.66,NGN,UNPAID
INV-001256,WO-001432,CUST00514,25/04/2026,NGN 1154635.49,"NGN86,597.66","1,241,233.15",NGN,paid
INV-001257,WO-001433,CUST00445,1751673965000,NGN 364510.75,NGN 27338.31,"391,849.06",NGN,PAID
INV-001258,WO-001434,CUST00706,01/06/2026,"NGN92,999.39","NGN6,974.95",NGN 99974.34,NGN,PAID
INV-001259,WO-001435,CUST00821,2025-02-08 22:52:46,541882.60,"40,641.19","NGN582,523.79",NGN,paid
INV-001260,WO-001436,CUST02139,1738511286000,92907.25,6968.04,NGN 99875.29,NGN,partial
INV-001261,WO-001438,CUST00651,2026-03-17 08:09:33,NGN 571063.26,"NGN42,829.74","NGN613,893.00",NGN,partial
INV-001262,WO-001439,CUST00250,13/11/2024,"NGN10,050.00",753.75,"10,803.75",NGN,paid
INV-001263,WO-001440,CUST00036,07/05/2025,29970.00,NGN 2247.75,"32,217.75",NGN,paid
INV-001264,WO-001441,CUST00401,1758012835000,"126,249.74","9,468.73",135718.47,NGN,paid
INV-001265,WO-001442,CUST00010,15/04/2025,"5,670.00",425.25,"6,095.25",NGN,unpaid
INV-001266,WO-001443,CUST00173,21/06/2025,NGN 405594.21,"30,419.57",NGN 436013.78,NGN,unpaid
INV-001267,WO-001444,CUST01090,2025-11-30 12:37:31,"NGN858,814.66",64411.10,NGN 923225.76,NGN,unpaid
INV-001268,WO-001445,CUST00211,2025-12-24 20:34:35,41329.18,3099.69,44428.87,NGN,PAID
INV-001269,WO-001446,CUST00607,27/07/2026,"338,099.32",25357.45,363456.77,ngn,paid
INV-001270,WO-001447,CUST00700,1753066146000,"NGN917,735.04","68,830.13",NGN 986565.17,NGN,PAID
INV-001271,WO-001448,CUST00090,2025-11-11 06:41:41,"NGN57,247.40","NGN4,293.56",NGN 61540.96,NGN,PAID
INV-001272,WO-001449,CUST01150,24/02/2025,NGN 363150.53,NGN 27236.29,"390,386.82",NGN,paid
INV-001273,WO-001450,CUST00961,12/12/2025,675345.27,NGN 50650.89,725996.16,ngn,partial
INV-001274,WO-001452,CUST00734,1744789665000,NGN 21141.53,"1,585.62","NGN22,727.15",NGN,paid
INV-001275,WO-001453,CUST00782,2025-11-20 13:32:35,"NGN403,503.32",NGN 30262.75,433766.07,NGN,UNPAID
INV-001276,WO-001454,CUST00508,2026-09-01 22:33:31,NGN 220751.46,"NGN16,556.36","237,307.82",NGN,paid
INV-001277,WO-001455,CUST02366,1753790469000,"NGN560,091.95",42006.90,"602,098.85",NGN,unpaid
INV-001278,WO-001456,CUST00463,2025-06-19 12:14:49,"238,498.63",17887.40,256386.03,NGN,paid
INV-001279,WO-001457,CUST01194,1783427991000,NGN 530738.63,"NGN39,805.40","570,544.03",ngn,partial
INV-001280,WO-001458,CUST00653,14/07/2026,"NGN855,846.07","64,188.46","NGN920,034.53",NGN,unpaid
INV-001281,WO-001459,CUST01765,2024-12-01 10:49:38,"NGN275,310.00",20648.25,NGN 295958.25,NGN,partial
INV-001282,WO-001460,CUST00100,2025-07-15 01:32:50,"555,672.23","NGN41,675.42","NGN597,347.65",NGN,unpaid
INV-001283,WO-001462,CUST01200,28/08/2025,"NGN2,625.00",NGN 196.88,"NGN2,821.88",NGN,UNPAID
INV-001284,WO-001463,CUST00615,2026-04-25 13:36:54,"NGN342,546.85","25,691.01","368,237.86",NGN,PAID
INV-001285,WO-001464,CUST00471,1750381592000,NGN 6675.00,500.62,NGN 7175.62,NGN,UNPAID
INV-001286,WO-001466,CUST00787,1746695646000,"NGN1,934,214.46",NGN 145066.08,NGN 2079280.54,NGN,paid
INV-001287,WO-001467,CUST00201,1784415690000,"512,378.11","NGN38,428.36","NGN550,806.47",ngn,unpaid
INV-001288,WO-001468,CUST00458,2025-09-17 18:21:18,"NGN211,543.87",15865.79,"227,409.66",NGN,written_off
INV-001289,WO-001469,CUST00479,1754439935000,NGN 18963.71,"1,422.28","20,385.99",NGN,paid
INV-001290,WO-001472,CUST00638,2025-12-21 18:22:52,"NGN3,960.00",297.00,4257.00,NGN,partial
INV-001291,WO-001473,CUST00871,27/07/2026,206784.46,"NGN15,508.83","222,293.29",NGN,paid
INV-001292,WO-001475,CUST02101,2025-06-28 22:10:45,NGN 634215.13,NGN 47566.13,"NGN681,781.26",NGN,paid
INV-001293,WO-001476,CUST00894,1746620058000,"NGN87,433.18",6557.49,NGN 93990.67,ngn,PAID
INV-001294,WO-001477,CUST00026,26/05/2026,52013.58,NGN 3901.02,NGN 55914.60,NGN,paid
INV-001295,WO-001478,CUST00554,1741597414000,"NGN1,041,690.25","NGN78,126.77","1,119,817.02",NGN,UNPAID
INV-001296,WO-001479,CUST00100,11/08/2026,NGN 3675.00,275.62,3950.62,NGN,paid
INV-001297,WO-001481,CUST00858,18/09/2025,NGN 321534.53,NGN 24115.09,"NGN345,649.62",NGN,partial
INV-001298,WO-001482,CUST00068,2026-03-16 08:17:29,NGN 773465.00,NGN 58009.87,"NGN831,474.87",NGN,paid
INV-001299,WO-001483,CUST00341,1753620986000,"NGN19,150.00","NGN1,436.25",20586.25,NGN,paid
INV-001300,WO-001484,CUST01148,13/07/2026,"NGN42,263.44",NGN 3169.76,"45,433.20",NGN,paid
INV-001301,WO-001485,CUST00614,2025-03-17 20:08:07,"NGN787,852.05","NGN59,088.90","846,940.95",NGN,paid
INV-001302,WO-001487,CUST00055,2025-10-05 03:51:32,NGN 802989.59,60224.22,863213.81,NGN,PAID
INV-001303,WO-001488,CUST00933,2025-02-20 11:09:06,"21,600.00",NGN 1620.00,"23,220.00",NGN,PAID
INV-001304,WO-001489,CUST01195,2024-12-22 10:12:41,263054.38,NGN 19729.08,282783.46,NGN,paid
INV-001305,WO-001490,CUST00181,1758955858000,37708.77,"NGN2,828.16","40,536.93",NGN,written_off
INV-001306,WO-001491,CUST00361,2025-06-25 19:44:21,610445.79,NGN 45783.43,"656,229.22",NGN,PAID
INV-001307,WO-001492,CUST00479,22/12/2025,"NGN956,263.80","NGN71,719.79",1027983.59,NGN,partial
INV-001308,WO-001493,CUST02225,2025-06-15 22:35:38,43049.63,3228.72,"NGN46,278.35",NGN,paid
INV-001309,WO-001494,CUST01035,15/04/2025,56237.34,"4,217.80","60,455.14",NGN,paid
INV-001310,WO-001495,CUST02041,1733820654000,NGN 171621.28,12871.60,184492.88,NGN,PAID
INV-001311,WO-001496,CUST00097,1734755307000,97670.23,7325.27,"NGN104,995.50",ngn,written_off
INV-001312,WO-001497,CUST00428,1772722613000,631605.42,47370.41,"678,975.83",NGN,unpaid
INV-001313,WO-001499,CUST01083,1771618968000,"645,540.94","NGN48,415.57",NGN 693956.51,NGN,PAID
INV-001314,WO-001500,CUST00128,15/08/2025,"NGN250,527.19",18789.54,269316.73,NGN,paid
INV-001315,WO-001501,CUST00729,04/08/2025,"NGN12,690.00",951.75,"13,641.75",NGN,partial
INV-001316,WO-001502,CUST00578,29/11/2024,NGN 981467.75,"73,610.08",NGN 1055077.83,NGN,paid
INV-001317,WO-001503,CUST00014,1745458762000,"NGN26,100.00",1957.50,"NGN28,057.50",NGN,paid
INV-001318,WO-001504,CUST00611,09/11/2024,249126.46,"18,684.48","NGN267,810.94",NGN,partial
INV-001319,WO-001505,CUST00872,2026-05-08 00:58:34,"9,300.00",NGN697.50,"9,997.50",NGN,PAID
INV-001320,WO-001506,CUST00444,1756165227000,"NGN174,584.80",13093.86,"NGN187,678.66",NGN,paid
INV-001321,WO-001507,CUST01197,25/03/2025,"124,901.34","NGN9,367.60",NGN 134268.94,NGN,PAID
INV-001322,WO-001508,CUST00229,2026-08-27 13:42:35,NGN 90146.09,NGN 6760.96,NGN 96907.05,NGN,paid
INV-001323,WO-001509,CUST00040,06/08/2025,"440,581.27","33,043.60",473624.87,NGN,PAID
INV-001324,WO-001510,CUST01194,1736621429000,"242,448.99","18,183.67",260632.66,NGN,paid
INV-001325,WO-001511,CUST00816,1733866934000,"9,520.00",714.00,"10,234.00",NGN,UNPAID
INV-001326,WO-001512,CUST00615,2026-02-07 09:38:45,5450.00,NGN 408.75,NGN 5858.75,NGN,UNPAID
INV-001327,WO-001513,CUST00942,1779958419000,"7,800.00",585.00,8385.00,NGN,partial
INV-001328,WO-001514,CUST00563,2025-03-06 04:14:08,NGN 83949.41,6296.21,"NGN90,245.62",ngn,PAID
INV-001329,WO-001515,CUST00376,1769617986000,"NGN21,300.00",1597.50,22897.50,NGN,PAID
INV-001330,WO-001516,CUST01837,2025-01-26 03:51:10,"NGN671,755.17",NGN 50381.64,NGN 722136.81,NGN,unpaid
INV-001331,WO-001517,CUST00168,1773712269000,"NGN38,362.68","2,877.20","NGN41,239.88",ngn,PAID
INV-001332,WO-001518,CUST00054,08/11/2025,"177,321.85",13299.14,190620.99,NGN,paid
INV-001333,WO-001519,CUST01107,21/04/2026,"5,950.00",NGN 446.25,"6,396.25",NGN,written_off
INV-001334,WO-001520,CUST00817,1746091090000,72746.58,"NGN5,455.99","78,202.57",NGN,paid
INV-001335,WO-001522,CUST00104,2026-05-15 11:28:10,"134,256.12",NGN 10069.21,"NGN144,325.33",NGN,PAID
INV-001336,WO-001523,CUST00813,1746757358000,363352.40,NGN 27251.43,390603.83,NGN,paid
INV-001337,WO-001524,CUST00746,27/05/2025,NGN 754407.55,56580.57,"810,988.12",NGN,UNPAID
INV-001338,WO-001528,CUST01031,2025-09-27 11:22:41,"1,268,239.80",95117.98,"1,363,357.78",NGN,paid
INV-001339,WO-001529,CUST00558,1751999982000,"NGN29,400.00",NGN 2205.00,"31,605.00",NGN,PAID
INV-001340,WO-001530,CUST00601,2025-06-28 11:33:18,NGN 204770.58,NGN 15357.79,"NGN220,128.37",NGN,PAID
INV-001341,WO-001531,CUST00737,1769611504000,"1,082,263.97",81169.80,NGN 1163433.77,NGN,paid
INV-001342,WO-001532,CUST01112,16/06/2025,"NGN759,272.09",56945.41,"NGN816,217.50",ngn,unpaid
INV-001343,WO-001533,CUST00681,14/10/2025,NGN 254762.46,19107.18,273869.64,NGN,paid
INV-001344,WO-001535,CUST00847,22/11/2025,"682,353.72","NGN51,176.53",733530.25,NGN,unpaid
INV-001345,WO-001536,CUST00499,1728601192000,303384.90,"22,753.87",NGN 326138.77,NGN,partial
INV-001346,WO-001538,CUST01163,2026-06-12 01:16:07,"304,897.47",NGN 22867.31,NGN 327764.78,NGN,PAID
INV-001347,WO-001539,CUST00490,09/08/2026,NGN 51266.13,"NGN3,844.96","55,111.09",NGN,paid
INV-001348,WO-001540,CUST01140,1729206319000,"NGN933,690.01",70026.75,"1,003,716.76",NGN,PAID
INV-001349,WO-001541,CUST00127,2025-07-20 03:53:14,"NGN496,957.71",NGN 37271.83,"NGN534,229.54",NGN,paid
INV-001350,WO-001544,CUST01156,06/12/2025,"NGN192,436.70",14432.75,"206,869.45",NGN,PAID
INV-001351,WO-001546,CUST00584,1773028752000,"7,875.00",NGN 590.62,8465.62,NGN,paid
INV-001352,WO-001547,CUST00621,1728423834000,391492.02,29361.90,420853.92,ngn,partial
INV-001353,WO-001548,CUST00960,1776415178000,"201,727.24","NGN15,129.54","216,856.78",NGN,paid
INV-001354,WO-001549,CUST00994,12/07/2025,NGN 2575.00,193.12,"2,768.12",NGN,PAID
INV-001355,WO-001550,CUST00526,1764658531000,NGN 131392.06,9854.40,141246.46,NGN,UNPAID
INV-001356,WO-001551,CUST00116,1771791683000,NGN 419817.38,NGN 31486.30,"NGN451,303.68",NGN,PAID
INV-001357,WO-001553,CUST01029,2026-06-17 04:47:48,"54,050.00","4,053.75",NGN 58103.75,NGN,paid
INV-001358,WO-001554,CUST00210,1728988283000,1900.00,142.50,"NGN2,042.50",NGN,paid
INV-001359,WO-001555,CUST00279,2026-04-10 08:30:09,"NGN37,801.70","NGN2,835.13",NGN 40636.83,NGN,PAID
INV-001360,WO-001556,CUST01153,2025-09-13 09:15:42,"653,874.61",49040.60,"702,915.21",NGN,paid
INV-001361,WO-001557,CUST00412,2026-06-20 12:54:26,"NGN687,633.05",NGN 51572.48,"739,205.53",NGN,paid
INV-001362,WO-001558,CUST00633,2025-12-28 23:23:54,"NGN300,684.17","NGN22,551.31","323,235.48",NGN,PAID
INV-001363,WO-001559,CUST00595,1770099996000,NGN 719023.93,53926.79,772950.72,NGN,paid
INV-001364,WO-001561,CUST00388,15/08/2025,NGN 553946.09,"NGN41,545.96","595,492.05",ngn,paid
INV-001365,WO-001562,CUST00259,16/12/2025,459505.28,34462.90,493968.18,NGN,PAID
INV-001366,WO-001563,CUST01314,2025-02-16 07:57:02,928954.62,69671.60,NGN 998626.22,NGN,paid
INV-001367,WO-001564,CUST00168,2025-04-05 21:39:39,"NGN1,083,679.18","81,275.94","1,164,955.12",NGN,paid
INV-001368,WO-001565,CUST00999,28/03/2026,164296.66,12322.25,"NGN176,618.91",NGN,partial
INV-001369,WO-001566,CUST00607,2025-05-27 11:14:51,810618.52,60796.39,871414.91,NGN,unpaid
INV-001370,WO-001568,CUST00880,30/03/2025,"NGN309,733.79",NGN 23230.03,"332,963.82",ngn,paid
INV-001371,WO-001569,CUST00396,17/03/2025,"NGN795,579.59",NGN 59668.47,"NGN855,248.06",NGN,paid
INV-001372,WO-001570,CUST00544,2025-05-17 03:38:59,"563,545.94",42265.95,"605,811.89",NGN,partial
INV-001373,WO-001571,CUST00697,1758102551000,"NGN11,060.00",NGN829.50,NGN 11889.50,NGN,UNPAID
INV-001374,WO-001572,CUST00611,14/08/2026,"175,232.07","NGN13,142.41",188374.48,NGN,paid
INV-001375,WO-001574,CUST01154,2025-05-05 18:34:55,1643145.02,"123,235.88","1,766,380.90",NGN,paid
INV-001376,WO-001575,CUST01047,10/07/2026,"436,700.20","32,752.51",469452.71,NGN,paid
INV-001377,WO-001576,CUST00386,1743141570000,14850.00,1113.75,"15,963.75",ngn,paid
INV-001378,WO-001578,CUST00858,23/01/2026,NGN 341584.75,NGN 25618.86,"NGN367,203.61",NGN,partial
INV-001379,WO-001579,CUST00241,2026-05-10 01:17:43,336888.00,25266.60,362154.60,NGN,paid
INV-001380,WO-001580,CUST00429,04/07/2026,515960.60,"NGN38,697.04",554657.64,NGN,paid
INV-001381,WO-001582,CUST00829,1745243906000,"345,798.38","NGN25,934.88","NGN371,733.26",NGN,paid
INV-001382,WO-001583,CUST00186,1742572678000,"137,024.80","10,276.86",NGN 147301.66,NGN,paid
INV-001383,WO-001584,CUST00851,2026-05-26 08:50:50,91652.17,NGN 6873.91,NGN 98526.08,NGN,partial
INV-001384,WO-001585,CUST00352,05/05/2026,"557,740.79","NGN41,830.56","599,571.35",NGN,paid
INV-001385,WO-001586,CUST00891,17/01/2025,"239,354.31","NGN17,951.57",257305.88,NGN,partial
INV-001386,WO-001587,CUST00209,1775034577000,"NGN32,873.64",NGN 2465.52,35339.16,NGN,paid
INV-001387,WO-001588,CUST00351,2026-05-30 09:29:53,"NGN1,242,820.01","93,211.50","1,336,031.51",NGN,paid
INV-001388,WO-001589,CUST00251,1785195749000,"884,480.07",66336.00,NGN 950816.07,NGN,PAID
INV-001389,WO-001590,CUST00503,2025-11-23 01:35:52,NGN 377587.35,"NGN28,319.05",405906.40,NGN,paid
INV-001390,WO-001591,CUST02324,1744952664000,"904,698.96","67,852.42","972,551.38",NGN,PAID
INV-001391,WO-001593,CUST00488,13/08/2026,604669.93,45350.24,650020.17,NGN,partial
INV-001392,WO-001594,CUST01031,25/12/2025,4150.00,311.25,NGN 4461.25,ngn,PAID
INV-001393,WO-001596,CUST01094,11/05/2025,NGN 1115925.52,83694.41,"NGN1,199,619.93",NGN,unpaid
INV-001394,WO-001597,CUST00458,2026-04-01 08:10:39,"NGN61,047.35",4578.55,65625.90,ngn,paid
INV-001395,WO-001598,CUST00946,1752369230000,"730,716.48","54,803.74",NGN 785520.22,NGN,unpaid
INV-001396,WO-001599,CUST01107,2026-07-30 16:45:48,"NGN1,287,882.47","NGN96,591.19",NGN 1384473.66,NGN,paid
INV-001397,WO-001600,CUST01036,2026-02-07 13:01:48,"51,087.42",3831.56,"54,918.98",NGN,partial
INV-001398,WO-001601,CUST00231,2025-08-28 12:35:28,"NGN376,430.78","28,232.31","NGN404,663.09",ngn,paid
INV-001399,WO-001602,CUST00578,1785129781000,"1,108,662.09","NGN83,149.66","1,191,811.75",NGN,UNPAID
INV-001400,WO-001603,CUST00924,2025-04-22 13:38:17,542840.04,"NGN40,713.00",NGN 583553.04,NGN,partial
INV-001401,WO-001604,CUST00540,2025-08-14 01:47:41,6550.00,NGN491.25,"NGN7,041.25",NGN,paid
INV-001402,WO-001606,CUST00199,23/08/2026,"289,863.46",NGN 21739.76,NGN 311603.22,ngn,paid
INV-001403,WO-001607,CUST00755,1754547420000,"558,061.98","NGN41,854.65","NGN599,916.63",ngn,PAID
INV-001404,WO-001608,CUST00440,1764774750000,"NGN811,102.93",60832.72,871935.65,ngn,paid
INV-001405,WO-001609,CUST00455,1762753251000,NGN 442077.69,NGN 33155.83,"475,233.52",NGN,PAID
INV-001406,WO-001610,CUST00164,31/12/2025,NGN 336418.54,"NGN25,231.39",NGN 361649.93,NGN,unpaid
INV-001407,WO-001611,CUST01057,09/10/2024,"NGN32,805.75",2460.43,35266.18,NGN,paid
INV-001408,WO-001612,CUST01177,08/03/2025,7425.00,556.88,7981.88,NGN,paid
INV-001409,WO-001613,CUST00845,26/09/2025,"NGN948,556.71",71141.75,"NGN1,019,698.46",ngn,unpaid
INV-001410,WO-001614,CUST00284,18/03/2026,NGN 368953.78,"NGN27,671.53","396,625.31",ngn,unpaid
INV-001411,WO-001615,CUST00926,11/11/2025,NGN 362836.11,"NGN27,212.71",NGN 390048.82,ngn,unpaid
INV-001412,WO-001616,CUST00467,1776622123000,362209.04,27165.68,"NGN389,374.72",NGN,paid
INV-001413,WO-001617,CUST01577,17/05/2025,"509,938.62","38,245.40","NGN548,184.02",NGN,paid
INV-001414,WO-001618,CUST00087,2025-03-21 04:34:57,"NGN486,918.63","NGN36,518.90",NGN 523437.53,NGN,paid
INV-001415,WO-001619,CUST01070,1771155993000,406976.64,"30,523.25","437,499.89",NGN,unpaid
INV-001416,WO-001620,CUST00015,29/04/2025,521743.83,"NGN39,130.79","NGN560,874.62",NGN,UNPAID
INV-001417,WO-001621,CUST00732,2024-10-16 18:54:16,513207.01,"38,490.53","551,697.54",NGN,partial
INV-001418,WO-001622,CUST00355,1776865836000,NGN 101547.74,NGN 7616.08,"109,163.82",NGN,paid
INV-001419,WO-001623,CUST00858,09/02/2026,"NGN595,167.41",NGN 44637.56,"639,804.97",NGN,partial
INV-001420,WO-001624,CUST00812,2026-07-17 20:37:53,6750.00,NGN 506.25,"NGN7,256.25",NGN,paid
INV-001421,WO-001625,CUST00802,2025-05-27 18:23:06,NGN 922538.41,"69,190.38",NGN 991728.79,NGN,paid
INV-001422,WO-001626,CUST01066,2024-12-24 03:13:14,"434,930.36","32,619.78",NGN 467550.14,NGN,paid
INV-001423,WO-001627,CUST01054,1765041273000,128635.96,"NGN9,647.70",138283.66,NGN,unpaid
INV-001424,WO-001628,CUST01105,1734918570000,NGN 178106.65,"13,358.00",191464.65,NGN,PAID
INV-001425,WO-001629,CUST00141,2024-10-13 11:53:23,NGN 144075.00,NGN 10805.62,154880.62,NGN,paid
INV-001426,WO-001630,CUST01094,1772011072000,"1,078,553.48",NGN 80891.51,"1,159,444.99",NGN,partial
INV-001427,WO-001632,CUST01100,1770532089000,"612,243.88",45918.29,NGN 658162.17,NGN,PAID
INV-001428,WO-001633,CUST00545,1760746936000,858609.16,64395.69,NGN 923004.85,NGN,partial
INV-001429,WO-001634,CUST00712,2026-02-25 15:31:09,734906.87,"NGN55,118.02","NGN790,024.89",NGN,UNPAID
INV-001430,WO-001635,CUST00451,2025-07-31 14:11:01,NGN 531022.66,NGN 39826.70,570849.36,ngn,unpaid
INV-001431,WO-001637,CUST01018,2024-12-28 20:43:41,NGN 573494.47,43012.08,"NGN616,506.55",NGN,PAID
INV-001432,WO-001638,CUST01149,23/07/2025,NGN 3250.00,NGN 243.75,NGN 3493.75,NGN,paid
INV-001433,WO-001639,CUST00938,2024-10-02 02:26:23,"9,555.00",NGN 716.62,NGN 10271.62,NGN,UNPAID
INV-001434,WO-001640,CUST00590,1736212690000,"433,794.82",32534.61,NGN 466329.43,NGN,paid
INV-001435,WO-001641,CUST00059,10/11/2025,108432.11,"NGN8,132.41","NGN116,564.52",NGN,unpaid
INV-001436,WO-001642,CUST00449,1736460756000,709893.51,"53,242.01",NGN 763135.52,NGN,UNPAID
INV-001437,WO-001643,CUST00683,10/05/2025,268197.08,NGN 20114.78,"NGN288,311.86",NGN,partial
INV-001438,WO-001644,CUST00152,1780551925000,"NGN173,050.51",12978.79,NGN 186029.30,NGN,PAID
INV-001439,WO-001645,CUST00894,2026-04-12 15:20:53,274552.50,"20,591.44",295143.94,NGN,paid
INV-001440,WO-001646,CUST02041,2026-08-29 23:22:25,145686.99,NGN 10926.52,"156,613.51",NGN,paid
INV-001441,WO-001647,CUST00998,2026-04-25 20:25:14,NGN 1353285.98,NGN 101496.45,NGN 1454782.43,NGN,partial
INV-001442,WO-001648,CUST00477,1780590199000,NGN 468239.57,"NGN35,117.97",NGN 503357.54,NGN,partial
INV-001443,WO-001649,CUST00876,02/10/2024,NGN 463551.04,34766.33,NGN 498317.37,NGN,PAID
INV-001444,WO-001650,CUST01169,2026-02-17 04:56:38,1434867.51,107615.06,NGN 1542482.57,NGN,paid
INV-001445,WO-001652,CUST01549,2026-05-21 07:53:07,NGN 185814.60,13936.10,"NGN199,750.70",NGN,UNPAID
INV-001446,WO-001654,CUST00436,2025-06-09 18:47:40,506163.09,NGN 37962.23,NGN 544125.32,NGN,paid
INV-001447,WO-001655,CUST00279,12/01/2026,"NGN609,947.72",NGN 45746.08,"NGN655,693.80",NGN,PAID
INV-001448,WO-001656,CUST00417,1750162026000,NGN 221852.68,"NGN16,638.95","238,491.63",NGN,written_off
INV-001449,WO-001657,CUST00681,1773323515000,NGN 61890.94,NGN 4641.82,66532.76,NGN,PAID
INV-001450,WO-001658,CUST00407,2025-11-25 11:50:10,"NGN217,285.73","NGN16,296.43","233,582.16",ngn,UNPAID
INV-001451,WO-001659,CUST00113,2026-05-13 18:20:57,"1,376,241.72","NGN103,218.13",1479459.85,NGN,paid
INV-001452,WO-001660,CUST00083,1785550737000,NGN 2625.00,196.88,NGN 2821.88,NGN,paid
INV-001453,WO-001662,CUST00839,19/09/2025,"NGN157,525.67","NGN11,814.42","NGN169,340.09",ngn,partial
INV-001454,WO-001663,CUST00379,28/01/2026,NGN 19150.00,1436.25,"NGN20,586.25",NGN,PAID
INV-001455,WO-001665,CUST00780,2025-07-28 06:04:29,"1,427,508.17",NGN 107063.11,"NGN1,534,571.28",NGN,paid
INV-001456,WO-001666,CUST00548,2026-03-31 13:00:40,"849,957.20","NGN63,746.79","NGN913,703.99",NGN,UNPAID
INV-001457,WO-001668,CUST00719,1756865169000,NGN 591417.22,44356.29,NGN 635773.51,NGN,unpaid
INV-001458,WO-001670,CUST00180,1761624843000,"NGN168,396.28",NGN 12629.72,181026.00,NGN,unpaid
INV-001459,WO-001671,CUST00302,19/02/2025,"NGN176,000.24","NGN13,200.02","NGN189,200.26",NGN,PAID
INV-001460,WO-001672,CUST00613,21/12/2024,NGN 573333.53,"NGN43,000.01","NGN616,333.54",NGN,paid
INV-001461,WO-001674,CUST00538,1772766956000,NGN 1030758.07,NGN 77306.85,1108064.92,ngn,PAID
INV-001462,WO-001675,CUST00609,2025-06-19 04:03:58,"NGN248,116.47","18,608.73","NGN266,725.20",NGN,paid
INV-001463,WO-001676,CUST01314,1756691167000,248405.67,"18,630.43","NGN267,036.10",NGN,paid
INV-001464,WO-001677,CUST01033,04/12/2024,NGN 3570.00,267.75,3837.75,NGN,paid
INV-001465,WO-001678,CUST00360,09/05/2025,NGN 1068183.48,NGN 80113.76,1148297.24,NGN,paid
INV-001466,WO-001679,CUST01150,1762574088000,"NGN448,129.36","NGN33,609.70",NGN 481739.06,NGN,paid
INV-001467,WO-001680,CUST00628,1784567643000,"605,534.64",NGN 45415.10,650949.74,NGN,PAID
INV-001468,WO-001681,CUST00420,1769229751000,795727.38,59679.55,"855,406.93",NGN,PAID
INV-001469,WO-001682,CUST00617,12/06/2025,"NGN1,147,249.77",NGN 86043.73,"1,233,293.50",NGN,partial
INV-001470,WO-001683,CUST00501,2025-02-13 04:21:53,"NGN169,918.20",NGN 12743.87,"182,662.07",NGN,PAID
INV-001471,WO-001684,CUST00415,21/05/2026,41110.40,"NGN3,083.28",NGN 44193.68,NGN,unpaid
INV-001472,WO-001685,CUST00042,1740907252000,NGN 122649.33,"NGN9,198.70","NGN131,848.03",NGN,partial
INV-001473,WO-001686,CUST00432,2025-09-29 08:47:26,NGN 265619.97,"NGN19,921.50","NGN285,541.47",NGN,unpaid
INV-001474,WO-001687,CUST01962,2024-09-15 10:02:14,NGN 392419.18,"29,431.44",NGN 421850.62,NGN,partial
INV-001475,WO-001688,CUST00384,03/06/2025,NGN 326026.21,"NGN24,451.97",NGN 350478.18,NGN,partial
INV-001476,WO-001689,CUST02400,2026-08-25 12:42:48,"NGN623,331.49","NGN46,749.86",670081.35,NGN,PAID
INV-001477,WO-001690,CUST01496,23/02/2026,"NGN14,775.00","1,108.12",NGN 15883.12,NGN,paid
INV-001478,WO-001691,CUST01040,24/04/2025,99777.15,"7,483.29",NGN 107260.44,NGN,paid
INV-001479,WO-001692,CUST00992,20/02/2026,"NGN262,379.94",19678.50,"282,058.44",NGN,paid
INV-001480,WO-001693,CUST00238,1769224896000,NGN 322312.07,"NGN24,173.41",346485.48,NGN,PAID
INV-001481,WO-001694,CUST00831,1729474131000,"NGN166,697.18",NGN 12502.29,179199.47,NGN,unpaid
INV-001482,WO-001695,CUST00098,1782576459000,"NGN167,217.23",12541.29,"NGN179,758.52",ngn,PAID
INV-001483,WO-001696,CUST00056,02/09/2026,NGN 13575.00,1018.12,NGN 14593.12,NGN,unpaid
INV-001484,WO-001698,CUST00511,2026-03-26 23:51:47,1405803.61,"105,435.27",NGN 1511238.88,NGN,unpaid
INV-001485,WO-001699,CUST00487,1783314804000,"NGN823,512.76",NGN 61763.46,885276.22,NGN,unpaid
INV-001486,WO-001700,CUST00923,1749070187000,"65,175.00",NGN 4888.12,"NGN70,063.12",NGN,paid
INV-001487,WO-001701,CUST00395,1781022128000,653582.29,NGN 49018.67,"NGN702,600.96",NGN,UNPAID
INV-001488,WO-001702,CUST02300,17/07/2026,NGN 5925.00,444.38,"6,369.38",NGN,partial
INV-001489,WO-001703,CUST00961,2026-07-21 18:58:03,"6,120.00",459.00,6579.00,NGN,partial
INV-001490,WO-001705,CUST00930,2025-06-17 20:35:45,502972.66,NGN 37722.95,540695.61,NGN,unpaid
INV-001491,WO-001706,CUST01048,13/08/2025,49590.00,3719.25,NGN 53309.25,NGN,paid
INV-001492,WO-001707,CUST00891,1759664862000,NGN 960663.13,72049.74,"NGN1,032,712.87",NGN,paid
INV-001493,WO-001709,CUST02174,1787729118000,75535.29,"5,665.15",81200.44,ngn,written_off
INV-001494,WO-001711,CUST00912,21/09/2025,NGN 608369.14,45627.69,653996.83,NGN,PAID
INV-001495,WO-001712,CUST01798,06/03/2026,81582.66,NGN 6118.70,"87,701.36",NGN,paid
INV-001496,WO-001713,CUST00726,26/08/2025,"NGN15,900.00","1,192.50","NGN17,092.50",NGN,PAID
INV-001497,WO-001714,CUST01070,2026-07-26 01:59:25,NGN 216117.03,"NGN16,208.78",232325.81,NGN,partial
INV-001498,WO-001715,CUST00126,1754872929000,136681.88,NGN 10251.14,NGN 146933.02,NGN,paid
INV-001499,WO-001716,CUST00795,1765799694000,"377,297.03",28297.28,"NGN405,594.31",NGN,UNPAID
INV-001500,WO-001718,CUST01171,2026-08-26 15:10:57,"35,839.17","2,687.94",38527.11,NGN,paid
INV-001501,WO-001719,CUST00128,25/03/2025,NGN 9730.00,NGN729.75,"NGN10,459.75",NGN,unpaid
INV-001502,WO-001720,CUST00053,10/06/2025,465615.97,NGN 34921.20,"NGN500,537.17",ngn,unpaid
INV-001503,WO-001721,CUST00691,2025-07-19 04:20:23,NGN 706637.43,52997.81,"759,635.24",NGN,paid
INV-001504,WO-001722,CUST01067,2026-06-28 16:48:12,NGN 19500.00,1462.50,NGN 20962.50,NGN,unpaid
INV-001505,WO-001723,CUST01043,12/06/2026,"44,116.67",3308.75,"NGN47,425.42",NGN,paid
INV-001506,WO-001724,CUST01108,2024-12-26 15:03:24,"765,495.80","57,412.19",822907.99,ngn,unpaid
INV-001507,WO-001725,CUST00162,1767009563000,"NGN81,667.04","6,125.03","NGN87,792.07",NGN,written_off
INV-001508,WO-001726,CUST01149,1762458404000,"NGN973,999.47","NGN73,049.96","1,047,049.43",NGN,paid
INV-001509,WO-001727,CUST00266,1746593396000,"672,085.79",50406.43,722492.22,NGN,paid
INV-001510,WO-001729,CUST00138,2025-05-15 12:04:48,"9,450.00",708.75,"10,158.75",NGN,UNPAID
INV-001511,WO-001730,CUST00871,2025-10-28 01:19:25,"6,600.00",NGN 495.00,"7,095.00",NGN,UNPAID
INV-001512,WO-001731,CUST00905,1742618679000,"NGN145,585.92",10918.94,156504.86,NGN,paid
INV-001513,WO-001732,CUST00572,2025-04-07 01:56:48,NGN 1000690.42,NGN 75051.78,NGN 1075742.20,NGN,written_off
INV-001514,WO-001733,CUST00029,1737901817000,NGN 376696.79,"NGN28,252.26","404,949.05",NGN,PAID
INV-001515,WO-001734,CUST00222,1749224481000,"NGN335,741.99","NGN25,180.65",NGN 360922.64,NGN,paid
INV-001516,WO-001735,CUST00587,2026-08-31 10:52:10,"NGN887,190.66","NGN66,539.30",NGN 953729.96,NGN,paid
INV-001517,WO-001736,CUST00029,24/05/2026,NGN 16470.00,1235.25,17705.25,NGN,paid
INV-001518,WO-001737,CUST00343,1730179280000,NGN 484724.97,"36,354.37","NGN521,079.34",NGN,PAID
INV-001519,WO-001738,CUST00852,2026-08-01 09:25:40,"NGN567,890.20","NGN42,591.77",610481.97,NGN,partial
INV-001520,WO-001739,CUST00771,2025-12-23 02:05:04,"755,697.92","56,677.34",812375.26,NGN,paid
INV-001521,WO-001740,CUST00874,2026-05-28 20:05:13,452663.48,"NGN33,949.76","NGN486,613.24",NGN,unpaid
INV-001522,WO-001742,CUST01373,18/11/2024,82274.22,NGN 6170.57,88444.79,NGN,partial
INV-001523,WO-001743,CUST00850,1740170105000,NGN 1254348.47,"NGN94,076.14","NGN1,348,424.61",NGN,PAID
INV-001524,WO-001744,CUST00295,1736434034000,"NGN66,319.54",NGN 4973.97,"NGN71,293.51",NGN,PAID
INV-001525,WO-001745,CUST00996,2025-08-18 15:55:55,"NGN682,413.85","51,181.04","NGN733,594.89",NGN,PAID
INV-001526,WO-001746,CUST00707,1762773606000,"NGN32,096.60",NGN 2407.24,34503.84,NGN,paid
INV-001527,WO-001747,CUST01008,2025-08-04 15:09:55,NGN 129489.08,9711.68,139200.76,NGN,PAID
INV-001528,WO-001748,CUST00809,14/09/2025,NGN 268074.90,20105.62,"288,180.52",NGN,paid
INV-001529,WO-001749,CUST01128,1781152954000,NGN 296531.53,"NGN22,239.86",318771.39,NGN,paid
INV-001530,WO-001750,CUST00749,2025-04-23 02:35:32,NGN 1407617.03,"105,571.28",NGN 1513188.31,NGN,paid
INV-001531,WO-001751,CUST01770,1748252174000,"630,217.62","NGN47,266.32","NGN677,483.94",NGN,paid
INV-001532,WO-001752,CUST00202,25/11/2025,NGN 349481.95,"26,211.15",NGN 375693.10,NGN,paid
INV-001533,WO-001754,CUST01152,30/06/2026,"1,501,402.07","NGN112,605.16",1614007.23,NGN,paid
INV-001534,WO-001755,CUST00156,31/07/2026,"NGN228,102.68","NGN17,107.70",NGN 245210.38,NGN,unpaid
INV-001535,WO-001756,CUST01770,1758279619000,6125.00,459.38,NGN 6584.38,NGN,PAID
INV-001536,WO-001758,CUST00300,2026-04-23 13:21:38,NGN 409780.92,"30,733.57",NGN 440514.49,NGN,unpaid
INV-001537,WO-001759,CUST00982,13/02/2026,NGN 141196.43,NGN 10589.73,151786.16,NGN,paid
INV-001538,WO-001760,CUST01040,02/02/2026,NGN 190626.89,"NGN14,297.02","204,923.91",NGN,paid
INV-001539,WO-001761,CUST00299,1766818118000,309467.15,23210.04,NGN 332677.19,ngn,paid
INV-001540,WO-001762,CUST00048,14/08/2026,104948.89,"NGN7,871.17","NGN112,820.06",NGN,paid
INV-001541,WO-001763,CUST00255,2025-11-23 12:51:33,NGN 15350.00,1151.25,NGN 16501.25,NGN,unpaid
INV-001542,WO-001764,CUST00864,14/06/2026,3605.00,270.38,"3,875.38",NGN,partial
INV-001543,WO-001765,CUST00109,1785014517000,"NGN413,376.04","NGN31,003.20","NGN444,379.24",NGN,unpaid
INV-001544,WO-001766,CUST00922,2025-07-04 10:22:19,NGN 100407.77,"7,530.58","107,938.35",NGN,partial
INV-001545,WO-001767,CUST00974,22/02/2026,"NGN675,594.08",NGN 50669.56,"726,263.64",NGN,paid
INV-001546,WO-001768,CUST00477,15/12/2024,"NGN584,240.19","NGN43,818.01","NGN628,058.20",ngn,paid
INV-001547,WO-001769,CUST00636,28/12/2025,"NGN768,230.54",NGN 57617.29,NGN 825847.83,NGN,paid
INV-001548,WO-001770,CUST00606,18/09/2024,NGN 283128.48,21234.64,304363.12,NGN,paid
INV-001549,WO-001771,CUST00894,1726256706000,NGN 602977.06,NGN 45223.28,"648,200.34",NGN,unpaid
INV-001550,WO-001772,CUST01126,1783187944000,NGN 12145.00,910.88,13055.88,NGN,paid
INV-001551,WO-001773,CUST00798,2026-03-07 23:10:21,"NGN230,940.00","17,320.50",248260.50,NGN,PAID
INV-001552,WO-001774,CUST00148,13/11/2024,174922.37,13119.18,"NGN188,041.55",NGN,unpaid
INV-001553,WO-001775,CUST00168,2026-07-14 15:37:47,742699.60,"NGN55,702.47",NGN 798402.07,NGN,paid
INV-001554,WO-001776,CUST00898,2026-08-17 03:08:14,338980.34,25423.53,NGN 364403.87,NGN,PAID
INV-001555,WO-001777,CUST00344,2026-02-04 02:23:08,"NGN63,440.29",4758.02,"68,198.31",ngn,UNPAID
INV-001556,WO-001778,CUST00153,05/04/2025,"NGN162,455.24",NGN 12184.14,NGN 174639.38,NGN,unpaid
INV-001557,WO-001779,CUST00652,1749445490000,105300.44,7897.53,NGN 113197.97,NGN,PAID
INV-001558,WO-001780,CUST01186,1728893694000,"500,598.26","NGN37,544.87",NGN 538143.13,NGN,PAID
INV-001559,WO-001781,CUST00725,2024-12-02 02:18:45,"NGN800,247.61","60,018.57",NGN 860266.18,NGN,PAID
INV-001560,WO-001782,CUST00166,1776010625000,"83,579.75",NGN 6268.48,"NGN89,848.23",NGN,paid
INV-001561,WO-001783,CUST00150,01/04/2025,NGN 460442.82,"34,533.21","494,976.03",NGN,UNPAID
INV-001562,WO-001784,CUST01157,2025-02-21 11:41:54,18720.00,"1,404.00",NGN 20124.00,ngn,paid
INV-001563,WO-001785,CUST02366,2024-09-30 21:00:30,304915.73,22868.68,NGN 327784.41,NGN,partial
INV-001564,WO-001786,CUST00829,1759329912000,"859,588.93","64,469.17",924058.10,NGN,unpaid
INV-001565,WO-001787,CUST00648,06/02/2026,NGN 517500.79,NGN 38812.56,"NGN556,313.35",NGN,paid
INV-001566,WO-001788,CUST00700,19/03/2025,"923,278.42","69,245.88",NGN 992524.30,NGN,paid
INV-001567,WO-001789,CUST00124,2025-03-29 16:02:15,"1,384,929.73",NGN 103869.73,NGN 1488799.46,NGN,paid
INV-001568,WO-001791,CUST00355,2025-08-14 09:41:27,1226756.03,"92,006.70",NGN 1318762.73,NGN,paid
INV-001569,WO-001792,CUST00359,31/03/2025,NGN 3350.00,NGN 251.25,NGN 3601.25,NGN,paid
INV-001570,WO-001793,CUST00336,1770092391000,815875.42,"NGN61,190.66",NGN 877066.08,NGN,partial
INV-001571,WO-001794,CUST01162,1757314812000,NGN 667287.05,NGN 50046.53,717333.58,NGN,paid
INV-001572,WO-001795,CUST00807,1754397693000,"NGN108,064.90","NGN8,104.87","116,169.77",NGN,paid
INV-001573,WO-001796,CUST00877,2026-02-08 12:24:51,146500.00,10987.50,NGN 157487.50,NGN,written_off
INV-001574,WO-001797,CUST00895,2025-05-07 22:47:16,"493,224.92","NGN36,991.87",530216.79,NGN,partial
INV-001575,WO-001798,CUST00104,2026-01-17 12:55:24,"369,517.78","27,713.83","397,231.61",NGN,unpaid
INV-001576,WO-001799,CUST00540,18/03/2026,322440.06,24183.00,"NGN346,623.06",NGN,paid
INV-001577,WO-001800,CUST00659,1752904702000,"64,039.01","NGN4,802.93",68841.94,NGN,paid
INV-001578,WO-001801,CUST00724,19/04/2025,NGN 552383.52,NGN 41428.76,"NGN593,812.28",NGN,paid
INV-001579,WO-001802,CUST00457,2025-07-15 06:07:00,23730.00,"1,779.75","25,509.75",NGN,UNPAID
INV-001580,WO-001803,CUST00037,1756705106000,NGN 217602.68,NGN 16320.20,"NGN233,922.88",NGN,written_off
INV-001581,WO-001804,CUST00559,05/07/2026,489080.53,"NGN36,681.04",NGN 525761.57,NGN,paid
INV-001582,WO-001805,CUST00351,2026-07-24 23:15:04,"70,183.40",5263.75,NGN 75447.15,ngn,paid
INV-001583,WO-001807,CUST00516,2026-01-29 09:40:15,NGN 278972.73,"NGN20,922.95",299895.68,NGN,PAID
INV-001584,WO-001811,CUST00576,1786226448000,"26,273.64","NGN1,970.52",NGN 28244.16,NGN,paid
INV-001585,WO-001813,CUST00251,2026-08-29 05:04:38,NGN 825526.31,"NGN61,914.47","NGN887,440.78",NGN,partial
INV-001586,WO-001814,CUST00531,2026-03-30 03:16:34,"440,693.06",NGN 33051.98,"473,745.04",NGN,paid
INV-001587,WO-001815,CUST00024,25/05/2026,233354.38,NGN 17501.58,"250,855.96",ngn,paid
INV-001588,WO-001816,CUST00951,2025-07-10 03:59:46,"854,180.58",NGN 64063.54,NGN 918244.12,NGN,PAID
INV-001589,WO-001817,CUST00520,2024-12-03 14:32:54,351184.02,NGN 26338.80,NGN 377522.82,NGN,paid
INV-001590,WO-001819,CUST00084,1743769333000,"161,278.24",12095.87,NGN 173374.11,NGN,paid
INV-001591,WO-001820,CUST00318,03/11/2024,"7,750.00",NGN 581.25,"8,331.25",NGN,partial
INV-001592,WO-001822,CUST01160,2026-04-10 02:05:14,53613.58,"4,021.02","NGN57,634.60",NGN,unpaid
INV-001593,WO-001823,CUST00225,1748719008000,11790.00,NGN 884.25,12674.25,NGN,paid
INV-001594,WO-001825,CUST00143,08/07/2025,"NGN348,602.76","26,145.21",374747.97,NGN,paid
INV-001595,WO-001826,CUST00562,1731583623000,"NGN495,760.81","NGN37,182.06",NGN 532942.87,NGN,UNPAID
INV-001596,WO-001827,CUST01059,08/02/2026,187533.39,14065.00,"201,598.39",NGN,partial
INV-001597,WO-001828,CUST00097,26/04/2025,NGN 222010.43,"NGN16,650.78",238661.21,NGN,paid
INV-001598,WO-001829,CUST00106,1741815034000,"NGN645,610.12",NGN 48420.76,694030.88,NGN,PAID
INV-001599,WO-001830,CUST00799,2025-05-24 10:28:54,"NGN757,528.47",NGN 56814.64,814343.11,NGN,unpaid
INV-001600,WO-001831,CUST00934,1778110677000,"NGN69,875.00",5240.62,NGN 75115.62,NGN,paid
INV-001601,WO-001832,CUST00573,2025-04-25 01:08:45,NGN 612548.12,"45,941.11",658489.23,NGN,partial
INV-001602,WO-001833,CUST01188,1754796262000,"23,040.00",1728.00,24768.00,NGN,paid
INV-001603,WO-001834,CUST00472,1735437334000,NGN 180184.26,13513.82,"193,698.08",NGN,unpaid
INV-001604,WO-001835,CUST00484,1749209065000,"NGN772,517.40",NGN 57938.80,830456.20,NGN,PAID
INV-001605,WO-001836,CUST01798,2025-08-03 21:41:51,1291229.79,96842.23,1388072.02,NGN,partial
INV-001606,WO-001837,CUST00517,1727567755000,NGN 168044.51,"12,603.34",180647.85,NGN,unpaid
INV-001607,WO-001838,CUST00429,2025-10-04 11:42:18,"NGN19,550.00","NGN1,466.25","21,016.25",NGN,UNPAID
INV-001608,WO-001839,CUST00663,31/12/2025,643502.38,48262.68,"NGN691,765.06",NGN,paid
INV-001609,WO-001840,CUST00363,20/03/2025,"NGN2,100.00",NGN157.50,NGN 2257.50,NGN,paid
INV-001610,WO-001841,CUST00107,2024-10-24 14:43:05,136432.35,"NGN10,232.43",NGN 146664.78,NGN,paid
INV-001611,WO-001843,CUST00436,2025-09-08 10:23:25,288646.62,21648.50,NGN 310295.12,NGN,paid
INV-001612,WO-001845,CUST00633,12/05/2025,683995.60,"51,299.67","735,295.27",NGN,paid
INV-001613,WO-001847,CUST01170,30/09/2024,NGN 404412.88,"NGN30,330.97",434743.85,NGN,unpaid
INV-001614,WO-001848,CUST00859,2026-03-20 23:25:19,415526.04,NGN 31164.45,NGN 446690.49,NGN,partial
INV-001615,WO-001849,CUST00967,2026-06-06 23:01:54,NGN 55276.12,"NGN4,145.71","59,421.83",NGN,unpaid
INV-001616,WO-001851,CUST00419,2025-03-06 05:46:14,"69,362.72","5,202.20","NGN74,564.92",NGN,PAID
INV-001617,WO-001852,CUST00918,14/12/2025,"20,750.00",1556.25,22306.25,ngn,paid
INV-001618,WO-001853,CUST00480,08/12/2025,"NGN120,915.24",NGN 9068.64,NGN 129983.88,NGN,unpaid
INV-001619,WO-001854,CUST00246,1736596583000,1085285.42,"NGN81,396.41",NGN 1166681.83,ngn,PAID
INV-001620,WO-001855,CUST00594,16/10/2024,9030.00,677.25,NGN 9707.25,NGN,partial
INV-001621,WO-001856,CUST01001,2026-01-04 12:14:57,"8,700.00",652.50,NGN 9352.50,NGN,partial
INV-001622,WO-001857,CUST00913,2024-11-08 16:04:44,"618,536.66",46390.25,"NGN664,926.91",NGN,PAID
INV-001623,WO-001858,CUST00707,1745925961000,"NGN527,236.72",NGN 39542.75,566779.47,NGN,paid
INV-001624,WO-001859,CUST00778,21/11/2024,180309.80,13523.23,"NGN193,833.03",NGN,PAID
INV-001625,WO-001860,CUST01013,2026-03-18 08:42:37,"NGN385,978.89",28948.42,414927.31,NGN,partial
INV-001626,WO-001861,CUST00870,19/11/2024,NGN 130044.82,NGN 9753.36,"139,798.18",NGN,paid
INV-001627,WO-001862,CUST00921,2025-11-21 08:06:30,"NGN698,640.36","NGN52,398.03","NGN751,038.39",NGN,partial
INV-001628,WO-001863,CUST00319,2025-04-01 15:36:11,401614.99,"NGN30,121.12","NGN431,736.11",NGN,paid
INV-001629,WO-001864,CUST00196,2026-01-23 05:31:06,"NGN125,666.23","9,424.97","135,091.20",NGN,PAID
INV-001630,WO-001865,CUST01622,2025-09-19 10:08:41,960686.34,"72,051.48","NGN1,032,737.82",NGN,PAID
INV-001631,WO-001866,CUST00600,2026-06-16 17:46:56,"46,260.00","NGN3,469.50","NGN49,729.50",NGN,PAID
INV-001632,WO-001867,CUST00547,1734074151000,"NGN147,273.13","11,045.48","NGN158,318.61",NGN,UNPAID
INV-001633,WO-001870,CUST00952,2025-09-28 02:24:30,"NGN334,561.36",25092.10,"NGN359,653.46",NGN,partial
INV-001634,WO-001872,CUST00135,24/10/2025,NGN 34685.00,NGN 2601.38,37286.38,NGN,UNPAID
INV-001635,WO-001873,CUST02139,1753638392000,149025.00,"NGN11,176.88",160201.88,ngn,paid
INV-001636,WO-001874,CUST01186,2026-07-10 05:36:56,328703.65,"24,652.77",NGN 353356.42,NGN,paid
INV-001637,WO-001875,CUST00670,1773689407000,NGN 36180.00,"NGN2,713.50","38,893.50",NGN,paid
INV-001638,WO-001876,CUST00335,14/07/2025,"NGN1,694,840.20","NGN127,113.01","1,821,953.21",NGN,PAID
INV-001639,WO-001877,CUST00022,2025-04-16 10:19:01,NGN 399321.26,"NGN29,949.09","NGN429,270.35",NGN,UNPAID
INV-001640,WO-001878,CUST00844,1766222861000,NGN 224057.74,16804.33,"NGN240,862.07",NGN,paid
INV-001641,WO-001880,CUST00836,1749146245000,NGN 516029.82,"38,702.24",NGN 554732.06,NGN,PAID
INV-001642,WO-001881,CUST00733,1729890653000,"NGN152,596.60",NGN 11444.74,"164,041.34",NGN,unpaid
INV-001643,WO-001882,CUST00882,2025-01-13 17:04:44,3550.00,NGN266.25,"3,816.25",ngn,unpaid
INV-001644,WO-001883,CUST00266,1744097174000,"NGN429,278.07",32195.86,461473.93,NGN,paid
INV-001645,WO-001884,CUST01144,1770893050000,"NGN876,635.12",65747.63,"942,382.75",NGN,partial
INV-001646,WO-001886,CUST00412,2025-03-16 16:15:00,23310.00,"NGN1,748.25","25,058.25",NGN,paid
INV-001647,WO-001887,CUST00258,1786125972000,NGN 18090.00,"NGN1,356.75",19446.75,NGN,paid
INV-001648,WO-001888,CUST00417,08/04/2026,437800.47,32835.04,470635.51,NGN,PAID
INV-001649,WO-001889,CUST00882,1741707472000,"NGN1,220,925.80",NGN 91569.43,"1,312,495.23",NGN,partial
INV-001650,WO-001890,CUST00225,2026-03-20 08:46:53,294746.63,22106.00,"316,852.63",NGN,paid
INV-001651,WO-001891,CUST00386,18/01/2025,"1,422,889.46","NGN106,716.71",NGN 1529606.17,NGN,PAID
INV-001652,WO-001892,CUST00518,02/03/2025,350722.07,"NGN26,304.16",377026.23,NGN,paid
INV-001653,WO-001893,CUST00674,2025-07-12 13:27:58,"307,744.99","23,080.87","NGN330,825.86",NGN,paid
INV-001654,WO-001894,CUST00447,1754646158000,NGN 299539.04,NGN 22465.43,"322,004.47",NGN,PAID
INV-001655,WO-001895,CUST00186,1759171399000,NGN 5600.00,NGN420.00,"6,020.00",NGN,PAID
INV-001656,WO-001898,CUST01024,02/03/2025,"NGN20,450.00",1533.75,"21,983.75",NGN,unpaid
INV-001657,WO-001899,CUST00069,31/01/2026,NGN 133550.66,"NGN10,016.30","143,566.96",NGN,paid
INV-001658,WO-001900,CUST00347,05/12/2025,"5,550.00",416.25,"5,966.25",NGN,paid
INV-001659,WO-001901,CUST00826,2026-05-06 03:37:17,70408.64,"NGN5,280.65","75,689.29",ngn,PAID
INV-001660,WO-001902,CUST00939,1783293387000,"100,113.82","7,508.54",107622.36,ngn,written_off
INV-001661,WO-001903,CUST00944,1761925804000,"NGN288,232.40","NGN21,617.43",NGN 309849.83,NGN,partial
INV-001662,WO-001904,CUST00425,1739145481000,"373,388.24",28004.12,NGN 401392.36,NGN,partial
INV-001663,WO-001905,CUST01060,2026-07-23 08:56:57,"281,627.68","21,122.08",302749.76,NGN,PAID
INV-001664,WO-001906,CUST01159,2025-03-05 16:56:51,"NGN155,615.10",NGN 11671.13,167286.23,NGN,partial
INV-001665,WO-001907,CUST00721,1729936174000,"2,650.00",NGN 198.75,NGN 2848.75,NGN,PAID
INV-001666,WO-001908,CUST00140,11/03/2026,"NGN5,850.00",438.75,"NGN6,288.75",NGN,unpaid
INV-001667,WO-001909,CUST00712,26/10/2025,205677.57,"15,425.82",221103.39,NGN,PAID
INV-001668,WO-001910,CUST00596,1772878363000,"NGN449,207.67","33,690.58",482898.25,NGN,paid
INV-001669,WO-001911,CUST00581,1769980887000,6100.00,NGN 457.50,"6,557.50",NGN,PAID
INV-001670,WO-001912,CUST01164,2025-04-25 04:12:41,NGN 37178.49,2788.39,"39,966.88",NGN,paid
INV-001671,WO-001913,CUST00484,23/05/2025,"NGN554,848.69","41,613.65","596,462.34",NGN,unpaid
INV-001672,WO-001914,CUST00383,14/04/2026,"NGN145,554.06",NGN 10916.55,156470.61,NGN,partial
INV-001673,WO-001915,CUST00379,1768057089000,"6,545.00",490.88,"NGN7,035.88",NGN,UNPAID
INV-001674,WO-001916,CUST00763,22/12/2024,NGN 1175207.40,88140.55,NGN 1263347.95,NGN,UNPAID
INV-001675,WO-001917,CUST01052,1761123257000,NGN 278655.87,20899.19,"NGN299,555.06",NGN,PAID
INV-001676,WO-001918,CUST01045,1743000355000,NGN 28070.00,NGN 2105.25,NGN 30175.25,NGN,paid
INV-001677,WO-001919,CUST00933,1732691532000,"NGN24,525.00","1,839.38",26364.38,NGN,paid
INV-001678,WO-001920,CUST00305,1737792931000,"NGN22,575.00",NGN 1693.12,24268.12,NGN,partial
INV-001679,WO-001921,CUST00357,2026-02-23 19:04:02,"NGN764,142.74","57,310.71",NGN 821453.45,NGN,paid
INV-001680,WO-001922,CUST00942,1786198795000,801741.56,NGN 60130.62,"861,872.18",NGN,unpaid
INV-001681,WO-001923,CUST00527,1736361034000,"NGN604,739.88",NGN 45355.49,"650,095.37",NGN,paid
INV-001682,WO-001924,CUST00502,1780467902000,1151564.08,NGN 86367.31,1237931.39,NGN,PAID
INV-001683,WO-001925,CUST00574,1775853406000,"NGN947,455.51","71,059.16","1,018,514.67",ngn,paid
INV-001684,WO-001927,CUST00797,1766081528000,612272.11,"NGN45,920.41",NGN 658192.52,NGN,partial
INV-001685,WO-001928,CUST00922,1736516332000,NGN 801118.64,"60,083.90","NGN861,202.54",ngn,paid
INV-001686,WO-001929,CUST01187,14/03/2025,63451.53,"4,758.87",68210.40,NGN,partial
INV-001687,WO-001930,CUST00667,2024-11-23 05:12:22,"NGN168,368.06","NGN12,627.60","180,995.66",NGN,paid
INV-001688,WO-001931,CUST00921,1751151246000,NGN 376145.13,NGN 28210.88,NGN 404356.01,NGN,paid
INV-001689,WO-001933,CUST00229,29/07/2025,"NGN676,267.76",50720.08,NGN 726987.84,NGN,paid
INV-001690,WO-001934,CUST02225,1752077262000,NGN 1475.00,110.62,"NGN1,585.62",ngn,PAID
INV-001691,WO-001935,CUST01106,13/10/2025,29610.00,2220.75,31830.75,NGN,paid
INV-001692,WO-001936,CUST00287,1768105836000,"150,159.82","11,261.99","NGN161,421.81",NGN,paid
INV-001693,WO-001937,CUST01159,2025-08-12 13:25:36,NGN 310316.33,"23,273.72","333,590.05",NGN,UNPAID
INV-001694,WO-001938,CUST00717,23/09/2024,"105,807.41",7935.56,113742.97,NGN,paid
INV-001695,WO-001939,CUST00542,05/02/2026,"NGN1,682,136.03",126160.20,"1,808,296.23",NGN,partial
INV-001696,WO-001940,CUST00279,2025-11-14 04:29:54,7500.00,NGN562.50,"8,062.50",NGN,written_off
INV-001697,WO-001941,CUST00480,2026-05-14 11:11:07,"538,591.74","NGN40,394.38",578986.12,NGN,paid
INV-001698,WO-001942,CUST00782,12/12/2025,773562.15,NGN 58017.16,"831,579.31",NGN,PAID
INV-001699,WO-001943,CUST01496,1748715233000,"1,063,456.15",NGN 79759.21,NGN 1143215.36,NGN,paid
INV-001700,WO-001944,CUST00762,05/03/2025,"NGN315,222.07",NGN 23641.65,"338,863.72",NGN,partial
INV-001701,WO-001945,CUST00926,2026-04-23 01:35:42,NGN 1227459.20,"NGN92,059.44","NGN1,319,518.64",NGN,paid
INV-001702,WO-001946,CUST00312,21/02/2026,NGN 539724.15,NGN 40479.31,"580,203.46",NGN,partial
INV-001703,WO-001947,CUST00767,2026-04-08 09:39:54,"NGN29,850.00","NGN2,238.75","NGN32,088.75",NGN,paid
INV-001704,WO-001948,CUST00244,20/11/2025,NGN 104313.78,"7,823.53",112137.31,NGN,paid
INV-001705,WO-001949,CUST00360,08/07/2026,NGN 777186.09,NGN 58288.96,NGN 835475.05,NGN,unpaid
INV-001706,WO-001950,CUST00663,2025-03-10 01:30:43,"NGN31,275.00",2345.62,33620.62,NGN,paid
INV-001707,WO-001951,CUST00852,2025-04-29 23:15:04,"NGN380,059.89",28504.49,NGN 408564.38,NGN,paid
INV-001708,WO-001952,CUST00314,13/09/2024,NGN 1088547.11,"81,641.03",1170188.14,NGN,UNPAID
INV-001709,WO-001953,CUST00149,09/01/2026,"2,625.00",NGN 196.88,NGN 2821.88,NGN,paid
INV-001710,WO-001954,CUST00225,01/08/2025,"213,454.91",16009.12,229464.03,NGN,unpaid
INV-001711,WO-001955,CUST00494,2026-01-30 07:42:11,1796458.97,"134,734.42","1,931,193.39",NGN,PAID
INV-001712,WO-001956,CUST02400,2026-03-10 07:06:05,"662,689.05",49701.68,"712,390.73",NGN,UNPAID
INV-001713,WO-001957,CUST00205,07/01/2026,372305.14,"27,922.89","400,228.03",NGN,paid
INV-001714,WO-001958,CUST01054,09/09/2025,NGN 485940.46,"36,445.53",522385.99,NGN,partial
INV-001715,WO-001959,CUST00005,1779124440000,3750.00,281.25,"4,031.25",NGN,paid
INV-001716,WO-001961,CUST00899,08/11/2025,"217,778.20",16333.37,234111.57,NGN,paid
INV-001717,WO-001963,CUST00409,2024-11-05 06:10:29,81793.58,"NGN6,134.52","87,928.10",NGN,paid
INV-001718,WO-001964,CUST00408,1756168749000,NGN 207690.09,15576.76,223266.85,NGN,paid
INV-001719,WO-001965,CUST00472,14/12/2024,"67,950.00",5096.25,NGN 73046.25,NGN,paid
INV-001720,WO-001966,CUST00892,2026-07-26 06:09:55,592107.93,"44,408.10",NGN 636516.03,NGN,paid
INV-001721,WO-001968,CUST00316,1753565237000,"NGN629,950.05","47,246.25","677,196.30",NGN,paid
INV-001722,WO-001969,CUST00135,1736561502000,NGN 453557.28,NGN 34016.80,"NGN487,574.08",NGN,paid
INV-001723,WO-001970,CUST01258,2026-08-31 18:16:42,518856.84,NGN 38914.26,"NGN557,771.10",ngn,UNPAID
INV-001724,WO-001972,CUST00114,1780445088000,NGN 96558.79,NGN 7241.91,NGN 103800.70,NGN,paid
INV-001725,WO-001973,CUST00349,1730694821000,691541.67,"51,865.62","743,407.29",NGN,PAID
INV-001726,WO-001974,CUST00588,1779333261000,"883,721.12","66,279.08",NGN 950000.20,NGN,paid
INV-001727,WO-001975,CUST00602,1741349015000,2127307.27,NGN 159548.05,"2,286,855.32",NGN,UNPAID
INV-001728,WO-001976,CUST00819,14/12/2024,1475.00,110.62,NGN 1585.62,NGN,paid
INV-001729,WO-001977,CUST00804,2026-03-15 04:23:33,"66,070.29","4,955.27","71,025.56",NGN,PAID
INV-001730,WO-001978,CUST00862,21/05/2026,NGN 341828.66,NGN 25637.15,NGN 367465.81,NGN,written_off
INV-001731,WO-001979,CUST00608,2025-07-19 00:29:20,"NGN12,960.00",972.00,"NGN13,932.00",NGN,written_off
INV-001732,WO-001980,CUST01136,13/03/2025,"106,248.14",NGN 7968.61,"114,216.75",NGN,paid
INV-001733,WO-001981,CUST01036,1739656280000,"861,431.89",64607.39,"NGN926,039.28",NGN,paid
INV-001734,WO-001982,CUST01013,1767945743000,1415106.94,"106,133.02",1521239.96,NGN,PAID
INV-001735,WO-001983,CUST00766,2024-12-08 04:33:56,352063.30,"NGN26,404.75","NGN378,468.05",NGN,unpaid
INV-001736,WO-001984,CUST00757,18/10/2025,NGN 9450.00,708.75,"10,158.75",NGN,PAID
INV-001737,WO-001985,CUST01005,1787448244000,NGN 648098.83,NGN 48607.41,"696,706.24",NGN,UNPAID
INV-001738,WO-001986,CUST00030,2026-04-03 18:42:46,593269.22,"44,495.19","NGN637,764.41",NGN,unpaid
INV-001739,WO-001987,CUST00021,2025-09-29 09:46:20,NGN 589422.07,"44,206.66","NGN633,628.73",NGN,paid
INV-001740,WO-001988,CUST00500,19/12/2025,NGN 13550.00,1016.25,"14,566.25",NGN,paid
INV-001741,WO-001989,CUST00645,1776839665000,NGN 2075.00,155.62,NGN 2230.62,NGN,paid
INV-001742,WO-001990,CUST01163,2025-01-21 13:32:19,"NGN364,270.86","27,320.31","391,591.17",NGN,PAID
INV-001743,WO-001991,CUST01100,28/09/2025,16650.00,"1,248.75","NGN17,898.75",NGN,PAID
INV-001744,WO-001992,CUST00586,19/05/2025,"NGN1,131,340.70","84,850.55",1216191.25,NGN,PAID
INV-001745,WO-001993,CUST00854,1779255915000,"NGN1,703,420.87",NGN 127756.56,1831177.43,NGN,PAID
INV-001746,WO-001994,CUST00671,2025-08-21 18:00:47,1676559.27,125741.94,"1,802,301.21",NGN,PAID
INV-001747,WO-001995,CUST00353,1779008068000,445801.40,"NGN33,435.10","NGN479,236.50",NGN,paid
INV-001748,WO-001996,CUST00120,2025-12-23 03:14:30,NGN 91871.48,"6,890.36","NGN98,761.84",ngn,paid
INV-001749,WO-001997,CUST00423,27/05/2025,NGN 430080.33,NGN 32256.03,"NGN462,336.36",NGN,unpaid
INV-001750,WO-001998,CUST00118,1773846407000,NGN 31647.31,2373.55,"NGN34,020.86",ngn,paid
INV-001751,WO-002000,CUST01174,1774683047000,"NGN225,572.17","16,917.91","242,490.08",NGN,UNPAID
INV-001752,WO-002001,CUST00652,1778792353000,1833673.44,"NGN137,525.51","1,971,198.95",NGN,UNPAID
INV-001753,WO-002002,CUST00209,04/12/2025,"716,783.45","53,758.76",NGN 770542.21,NGN,written_off
INV-001754,WO-002003,CUST00550,1749783154000,"NGN29,689.31",2226.70,"31,916.01",NGN,PAID
INV-001755,WO-002004,CUST00558,2026-03-26 16:20:39,"1,241,496.18","NGN93,112.21","1,334,608.39",NGN,partial
INV-001756,WO-002005,CUST00554,1780775533000,"4,875.00",365.62,"NGN5,240.62",NGN,partial
INV-001757,WO-002006,CUST01200,25/06/2025,"NGN22,875.00",1715.62,NGN 24590.62,NGN,paid
INV-001758,WO-002007,CUST00797,19/12/2024,"NGN109,312.53",NGN 8198.44,NGN 117510.97,NGN,PAID
INV-001759,WO-002008,CUST00654,04/09/2025,"640,970.41",48072.78,"689,043.19",NGN,paid
INV-001760,WO-002009,CUST00648,1757725104000,"153,717.33",NGN 11528.80,165246.13,NGN,paid
INV-001761,WO-002012,CUST00061,02/09/2025,NGN 762632.61,NGN 57197.45,819830.06,NGN,PAID
INV-001762,WO-002013,CUST00981,2026-04-09 17:11:04,"NGN866,113.38",NGN 64958.50,"NGN931,071.88",NGN,paid
INV-001763,WO-002014,CUST00923,11/04/2026,32550.00,2441.25,NGN 34991.25,NGN,PAID
INV-001764,WO-002015,CUST00852,23/07/2026,"59,400.00","4,455.00","63,855.00",NGN,paid
INV-001765,WO-002016,CUST00453,24/01/2026,"NGN4,620.00",346.50,4966.50,NGN,paid
INV-001766,WO-002017,CUST00538,01/01/2026,3400.00,NGN255.00,NGN 3655.00,ngn,PAID
INV-001767,WO-002018,CUST00969,1750551163000,NGN 270262.22,NGN 20269.67,"NGN290,531.89",NGN,paid
INV-001768,WO-002019,CUST00972,13/06/2026,"NGN9,625.00",NGN721.88,"10,346.88",ngn,paid
INV-001769,WO-002020,CUST00901,05/06/2026,"161,345.82",NGN 12100.94,"173,446.76",NGN,partial
INV-001770,WO-002021,CUST00097,26/05/2025,NGN 6000.00,NGN 450.00,"NGN6,450.00",NGN,paid
INV-001771,WO-002022,CUST00398,2025-05-16 06:35:52,NGN 699723.36,NGN 52479.25,752202.61,NGN,partial
INV-001772,WO-002023,CUST00480,14/09/2025,"NGN862,755.84",NGN 64706.69,NGN 927462.53,NGN,paid
INV-001773,WO-002024,CUST00236,2026-05-15 19:50:59,"223,907.79",NGN 16793.08,"240,700.87",NGN,paid
INV-001774,WO-002025,CUST00150,2026-07-29 22:37:30,"NGN29,610.00",2220.75,"31,830.75",ngn,paid
INV-001775,WO-002027,CUST00929,1727989727000,63829.83,"NGN4,787.24",NGN 68617.07,NGN,UNPAID
INV-001776,WO-002029,CUST00384,17/01/2026,768125.12,"NGN57,609.38",825734.50,ngn,PAID
INV-001777,WO-002030,CUST01005,14/08/2026,23490.00,1761.75,25251.75,NGN,paid
INV-001778,WO-002031,CUST00867,14/12/2025,NGN 640182.70,"48,013.70","NGN688,196.40",NGN,paid
INV-001779,WO-002032,CUST00029,11/12/2025,NGN 205802.54,"NGN15,435.19","221,237.73",NGN,PAID
INV-001780,WO-002033,CUST00135,1734637821000,"NGN641,519.00","NGN48,113.93",NGN 689632.93,NGN,partial
INV-001781,WO-002034,CUST00182,20/12/2025,"NGN31,590.00",2369.25,33959.25,NGN,UNPAID
INV-001782,WO-002036,CUST00998,1786537662000,"1,347,347.77",101051.08,NGN 1448398.85,NGN,unpaid
INV-001783,WO-002037,CUST00667,1729291726000,"NGN245,529.44",NGN 18414.71,263944.15,NGN,paid
INV-001784,WO-002038,CUST02139,1787669793000,"NGN131,750.00",NGN 9881.25,"NGN141,631.25",NGN,paid
INV-001785,WO-002039,CUST00914,1747556882000,"28,650.00","NGN2,148.75",NGN 30798.75,ngn,paid
INV-001786,WO-002042,CUST01097,1733430543000,589158.56,"44,186.89","633,345.45",NGN,unpaid
INV-001787,WO-002043,CUST00148,1730302060000,"4,250.00",NGN318.75,"4,568.75",NGN,paid
INV-001788,WO-002044,CUST00779,2025-04-30 21:56:06,1975.00,NGN 148.12,NGN 2123.12,NGN,PAID
INV-001789,WO-002046,CUST01078,2025-12-28 02:14:29,NGN 28725.00,"2,154.38","NGN30,879.38",NGN,paid
INV-001790,WO-002047,CUST00528,13/01/2025,334726.52,"25,104.49","359,831.01",NGN,paid
INV-001791,WO-002048,CUST00463,1750332109000,NGN 810440.54,60783.04,NGN 871223.58,NGN,paid
INV-001792,WO-002049,CUST00196,2026-03-26 08:05:07,252182.50,"NGN18,913.69",271096.19,NGN,PAID
INV-001793,WO-002050,CUST00659,2024-10-03 09:29:57,NGN 36934.21,2770.07,39704.28,NGN,paid
INV-001794,WO-002051,CUST00076,26/05/2026,"504,080.00",37806.00,541886.00,NGN,unpaid
INV-001795,WO-002052,CUST00380,2026-02-19 04:25:28,2485.00,186.38,2671.38,NGN,partial
INV-001796,WO-002053,CUST01097,29/03/2026,"121,088.96","NGN9,081.67","130,170.63",NGN,paid
INV-001797,WO-002054,CUST00568,1776046635000,1189676.97,NGN 89225.77,"1,278,902.74",NGN,paid
INV-001798,WO-002055,CUST01006,1754110914000,NGN 178633.80,NGN 13397.54,"192,031.34",NGN,PAID
INV-001799,WO-002056,CUST00078,08/06/2026,"1,179,423.12","88,456.73",NGN 1267879.85,NGN,partial
INV-001800,WO-002057,CUST01182,2025-02-01 20:58:17,"96,523.80",NGN 7239.28,103763.08,NGN,unpaid
INV-001801,WO-002058,CUST01033,23/05/2025,322550.65,NGN 24191.30,NGN 346741.95,NGN,PAID
INV-001802,WO-002059,CUST01847,11/08/2025,"10,700.00",802.50,"11,502.50",NGN,PAID
INV-001803,WO-002060,CUST00033,1765094865000,"512,042.26",38403.17,"NGN550,445.43",NGN,paid
INV-001804,WO-002061,CUST02386,1769575574000,"NGN821,094.15",NGN 61582.06,"882,676.21",NGN,paid
INV-001805,WO-002062,CUST00931,1786662151000,276071.14,"20,705.34","NGN296,776.48",NGN,paid
INV-001806,WO-002063,CUST01073,1782748832000,"96,000.00","NGN7,200.00",103200.00,NGN,paid
INV-001807,WO-002064,CUST00387,2026-08-27 13:32:59,380020.57,28501.54,408522.11,ngn,unpaid
INV-001808,WO-002065,CUST00072,09/12/2024,"NGN304,521.18",22839.09,"327,360.27",NGN,partial
INV-001809,WO-002067,CUST01086,2026-04-27 04:21:15,"NGN212,890.96","15,966.82","NGN228,857.78",NGN,partial
INV-001810,WO-002068,CUST01095,1752465690000,717635.98,"53,822.70","771,458.68",NGN,paid
INV-001811,WO-002069,CUST00462,13/07/2026,340459.96,25534.50,"365,994.46",NGN,paid
INV-001812,WO-002070,CUST00960,30/06/2026,382664.06,"NGN28,699.80","NGN411,363.86",NGN,paid
INV-001813,WO-002071,CUST00219,31/05/2025,NGN 516038.63,"NGN38,702.90","NGN554,741.53",NGN,paid
INV-001814,WO-002072,CUST00877,23/06/2025,NGN 1238455.44,92884.16,"1,331,339.60",NGN,partial
INV-001815,WO-002073,CUST00237,2025-12-30 20:24:07,"NGN8,025.00",601.88,8626.88,NGN,paid
INV-001816,WO-002074,CUST00860,23/07/2025,NGN 771410.09,"NGN57,855.76","829,265.85",NGN,paid
INV-001817,WO-002075,CUST00560,1765463419000,"1,164,696.47","NGN87,352.24","NGN1,252,048.71",NGN,paid
INV-001818,WO-002076,CUST00087,01/03/2026,"NGN599,234.64","44,942.60",644177.24,NGN,paid
INV-001819,WO-002077,CUST00179,1731459147000,17380.81,"1,303.56","NGN18,684.37",NGN,partial
INV-001820,WO-002078,CUST00246,30/10/2025,"NGN267,072.97","NGN20,030.47","NGN287,103.44",NGN,paid
INV-001821,WO-002079,CUST01848,29/01/2025,NGN 128037.96,9602.85,"NGN137,640.81",NGN,PAID
INV-001822,WO-002080,CUST00877,09/02/2025,NGN 22759.26,NGN 1706.94,"24,466.20",NGN,paid
INV-001823,WO-002081,CUST00179,1778496145000,"148,650.00",11148.75,"NGN159,798.75",NGN,paid
INV-001824,WO-002082,CUST00280,1758260746000,NGN 46256.61,NGN 3469.25,"49,725.86",NGN,partial
INV-001825,WO-002083,CUST01093,29/11/2024,3350.00,251.25,"NGN3,601.25",NGN,partial
INV-001826,WO-002084,CUST00679,2025-09-22 20:43:51,"29,537.18","2,215.29",31752.47,NGN,paid
INV-001827,WO-002085,CUST00288,1727736241000,"NGN102,842.25","NGN7,713.17","110,555.42",NGN,partial
INV-001828,WO-002086,CUST00817,04/05/2025,330685.76,24801.43,355487.19,NGN,PAID
INV-001829,WO-002087,CUST00607,2024-10-18 11:32:22,"NGN177,382.79",13303.71,"NGN190,686.50",NGN,partial
INV-001830,WO-002088,CUST00249,1746171220000,130523.00,9789.22,NGN 140312.22,NGN,UNPAID
INV-001831,WO-002089,CUST00828,2026-01-12 23:02:38,NGN 450612.20,"NGN33,795.92",484408.12,NGN,paid
INV-001832,WO-002090,CUST00066,25/08/2026,NGN 27230.00,NGN 2042.25,"29,272.25",NGN,partial
INV-001833,WO-002091,CUST01128,2025-05-20 21:15:42,"NGN167,939.90",12595.49,180535.39,NGN,partial
INV-001834,WO-002092,CUST01034,12/01/2026,"473,945.27",35545.90,"NGN509,491.17",NGN,PAID
INV-001835,WO-002093,CUST00112,1773703231000,NGN 50434.39,3782.58,"NGN54,216.97",NGN,partial
INV-001836,WO-002094,CUST01798,2025-05-03 02:01:17,NGN 32270.29,2420.27,NGN 34690.56,NGN,unpaid
INV-001837,WO-002095,CUST01373,22/02/2025,"13,599.69","1,019.98","14,619.67",NGN,paid
INV-001838,WO-002096,CUST00560,29/10/2025,"633,774.89","NGN47,533.12",681308.01,NGN,paid
INV-001839,WO-002097,CUST00779,1751063479000,NGN 130208.78,9765.66,139974.44,NGN,partial
INV-001840,WO-002098,CUST00355,15/06/2025,NGN 289964.11,NGN 21747.31,311711.42,NGN,partial
INV-001841,WO-002100,CUST00492,2026-08-20 08:36:35,659464.48,"49,459.84","NGN708,924.32",NGN,paid
INV-001842,WO-002101,CUST00644,1759690195000,5550.00,NGN416.25,NGN 5966.25,NGN,paid
INV-001843,WO-002102,CUST00643,2025-03-03 04:02:34,650464.82,NGN 48784.86,699249.68,NGN,paid
INV-001844,WO-002103,CUST00227,1766748885000,NGN 2825.00,NGN 211.87,"NGN3,036.87",NGN,paid
INV-001845,WO-002104,CUST00855,15/03/2026,"203,179.17","15,238.44","NGN218,417.61",NGN,paid
INV-001846,WO-002105,CUST00097,2025-01-09 10:33:57,"1,096,706.53",82252.99,1178959.52,NGN,PAID
INV-001847,WO-002106,CUST01141,12/06/2025,"467,773.48",NGN 35083.01,NGN 502856.49,NGN,paid
INV-001848,WO-002107,CUST00763,2026-08-13 07:55:44,"NGN517,887.56",38841.57,"NGN556,729.13",NGN,PAID
INV-001849,WO-002109,CUST00441,2026-05-21 09:43:41,NGN 875.00,65.62,NGN 940.62,ngn,partial
INV-001850,WO-002110,CUST01447,2026-05-17 04:30:28,1600.00,120.00,NGN 1720.00,NGN,paid
INV-001851,WO-002111,CUST01171,16/04/2026,276397.03,"NGN20,729.78","NGN297,126.81",NGN,partial
INV-001852,WO-002112,CUST01078,28/01/2026,"7,850.00",588.75,NGN 8438.75,ngn,paid
INV-001853,WO-002113,CUST02274,18/02/2025,"804,616.93",60346.27,864963.20,NGN,unpaid
INV-001854,WO-002114,CUST00552,2026-07-19 05:58:41,"358,836.11","NGN26,912.71",385748.82,ngn,PAID
INV-001855,WO-002115,CUST00184,04/03/2026,NGN 469021.07,NGN 35176.58,"504,197.65",NGN,paid
INV-001856,WO-002117,CUST00503,03/07/2026,"991,794.66",NGN 74384.60,NGN 1066179.26,NGN,written_off
INV-001857,WO-002118,CUST02366,1784081384000,402312.21,"NGN30,173.42","432,485.63",ngn,paid
INV-001858,WO-002119,CUST01837,2024-10-16 23:37:22,"791,388.71","NGN59,354.15","NGN850,742.86",NGN,paid
INV-001859,WO-002120,CUST01000,1759405981000,NGN 705428.28,"NGN52,907.12","NGN758,335.40",NGN,paid
INV-001860,WO-002121,CUST01258,1754282722000,117180.88,"8,788.57",125969.45,NGN,paid
INV-001861,WO-002122,CUST00766,2025-08-28 09:30:46,"NGN367,201.73",NGN 27540.13,"394,741.86",NGN,PAID
INV-001862,WO-002123,CUST01915,20/08/2026,158768.47,"11,907.63","NGN170,676.10",NGN,paid
INV-001863,WO-002124,CUST00096,1737849637000,449091.89,33681.89,482773.78,NGN,paid
INV-001864,WO-002125,CUST00233,1782701238000,NGN 18450.00,1383.75,"19,833.75",NGN,paid
INV-001865,WO-002126,CUST00827,2024-12-08 18:16:38,"NGN907,879.39",NGN 68090.95,"NGN975,970.34",NGN,paid
INV-001866,WO-002127,CUST00050,2025-03-11 05:32:11,"771,014.39",NGN 57826.08,"828,840.47",NGN,unpaid
INV-001867,WO-002128,CUST00672,26/01/2025,218126.06,NGN 16359.45,234485.51,NGN,PAID
INV-001868,WO-002129,CUST00999,1769513724000,583978.50,"43,798.39",NGN 627776.89,NGN,PAID
INV-001869,WO-002130,CUST01092,06/10/2024,"NGN968,969.34",NGN 72672.70,NGN 1041642.04,NGN,paid
INV-001870,WO-002131,CUST00625,2025-03-15 05:12:02,"NGN450,404.45",33780.33,NGN 484184.78,NGN,unpaid
INV-001871,WO-002133,CUST00323,2025-01-19 15:31:26,719445.30,"NGN53,958.40","NGN773,403.70",NGN,paid
INV-001872,WO-002135,CUST00115,2025-08-27 15:38:57,1198733.01,"89,904.98","NGN1,288,637.99",NGN,paid
INV-001873,WO-002136,CUST00969,1770932933000,36715.00,2753.62,39468.62,NGN,PAID
INV-001874,WO-002137,CUST01073,2026-01-18 22:18:55,NGN 29444.68,2208.35,"NGN31,653.03",NGN,paid
INV-001875,WO-002139,CUST01131,24/08/2025,"210,621.52","NGN15,796.61",NGN 226418.13,NGN,paid
INV-001876,WO-002140,CUST01170,21/05/2026,"655,102.43",NGN 49132.68,NGN 704235.11,NGN,PAID
INV-001877,WO-002141,CUST00651,11/01/2026,807186.53,"60,538.99","867,725.52",NGN,paid
INV-001878,WO-002143,CUST00845,10/11/2024,"101,283.05","NGN7,596.23",108879.28,NGN,paid
INV-001879,WO-002144,CUST00294,1747010596000,12775.00,958.12,NGN 13733.12,NGN,partial
INV-001880,WO-002146,CUST00142,06/12/2024,"NGN360,432.60","NGN27,032.45",387465.05,NGN,PAID
INV-001881,WO-002147,CUST00382,2025-01-14 09:03:35,"278,583.14","20,893.74","NGN299,476.88",NGN,PAID
INV-001882,WO-002148,CUST00133,2025-07-03 22:21:25,NGN 203672.60,"15,275.45",NGN 218948.05,NGN,UNPAID
INV-001883,WO-002149,CUST00239,2026-07-21 09:37:32,"1,076,403.48","NGN80,730.26",1157133.74,NGN,partial
INV-001884,WO-002150,CUST00848,08/02/2026,NGN 717207.90,53790.59,"NGN770,998.49",NGN,unpaid
INV-001885,WO-002151,CUST00944,1745577168000,"872,775.19",65458.14,"NGN938,233.33",NGN,paid
INV-001886,WO-002152,CUST00817,1785208901000,"NGN128,058.06",9604.35,"137,662.41",NGN,paid
INV-001887,WO-002153,CUST00280,31/05/2025,"278,333.25","20,874.99",299208.24,NGN,paid
INV-001888,WO-002155,CUST00097,1769147010000,250708.18,"18,803.11",NGN 269511.29,NGN,paid
INV-001889,WO-002156,CUST00481,1747764401000,"NGN29,700.00","2,227.50","31,927.50",NGN,written_off
INV-001890,WO-002157,CUST00254,2026-06-22 06:56:06,"562,706.60",NGN 42202.99,604909.59,NGN,partial
INV-001891,WO-002158,CUST00147,1750134667000,"902,971.54","67,722.87","970,694.41",NGN,partial
INV-001892,WO-002159,CUST00131,2024-10-22 06:18:25,"537,005.75",40275.43,"577,281.18",NGN,PAID
INV-001893,WO-002160,CUST00980,20/08/2026,"803,303.53","60,247.77",863551.30,NGN,paid
INV-001894,WO-002161,CUST00653,2024-09-26 00:41:41,"NGN2,000.00",150.00,"2,150.00",NGN,PAID
INV-001895,WO-002163,CUST00648,1768696759000,NGN 14700.00,NGN 1102.50,NGN 15802.50,NGN,unpaid
INV-001896,WO-002164,CUST00097,09/12/2025,"1,305,509.49",97913.21,NGN 1403422.70,NGN,paid
INV-001897,WO-002165,CUST00085,19/03/2025,194517.03,14588.78,209105.81,NGN,PAID
INV-001898,WO-002166,CUST00164,09/06/2025,"619,728.49",NGN 46479.64,"666,208.13",NGN,partial
INV-001899,WO-002167,CUST00073,06/08/2026,424584.05,31843.80,456427.85,NGN,paid
INV-001900,WO-002168,CUST00992,1747098731000,NGN 1322013.93,"NGN99,151.04",NGN 1421164.97,ngn,paid
INV-001901,WO-002169,CUST00580,30/10/2024,"528,764.87","39,657.37","NGN568,422.24",NGN,paid
INV-001902,WO-002170,CUST00873,2024-12-26 18:05:25,"NGN4,760.00",NGN 357.00,"5,117.00",NGN,paid
INV-001903,WO-002174,CUST00666,16/04/2025,22860.00,1714.50,"24,574.50",NGN,paid
INV-001904,WO-002175,CUST01087,20/11/2025,"NGN466,921.48","NGN35,019.11","NGN501,940.59",NGN,paid
INV-001905,WO-002176,CUST01173,18/08/2025,"NGN538,697.71",40402.33,"NGN579,100.04",NGN,paid
INV-001906,WO-002177,CUST01157,1731297525000,NGN 26910.00,2018.25,"28,928.25",NGN,paid
INV-001907,WO-002179,CUST01040,2025-02-19 05:26:39,703193.37,NGN 52739.50,755932.87,ngn,paid
INV-001908,WO-002180,CUST01723,2026-08-20 04:35:01,"NGN414,490.78",31086.81,"445,577.59",NGN,unpaid
INV-001909,WO-002181,CUST00501,25/09/2024,"NGN112,494.80","NGN8,437.11","NGN120,931.91",NGN,paid
INV-001910,WO-002182,CUST00845,28/04/2026,"NGN966,184.84",72463.86,"1,038,648.70",NGN,partial
INV-001911,WO-002183,CUST01076,28/03/2026,"55,721.65","4,179.12",NGN 59900.77,NGN,paid
INV-001912,WO-002184,CUST00255,1757341353000,343947.98,25796.10,"369,744.08",NGN,paid
INV-001913,WO-002185,CUST00103,1729633572000,"779,656.28","NGN58,474.22","NGN838,130.50",NGN,unpaid
INV-001914,WO-002186,CUST00837,2025-01-03 05:04:52,119169.55,"8,937.72","128,107.27",NGN,paid
INV-001915,WO-002187,CUST00455,10/04/2025,"627,668.61",NGN 47075.15,"674,743.76",NGN,paid
INV-001916,WO-002188,CUST00196,31/05/2025,"NGN532,033.67","NGN39,902.53",571936.20,NGN,partial
INV-001917,WO-002189,CUST00700,2024-10-09 15:36:07,NGN 4500.00,337.50,"4,837.50",NGN,paid
INV-001918,WO-002190,CUST01188,1779284362000,NGN 630308.82,NGN 47273.16,NGN 677581.98,ngn,paid
INV-001919,WO-002191,CUST00240,2025-04-26 20:24:44,"NGN1,000,095.06",NGN 75007.13,1075102.19,NGN,paid
INV-001920,WO-002192,CUST00533,02/03/2026,47818.06,"NGN3,586.35",51404.41,NGN,paid
INV-001921,WO-002193,CUST01419,1775462383000,NGN 2625.00,NGN 196.88,"2,821.88",ngn,paid
INV-001922,WO-002194,CUST00576,1727316345000,"258,133.04",NGN 19359.98,"NGN277,493.02",NGN,PAID
INV-001923,WO-002195,CUST00682,1767720789000,NGN 235944.47,NGN 17695.84,NGN 253640.31,NGN,PAID
INV-001924,WO-002196,CUST00470,1727541987000,"NGN686,381.36","51,478.60",NGN 737859.96,NGN,paid
INV-001925,WO-002197,CUST02324,24/12/2024,"360,331.85",NGN 27024.89,"387,356.74",NGN,paid
INV-001926,WO-002198,CUST00238,23/12/2025,10950.00,NGN821.25,"11,771.25",NGN,unpaid
INV-001927,WO-002199,CUST00362,1751685469000,NGN 960974.93,NGN 72073.12,NGN 1033048.05,ngn,UNPAID
INV-001928,WO-002200,CUST00869,1748658344000,"1,139,288.12",85446.61,1224734.73,NGN,paid
INV-001929,WO-002202,CUST01289,2026-07-11 00:03:13,"NGN66,330.87",4974.82,"71,305.69",NGN,PAID
INV-001930,WO-002203,CUST01747,1781188529000,"1,202,876.63","NGN90,215.75","NGN1,293,092.38",NGN,UNPAID
INV-001931,WO-002204,CUST00881,1751477391000,NGN 620874.64,"46,565.60","NGN667,440.24",NGN,unpaid
INV-001932,WO-002205,CUST01046,27/02/2026,"29,160.00",NGN 2187.00,31347.00,NGN,PAID
INV-001933,WO-002206,CUST00368,2026-07-14 12:05:14,226225.22,"16,966.89","NGN243,192.11",NGN,unpaid
INV-001934,WO-002207,CUST00813,1761638230000,"NGN413,828.79",31037.16,"NGN444,865.95",NGN,partial
INV-001935,WO-002208,CUST00056,29/06/2026,NGN 504106.00,37807.95,541913.95,ngn,partial
INV-001936,WO-002209,CUST00166,2026-07-07 03:05:15,"NGN1,517,154.66",113786.60,"NGN1,630,941.26",NGN,paid
INV-001937,WO-002210,CUST00679,2025-08-19 20:51:21,"3,425.00",NGN 256.88,"NGN3,681.88",NGN,paid
INV-001938,WO-002211,CUST00278,1769455952000,"NGN1,152,413.85","86,431.04","1,238,844.89",NGN,PAID
INV-001939,WO-002212,CUST01858,2026-04-04 22:50:29,374292.32,28071.92,"NGN402,364.24",NGN,partial
INV-001940,WO-002213,CUST00058,1755761617000,173806.09,"NGN13,035.46","186,841.55",NGN,PAID
INV-001941,WO-002214,CUST01196,1788010797000,345835.18,NGN 25937.64,371772.82,NGN,paid
INV-001942,WO-002215,CUST02284,1728287868000,NGN 78246.82,NGN 5868.51,84115.33,NGN,paid
INV-001943,WO-002216,CUST00699,1744183327000,NGN 112150.00,NGN 8411.25,"120,561.25",NGN,PAID
INV-001944,WO-002217,CUST00660,14/08/2026,NGN 3605.00,270.38,"NGN3,875.38",NGN,PAID
INV-001945,WO-002218,CUST00159,1734876523000,"79,401.07",5955.08,85356.15,NGN,PAID
INV-001946,WO-002220,CUST00467,12/06/2026,"NGN992,934.61",74470.10,NGN 1067404.71,NGN,paid
INV-001947,WO-002221,CUST01005,03/12/2024,"NGN1,074,278.72",NGN 80570.90,"1,154,849.62",NGN,UNPAID
INV-001948,WO-002222,CUST01176,1764983301000,"NGN19,725.00","1,479.38","21,204.38",NGN,paid
INV-001949,WO-002223,CUST00069,2025-10-26 14:53:56,"549,573.98","NGN41,218.05",NGN 590792.03,NGN,paid
INV-001950,WO-002224,CUST00147,2024-10-16 12:58:06,"NGN195,987.66","NGN14,699.07","210,686.73",NGN,partial
INV-001951,WO-002225,CUST01006,1781430670000,"543,984.86",40798.86,"584,783.72",NGN,partial
INV-001952,WO-002226,CUST00381,24/04/2026,86032.54,"NGN6,452.44",NGN 92484.98,NGN,paid
INV-001953,WO-002227,CUST00299,2026-08-12 05:53:48,"447,599.46",33569.96,"481,169.42",NGN,paid
INV-001954,WO-002228,CUST01049,1766258757000,"1,242,095.01",NGN 93157.13,"1,335,252.14",NGN,PAID
INV-001955,WO-002232,CUST00869,2026-04-03 20:20:39,"NGN213,512.45","16,013.43","NGN229,525.88",ngn,paid
INV-001956,WO-002233,CUST00796,1753029783000,NGN 487398.26,"36,554.87","523,953.13",NGN,paid
INV-001957,WO-002234,CUST00534,1767362128000,"NGN517,178.40",NGN 38788.38,NGN 555966.78,NGN,paid
INV-001958,WO-002235,CUST01137,2026-03-01 02:38:23,263529.76,19764.73,"NGN283,294.49",NGN,paid
INV-001959,WO-002236,CUST00880,1731345965000,"564,225.51",NGN 42316.91,606542.42,NGN,partial
INV-001960,WO-002237,CUST00831,1731707484000,477469.80,NGN 35810.23,"513,280.03",NGN,paid
INV-001961,WO-002238,CUST00927,19/05/2026,"733,749.27","55,031.20","788,780.47",NGN,paid
INV-001962,WO-002239,CUST01036,27/12/2024,"NGN583,835.40","43,787.66","627,623.06",ngn,paid
INV-001963,WO-002241,CUST00675,2025-06-26 16:40:12,434155.36,32561.65,"NGN466,717.01",NGN,paid
INV-001964,WO-002242,CUST01160,1772491023000,NGN 307667.32,23075.05,NGN 330742.37,NGN,paid
INV-001965,WO-002243,CUST00038,04/02/2025,"NGN331,604.02","24,870.30",NGN 356474.32,NGN,paid
INV-001966,WO-002244,CUST01146,2024-10-04 07:36:03,"NGN93,780.00",NGN 7033.50,100813.50,NGN,PAID
INV-001967,WO-002246,CUST00896,1785281417000,667794.76,"NGN50,084.61","717,879.37",NGN,PAID
INV-001968,WO-002248,CUST00306,09/04/2025,NGN 169476.26,"12,710.72","182,186.98",NGN,partial
INV-001969,WO-002249,CUST00533,2025-06-02 10:39:41,"653,681.27",49026.10,NGN 702707.37,NGN,UNPAID
INV-001970,WO-002250,CUST00450,1747961670000,358020.99,"NGN26,851.57",NGN 384872.56,NGN,paid
INV-001971,WO-002251,CUST00839,1785586411000,"NGN420,613.98","31,546.05",452160.03,ngn,paid
INV-001972,WO-002252,CUST01535,2025-05-26 01:54:54,18450.00,"NGN1,383.75","NGN19,833.75",NGN,PAID
INV-001973,WO-002253,CUST00254,2025-09-12 03:18:37,575860.96,"43,189.57",NGN 619050.53,NGN,unpaid
INV-001974,WO-002255,CUST00938,1730973463000,NGN 132963.68,NGN 9972.28,"NGN142,935.96",NGN,paid
INV-001975,WO-002256,CUST00184,09/04/2025,"NGN8,365.00",NGN 627.38,NGN 8992.38,NGN,partial
INV-001976,WO-002257,CUST00263,1749225921000,NGN 617355.33,NGN 46301.65,663656.98,NGN,partial
INV-001977,WO-002258,CUST01132,04/05/2026,364793.99,NGN 27359.55,"392,153.54",NGN,PAID
INV-001978,WO-002259,CUST00832,2025-01-07 19:41:25,NGN 274903.36,"NGN20,617.75",NGN 295521.11,ngn,unpaid
INV-001979,WO-002260,CUST01103,1731327911000,328467.68,24635.08,"NGN353,102.76",NGN,paid
INV-001980,WO-002261,CUST00929,2025-03-03 19:01:38,NGN 752967.21,56472.54,809439.75,NGN,paid
INV-001981,WO-002262,CUST00500,1782065546000,"486,777.82","NGN36,508.34","523,286.16",NGN,PAID
INV-001982,WO-002263,CUST01071,1728974250000,"NGN57,283.30","4,296.25","61,579.55",NGN,written_off
INV-001983,WO-002264,CUST00947,2025-01-27 15:10:25,294357.92,22076.84,316434.76,NGN,paid
INV-001984,WO-002265,CUST00274,08/12/2024,NGN 1435689.13,107676.68,1543365.81,NGN,paid
INV-001985,WO-002266,CUST01078,16/06/2026,4725.00,354.38,5079.38,NGN,UNPAID
INV-001986,WO-002268,CUST00516,2024-09-21 20:19:35,212293.79,"NGN15,922.03",NGN 228215.82,NGN,PAID
INV-001987,WO-002269,CUST00679,04/09/2025,"NGN4,025.00",301.87,4326.87,NGN,PAID
INV-001988,WO-002271,CUST00127,2025-06-06 11:36:16,1217947.82,91346.09,NGN 1309293.91,NGN,paid
INV-001989,WO-002272,CUST00444,1750323927000,31956.60,"2,396.74","34,353.34",NGN,paid
INV-001990,WO-002273,CUST00192,08/07/2025,"646,134.64",48460.10,NGN 694594.74,NGN,paid
INV-001991,WO-002274,CUST00836,1787282853000,"NGN6,200.00",NGN 465.00,NGN 6665.00,NGN,PAID
INV-001992,WO-002275,CUST01014,1729593655000,NGN 106945.23,8020.89,"114,966.12",ngn,paid
INV-001993,WO-002276,CUST00293,1742456413000,"526,463.46",39484.76,"565,948.22",NGN,paid
INV-001994,WO-002278,CUST00687,2026-04-13 07:47:34,777568.68,"58,317.65","835,886.33",NGN,paid
INV-001995,WO-002279,CUST00087,1733912212000,188641.47,"14,148.11","202,789.58",NGN,paid
INV-001996,WO-002280,CUST00265,28/09/2025,NGN 110419.89,"NGN8,281.49",118701.38,NGN,paid
INV-001997,WO-002281,CUST00729,1746926521000,20753.66,NGN 1556.52,"22,310.18",NGN,PAID
INV-001998,WO-002282,CUST00995,2026-05-13 14:50:21,573460.19,"43,009.51","NGN616,469.70",NGN,paid
INV-001999,WO-002283,CUST00756,17/06/2025,NGN 14050.00,NGN 1053.75,15103.75,NGN,paid
INV-002000,WO-002284,CUST01954,2025-01-12 05:40:04,558429.40,"NGN41,882.20",NGN 600311.60,NGN,unpaid
INV-002001,WO-002285,CUST00379,1784059823000,"NGN821,239.26",NGN 61592.94,NGN 882832.20,NGN,paid
INV-002002,WO-002286,CUST00423,2025-03-29 01:51:12,NGN 159808.33,11985.63,NGN 171793.96,NGN,PAID
INV-002003,WO-002287,CUST00021,2026-08-25 02:01:13,"NGN1,541,995.38","NGN115,649.65",NGN 1657645.03,NGN,paid
INV-002004,WO-002288,CUST00360,1729458097000,NGN 560831.01,"42,062.33","602,893.34",NGN,written_off
INV-002005,WO-002289,CUST00286,05/06/2026,NGN 189071.25,"NGN14,180.34",203251.59,NGN,paid
INV-002006,WO-002290,CUST01089,2025-03-02 08:07:49,976512.05,"73,238.40","NGN1,049,750.45",NGN,unpaid
INV-002007,WO-002291,CUST02324,1746466419000,NGN 617931.14,"46,344.84","NGN664,275.98",NGN,paid
INV-002008,WO-002292,CUST00791,2025-07-04 05:09:01,539622.15,"NGN40,471.66","580,093.81",NGN,paid
INV-002009,WO-002293,CUST00588,11/11/2025,"NGN1,714,590.81",NGN 128594.31,1843185.12,NGN,paid
INV-002010,WO-002294,CUST00939,2025-03-15 05:08:40,474383.45,"35,578.76","NGN509,962.21",NGN,PAID
INV-002011,WO-002295,CUST00570,1778334773000,"NGN653,352.85","49,001.46",NGN 702354.31,NGN,written_off
INV-002012,WO-002296,CUST00457,2025-08-12 12:16:26,NGN 874405.46,"NGN65,580.41","939,985.87",NGN,paid
INV-002013,WO-002297,CUST01915,2025-10-27 18:18:06,1119299.91,NGN 83947.49,NGN 1203247.40,NGN,UNPAID
INV-002014,WO-002298,CUST00329,1767124995000,"NGN631,793.40","47,384.51",NGN 679177.91,NGN,paid
INV-002015,WO-002299,CUST00330,1772698166000,288990.00,21674.25,310664.25,NGN,unpaid
INV-002016,WO-002300,CUST00235,2025-12-02 09:43:21,"596,430.91","NGN44,732.32",641163.23,NGN,paid
INV-002017,WO-002301,CUST00844,1765472212000,NGN 17625.00,1321.88,18946.88,NGN,written_off
INV-002018,WO-002302,CUST01012,1762741483000,"92,779.91","6,958.49","NGN99,738.40",NGN,paid
INV-002019,WO-002303,CUST00865,1732741843000,NGN 575983.41,"NGN43,198.76","619,182.17",NGN,partial
INV-002020,WO-002304,CUST00209,11/06/2026,913200.53,"NGN68,490.04","NGN981,690.57",NGN,unpaid
INV-002021,WO-002305,CUST00360,1759787281000,"170,168.47","NGN12,762.63","182,931.10",NGN,paid
INV-002022,WO-002306,CUST00289,15/09/2025,NGN 2375.00,NGN178.12,"2,553.12",NGN,paid
INV-002023,WO-002307,CUST00320,16/03/2025,937088.83,NGN 70281.66,1007370.49,ngn,paid
INV-002024,WO-002308,CUST01102,2026-01-21 15:06:30,"60,438.06","4,532.85","NGN64,970.91",NGN,UNPAID
INV-002025,WO-002309,CUST00392,2024-11-11 22:44:56,"NGN567,004.49",NGN 42525.34,609529.83,NGN,partial
INV-002026,WO-002310,CUST00102,2026-03-27 12:19:43,10500.00,787.50,"11,287.50",NGN,PAID
INV-002027,WO-002312,CUST02324,1755678582000,NGN 1504386.35,112828.98,"1,617,215.33",NGN,paid
INV-002028,WO-002313,CUST00563,1749096639000,"1,164,480.30",NGN 87336.02,"1,251,816.32",NGN,paid
INV-002029,WO-002314,CUST00245,17/10/2024,NGN 876700.34,NGN 65752.53,"NGN942,452.87",NGN,paid
INV-002030,WO-002315,CUST00967,2025-01-18 10:26:31,NGN 1426818.89,107011.42,1533830.31,NGN,paid
INV-002031,WO-002316,CUST00639,28/12/2025,NGN 8715.00,NGN653.62,NGN 9368.62,NGN,paid
INV-002032,WO-002317,CUST00284,2026-01-22 05:59:07,"NGN644,205.27","48,315.39","692,520.66",NGN,paid
INV-002033,WO-002318,CUST01187,2025-06-23 14:50:20,"NGN469,023.27",35176.74,"504,200.01",NGN,unpaid
INV-002034,WO-002319,CUST01576,2026-07-09 12:52:36,NGN 41307.18,3098.04,44405.22,NGN,PAID
INV-002035,WO-002321,CUST02101,1772315672000,"15,975.00",NGN 1198.12,17173.12,NGN,PAID
INV-002036,WO-002322,CUST00514,1764366897000,"4,425.00",NGN331.88,"4,756.88",NGN,paid
INV-002037,WO-002323,CUST01148,2026-04-16 10:20:48,73091.50,5481.86,"NGN78,573.36",NGN,PAID
INV-002038,WO-002324,CUST00677,23/02/2025,NGN 303724.03,"22,779.30",NGN 326503.33,NGN,partial
INV-002039,WO-002325,CUST00345,2025-03-19 21:48:11,72137.98,NGN 5410.35,77548.33,NGN,UNPAID
INV-002040,WO-002326,CUST00490,2026-02-26 18:28:18,NGN 383821.26,"28,786.59","412,607.85",NGN,paid
INV-002041,WO-002327,CUST00850,26/07/2026,NGN 540214.48,"40,516.09","NGN580,730.57",NGN,unpaid
INV-002042,WO-002328,CUST00537,01/10/2025,"NGN237,430.45",NGN 17807.28,255237.73,NGN,unpaid
INV-002043,WO-002329,CUST01047,1785442467000,"NGN173,211.12","NGN12,990.83",NGN 186201.95,NGN,written_off
INV-002044,WO-002330,CUST01848,27/09/2024,NGN 390160.47,"29,262.03","419,422.50",NGN,PAID
INV-002045,WO-002331,CUST00169,2025-01-01 17:53:42,1108792.64,NGN 83159.45,NGN 1191952.09,ngn,paid
INV-002046,WO-002332,CUST00760,1768738989000,"NGN5,800.00",435.00,6235.00,ngn,PAID
INV-002047,WO-002334,CUST01182,19/01/2025,19000.00,"NGN1,425.00","20,425.00",NGN,partial
INV-002048,WO-002335,CUST00904,20/04/2025,"821,266.79","61,595.01",NGN 882861.80,NGN,paid
INV-002049,WO-002336,CUST00685,2025-03-02 23:07:32,256795.53,19259.66,NGN 276055.19,NGN,unpaid
INV-002050,WO-002337,CUST00662,1783378703000,"580,148.61","43,511.15","623,659.76",NGN,paid
INV-002051,WO-002338,CUST01075,2025-04-28 23:47:43,"126,101.34","9,457.60","NGN135,558.94",NGN,paid
INV-002052,WO-002339,CUST00713,30/03/2026,"165,978.49",12448.39,178426.88,NGN,paid
INV-002053,WO-002340,CUST00180,1770492158000,"NGN875,838.97",65687.92,941526.89,NGN,written_off
INV-002054,WO-002342,CUST00555,2025-08-21 14:42:11,5670.00,425.25,"6,095.25",NGN,PAID
INV-002055,WO-002343,CUST01183,02/10/2025,"58,046.60",NGN 4353.49,"NGN62,400.09",NGN,PAID
INV-002056,WO-002344,CUST00765,2025-02-12 17:04:59,"NGN93,494.84",7012.11,NGN 100506.95,NGN,written_off
INV-002057,WO-002345,CUST00752,2025-06-19 02:07:43,"NGN447,688.00",33576.60,481264.60,NGN,paid
INV-002058,WO-002346,CUST00056,2025-12-23 17:51:36,"30,902.55",2317.69,33220.24,NGN,PAID
INV-002059,WO-002347,CUST00123,2025-05-04 06:14:00,"75,066.82",5630.01,80696.83,NGN,partial
INV-002060,WO-002348,CUST00802,1746625506000,NGN 200061.06,"15,004.58",NGN 215065.64,NGN,UNPAID
INV-002061,WO-002349,CUST00797,1729593132000,372387.87,"NGN27,929.09",400316.96,NGN,UNPAID
INV-002062,WO-002351,CUST00104,1767014012000,"17,640.00",NGN 1323.00,"18,963.00",NGN,unpaid
INV-002063,WO-002352,CUST00676,09/05/2025,"NGN1,413,897.12","NGN106,042.28",NGN 1519939.40,NGN,PAID
INV-002064,WO-002353,CUST00867,1747208446000,NGN 11060.00,NGN 829.50,"11,889.50",NGN,partial
INV-002065,WO-002354,CUST00720,1764655662000,848972.26,63672.92,"912,645.18",NGN,paid
INV-002066,WO-002355,CUST00785,26/08/2025,NGN 46173.71,3463.03,"49,636.74",NGN,paid
INV-002067,WO-002356,CUST00605,2024-11-18 18:56:39,"NGN842,893.36","63,217.00",906110.36,NGN,paid
INV-002068,WO-002357,CUST01591,19/06/2026,"601,141.36",NGN 45085.60,NGN 646226.96,NGN,PAID
INV-002069,WO-002358,CUST00183,30/05/2025,"NGN453,163.48","NGN33,987.26",NGN 487150.74,ngn,PAID
INV-002070,WO-002359,CUST00955,1738391336000,"NGN1,122,695.13","84,202.14","1,206,897.27",NGN,paid
INV-002071,WO-002360,CUST00064,2026-06-30 03:11:15,"NGN252,455.64",NGN 18934.17,"271,389.81",NGN,PAID
INV-002072,WO-002361,CUST01894,2025-08-15 12:46:24,"84,311.43",NGN 6323.36,"90,634.79",NGN,paid
INV-002073,WO-002363,CUST00855,1782344994000,"464,126.59","34,809.49","498,936.08",NGN,PAID
INV-002074,WO-002364,CUST00174,15/03/2026,"18,010.81",1350.81,19361.62,NGN,unpaid
INV-002075,WO-002365,CUST00164,16/07/2026,429632.63,"32,222.45",461855.08,NGN,paid
INV-002076,WO-002366,CUST00428,1729743044000,"NGN473,246.06",NGN 35493.45,NGN 508739.51,NGN,unpaid
INV-002077,WO-002367,CUST00095,16/02/2026,"218,452.68","NGN16,383.95",NGN 234836.63,NGN,paid
INV-002078,WO-002368,CUST00377,2025-11-27 04:55:19,"187,307.03","NGN14,048.03",201355.06,NGN,partial
INV-002079,WO-002369,CUST00593,07/01/2025,"63,432.14",4757.41,NGN 68189.55,NGN,paid
INV-002080,WO-002370,CUST01017,30/10/2025,600133.76,45010.03,"645,143.79",NGN,paid
INV-002081,WO-002373,CUST00231,1730461670000,"7,650.00",573.75,"8,223.75",NGN,paid
INV-002082,WO-002374,CUST00763,2024-11-14 23:12:43,"NGN763,540.39",57265.53,NGN 820805.92,NGN,paid
INV-002083,WO-002375,CUST00876,1770230155000,"NGN152,932.35",11469.93,"164,402.28",NGN,UNPAID
INV-002084,WO-002376,CUST01146,1760445296000,66925.00,"5,019.38","71,944.38",NGN,partial
INV-002085,WO-002377,CUST00581,2024-09-28 22:46:51,NGN 503368.10,NGN 37752.61,"541,120.71",ngn,partial
INV-002086,WO-002378,CUST00067,1766240671000,"NGN197,148.40",NGN 14786.13,NGN 211934.53,NGN,paid
INV-002087,WO-002379,CUST01023,1764174539000,NGN 291969.53,"21,897.72","NGN313,867.25",NGN,paid
INV-002088,WO-002380,CUST00117,17/08/2025,903344.72,67750.85,NGN 971095.57,NGN,UNPAID
INV-002089,WO-002381,CUST00719,1783875728000,"605,338.77",NGN 45400.41,"650,739.18",NGN,paid
INV-002090,WO-002382,CUST00499,15/04/2025,"NGN733,479.44",NGN 55010.96,NGN 788490.40,NGN,paid
INV-002091,WO-002383,CUST00260,2025-06-07 18:30:00,"4,575.00",343.12,"NGN4,918.12",NGN,paid
INV-002092,WO-002384,CUST00088,2024-11-14 15:44:52,168576.33,NGN 12643.22,NGN 181219.55,ngn,unpaid
INV-002093,WO-002385,CUST01055,2025-11-18 16:01:29,90185.88,NGN 6763.94,"96,949.82",NGN,partial
INV-002094,WO-002386,CUST00355,1780606425000,"21,959.26",NGN 1646.94,"23,606.20",NGN,PAID
INV-002095,WO-002387,CUST00138,1754429820000,"1,047,762.01",NGN 78582.15,"NGN1,126,344.16",NGN,paid
INV-002096,WO-002388,CUST00261,16/12/2024,"NGN70,920.00","NGN5,319.00",NGN 76239.00,NGN,paid
INV-002097,WO-002389,CUST01038,19/02/2025,"154,497.55",11587.32,NGN 166084.87,NGN,paid
INV-002098,WO-002390,CUST00023,2025-02-17 01:24:59,"NGN356,200.71",26715.05,"382,915.76",NGN,paid
INV-002099,WO-002391,CUST00224,27/09/2025,NGN 1450.00,108.75,"NGN1,558.75",NGN,paid
INV-002100,WO-002392,CUST02300,1783575843000,"NGN766,683.24",57501.24,824184.48,NGN,UNPAID
INV-002101,WO-002393,CUST00624,11/07/2026,"1,725.00",NGN 129.37,1854.37,ngn,partial
INV-002102,WO-002394,CUST00112,2026-07-27 01:53:12,"NGN655,149.54",49136.22,NGN 704285.76,NGN,PAID
INV-002103,WO-002396,CUST00528,1753325826000,"NGN11,200.00",840.00,"NGN12,040.00",NGN,paid
INV-002104,WO-002397,CUST00071,15/09/2025,"NGN476,299.80","35,722.48","NGN512,022.28",NGN,partial
INV-002105,WO-002398,CUST00982,1765718236000,NGN 5400.00,405.00,NGN 5805.00,NGN,PAID
INV-002106,WO-002400,CUST00398,1776849989000,NGN 570771.95,"NGN42,807.90","NGN613,579.85",NGN,UNPAID
INV-002107,WO-002401,CUST00162,2025-11-05 06:05:06,"NGN3,900.00",NGN 292.50,"NGN4,192.50",NGN,partial
INV-002108,WO-002402,CUST00759,2024-12-20 17:29:26,249754.49,"18,731.59",NGN 268486.08,NGN,PAID
INV-002109,WO-002403,CUST00927,1760965976000,2800.00,NGN210.00,3010.00,NGN,PAID
INV-002110,WO-002404,CUST00417,2025-06-30 07:01:34,"830,873.93",62315.54,893189.47,NGN,unpaid
INV-002111,WO-002405,CUST00481,1779262886000,812444.90,"60,933.37","NGN873,378.27",NGN,written_off
INV-002112,WO-002406,CUST01046,18/12/2025,"1,089,168.84",81687.66,"1,170,856.50",NGN,paid
INV-002113,WO-002407,CUST00889,2026-05-21 01:40:28,1017903.99,NGN 76342.80,1094246.79,NGN,partial
INV-002114,WO-002408,CUST00196,1760906389000,368782.01,27658.65,NGN 396440.66,NGN,partial
INV-002115,WO-002409,CUST00033,2025-07-19 21:13:51,648675.40,NGN 48650.65,697326.05,NGN,paid
INV-002116,WO-002410,CUST01622,2025-11-18 04:22:24,"NGN196,052.41","14,703.93",NGN 210756.34,NGN,PAID
INV-002117,WO-002411,CUST00093,2025-01-23 00:33:38,"648,275.77",48620.68,"696,896.45",NGN,paid
INV-002118,WO-002412,CUST01146,2024-11-06 20:22:24,"10,950.00",821.25,"NGN11,771.25",NGN,paid
INV-002119,WO-002413,CUST00823,1743747163000,"NGN243,653.56",18274.02,261927.58,NGN,paid
INV-002120,WO-002414,CUST01187,2026-03-04 12:10:22,"786,566.60",58992.50,"NGN845,559.10",ngn,PAID
INV-002121,WO-002415,CUST00393,1734702049000,NGN 567397.29,"42,554.80",NGN 609952.09,NGN,PAID
INV-002122,WO-002416,CUST00749,1773372592000,922472.59,69185.44,"991,658.03",NGN,paid
INV-002123,WO-002417,CUST00587,18/05/2025,1877809.14,"NGN140,835.69","2,018,644.83",NGN,partial
INV-002124,WO-002419,CUST00406,21/12/2025,NGN 33048.42,"NGN2,478.63","35,527.05",NGN,UNPAID
INV-002125,WO-002420,CUST01195,1786292391000,NGN 182321.78,13674.13,195995.91,NGN,partial
INV-002126,WO-002422,CUST01082,2024-10-07 14:38:24,NGN 3875.00,290.62,4165.62,NGN,unpaid
INV-002127,WO-002423,CUST01538,2026-07-15 11:58:59,"NGN687,989.23","51,599.19",NGN 739588.42,NGN,paid
INV-002128,WO-002424,CUST00510,1750353575000,"426,810.93","32,010.82",NGN 458821.75,NGN,PAID
INV-002129,WO-002425,CUST00653,1746926163000,211642.63,15873.20,"NGN227,515.83",NGN,paid
INV-002130,WO-002426,CUST00257,2025-04-27 00:24:19,NGN 594208.58,NGN 44565.64,"NGN638,774.22",NGN,partial
INV-002131,WO-002427,CUST00415,2024-12-27 18:01:59,"NGN493,429.53","37,007.21",NGN 530436.74,NGN,PAID
INV-002132,WO-002428,CUST00490,29/06/2026,"5,915.00",443.62,"6,358.62",NGN,paid
INV-002133,WO-002429,CUST01124,1775887410000,628923.88,"47,169.29","NGN676,093.17",NGN,paid
INV-002134,WO-002430,CUST00360,2026-01-13 11:34:24,286153.38,"21,461.50","NGN307,614.88",NGN,UNPAID
INV-002135,WO-002431,CUST01170,1778621976000,NGN 609894.44,"45,742.08","NGN655,636.52",NGN,paid
INV-002136,WO-002432,CUST00773,08/07/2025,NGN 263586.19,NGN 19768.96,283355.15,NGN,UNPAID
INV-002137,WO-002433,CUST00920,15/08/2025,"NGN25,875.00",1940.62,"27,815.62",NGN,paid
INV-002138,WO-002434,CUST00779,15/06/2025,347469.68,26060.23,NGN 373529.91,NGN,PAID
INV-002139,WO-002435,CUST00297,2026-03-24 21:12:23,NGN 400686.26,"NGN30,051.47",NGN 430737.73,NGN,paid
INV-002140,WO-002437,CUST01837,2024-10-10 06:43:13,1409082.05,NGN 105681.15,1514763.20,NGN,paid
INV-002141,WO-002438,CUST00411,1726969355000,214947.03,16121.03,231068.06,NGN,unpaid
INV-002142,WO-002439,CUST00060,1731535684000,"155,850.00",NGN 11688.75,NGN 167538.75,NGN,UNPAID
INV-002143,WO-002440,CUST00863,17/08/2026,"699,262.28",52444.67,751706.95,NGN,paid
INV-002144,WO-002441,CUST00401,15/02/2025,NGN 1801500.54,"NGN135,112.54",NGN 1936613.08,NGN,PAID
INV-002145,WO-002442,CUST00549,2026-04-28 20:54:11,"2,765.00",207.38,2972.38,NGN,UNPAID
INV-002146,WO-002446,CUST00210,2024-09-25 08:00:55,7900.00,NGN 592.50,"8,492.50",NGN,written_off
INV-002147,WO-002447,CUST00854,2026-09-02 08:30:41,"NGN41,427.76",NGN 3107.08,"44,534.84",NGN,PAID
INV-002148,WO-002448,CUST01161,06/07/2026,1015398.55,"76,154.89","NGN1,091,553.44",NGN,paid
INV-002149,WO-002449,CUST00926,2025-04-24 01:47:50,"677,035.97","50,777.70",727813.67,NGN,paid
INV-002150,WO-002450,CUST00493,1772925547000,NGN 191982.03,NGN 14398.65,NGN 206380.68,ngn,partial
INV-002151,WO-002452,CUST00870,1733684422000,526422.95,NGN 39481.72,"565,904.67",NGN,PAID
INV-002152,WO-002453,CUST00033,1788207168000,245381.08,18403.58,"263,784.66",NGN,paid
INV-002153,WO-002454,CUST00469,1775671408000,169071.27,NGN 12680.35,181751.62,NGN,paid
INV-002154,WO-002455,CUST00794,2025-09-25 23:05:11,"1,075,173.75","NGN80,638.03","NGN1,155,811.78",NGN,PAID
INV-002155,WO-002456,CUST00185,29/05/2026,"951,522.76",NGN 71364.21,"NGN1,022,886.97",NGN,paid
INV-002156,WO-002457,CUST00612,2025-01-07 05:59:42,"30,322.31","NGN2,274.17",32596.48,NGN,UNPAID
INV-002157,WO-002458,CUST02041,1754906326000,499217.64,"NGN37,441.32","536,658.96",NGN,PAID
INV-002158,WO-002459,CUST00627,2026-02-19 09:34:21,NGN 488995.95,NGN 36674.70,525670.65,NGN,PAID
INV-002159,WO-002460,CUST00129,1762281487000,86627.65,"6,497.07",NGN 93124.72,NGN,paid
INV-002160,WO-002462,CUST01765,17/10/2024,"NGN1,575,937.63",118195.32,NGN 1694132.95,NGN,paid
INV-002161,WO-002463,CUST00808,25/07/2025,NGN 158550.00,"11,891.25","170,441.25",NGN,partial
INV-002162,WO-002464,CUST00487,2026-02-14 17:10:47,377222.85,NGN 28291.71,405514.56,NGN,paid
INV-002163,WO-002465,CUST00423,1761275909000,"507,798.98",NGN 38084.92,"NGN545,883.90",NGN,paid
INV-002164,WO-002466,CUST00668,17/02/2025,"10,150.00",761.25,"10,911.25",NGN,unpaid
INV-002165,WO-002467,CUST00754,28/08/2025,NGN 7290.00,546.75,"NGN7,836.75",NGN,PAID
INV-002166,WO-002468,CUST00579,2024-09-14 23:11:48,"40,800.00",3060.00,"NGN43,860.00",NGN,PAID
INV-002167,WO-002469,CUST00278,22/11/2024,717600.10,"NGN53,820.01","NGN771,420.11",NGN,UNPAID
INV-002168,WO-002470,CUST01275,1730947138000,"323,795.65",24284.67,"NGN348,080.32",NGN,paid
INV-002169,WO-002471,CUST00989,1730490945000,NGN 377613.54,28321.02,"405,934.56",NGN,unpaid
INV-002170,WO-002472,CUST00748,12/10/2025,NGN 417970.62,31347.80,"449,318.42",NGN,paid
INV-002171,WO-002474,CUST00209,24/10/2024,"1,189,343.40","NGN89,200.76","NGN1,278,544.16",NGN,PAID
INV-002172,WO-002475,CUST00611,2025-04-30 21:54:24,723763.67,"NGN54,282.28",NGN 778045.95,NGN,paid
INV-002173,WO-002476,CUST00358,2025-07-09 12:45:55,"NGN212,029.67",15902.23,227931.90,NGN,paid
INV-002174,WO-002479,CUST00096,2025-09-04 05:54:49,5800.00,NGN 435.00,NGN 6235.00,NGN,UNPAID
INV-002175,WO-002480,CUST00390,1748284627000,165657.40,"NGN12,424.31",NGN 178081.71,NGN,PAID
INV-002176,WO-002481,CUST00586,2026-03-07 12:19:37,NGN 187118.37,"NGN14,033.88",NGN 201152.25,NGN,unpaid
INV-002177,WO-002482,CUST00384,14/08/2026,"NGN12,750.00",956.25,13706.25,NGN,paid
INV-002178,WO-002483,CUST00757,1748765092000,"NGN19,676.70",1475.75,"NGN21,152.45",NGN,PAID
INV-002179,WO-002484,CUST01292,17/09/2024,NGN 480083.54,NGN 36006.27,"NGN516,089.81",NGN,UNPAID
INV-002180,WO-002485,CUST00516,1765637080000,"387,115.83",NGN 29033.69,"NGN416,149.52",NGN,partial
INV-002181,WO-002486,CUST00956,1779045695000,NGN 2425.00,181.88,"2,606.88",ngn,paid
INV-002182,WO-002488,CUST01057,1730662287000,1312288.39,"98,421.63",1410710.02,NGN,UNPAID
INV-002183,WO-002489,CUST01622,2026-05-16 10:48:25,"556,657.94","41,749.35",598407.29,NGN,paid
INV-002184,WO-002490,CUST00606,2025-08-13 04:22:40,"NGN239,362.82","NGN17,952.21",257315.03,NGN,paid
INV-002185,WO-002491,CUST00733,21/11/2024,"6,210.00",465.75,"6,675.75",NGN,paid
INV-002186,WO-002492,CUST00922,1738723819000,NGN 622124.10,NGN 46659.31,"NGN668,783.41",NGN,unpaid
INV-002187,WO-002493,CUST00333,2025-07-01 21:51:05,NGN 196398.99,14729.92,"211,128.91",NGN,PAID
INV-002188,WO-002494,CUST02284,2025-11-18 19:04:01,"679,311.80",50948.39,"NGN730,260.19",NGN,paid
INV-002189,WO-002495,CUST01054,2025-05-31 02:32:10,"149,474.08","11,210.56","NGN160,684.64",NGN,paid
INV-002190,WO-002496,CUST00294,1770156704000,1247170.04,"NGN93,537.75",NGN 1340707.79,ngn,partial
INV-002191,WO-002497,CUST00873,2025-08-18 21:19:05,"273,145.06",NGN 20485.88,"293,630.94",NGN,UNPAID
INV-002192,WO-002498,CUST00808,1751689113000,"1,294,304.41","97,072.83","1,391,377.24",NGN,PAID
INV-002193,WO-002499,CUST01195,2025-04-22 21:21:11,"30,060.00","NGN2,254.50",NGN 32314.50,NGN,PAID
INV-002194,WO-002500,CUST00759,2026-03-02 17:08:33,"128,375.92","9,628.19",NGN 138004.11,NGN,paid
INV-002195,WO-002501,CUST00444,13/11/2024,NGN 632515.80,"NGN47,438.68",NGN 679954.48,NGN,PAID
INV-002196,WO-002502,CUST01193,2026-04-07 12:15:28,452243.25,NGN 33918.24,"486,161.49",ngn,paid
INV-002197,WO-002503,CUST00393,2025-12-24 02:48:39,"245,113.95","18,383.55","263,497.50",NGN,paid
INV-002198,WO-002504,CUST00550,1772718650000,129206.22,"9,690.47",NGN 138896.69,NGN,UNPAID
INV-002199,WO-002505,CUST01177,1744496449000,NGN 119095.32,"8,932.15",128027.47,NGN,partial
INV-002200,WO-002506,CUST01031,1744853628000,NGN 15480.00,1161.00,NGN 16641.00,NGN,paid
INV-002201,WO-002507,CUST01114,17/12/2024,13510.00,"NGN1,013.25","14,523.25",NGN,partial
INV-002202,WO-002508,CUST00180,06/03/2025,NGN 491705.81,"36,877.94","NGN528,583.75",ngn,unpaid
INV-002203,WO-002509,CUST01120,1764536910000,NGN 401167.91,"30,087.59",NGN 431255.50,NGN,paid
INV-002204,WO-002510,CUST00295,23/07/2025,"NGN1,400.00",NGN105.00,1505.00,NGN,written_off
INV-002205,WO-002512,CUST00538,1760733162000,435884.29,NGN 32691.32,"468,575.61",NGN,paid
INV-002206,WO-002513,CUST00557,1769673026000,1035127.39,77634.55,1112761.94,NGN,UNPAID
INV-002207,WO-002514,CUST01092,2025-10-31 08:59:53,"NGN3,825.00",NGN 286.88,NGN 4111.88,NGN,written_off
INV-002208,WO-002515,CUST00974,17/05/2025,331104.88,NGN 24832.87,"355,937.75",NGN,paid
INV-002209,WO-002516,CUST01314,1728827313000,85371.11,6402.83,91773.94,NGN,PAID
INV-002210,WO-002518,CUST01174,2025-08-08 05:08:02,NGN 4750.00,NGN356.25,5106.25,NGN,unpaid
INV-002211,WO-002519,CUST00043,12/01/2025,"1,075,007.61",NGN 80625.57,1155633.18,NGN,partial
INV-002212,WO-002520,CUST00241,1784184124000,1082768.74,"81,207.66",1163976.40,NGN,unpaid
INV-002213,WO-002521,CUST00046,28/07/2026,"13,590.00",NGN 1019.25,NGN 14609.25,NGN,unpaid
INV-002214,WO-002522,CUST00637,25/07/2025,"121,830.35","NGN9,137.28",NGN 130967.63,NGN,paid
INV-002215,WO-002523,CUST00964,11/10/2025,"251,727.94",NGN 18879.60,270607.54,NGN,PAID
INV-002216,WO-002525,CUST00657,15/09/2024,NGN 578344.27,NGN 43375.82,621720.09,NGN,unpaid
INV-002217,WO-002526,CUST00907,2025-10-05 21:22:54,"221,100.00",16582.50,237682.50,NGN,UNPAID
INV-002218,WO-002527,CUST00239,20/12/2024,159273.80,11945.54,171219.34,NGN,paid
INV-002219,WO-002529,CUST00091,2025-07-04 01:17:04,5150.00,386.25,5536.25,NGN,unpaid
INV-002220,WO-002531,CUST00520,22/09/2024,607806.07,"45,585.45",NGN 653391.52,NGN,paid
INV-002221,WO-002532,CUST01179,01/04/2026,932322.75,"NGN69,924.21",1002246.96,NGN,paid
INV-002222,WO-002533,CUST00385,02/05/2025,"253,757.08",19031.78,"272,788.86",NGN,paid
INV-002223,WO-002534,CUST01196,1749961738000,538913.33,"40,418.50",NGN 579331.83,NGN,PAID
INV-002224,WO-002535,CUST00547,1763815919000,339746.82,"25,481.01","365,227.83",ngn,PAID
INV-002225,WO-002536,CUST00679,26/08/2025,125649.56,"NGN9,423.72",NGN 135073.28,NGN,paid
INV-002226,WO-002537,CUST00461,2026-05-30 02:52:27,"NGN6,300.00",NGN472.50,NGN 6772.50,NGN,partial
INV-002227,WO-002538,CUST00088,18/02/2025,"NGN62,460.00",NGN 4684.50,"67,144.50",NGN,paid
INV-002228,WO-002541,CUST00088,13/11/2024,"921,666.94","69,125.02",NGN 990791.96,NGN,unpaid
INV-002229,WO-002542,CUST00916,2024-11-07 05:24:07,117232.36,8792.43,"NGN126,024.79",ngn,partial
INV-002230,WO-002543,CUST00007,1758446936000,"NGN18,810.00",1410.75,NGN 20220.75,ngn,PAID
INV-002231,WO-002544,CUST01145,2024-12-23 18:51:29,"5,320.00",NGN 399.00,"NGN5,719.00",NGN,unpaid
INV-002232,WO-002546,CUST00438,10/02/2026,"NGN553,118.65","NGN41,483.90","594,602.55",NGN,PAID
INV-002233,WO-002547,CUST00329,18/05/2026,27720.00,2079.00,29799.00,NGN,partial
INV-002234,WO-002548,CUST00211,1731015303000,"47,500.97","NGN3,562.57",NGN 51063.54,NGN,unpaid
INV-002235,WO-002551,CUST01717,1747540499000,333444.99,"25,008.37","NGN358,453.36",NGN,paid
INV-002236,WO-002552,CUST00891,2025-09-20 11:16:11,"NGN223,906.04","NGN16,792.95",NGN 240698.99,NGN,PAID
INV-002237,WO-002553,CUST01109,1727799789000,365344.62,"27,400.85",392745.47,NGN,UNPAID
INV-002238,WO-002554,CUST00309,1739662143000,"268,683.53",NGN 20151.26,288834.79,ngn,paid
INV-002239,WO-002555,CUST01086,1782708426000,NGN 761957.24,57146.79,"NGN819,104.03",NGN,paid
INV-002240,WO-002556,CUST00244,26/08/2026,"NGN6,600.00",495.00,"7,095.00",NGN,paid
INV-002241,WO-002557,CUST00411,2025-05-05 07:32:58,"14,550.00","1,091.25",NGN 15641.25,NGN,paid
INV-002242,WO-002558,CUST00474,1758441334000,"NGN558,872.32","NGN41,915.42","NGN600,787.74",NGN,written_off
INV-002243,WO-002559,CUST00732,1786359122000,"NGN321,358.26","24,101.87","NGN345,460.13",NGN,paid
INV-002244,WO-002560,CUST00497,29/07/2025,"150,011.12",11250.83,"NGN161,261.95",NGN,partial
INV-002245,WO-002562,CUST00750,04/08/2025,"NGN263,959.48","19,796.96","NGN283,756.44",NGN,PAID
INV-002246,WO-002563,CUST00347,2025-11-28 07:56:56,NGN 534077.67,"40,055.83",NGN 574133.50,ngn,paid
INV-002247,WO-002565,CUST01008,10/10/2024,NGN 821238.17,"NGN61,592.86",NGN 882831.03,NGN,paid
INV-002248,WO-002566,CUST00020,26/03/2026,NGN 304225.89,"22,816.94",NGN 327042.83,NGN,paid
INV-002249,WO-002567,CUST01132,27/10/2024,"48,399.32",NGN 3629.95,52029.27,NGN,PAID
INV-002250,WO-002568,CUST01137,19/08/2026,NGN 259883.54,"19,491.27",NGN 279374.81,NGN,paid
INV-002251,WO-002569,CUST00401,1768468678000,"NGN179,695.00","NGN13,477.12","NGN193,172.12",NGN,unpaid
INV-002252,WO-002570,CUST00329,1787053305000,"NGN495,054.15","37,129.06",NGN 532183.21,NGN,PAID
INV-002253,WO-002571,CUST00632,2024-11-18 19:25:10,122889.74,"9,216.73","132,106.47",NGN,written_off
INV-002254,WO-002572,CUST00506,1764343979000,963184.41,"72,238.83",1035423.24,NGN,paid
INV-002255,WO-002573,CUST00410,30/04/2025,"NGN3,550.00",266.25,3816.25,NGN,UNPAID
INV-002256,WO-002575,CUST00882,2025-11-16 11:38:32,"5,040.00",NGN 378.00,"5,418.00",NGN,paid
INV-002257,WO-002576,CUST01166,02/12/2024,1116501.00,NGN 83737.57,"NGN1,200,238.57",NGN,UNPAID
INV-002258,WO-002577,CUST00488,02/03/2025,NGN 983209.32,"NGN73,740.70",1056950.02,NGN,written_off
INV-002259,WO-002578,CUST00858,19/10/2025,"593,444.31","44,508.32","637,952.63",NGN,paid
INV-002260,WO-002579,CUST01193,09/01/2026,"1,037,108.44","NGN77,783.13","1,114,891.57",NGN,paid
INV-002261,WO-002580,CUST00011,02/08/2025,NGN 781698.28,58627.37,840325.65,NGN,PAID
INV-002262,WO-002581,CUST00048,03/10/2025,NGN 2555.00,191.62,2746.62,NGN,UNPAID
INV-002263,WO-002582,CUST00235,29/05/2026,80586.88,"6,044.02","NGN86,630.90",NGN,paid
INV-002264,WO-002583,CUST00599,04/08/2025,"NGN968,124.76","72,609.36",NGN 1040734.12,ngn,PAID
INV-002265,WO-002584,CUST00585,2024-11-13 02:55:18,"195,679.73",14675.98,210355.71,ngn,PAID
INV-002266,WO-002585,CUST00345,13/09/2025,NGN 163103.18,"NGN12,232.74",NGN 175335.92,ngn,paid
INV-002267,WO-002586,CUST00112,1733307667000,"860,574.90",NGN 64543.12,NGN 925118.02,NGN,paid
INV-002268,WO-002587,CUST01962,2025-04-13 02:25:25,NGN 1300068.20,"97,505.11","1,397,573.31",NGN,partial
INV-002269,WO-002589,CUST00770,2025-05-17 21:34:48,807362.20,NGN 60552.16,867914.36,NGN,PAID
INV-002270,WO-002590,CUST00703,28/07/2026,"NGN347,362.90",26052.22,"373,415.12",NGN,paid
INV-002271,WO-002593,CUST00616,07/02/2025,"31,061.53","2,329.62",NGN 33391.15,NGN,paid
INV-002272,WO-002594,CUST00642,20/07/2026,"NGN295,330.96",22149.82,"317,480.78",ngn,partial
INV-002273,WO-002595,CUST00518,2024-12-21 08:19:42,613054.57,"45,979.09","NGN659,033.66",NGN,UNPAID
INV-002274,WO-002596,CUST01055,1777876174000,1700.00,127.50,1827.50,NGN,PAID
INV-002275,WO-002597,CUST00219,08/08/2026,208038.72,"15,602.90","223,641.62",NGN,UNPAID
INV-002276,WO-002598,CUST00366,06/08/2026,"4,125.00",309.38,4434.38,NGN,paid
INV-002277,WO-002599,CUST02326,2025-08-13 08:53:49,NGN 439534.19,"32,965.06","472,499.25",NGN,unpaid
INV-002278,WO-002600,CUST00254,1758904525000,"273,916.63","20,543.75","294,460.38",NGN,PAID
INV-002279,WO-002601,CUST00615,2024-10-27 16:21:29,"28,559.54","NGN2,141.97",30701.51,NGN,paid
INV-002280,WO-002602,CUST00461,29/08/2026,414680.27,NGN 31101.02,445781.29,ngn,PAID
INV-002281,WO-002603,CUST00901,2026-08-20 08:06:51,"NGN779,337.07",NGN 58450.28,"837,787.35",NGN,unpaid
INV-002282,WO-002604,CUST01169,20/02/2025,NGN 363632.14,27272.41,NGN 390904.55,NGN,paid
INV-002283,WO-002605,CUST00378,08/06/2026,"NGN1,322,780.00","99,208.50",1421988.50,NGN,unpaid
INV-002284,WO-002607,CUST01110,07/08/2026,630266.85,"47,270.01","NGN677,536.86",NGN,paid
INV-002285,WO-002608,CUST00857,1782297545000,"NGN38,122.42",2859.18,NGN 40981.60,NGN,unpaid
INV-002286,WO-002609,CUST01064,24/11/2024,"144,139.95","NGN10,810.50",NGN 154950.45,NGN,partial
INV-002287,WO-002610,CUST00244,1785784114000,"NGN551,966.12",41397.46,"NGN593,363.58",NGN,partial
INV-002288,WO-002611,CUST01122,19/11/2025,"NGN578,319.29","43,373.95","NGN621,693.24",NGN,paid
INV-002289,WO-002612,CUST00371,2025-10-14 06:58:13,NGN 138513.56,"10,388.52","NGN148,902.08",NGN,written_off
INV-002290,WO-002613,CUST00206,14/09/2025,"NGN169,068.96","12,680.17","181,749.13",NGN,paid
INV-002291,WO-002614,CUST00807,2024-12-24 12:29:45,NGN 323133.62,"NGN24,235.02","NGN347,368.64",NGN,written_off
INV-002292,WO-002615,CUST00209,2025-08-10 10:15:16,"26,350.00","NGN1,976.25","28,326.25",NGN,paid
INV-002293,WO-002616,CUST01064,2025-02-10 23:39:12,"716,612.65","53,745.95",NGN 770358.60,NGN,paid
INV-002294,WO-002617,CUST00538,1769359369000,"NGN760,611.72",57045.88,"817,657.60",NGN,paid
INV-002295,WO-002618,CUST00495,1785900463000,NGN 166994.37,12524.58,"179,518.95",ngn,UNPAID
INV-002296,WO-002619,CUST00423,1751602957000,NGN 93246.06,NGN 6993.45,"100,239.51",NGN,PAID
INV-002297,WO-002620,CUST01002,31/07/2025,"64,014.36",NGN 4801.08,NGN 68815.44,NGN,paid
INV-002298,WO-002621,CUST00552,2025-10-18 00:25:22,138027.90,NGN 10352.09,NGN 148379.99,NGN,unpaid
INV-002299,WO-002622,CUST00500,1761364114000,"NGN292,988.11","21,974.11","314,962.22",NGN,paid
INV-002300,WO-002623,CUST01082,1764035481000,"865,337.90","64,900.34","NGN930,238.24",NGN,PAID
INV-002301,WO-002625,CUST02174,1755731419000,NGN 598547.82,NGN 44891.09,NGN 643438.91,NGN,unpaid
INV-002302,WO-002626,CUST00648,1760930976000,NGN 7925.00,594.38,8519.38,NGN,paid
INV-002303,WO-002627,CUST00558,2025-02-15 03:10:00,3575.00,NGN 268.12,"NGN3,843.12",NGN,PAID
INV-002304,WO-002628,CUST00722,2025-10-02 19:33:12,"719,041.08","NGN53,928.08",772969.16,NGN,unpaid
INV-002305,WO-002629,CUST00936,2026-08-20 04:03:28,"NGN579,090.18",NGN 43431.76,NGN 622521.94,NGN,paid
INV-002306,WO-002630,CUST00496,10/03/2026,NGN 665956.06,"NGN49,946.70",NGN 715902.76,NGN,UNPAID
INV-002307,WO-002631,CUST01079,2025-10-22 03:23:31,"1,545,845.53","115,938.41",NGN 1661783.94,NGN,paid
INV-002308,WO-002632,CUST01171,1744566655000,14840.00,NGN 1113.00,NGN 15953.00,NGN,partial
INV-002309,WO-002633,CUST01974,1730863325000,"242,591.22",NGN 18194.34,"260,785.56",NGN,paid
INV-002310,WO-002634,CUST00235,2025-01-21 15:39:23,NGN 2030.00,NGN152.25,2182.25,NGN,partial
INV-002311,WO-002635,CUST00656,1743869043000,NGN 1142233.83,"85,667.54","1,227,901.37",NGN,unpaid
INV-002312,WO-002636,CUST00426,25/07/2026,NGN 408190.79,"NGN30,614.31","438,805.10",NGN,PAID
INV-002313,WO-002637,CUST01154,23/09/2024,NGN 269825.34,NGN 20236.90,NGN 290062.24,NGN,PAID
INV-002314,WO-002639,CUST00381,16/03/2025,NGN 505085.74,NGN 37881.43,"542,967.17",NGN,PAID
INV-002315,WO-002640,CUST01135,2025-11-22 02:17:35,"NGN6,750.00",NGN 506.25,7256.25,NGN,PAID
INV-002316,WO-002641,CUST00873,16/03/2026,NGN 395604.83,NGN 29670.36,425275.19,NGN,paid
INV-002317,WO-002643,CUST00806,31/07/2026,NGN 18720.00,1404.00,20124.00,NGN,paid
INV-002318,WO-002644,CUST00115,1778436682000,"NGN258,674.18","19,400.56","278,074.74",NGN,UNPAID
INV-002319,WO-002645,CUST00737,2025-05-20 22:30:17,"61,110.87",4583.32,"65,694.19",NGN,paid
INV-002320,WO-002646,CUST00321,2024-11-02 07:22:46,321506.37,24112.98,"NGN345,619.35",NGN,paid
INV-002321,WO-002649,CUST01141,24/12/2024,186557.21,"13,991.79",200549.00,NGN,paid
INV-002322,WO-002650,CUST00098,04/01/2025,"NGN193,770.00",14532.75,208302.75,NGN,paid
INV-002323,WO-002651,CUST01894,1766415355000,"NGN368,427.90","27,632.09",396059.99,NGN,PAID
INV-002324,WO-002652,CUST01127,2024-11-25 02:20:20,"944,132.54",70809.94,"NGN1,014,942.48",NGN,paid
INV-002325,WO-002653,CUST00893,28/09/2025,"18,090.81",NGN 1356.81,19447.62,NGN,paid
INV-002326,WO-002656,CUST00404,2026-03-30 05:50:04,NGN 303721.12,"NGN22,779.08",326500.20,NGN,paid
INV-002327,WO-002657,CUST00074,2026-03-23 14:09:32,"NGN14,000.00",1050.00,"NGN15,050.00",NGN,partial
INV-002328,WO-002658,CUST00323,28/02/2025,"2,400.00",180.00,NGN 2580.00,NGN,paid
INV-002329,WO-002659,CUST00747,2025-01-22 18:58:51,493773.18,"NGN37,032.99",530806.17,NGN,PAID
INV-002330,WO-002660,CUST00847,03/06/2026,NGN 146037.31,"10,952.80","NGN156,990.11",NGN,partial
INV-002331,WO-002662,CUST00523,2025-04-14 01:29:21,"NGN8,700.00",NGN 652.50,NGN 9352.50,NGN,partial
INV-002332,WO-002663,CUST00654,2025-08-24 18:32:04,NGN 55200.00,NGN 4140.00,NGN 59340.00,NGN,UNPAID
INV-002333,WO-002664,CUST02324,1763600674000,NGN 171886.69,NGN 12891.50,"NGN184,778.19",NGN,UNPAID
INV-002334,WO-002665,CUST00752,29/01/2025,218319.44,"16,373.96","234,693.40",NGN,UNPAID
INV-002335,WO-002666,CUST00267,29/04/2025,609366.49,NGN 45702.49,"655,068.98",NGN,paid
INV-002336,WO-002667,CUST00896,1735298052000,"NGN217,266.60",16294.99,"233,561.59",NGN,PAID
INV-002337,WO-002668,CUST00867,1737675178000,463058.78,"34,729.41","497,788.19",NGN,paid
INV-002338,WO-002669,CUST00801,08/04/2026,801728.12,NGN 60129.61,861857.73,ngn,paid
INV-002339,WO-002670,CUST00521,26/01/2026,"1,242,607.96",93195.60,"NGN1,335,803.56",NGN,unpaid
INV-002340,WO-002671,CUST00680,1739459590000,NGN 917164.85,"68,787.36","NGN985,952.21",ngn,paid
INV-002341,WO-002672,CUST00073,1735373074000,NGN 1028330.05,NGN 77124.75,1105454.80,NGN,paid
INV-002342,WO-002673,CUST00961,2024-11-03 19:52:15,156675.00,11750.62,"168,425.62",NGN,PAID
INV-002343,WO-002674,CUST00116,1777700318000,"NGN1,567,244.61","117,543.35","NGN1,684,787.96",NGN,paid
INV-002344,WO-002675,CUST00787,1745567069000,"455,186.39","NGN34,138.98",489325.37,NGN,paid
INV-002345,WO-002676,CUST00342,2026-04-02 15:05:43,"83,060.86","NGN6,229.56","NGN89,290.42",NGN,paid
INV-002346,WO-002677,CUST00649,1750975335000,"889,919.10","NGN66,743.93","956,663.03",NGN,PAID
INV-002347,WO-002679,CUST01717,29/10/2024,"NGN3,815.00",286.12,"4,101.12",NGN,paid
INV-002348,WO-002681,CUST00443,2025-06-25 07:59:13,"98,071.97",NGN 7355.40,105427.37,NGN,PAID
INV-002349,WO-002682,CUST00608,2025-08-11 20:54:22,952966.71,71472.50,"1,024,439.21",NGN,PAID
INV-002350,WO-002683,CUST01193,15/09/2025,"117,904.33","8,842.82",NGN 126747.15,ngn,paid
INV-002351,WO-002684,CUST00448,1731346939000,"NGN464,722.73",34854.20,NGN 499576.93,NGN,PAID
INV-002352,WO-002685,CUST00858,1767377904000,NGN 267918.89,NGN 20093.92,"NGN288,012.81",NGN,PAID
INV-002353,WO-002686,CUST01082,1726751348000,151417.50,NGN 11356.31,NGN 162773.81,NGN,paid
INV-002354,WO-002687,CUST00145,2026-06-06 22:07:55,NGN 99700.00,NGN 7477.50,"107,177.50",NGN,PAID
INV-002355,WO-002688,CUST01974,2025-03-10 14:51:54,"NGN436,900.18","NGN32,767.51","NGN469,667.69",NGN,paid
INV-002356,WO-002689,CUST00921,2026-07-18 10:54:59,"NGN121,212.45","9,090.93","NGN130,303.38",NGN,partial
INV-002357,WO-002690,CUST00541,1779179457000,"NGN254,072.56","NGN19,055.44","273,128.00",NGN,paid
INV-002358,WO-002691,CUST00614,2024-10-16 06:17:08,1276382.86,"95,728.71","1,372,111.57",NGN,unpaid
INV-002359,WO-002692,CUST01060,17/11/2024,"585,569.81","NGN43,917.74",629487.55,NGN,PAID
INV-002360,WO-002694,CUST00196,1759063387000,NGN 124910.90,"9,368.32",NGN 134279.22,NGN,partial
INV-002361,WO-002697,CUST01055,30/06/2026,NGN 86709.97,"6,503.25","NGN93,213.22",NGN,unpaid
INV-002362,WO-002698,CUST00212,1782997409000,NGN 1207877.62,90590.82,"1,298,468.44",NGN,partial
INV-002363,WO-002700,CUST01098,2025-03-09 09:59:52,"9,000.00",NGN675.00,NGN 9675.00,NGN,UNPAID
INV-002364,WO-002701,CUST00005,22/01/2026,"171,955.52","12,896.66","NGN184,852.18",NGN,paid
INV-002365,WO-002702,CUST00759,1754079932000,134956.77,"10,121.76","NGN145,078.53",NGN,unpaid
INV-002366,WO-002703,CUST01027,21/02/2025,766129.88,"57,459.74","NGN823,589.62",NGN,partial
INV-002367,WO-002704,CUST00363,11/04/2026,NGN 683170.33,"51,237.78","734,408.11",ngn,paid
INV-002368,WO-002705,CUST00336,1742008126000,"384,283.94","NGN28,821.30","413,105.24",ngn,paid
INV-002369,WO-002706,CUST01110,23/11/2024,177126.28,13284.47,"NGN190,410.75",NGN,unpaid
INV-002370,WO-002707,CUST00387,1727482047000,"17,400.00","NGN1,305.00","18,705.00",NGN,paid
INV-002371,WO-002708,CUST01155,1733138361000,"NGN363,649.14","NGN27,273.69",390922.83,NGN,paid
INV-002372,WO-002709,CUST00317,09/12/2025,"86,389.15","6,479.19",NGN 92868.34,NGN,paid
INV-002373,WO-002710,CUST01152,22/05/2025,107103.67,"8,032.78",115136.45,NGN,UNPAID
INV-002374,WO-002711,CUST00939,2024-12-29 05:54:58,NGN 15525.00,"1,164.37",NGN 16689.37,NGN,paid
INV-002375,WO-002712,CUST00197,2026-07-09 04:33:17,NGN 1128396.00,"84,629.70","NGN1,213,025.70",ngn,paid
INV-002376,WO-002713,CUST01034,1743401980000,NGN 23175.00,NGN 1738.12,"NGN24,913.12",NGN,paid
INV-002377,WO-002714,CUST00347,2025-12-02 11:20:30,"600,221.17",45016.59,645237.76,NGN,unpaid
INV-002378,WO-002715,CUST00022,1786137448000,"144,832.35","10,862.43","155,694.78",NGN,paid
INV-002379,WO-002717,CUST00366,23/07/2026,NGN 33030.00,"2,477.25","35,507.25",NGN,paid
INV-002380,WO-002718,CUST01066,2025-11-16 05:05:18,20350.00,"NGN1,526.25","21,876.25",NGN,paid
INV-002381,WO-002719,CUST00034,2025-06-30 23:35:18,"NGN2,835.00",NGN212.62,3047.62,NGN,written_off
INV-002382,WO-002720,CUST01883,1775700879000,396487.96,NGN 29736.60,NGN 426224.56,NGN,paid
INV-002383,WO-002721,CUST00029,2025-12-02 09:44:55,"NGN293,880.20","22,041.02","315,921.22",NGN,PAID
INV-002384,WO-002722,CUST00088,2025-07-18 10:04:34,240129.34,"18,009.70","258,139.04",NGN,paid
INV-002385,WO-002723,CUST01283,2025-12-27 03:49:08,"146,378.80","10,978.41","157,357.21",NGN,PAID
INV-002386,WO-002724,CUST00950,2025-08-03 10:06:30,"540,057.13",NGN 40504.29,"NGN580,561.42",ngn,PAID
INV-002387,WO-002725,CUST00476,1753078833000,"NGN26,256.28","NGN1,969.22",28225.50,NGN,paid
INV-002388,WO-002726,CUST00064,29/10/2025,NGN 49987.01,"3,749.03",NGN 53736.04,NGN,paid
INV-002389,WO-002728,CUST01174,10/11/2024,NGN 190358.18,"NGN14,276.86",204635.04,NGN,partial
INV-002390,WO-002729,CUST00979,2025-05-15 02:29:26,"345,537.44","NGN25,915.31",NGN 371452.75,NGN,paid
INV-002391,WO-002730,CUST00265,2025-03-26 16:42:13,1825.00,136.88,1961.88,NGN,paid
INV-002392,WO-002731,CUST01176,05/12/2024,"3,200.00",NGN 240.00,NGN 3440.00,NGN,PAID
INV-002393,WO-002732,CUST00848,1771057796000,"NGN35,436.26","NGN2,657.72",38093.98,ngn,partial
INV-002394,WO-002733,CUST00106,1748366832000,"NGN6,480.00",486.00,6966.00,NGN,unpaid
INV-002395,WO-002734,CUST00536,2026-08-18 17:29:27,"NGN333,138.16",24985.36,NGN 358123.52,ngn,PAID
INV-002396,WO-002735,CUST00770,31/12/2025,NGN 51150.00,"NGN3,836.25",54986.25,NGN,paid
INV-002397,WO-002736,CUST00874,03/03/2026,5530.00,414.75,5944.75,NGN,UNPAID
INV-002398,WO-002737,CUST00709,1731854109000,NGN 23619.54,1771.47,"NGN25,391.01",NGN,UNPAID
INV-002399,WO-002738,CUST00584,2025-07-30 14:08:19,"NGN124,644.43",NGN 9348.33,NGN 133992.76,ngn,UNPAID
INV-002400,WO-002739,CUST01075,1734246578000,"NGN760,969.00",57072.67,"NGN818,041.67",NGN,paid
INV-002401,WO-002740,CUST00924,2024-09-17 00:17:55,844319.38,NGN 63323.95,907643.33,NGN,paid
INV-002402,WO-002741,CUST00908,1741087254000,NGN 130031.67,9752.37,"NGN139,784.04",NGN,UNPAID
INV-002403,WO-002742,CUST00567,1760148575000,"66,845.16","5,013.39",71858.55,NGN,unpaid
INV-002404,WO-002743,CUST00432,13/02/2025,"25,425.00",NGN 1906.88,"NGN27,331.88",NGN,paid
INV-002405,WO-002744,CUST00006,19/07/2026,"NGN830,027.62",62252.07,"892,279.69",ngn,paid
INV-002406,WO-002746,CUST00238,2025-03-17 18:01:53,"NGN544,711.17",NGN 40853.34,585564.51,NGN,paid
INV-002407,WO-002747,CUST00456,08/08/2025,NGN 5925.00,444.38,NGN 6369.38,NGN,written_off
INV-002408,WO-002748,CUST00350,1733562797000,858353.02,64376.48,"922,729.50",NGN,paid
INV-002409,WO-002749,CUST00643,1736787721000,"NGN279,870.18",NGN 20990.26,NGN 300860.44,NGN,PAID
INV-002410,WO-002750,CUST00959,28/06/2026,NGN 166729.30,12504.70,"179,234.00",NGN,paid
INV-002411,WO-002751,CUST00208,1772413660000,"NGN437,682.45",32826.18,NGN 470508.63,NGN,paid
INV-002412,WO-002752,CUST01119,08/02/2026,"1,464,057.63",109804.32,NGN 1573861.95,NGN,partial
INV-002413,WO-002753,CUST02386,31/01/2025,NGN 473373.78,35503.03,"NGN508,876.81",NGN,paid
INV-002414,WO-002755,CUST00595,14/03/2025,603384.64,"45,253.85",648638.49,NGN,unpaid
INV-002415,WO-002758,CUST01096,1740178525000,NGN 598132.43,"44,859.93","NGN642,992.36",NGN,partial
INV-002416,WO-002759,CUST01073,06/03/2025,"280,243.43",NGN 21018.26,"NGN301,261.69",NGN,unpaid
INV-002417,WO-002760,CUST00821,2026-04-06 12:47:29,NGN 293961.93,"NGN22,047.15","316,009.08",NGN,paid
INV-002418,WO-002762,CUST00035,2025-06-25 07:57:17,NGN 8400.00,NGN630.00,"9,030.00",NGN,partial
INV-002419,WO-002763,CUST00670,1774259018000,783244.68,NGN 58743.35,841988.03,NGN,paid
INV-002420,WO-002764,CUST00656,1739198201000,191289.61,NGN 14346.72,"205,636.33",NGN,partial
INV-002421,WO-002765,CUST00222,2026-01-01 07:34:20,"101,253.73","7,594.03",NGN 108847.76,NGN,paid
INV-002422,WO-002767,CUST00969,2025-10-10 23:03:02,166645.51,"12,498.41","179,143.92",NGN,paid
INV-002423,WO-002768,CUST00135,2026-05-08 14:57:07,283245.72,"NGN21,243.43",NGN 304489.15,NGN,unpaid
INV-002424,WO-002769,CUST00060,17/03/2025,NGN 16975.00,NGN 1273.12,"18,248.12",NGN,unpaid
INV-002425,WO-002770,CUST00339,1744332511000,"7,000.00",525.00,NGN 7525.00,NGN,paid
INV-002426,WO-002771,CUST00983,2025-04-05 17:48:11,60877.15,NGN 4565.79,NGN 65442.94,NGN,partial
INV-002427,WO-002772,CUST02400,04/12/2025,"NGN938,786.99","NGN70,409.02","NGN1,009,196.01",NGN,paid
INV-002428,WO-002773,CUST00704,17/12/2025,"143,403.89",NGN 10755.29,NGN 154159.18,ngn,PAID
INV-002429,WO-002774,CUST00110,2025-07-02 17:09:45,"NGN527,837.55","NGN39,587.82","NGN567,425.37",NGN,paid
INV-002430,WO-002775,CUST02032,06/05/2025,"474,400.78",NGN 35580.06,"NGN509,980.84",NGN,paid
INV-002431,WO-002776,CUST00787,1781480595000,NGN 4200.00,NGN315.00,"4,515.00",NGN,unpaid
INV-002432,WO-002777,CUST01157,1750478012000,"NGN57,853.40","4,339.00","62,192.40",ngn,partial
INV-002433,WO-002778,CUST00239,12/12/2024,"NGN47,550.00","3,566.25","51,116.25",NGN,written_off
INV-002434,WO-002779,CUST00871,2025-05-07 06:25:09,NGN 607209.63,NGN 45540.72,"NGN652,750.35",NGN,paid
INV-002435,WO-002781,CUST00696,1745543343000,"NGN6,250.00",468.75,"NGN6,718.75",NGN,PAID
INV-002436,WO-002782,CUST00905,14/09/2024,1213798.56,"NGN91,034.89","1,304,833.45",NGN,unpaid
INV-002437,WO-002783,CUST00050,2025-10-12 16:50:29,NGN 30311.27,"2,273.34","32,584.61",NGN,PAID
INV-002438,WO-002784,CUST00582,2026-03-07 07:25:58,"NGN3,000.00",NGN 225.00,"3,225.00",NGN,unpaid
INV-002439,WO-002785,CUST00012,2026-05-07 20:05:10,82025.12,"NGN6,151.88",NGN 88177.00,NGN,UNPAID
INV-002440,WO-002786,CUST00814,1757614367000,NGN 824140.24,"NGN61,810.52","885,950.76",NGN,paid
INV-002441,WO-002787,CUST00222,2024-10-31 13:19:47,"466,963.67","NGN35,022.28","501,985.95",NGN,paid
INV-002442,WO-002788,CUST01125,30/06/2026,"NGN19,571.62",NGN 1467.87,NGN 21039.49,NGN,unpaid
INV-002443,WO-002789,CUST00691,28/03/2026,769743.09,57730.73,"827,473.82",NGN,PAID
INV-002444,WO-002791,CUST00874,1748605028000,"NGN22,224.08",1666.81,"23,890.89",NGN,paid
INV-002445,WO-002792,CUST00580,2025-03-27 09:31:43,NGN 4830.00,362.25,"NGN5,192.25",NGN,paid
INV-002446,WO-002793,CUST00506,2024-12-24 22:18:55,NGN 526627.34,39497.05,"NGN566,124.39",NGN,paid
INV-002447,WO-002794,CUST00136,29/09/2024,"NGN35,228.42","2,642.13","NGN37,870.55",NGN,UNPAID
INV-002448,WO-002795,CUST00090,2025-03-04 02:06:18,3150.00,NGN 236.25,3386.25,NGN,paid
INV-002449,WO-002796,CUST00698,15/05/2025,"NGN11,700.00",NGN 877.50,"12,577.50",NGN,paid
INV-002450,WO-002797,CUST01092,1786768074000,"NGN95,130.00",7134.75,"NGN102,264.75",NGN,paid
INV-002451,WO-002798,CUST00633,1729446049000,"NGN26,100.00",1957.50,"28,057.50",NGN,PAID
INV-002452,WO-002799,CUST00730,2025-05-13 20:47:39,"NGN445,845.12",NGN 33438.38,"NGN479,283.50",NGN,written_off
INV-002453,WO-002801,CUST01125,08/05/2026,NGN 1356171.97,101712.90,"1,457,884.87",NGN,unpaid
INV-002454,WO-002802,CUST01190,1742668705000,304794.55,"22,859.59",327654.14,NGN,written_off
INV-002455,WO-002803,CUST00523,1783099678000,7750.00,NGN 581.25,NGN 8331.25,NGN,paid
INV-002456,WO-002804,CUST01086,31/10/2024,485956.70,NGN 36446.75,522403.45,NGN,PAID
INV-002457,WO-002805,CUST00382,09/04/2026,"28,593.71","NGN2,144.53",NGN 30738.24,NGN,unpaid
INV-002458,WO-002806,CUST00106,2026-04-09 03:39:59,"1,035,111.40","NGN77,633.35","1,112,744.75",NGN,paid
INV-002459,WO-002807,CUST00413,2024-11-12 13:17:56,9170.00,NGN 687.75,NGN 9857.75,NGN,paid
INV-002460,WO-002809,CUST00759,2026-08-21 23:19:45,"NGN56,183.23",NGN 4213.74,"NGN60,396.97",NGN,PAID
INV-002461,WO-002811,CUST00883,2025-06-25 09:55:22,NGN 285165.85,NGN 21387.44,"306,553.29",NGN,paid
INV-002462,WO-002812,CUST00417,1746647633000,"44,139.10","NGN3,310.43",47449.53,NGN,paid
INV-002463,WO-002813,CUST00215,2025-07-25 01:32:02,"NGN35,280.00",NGN 2646.00,37926.00,NGN,UNPAID
INV-002464,WO-002814,CUST00484,31/05/2026,NGN 546251.45,40968.86,"NGN587,220.31",NGN,unpaid
INV-002465,WO-002815,CUST00741,1782365418000,467054.40,35029.08,502083.48,NGN,PAID
INV-002466,WO-002817,CUST00698,12/01/2025,179234.75,13442.61,"192,677.36",NGN,paid
INV-002467,WO-002818,CUST01172,24/07/2025,"878,959.40","NGN65,921.96",NGN 944881.36,NGN,unpaid
INV-002468,WO-002819,CUST00342,2026-04-11 23:29:17,NGN 688570.35,NGN 51642.78,"NGN740,213.13",NGN,PAID
INV-002469,WO-002820,CUST00822,1733039295000,"28,052.55",NGN 2103.94,30156.49,NGN,partial
INV-002470,WO-002821,CUST00795,1766393259000,NGN 396361.26,"NGN29,727.09",426088.35,NGN,partial
INV-002471,WO-002822,CUST00748,1740043623000,NGN 55069.55,4130.22,59199.77,NGN,paid
INV-002472,WO-002823,CUST00055,1778352494000,"NGN75,143.82","NGN5,635.79",NGN 80779.61,NGN,paid
INV-002473,WO-002824,CUST01104,2024-10-24 00:16:04,"64,800.00",4860.00,69660.00,NGN,paid
INV-002474,WO-002825,CUST00914,1732935400000,NGN 1550165.80,"116,262.43","1,666,428.23",NGN,paid
INV-002475,WO-002826,CUST00360,2024-12-24 08:07:52,"NGN316,833.82","23,762.54","340,596.36",NGN,paid
INV-002476,WO-002827,CUST00474,2026-06-15 05:40:49,NGN 307797.31,23084.80,"NGN330,882.11",NGN,paid
INV-002477,WO-002828,CUST00459,17/01/2025,NGN 20625.00,"1,546.88",22171.88,NGN,partial
INV-002478,WO-002829,CUST01153,1729025495000,NGN 734514.67,NGN 55088.60,"NGN789,603.27",NGN,unpaid
INV-002479,WO-002830,CUST00890,1765227253000,NGN 411822.20,30886.66,"NGN442,708.86",NGN,PAID
INV-002480,WO-002831,CUST00548,21/01/2025,NGN 634981.74,"NGN47,623.63","682,605.37",NGN,written_off
INV-002481,WO-002832,CUST01112,08/10/2024,"NGN41,232.33","NGN3,092.43",44324.76,NGN,paid
INV-002482,WO-002833,CUST01622,1781722087000,NGN 684490.55,51336.79,735827.34,ngn,paid
INV-002483,WO-002834,CUST00676,28/01/2025,1139503.88,"85,462.79","1,224,966.67",NGN,partial
INV-002484,WO-002835,CUST00287,1756648050000,"6,100.00",457.50,"6,557.50",NGN,paid
INV-002485,WO-002836,CUST00386,1762570894000,"637,182.99",47788.72,"NGN684,971.71",NGN,unpaid
INV-002486,WO-002837,CUST00147,1786718864000,"139,479.82",NGN 10460.99,"149,940.81",NGN,PAID
INV-002487,WO-002838,CUST01549,19/01/2025,"5,475.00",NGN410.62,"5,885.62",NGN,UNPAID
INV-002488,WO-002839,CUST00583,1743700569000,NGN 14475.00,NGN 1085.62,"NGN15,560.62",NGN,PAID
INV-002489,WO-002840,CUST00826,06/12/2024,"784,913.33","58,868.50",843781.83,NGN,UNPAID
INV-002490,WO-002841,CUST00398,30/07/2026,34180.75,"2,563.56",36744.31,NGN,paid
INV-002491,WO-002842,CUST00621,1777097428000,544669.52,"40,850.21",585519.73,NGN,paid
INV-002492,WO-002843,CUST01954,1737130535000,"NGN432,264.06","NGN32,419.80",464683.86,ngn,PAID
INV-002493,WO-002845,CUST01314,1780345395000,NGN 466971.75,35022.88,501994.63,NGN,PAID
INV-002494,WO-002847,CUST00610,09/12/2025,"215,576.32",NGN 16168.22,"231,744.54",NGN,PAID
INV-002495,WO-002848,CUST00686,25/12/2025,"304,919.66","22,868.97","327,788.63",NGN,paid
INV-002496,WO-002850,CUST00485,2026-06-11 19:23:12,235673.65,"17,675.52",NGN 253349.17,NGN,paid
INV-002497,WO-002851,CUST00687,20/06/2026,"670,220.71",NGN 50266.55,"720,487.26",NGN,paid
INV-002498,WO-002853,CUST00495,21/07/2026,NGN 1732352.03,"129,926.40","NGN1,862,278.43",NGN,unpaid
INV-002499,WO-002854,CUST00399,2026-05-25 20:09:52,"451,814.10","33,886.06",485700.16,NGN,unpaid
INV-002500,WO-002855,CUST00357,2025-08-24 15:37:54,"139,554.08",10466.56,"150,020.64",NGN,PAID
INV-002501,WO-002856,CUST01111,1767681974000,"10,000.00",NGN 750.00,10750.00,NGN,PAID
INV-002502,WO-002857,CUST00079,2025-03-21 06:56:08,"59,586.37",NGN 4468.98,"NGN64,055.35",NGN,unpaid
INV-002503,WO-002858,CUST01058,07/11/2024,NGN 8890.00,666.75,"NGN9,556.75",NGN,PAID
INV-002504,WO-002859,CUST00244,08/03/2025,"NGN40,320.00","NGN3,024.00","43,344.00",NGN,PAID
INV-002505,WO-002860,CUST01173,2026-02-27 15:15:28,"41,522.55","3,114.19","44,636.74",NGN,PAID
INV-002506,WO-002861,CUST01019,1732679146000,NGN 1178316.51,NGN 88373.74,"1,266,690.25",NGN,PAID
INV-002507,WO-002862,CUST00797,11/02/2026,"1,800.00",135.00,"1,935.00",NGN,partial
INV-002508,WO-002863,CUST00807,18/07/2025,NGN 9810.00,735.75,10545.75,NGN,PAID
INV-002509,WO-002864,CUST00926,2024-12-05 18:24:33,"244,078.20","NGN18,305.87","NGN262,384.07",NGN,paid
INV-002510,WO-002865,CUST00851,2025-07-26 15:17:16,"NGN8,400.00",630.00,9030.00,NGN,partial
INV-002511,WO-002866,CUST01275,1731624616000,"NGN740,075.06","55,505.63",795580.69,NGN,unpaid
INV-002512,WO-002867,CUST01125,25/10/2024,NGN 86808.76,6510.66,"93,319.42",NGN,paid
INV-002513,WO-002868,CUST00974,29/01/2026,NGN 21225.00,"NGN1,591.88","NGN22,816.88",NGN,partial
INV-002514,WO-002869,CUST02324,12/04/2026,452655.69,"33,949.18",486604.87,NGN,paid
INV-002515,WO-002871,CUST00829,1734297204000,244588.28,NGN 18344.12,"NGN262,932.40",NGN,partial
INV-002516,WO-002872,CUST00367,05/12/2024,"NGN43,110.00",NGN 3233.25,"46,343.25",NGN,PAID
INV-002517,WO-002873,CUST01798,2025-11-07 08:39:25,"NGN850,211.95",63765.90,913977.85,NGN,paid
INV-002518,WO-002874,CUST00458,2024-12-01 08:59:52,NGN 77571.94,"NGN5,817.90","NGN83,389.84",NGN,paid
INV-002519,WO-002875,CUST01314,01/04/2026,268204.07,20115.31,"NGN288,319.38",ngn,PAID
INV-002520,WO-002877,CUST02324,1746257653000,168225.00,"12,616.88","180,841.88",NGN,partial
INV-002521,WO-002879,CUST01156,1749346271000,"512,967.36","38,472.55",551439.91,ngn,UNPAID
INV-002522,WO-002880,CUST00839,2025-08-10 20:55:02,NGN 419823.79,NGN 31486.78,451310.57,NGN,unpaid
INV-002523,WO-002881,CUST00238,18/10/2025,"NGN264,788.19","19,859.11","NGN284,647.30",NGN,unpaid
INV-002524,WO-002882,CUST00681,1734686669000,"NGN383,128.32",28734.62,NGN 411862.94,NGN,PAID
INV-002525,WO-002883,CUST00622,31/08/2025,"250,340.58","NGN18,775.54",269116.12,NGN,paid
INV-002526,WO-002884,CUST02115,02/01/2026,"818,086.46",NGN 61356.48,879442.94,NGN,paid
INV-002527,WO-002885,CUST01051,18/01/2026,NGN 384091.93,NGN 28806.89,NGN 412898.82,ngn,UNPAID
INV-002528,WO-002887,CUST01188,18/08/2025,NGN 11520.00,NGN 864.00,"NGN12,384.00",NGN,PAID
INV-002529,WO-002889,CUST00756,1740102989000,"324,369.17","24,327.69","348,696.86",NGN,paid
INV-002530,WO-002890,CUST00984,2026-06-13 19:17:42,566097.17,42457.29,608554.46,NGN,paid
INV-002531,WO-002891,CUST01151,2026-07-29 22:24:33,"NGN577,246.30",43293.47,"620,539.77",NGN,paid
INV-002532,WO-002892,CUST00009,1772852456000,373318.33,NGN 27998.88,401317.21,ngn,unpaid
INV-002533,WO-002893,CUST00911,1732414678000,NGN 6375.00,478.12,NGN 6853.12,NGN,paid
INV-002534,WO-002894,CUST00276,1766186142000,NGN 1133180.53,84988.54,1218169.07,NGN,PAID
INV-002535,WO-002895,CUST01591,2026-05-07 14:08:08,"NGN38,850.00","NGN2,913.75","41,763.75",NGN,UNPAID
INV-002536,WO-002896,CUST00236,26/12/2025,839181.13,"62,938.59",NGN 902119.72,ngn,paid
INV-002537,WO-002897,CUST00877,06/12/2025,"NGN3,870.00",290.25,"4,160.25",NGN,paid
INV-002538,WO-002898,CUST00693,23/11/2025,895224.50,67141.84,"NGN962,366.34",NGN,paid
INV-002539,WO-002899,CUST01036,2025-09-08 01:39:49,"NGN941,439.75",70607.98,1012047.73,NGN,PAID
INV-002540,WO-002900,CUST00864,1736592387000,"NGN297,484.81",NGN 22311.36,"319,796.17",NGN,UNPAID
INV-002541,WO-002902,CUST00191,2026-02-11 03:37:46,"NGN418,927.27",31419.54,"450,346.81",NGN,PAID
INV-002542,WO-002903,CUST00431,18/08/2026,"NGN1,215,591.17",NGN 91169.34,"NGN1,306,760.51",NGN,paid
INV-002543,WO-002904,CUST00589,1741272642000,"NGN540,527.86","40,539.59",NGN 581067.45,NGN,paid
INV-002544,WO-002905,CUST00618,2025-10-04 04:26:53,NGN 1721696.15,"129,127.21","NGN1,850,823.36",NGN,PAID
INV-002545,WO-002906,CUST00522,1767761102000,"130,350.00","NGN9,776.25","NGN140,126.25",ngn,PAID
INV-002546,WO-002907,CUST00458,1730528890000,212255.57,"15,919.17",228174.74,NGN,unpaid
INV-002547,WO-002908,CUST01577,2025-01-25 17:52:02,"672,960.53",50472.04,NGN 723432.57,NGN,partial
INV-002548,WO-002909,CUST00607,05/03/2026,"NGN1,210,631.40","NGN90,797.35",1301428.75,NGN,PAID
INV-002549,WO-002910,CUST02225,1745207161000,"34,192.30",2564.42,"36,756.72",NGN,paid
INV-002550,WO-002911,CUST00459,1783096032000,"609,678.25","45,725.87","655,404.12",NGN,PAID
INV-002551,WO-002912,CUST00633,2024-12-30 07:10:51,534538.72,40090.40,NGN 574629.12,NGN,paid
INV-002552,WO-002914,CUST01046,14/12/2024,"NGN652,965.20",NGN 48972.39,"701,937.59",NGN,paid
INV-002553,WO-002915,CUST00290,31/08/2025,"NGN239,079.98","17,931.00",NGN 257010.98,NGN,PAID
INV-002554,WO-002916,CUST00967,30/07/2026,NGN 517329.79,NGN 38799.73,"556,129.52",NGN,UNPAID
INV-002555,WO-002917,CUST00648,31/08/2026,805048.45,"60,378.63","865,427.08",NGN,paid
INV-002556,WO-002918,CUST02212,1777865085000,"315,042.32",23628.17,NGN 338670.49,NGN,paid
INV-002557,WO-002919,CUST01053,1744211416000,"14,525.00","1,089.38",15614.38,NGN,PAID
INV-002558,WO-002920,CUST00948,2025-12-14 21:31:52,738153.73,55361.53,793515.26,NGN,paid
INV-002559,WO-002921,CUST00850,06/01/2026,NGN 923638.66,NGN 69272.90,"992,911.56",NGN,PAID
INV-002560,WO-002922,CUST00599,18/10/2024,NGN 781137.57,"NGN58,585.32",NGN 839722.89,NGN,partial
INV-002561,WO-002923,CUST00872,2024-10-02 19:45:39,550328.27,NGN 41274.62,"591,602.89",NGN,partial
INV-002562,WO-002924,CUST00707,05/01/2026,NGN 554606.09,NGN 41595.46,"NGN596,201.55",NGN,paid
INV-002563,WO-002925,CUST00361,2026-02-22 15:06:13,NGN 6720.00,504.00,"7,224.00",ngn,PAID
INV-002564,WO-002926,CUST00981,2026-07-05 22:15:02,41092.30,"NGN3,081.92","NGN44,174.22",NGN,paid
INV-002565,WO-002927,CUST01576,07/11/2024,NGN 164590.32,12344.27,"NGN176,934.59",ngn,partial
INV-002566,WO-002928,CUST00101,03/11/2024,632521.71,47439.13,679960.84,NGN,paid
INV-002567,WO-002929,CUST00714,1756264385000,"7,575.00",NGN568.12,NGN 8143.12,NGN,paid
INV-002568,WO-002930,CUST00280,1738019262000,NGN 135466.72,"10,160.00",NGN 145626.72,NGN,UNPAID
INV-002569,WO-002931,CUST01862,26/01/2025,NGN 1403605.95,"NGN105,270.45","NGN1,508,876.40",NGN,paid
INV-002570,WO-002932,CUST01059,22/03/2026,"4,375.00",NGN328.12,4703.12,NGN,unpaid
INV-002571,WO-002933,CUST00811,20/12/2025,"NGN725,658.37","NGN54,424.38",780082.75,NGN,partial
INV-002572,WO-002934,CUST00669,2026-04-23 14:06:36,"NGN1,092,900.57",81967.54,"1,174,868.11",NGN,paid
INV-002573,WO-002935,CUST00204,2025-10-03 04:56:30,"684,539.42","51,340.46",735879.88,ngn,unpaid
INV-002574,WO-002936,CUST00347,10/12/2024,"NGN17,430.00","1,307.25","NGN18,737.25",NGN,paid
INV-002575,WO-002937,CUST00169,2026-07-22 18:17:09,"NGN322,267.32","NGN24,170.05",346437.37,NGN,paid
INV-002576,WO-002938,CUST00808,1767034124000,NGN 410487.30,NGN 30786.55,NGN 441273.85,NGN,paid
INV-002577,WO-002939,CUST01091,2024-10-07 01:11:24,"38,437.67",2882.83,"NGN41,320.50",NGN,PAID
INV-002578,WO-002940,CUST00642,1727771433000,NGN 381111.73,"28,583.38",NGN 409695.11,NGN,unpaid
INV-002579,WO-002942,CUST00898,10/11/2025,"216,660.78",16249.56,232910.34,NGN,paid
INV-002580,WO-002943,CUST00873,2025-06-09 13:27:22,"NGN633,206.42",NGN 47490.48,NGN 680696.90,NGN,paid
INV-002581,WO-002944,CUST00762,2025-12-04 11:49:12,"NGN86,548.25","6,491.12",93039.37,NGN,partial
INV-002582,WO-002945,CUST00447,24/12/2025,NGN 542673.85,40700.54,NGN 583374.39,NGN,unpaid
INV-002583,WO-002946,CUST00580,1730398294000,NGN 505799.55,NGN 37934.97,"NGN543,734.52",ngn,paid
INV-002584,WO-002948,CUST00694,1760407181000,"3,360.00",NGN252.00,NGN 3612.00,NGN,unpaid
INV-002585,WO-002949,CUST00800,2025-05-27 19:14:59,NGN 21455.00,NGN 1609.12,"23,064.12",NGN,paid
INV-002586,WO-002950,CUST00998,03/12/2025,NGN 346550.59,"25,991.29","372,541.88",NGN,paid
INV-002587,WO-002951,CUST00072,2025-06-23 11:59:12,610758.30,"45,806.87","NGN656,565.17",NGN,paid
INV-002588,WO-002952,CUST01641,20/12/2025,NGN 1217094.04,"NGN91,282.05",NGN 1308376.09,NGN,paid
INV-002589,WO-002953,CUST00603,1754150785000,734235.51,55067.66,NGN 789303.17,NGN,PAID
INV-002590,WO-002954,CUST00969,1783066529000,NGN 498710.59,NGN 37403.29,536113.88,NGN,paid
INV-002591,WO-002955,CUST01022,2026-03-11 20:36:59,"NGN26,496.72",NGN 1987.25,"NGN28,483.97",NGN,unpaid
INV-002592,WO-002956,CUST01050,19/11/2024,NGN 64311.50,NGN 4823.36,"NGN69,134.86",NGN,paid
INV-002593,WO-002957,CUST00146,1733837019000,3950.00,296.25,"4,246.25",NGN,PAID
INV-002594,WO-002958,CUST00347,2025-03-14 17:04:14,"NGN153,180.00","11,488.50",164668.50,NGN,paid
INV-002595,WO-002959,CUST00998,2026-07-25 01:31:59,"NGN1,522,133.70",114160.03,1636293.73,NGN,UNPAID
INV-002596,WO-002960,CUST00805,2025-10-11 11:00:15,NGN 209896.74,NGN 15742.26,225639.00,NGN,partial
INV-002597,WO-002961,CUST00056,2025-04-26 19:40:16,282485.99,NGN 21186.45,"NGN303,672.44",NGN,paid
INV-002598,WO-002962,CUST01126,2026-05-27 05:16:08,"491,944.93",NGN 36895.87,"NGN528,840.80",NGN,PAID
INV-002599,WO-002963,CUST00350,01/06/2025,NGN 445555.20,"33,416.64",478971.84,ngn,paid
INV-002600,WO-002964,CUST01000,2025-09-29 23:41:35,592947.11,"NGN44,471.03",637418.14,ngn,paid
INV-002601,WO-002966,CUST00632,1768434859000,"16,050.00",1203.75,17253.75,NGN,paid
INV-002602,WO-002967,CUST00712,1732448408000,"NGN750,988.94",56324.17,"807,313.11",NGN,partial
INV-002603,WO-002968,CUST01327,1752087905000,"30,450.00","2,283.75",32733.75,NGN,partial
INV-002604,WO-002970,CUST00074,1764103909000,123285.64,"NGN9,246.42","NGN132,532.06",NGN,PAID
INV-002605,WO-002971,CUST00841,19/12/2025,715816.02,NGN 53686.20,NGN 769502.22,NGN,paid
INV-002606,WO-002972,CUST00812,2025-04-22 23:24:23,159652.68,"11,973.95",171626.63,NGN,paid
INV-002607,WO-002973,CUST00957,2025-03-10 16:51:01,NGN 740168.45,55512.63,"NGN795,681.08",NGN,written_off
INV-002608,WO-002974,CUST00727,31/03/2025,1174254.97,NGN 88069.12,"1,262,324.09",NGN,partial
INV-002609,WO-002975,CUST00133,2025-10-29 20:04:30,"NGN33,683.23",2526.24,"NGN36,209.47",NGN,paid
INV-002610,WO-002976,CUST00363,2025-04-26 18:46:38,"6,895.00",NGN517.12,7412.12,NGN,PAID
INV-002611,WO-002977,CUST01035,1759793933000,"NGN323,167.57","24,237.57","NGN347,405.14",NGN,PAID
INV-002612,WO-002980,CUST00819,2024-11-25 15:42:42,"2,275.00",NGN170.62,"NGN2,445.62",NGN,paid
INV-002613,WO-002981,CUST01765,02/09/2025,"NGN61,042.01",4578.15,65620.16,NGN,paid
INV-002614,WO-002982,CUST00131,1758277215000,"3,100.00",232.50,"NGN3,332.50",NGN,paid
INV-002615,WO-002983,CUST00918,2026-08-16 02:46:45,"431,192.70","NGN32,339.45","NGN463,532.15",NGN,paid
INV-002616,WO-002984,CUST00752,2026-02-22 12:33:03,144670.73,"NGN10,850.31","155,521.04",NGN,partial
INV-002617,WO-002985,CUST00129,1761391174000,"NGN11,095.00",NGN832.12,"NGN11,927.12",NGN,paid
INV-002618,WO-002986,CUST00604,2025-01-30 15:27:10,NGN 168096.85,NGN 12607.26,180704.11,NGN,paid
INV-002619,WO-002987,CUST00053,1773878209000,"415,692.37","31,176.93","NGN446,869.30",NGN,paid
INV-002620,WO-002988,CUST01065,2025-02-26 10:05:09,1129025.99,NGN 84676.95,"NGN1,213,702.94",NGN,unpaid
INV-002621,WO-002990,CUST01289,1733422232000,"NGN284,585.44","21,343.91","305,929.35",NGN,PAID
INV-002622,WO-002991,CUST00197,1742023512000,"9,850.00",NGN 738.75,NGN 10588.75,NGN,UNPAID
INV-002623,WO-002992,CUST00787,2026-07-05 10:32:24,NGN 131685.57,9876.42,"NGN141,561.99",NGN,PAID
INV-002624,WO-002993,CUST00889,29/04/2026,"NGN698,099.78",52357.48,NGN 750457.26,NGN,paid
INV-002625,WO-002994,CUST00429,04/11/2025,566011.17,42450.84,608462.01,NGN,paid
INV-002626,WO-002995,CUST01177,26/10/2024,"NGN1,010,488.53","75,786.64",NGN 1086275.17,NGN,PAID
INV-002627,WO-002998,CUST01060,11/05/2025,NGN 22948.98,NGN 1721.17,"NGN24,670.15",NGN,paid
INV-002628,WO-002999,CUST00285,11/07/2026,370729.05,"NGN27,804.68",NGN 398533.73,NGN,written_off
INV-002629,WO-003000,CUST00334,2026-07-09 02:07:37,719683.93,"53,976.30","773,660.23",NGN,paid
INV-002630,WO-003001,CUST00136,19/02/2025,722177.25,"54,163.29",776340.54,ngn,paid
INV-002631,WO-003002,CUST00492,1763557460000,"1,075.00",NGN80.62,"1,155.62",NGN,unpaid
INV-002632,WO-003003,CUST00212,09/06/2026,"NGN13,262.19",994.66,"NGN14,256.85",NGN,unpaid
INV-002633,WO-003004,CUST00618,1783166674000,NGN 91947.15,"NGN6,896.04",98843.19,NGN,partial
INV-002634,WO-003005,CUST00667,2026-01-25 11:17:10,"NGN24,750.00","1,856.25","NGN26,606.25",NGN,paid
INV-002635,WO-003006,CUST01148,2025-06-18 23:14:46,NGN 186371.65,13977.87,200349.52,NGN,partial
INV-002636,WO-003007,CUST00958,2024-10-11 14:38:26,487713.26,"36,578.49",524291.75,NGN,paid
INV-002637,WO-003008,CUST01134,12/08/2025,"11,880.00",NGN 891.00,"12,771.00",NGN,paid
INV-002638,WO-003009,CUST00634,26/11/2025,481505.96,"NGN36,112.95","517,618.91",NGN,partial
INV-002639,WO-003010,CUST00181,2025-06-08 20:56:15,"NGN5,310.00",NGN 398.25,5708.25,NGN,paid
INV-002640,WO-003011,CUST00618,2025-09-06 17:58:29,1225841.55,"NGN91,938.12","NGN1,317,779.67",NGN,paid
INV-002641,WO-003012,CUST00289,1777469157000,"26,100.00",NGN 1957.50,28057.50,NGN,paid
INV-002642,WO-003013,CUST00583,05/05/2025,NGN 709305.38,"NGN53,197.90","NGN762,503.28",NGN,partial
INV-002643,WO-003014,CUST00014,30/09/2025,"9,075.00",NGN680.62,"9,755.62",NGN,paid
INV-002644,WO-003016,CUST00735,2026-07-22 17:33:34,NGN 1111492.47,83361.94,1194854.41,ngn,PAID
INV-002645,WO-003017,CUST01166,16/07/2026,NGN 942757.91,"70,706.84","NGN1,013,464.75",NGN,paid
INV-002646,WO-003019,CUST00515,31/03/2026,"760,903.62","NGN57,067.77",NGN 817971.39,NGN,partial
INV-002647,WO-003020,CUST00343,2026-03-16 15:34:32,NGN 313824.76,"23,536.86",NGN 337361.62,NGN,paid
INV-002648,WO-003021,CUST00627,2025-08-25 15:40:48,"347,890.33",NGN 26091.78,"373,982.11",ngn,PAID
INV-002649,WO-003022,CUST00492,22/10/2024,1450.00,108.75,"1,558.75",NGN,PAID
INV-002650,WO-003023,CUST00185,12/05/2026,NGN 912920.11,NGN 68469.01,981389.12,NGN,partial
INV-002651,WO-003024,CUST00437,1780653081000,187257.85,14044.34,201302.19,NGN,paid
INV-002652,WO-003025,CUST02274,09/10/2024,866858.30,65014.37,"NGN931,872.67",NGN,unpaid
INV-002653,WO-003026,CUST00295,1733777845000,124586.20,"NGN9,343.97","NGN133,930.17",NGN,paid
INV-002654,WO-003027,CUST00754,02/11/2024,"477,611.99",35820.90,"NGN513,432.89",NGN,unpaid
INV-002655,WO-003028,CUST01088,08/05/2026,"27,792.30","2,084.42",NGN 29876.72,NGN,written_off
INV-002656,WO-003029,CUST00782,21/07/2026,"NGN3,900.00",292.50,4192.50,NGN,paid
INV-002657,WO-003030,CUST01008,2026-06-28 06:21:49,740579.28,"NGN55,543.45","796,122.73",NGN,UNPAID
INV-002658,WO-003031,CUST00175,1777731884000,8820.00,NGN 661.50,"NGN9,481.50",NGN,paid
INV-002659,WO-003032,CUST01013,09/02/2025,"234,481.83","17,586.14","NGN252,067.97",NGN,unpaid
INV-002660,WO-003033,CUST00689,1778434806000,"1,520,016.96",NGN 114001.27,1634018.23,NGN,UNPAID
INV-002661,WO-003034,CUST00821,1782231180000,"296,370.06",NGN 22227.75,NGN 318597.81,NGN,paid
INV-002662,WO-003035,CUST00097,1763967167000,NGN 823619.40,"61,771.45",NGN 885390.85,NGN,paid
INV-002663,WO-003036,CUST01077,1766128204000,696809.44,NGN 52260.71,"NGN749,070.15",ngn,paid
INV-002664,WO-003037,CUST00154,11/02/2025,"NGN10,350.00",NGN 776.25,NGN 11126.25,NGN,paid
INV-002665,WO-003038,CUST00852,1778587011000,"NGN547,194.51","41,039.59","588,234.10",NGN,paid
INV-002666,WO-003039,CUST00653,2025-08-12 10:53:48,"56,936.12",4270.21,"NGN61,206.33",ngn,paid
INV-002667,WO-003040,CUST00020,1776898231000,"12,349.66",NGN926.22,"13,275.88",NGN,paid
INV-002668,WO-003041,CUST01100,27/12/2024,NGN 28440.00,"2,133.00",NGN 30573.00,NGN,paid
INV-002669,WO-003042,CUST01113,23/12/2024,445979.47,"NGN33,448.46",NGN 479427.93,NGN,paid
INV-002670,WO-003044,CUST00289,21/08/2026,"NGN1,187,349.44",NGN 89051.21,NGN 1276400.65,NGN,PAID
INV-002671,WO-003045,CUST01164,1766854326000,"893,479.32","NGN67,010.95",960490.27,NGN,paid
INV-002672,WO-003046,CUST00446,1786279018000,142096.43,"NGN10,657.23","152,753.66",ngn,UNPAID
INV-002673,WO-003047,CUST00998,19/07/2026,"NGN1,031,796.63",NGN 77384.75,1109181.38,NGN,UNPAID
INV-002674,WO-003048,CUST00699,2025-07-18 14:11:50,NGN 5400.00,NGN 405.00,NGN 5805.00,NGN,PAID
INV-002675,WO-003049,CUST02301,1741406100000,"NGN6,800.00",NGN510.00,"7,310.00",NGN,partial
INV-002676,WO-003050,CUST00497,08/12/2024,"125,499.16",9412.44,"134,911.60",NGN,UNPAID
INV-002677,WO-003051,CUST00535,27/03/2026,"NGN557,866.65","NGN41,840.00","599,706.65",NGN,paid
INV-002678,WO-003053,CUST00784,1757031578000,"NGN1,855.00",139.12,"NGN1,994.12",NGN,UNPAID
INV-002679,WO-003054,CUST00226,21/05/2025,NGN 965970.63,"72,447.80","NGN1,038,418.43",ngn,unpaid
INV-002680,WO-003055,CUST00908,10/03/2026,"NGN118,105.40",NGN 8857.91,NGN 126963.31,NGN,PAID
INV-002681,WO-003056,CUST00102,2026-05-25 08:30:55,"655,004.84","NGN49,125.36","704,130.20",NGN,paid
INV-002682,WO-003057,CUST00551,1734761754000,9695.00,NGN727.12,"10,422.12",NGN,unpaid
INV-002683,WO-003058,CUST01050,27/09/2025,"NGN305,023.30","22,876.75","NGN327,900.05",NGN,unpaid
INV-002684,WO-003059,CUST00152,1728361934000,NGN 1071678.47,NGN 80375.89,"1,152,054.36",NGN,paid
INV-002685,WO-003060,CUST00468,21/06/2025,NGN 17010.00,"1,275.75","NGN18,285.75",ngn,partial
INV-002686,WO-003061,CUST01012,1764953886000,"2,850.00",213.75,NGN 3063.75,NGN,PAID
INV-002687,WO-003063,CUST00848,1737894611000,"NGN168,504.65","12,637.85","181,142.50",NGN,written_off
INV-002688,WO-003064,CUST00273,1762932055000,NGN 222756.19,16706.71,239462.90,NGN,PAID
INV-002689,WO-003066,CUST00794,2025-10-17 11:56:13,469499.74,"NGN35,212.48","NGN504,712.22",NGN,paid
INV-002690,WO-003067,CUST00395,22/04/2026,494152.95,37061.47,531214.42,NGN,paid
INV-002691,WO-003069,CUST00058,1765799500000,62925.00,4719.38,"67,644.38",NGN,PAID
INV-002692,WO-003070,CUST00857,2026-05-26 03:48:13,135937.09,10195.28,"NGN146,132.37",NGN,paid
INV-002693,WO-003071,CUST01115,11/09/2025,"NGN608,418.56","NGN45,631.39",654049.95,NGN,partial
INV-002694,WO-003072,CUST00482,1741037673000,254197.82,"19,064.84",273262.66,NGN,paid
INV-002695,WO-003073,CUST00384,29/08/2025,9150.00,NGN 686.25,NGN 9836.25,ngn,partial
INV-002696,WO-003074,CUST01124,16/10/2024,"371,911.57",27893.37,399804.94,NGN,PAID
INV-002697,WO-003075,CUST00957,2025-04-09 02:25:54,99309.03,NGN 7448.18,NGN 106757.21,NGN,PAID
INV-002698,WO-003076,CUST00897,2025-04-21 05:24:16,1221861.93,NGN 91639.64,"1,313,501.57",NGN,PAID
INV-002699,WO-003077,CUST00634,17/03/2026,61453.44,4609.01,"66,062.45",NGN,unpaid
INV-002700,WO-003078,CUST01894,01/08/2025,767409.84,"NGN57,555.74",824965.58,NGN,paid
INV-002701,WO-003079,CUST01148,2025-10-15 06:26:53,NGN 28984.33,NGN 2173.82,31158.15,NGN,PAID
INV-002702,WO-003080,CUST00317,24/12/2024,"NGN111,701.34",NGN 8377.60,"NGN120,078.94",NGN,paid
INV-002703,WO-003081,CUST00967,1731492666000,"NGN691,850.46","NGN51,888.78",743739.24,NGN,unpaid
INV-002704,WO-003082,CUST01057,1735327581000,"NGN192,385.61",14428.92,"206,814.53",ngn,partial
INV-002705,WO-003083,CUST01058,06/12/2024,"NGN64,384.63",4828.85,NGN 69213.48,NGN,PAID
INV-002706,WO-003085,CUST00785,05/05/2025,NGN 616717.09,"46,253.78","662,970.87",NGN,written_off
INV-002707,WO-003086,CUST00123,1783531913000,"NGN2,730.00",204.75,2934.75,NGN,paid
INV-002708,WO-003087,CUST00162,1781334821000,NGN 789169.27,NGN 59187.69,"NGN848,356.96",NGN,PAID
INV-002709,WO-003088,CUST00485,2025-11-11 09:06:00,151936.63,"NGN11,395.25",NGN 163331.88,ngn,paid
INV-002710,WO-003089,CUST00580,2025-01-20 01:08:09,"NGN1,011,125.63","75,834.42",NGN 1086960.05,NGN,paid
INV-002711,WO-003090,CUST00670,1767213111000,NGN 68220.00,"5,116.50",73336.50,NGN,unpaid
INV-002712,WO-003091,CUST00282,2024-10-09 11:54:41,"NGN108,945.06","NGN8,170.88",NGN 117115.94,NGN,paid
INV-002713,WO-003092,CUST00032,01/06/2025,1154255.05,NGN 86569.13,1240824.18,NGN,written_off
INV-002714,WO-003093,CUST00539,26/06/2026,"567,119.82",NGN 42533.99,"NGN609,653.81",ngn,paid
INV-002715,WO-003094,CUST00460,1783498815000,376578.69,"NGN28,243.40",NGN 404822.09,NGN,paid
INV-002716,WO-003095,CUST01200,16/08/2026,"NGN285,650.58","NGN21,423.79","NGN307,074.37",NGN,PAID
INV-002717,WO-003096,CUST00155,1759155766000,458721.01,34404.08,"493,125.09",NGN,PAID
INV-002718,WO-003098,CUST01074,23/11/2024,394082.33,"29,556.18",NGN 423638.51,NGN,PAID
INV-002719,WO-003099,CUST00181,2025-06-27 23:18:14,"180,577.81",13543.34,NGN 194121.15,NGN,paid
INV-002720,WO-003100,CUST00485,2025-06-29 08:39:51,"NGN71,250.00","5,343.75",NGN 76593.75,NGN,PAID
INV-002721,WO-003101,CUST01152,2026-03-23 08:45:41,NGN 281199.20,"NGN21,089.94","NGN302,289.14",NGN,paid
INV-002722,WO-003102,CUST00698,27/11/2025,"NGN563,840.36","42,288.03",606128.39,NGN,unpaid
INV-002723,WO-003103,CUST00497,09/03/2025,NGN 13050.00,978.75,"14,028.75",NGN,paid
INV-002724,WO-003104,CUST00639,1763390283000,17550.00,NGN 1316.25,"18,866.25",NGN,paid
INV-002725,WO-003105,CUST01093,24/02/2025,"892,687.73","NGN66,951.58",NGN 959639.31,NGN,paid
INV-002726,WO-003106,CUST00912,2026-01-16 18:13:45,461004.69,34575.35,"NGN495,580.04",NGN,paid
INV-002727,WO-003107,CUST00280,19/07/2026,81742.24,"6,130.67",87872.91,NGN,unpaid
INV-002728,WO-003108,CUST00493,2024-12-30 06:25:50,"NGN965,094.68",72382.10,"1,037,476.78",NGN,partial
INV-002729,WO-003109,CUST01149,05/08/2026,"NGN8,625.00",NGN646.88,NGN 9271.88,NGN,paid
INV-002730,WO-003111,CUST00470,2025-07-13 00:28:19,NGN 283170.18,21237.76,NGN 304407.94,NGN,unpaid
INV-002731,WO-003112,CUST00935,2025-06-11 10:12:28,NGN 1293409.84,"NGN97,005.74",NGN 1390415.58,NGN,PAID
INV-002732,WO-003114,CUST00605,18/01/2026,378349.47,28376.21,"NGN406,725.68",NGN,paid
INV-002733,WO-003115,CUST01557,2026-07-15 13:13:26,"NGN532,014.85",39901.11,"571,915.96",NGN,UNPAID
INV-002734,WO-003116,CUST00573,1726064670000,"NGN106,798.14",8009.86,114808.00,NGN,PAID
INV-002735,WO-003117,CUST00785,22/04/2026,3450.00,NGN258.75,"3,708.75",NGN,PAID
INV-002736,WO-003118,CUST00642,1786559355000,NGN 644942.11,48370.66,"NGN693,312.77",NGN,PAID
INV-002737,WO-003119,CUST00460,12/06/2026,"4,800.00",360.00,5160.00,NGN,partial
INV-002738,WO-003120,CUST00638,03/10/2024,"797,517.61","59,813.82",857331.43,ngn,partial
INV-002739,WO-003122,CUST00648,2024-11-07 15:09:56,234694.47,"NGN17,602.09","252,296.56",NGN,PAID
INV-002740,WO-003123,CUST00441,29/01/2026,"NGN32,400.00","2,430.00",34830.00,NGN,paid
INV-002741,WO-003124,CUST01138,1730710202000,57322.40,4299.18,"NGN61,621.58",NGN,UNPAID
INV-002742,WO-003125,CUST00868,2026-02-03 14:33:48,NGN 388743.56,29155.77,NGN 417899.33,NGN,paid
INV-002743,WO-003126,CUST00374,28/10/2025,"976,627.42",NGN 73247.06,1049874.48,NGN,paid
INV-002744,WO-003127,CUST00606,1765122626000,NGN 252757.26,"NGN18,956.79","271,714.05",NGN,paid
INV-002745,WO-003129,CUST00329,03/01/2026,"NGN18,810.00","1,410.75",NGN 20220.75,NGN,PAID
INV-002746,WO-003132,CUST00811,2025-09-02 08:20:10,NGN 780117.38,NGN 58508.80,"NGN838,626.18",NGN,paid
INV-002747,WO-003133,CUST00523,2025-08-13 09:32:34,"178,545.40",13390.90,191936.30,NGN,PAID
INV-002748,WO-003134,CUST00847,07/01/2025,"NGN608,031.74",45602.38,"NGN653,634.12",NGN,paid
INV-002749,WO-003136,CUST00280,2026-03-15 09:46:00,"11,025.00",826.88,NGN 11851.88,NGN,PAID
INV-002750,WO-003137,CUST00184,1728016475000,"174,467.58","NGN13,085.07","187,552.65",NGN,paid
INV-002751,WO-003138,CUST00785,2025-05-13 21:58:00,"276,712.22",NGN 20753.42,297465.64,NGN,paid
INV-002752,WO-003140,CUST00829,2025-07-04 15:25:06,NGN 215805.13,NGN 16185.38,"231,990.51",NGN,paid
INV-002753,WO-003141,CUST01856,1756775486000,6840.00,NGN513.00,"7,353.00",NGN,paid
INV-002754,WO-003142,CUST01839,1742149428000,"NGN2,200.00",165.00,"NGN2,365.00",NGN,partial
INV-002755,WO-003143,CUST00893,10/09/2025,"757,636.17","NGN56,822.71",NGN 814458.88,NGN,paid
INV-002756,WO-003144,CUST01200,05/10/2025,"NGN585,396.22",43904.72,NGN 629300.94,NGN,written_off
INV-002757,WO-003145,CUST00456,2025-06-22 16:43:18,"544,905.51",NGN 40867.91,"585,773.42",NGN,paid
INV-002758,WO-003146,CUST00654,2025-05-10 23:45:33,"NGN30,870.00",NGN 2315.25,NGN 33185.25,NGN,partial
INV-002759,WO-003148,CUST00136,1733764611000,"NGN88,165.00","6,612.38",NGN 94777.38,ngn,paid
INV-002760,WO-003149,CUST00298,2024-11-01 06:08:28,12330.00,924.75,"13,254.75",NGN,partial
INV-002761,WO-003150,CUST00487,2025-04-12 22:41:33,172986.46,"12,973.98","185,960.44",ngn,paid
INV-002762,WO-003152,CUST00994,16/06/2025,"38,050.00","NGN2,853.75","40,903.75",NGN,UNPAID
INV-002763,WO-003153,CUST00925,2025-02-06 00:46:05,NGN 1995.00,149.62,"NGN2,144.62",NGN,PAID
INV-002764,WO-003154,CUST00014,13/11/2025,"8,025.00",NGN601.88,"NGN8,626.88",NGN,unpaid
INV-002765,WO-003155,CUST00438,2026-06-20 12:43:01,"594,854.33",44614.08,NGN 639468.41,NGN,PAID
INV-002766,WO-003156,CUST01103,1760358717000,NGN 296441.71,NGN 22233.13,NGN 318674.84,NGN,PAID
INV-002767,WO-003157,CUST00458,27/06/2025,"31,425.00","2,356.88",33781.88,NGN,unpaid
INV-002768,WO-003158,CUST00212,27/11/2024,4025.00,NGN 301.88,4326.88,NGN,paid
INV-002769,WO-003159,CUST01016,01/07/2025,NGN 311345.85,"23,350.94",334696.79,NGN,paid
INV-002770,WO-003160,CUST01137,1764443587000,"NGN327,335.63","NGN24,550.17","351,885.80",NGN,paid
INV-002771,WO-003161,CUST00770,1728884467000,2170.00,NGN 162.75,2332.75,NGN,unpaid
INV-002772,WO-003162,CUST01112,1752168327000,"1,173,301.20",NGN 87997.59,"1,261,298.79",NGN,partial
INV-002773,WO-003163,CUST00607,2026-08-17 04:41:14,"727,602.68",NGN 54570.20,NGN 782172.88,NGN,paid
INV-002774,WO-003165,CUST00109,2025-11-13 22:59:48,NGN 309068.40,23180.13,NGN 332248.53,NGN,partial
INV-002775,WO-003166,CUST00985,19/09/2024,NGN 100495.24,"NGN7,537.14","108,032.38",NGN,paid
INV-002776,WO-003167,CUST01005,2025-10-17 10:45:24,"157,552.30",11816.42,"169,368.72",NGN,PAID
INV-002777,WO-003168,CUST00855,17/08/2026,NGN 1013468.88,"NGN76,010.17",NGN 1089479.05,NGN,paid
INV-002778,WO-003169,CUST02400,2026-07-14 09:40:36,NGN 31290.00,2346.75,"33,636.75",ngn,paid
INV-002779,WO-003170,CUST00578,1771872402000,58031.88,4352.39,NGN 62384.27,ngn,PAID
INV-002780,WO-003171,CUST00051,2026-02-12 18:10:41,376264.06,NGN 28219.80,"404,483.86",NGN,paid
INV-002781,WO-003172,CUST00697,22/06/2026,167601.16,NGN 12570.09,"NGN180,171.25",NGN,UNPAID
INV-002782,WO-003173,CUST00502,2026-02-12 11:36:43,"1,132,353.07",84926.48,NGN 1217279.55,ngn,partial
INV-002783,WO-003175,CUST00633,25/01/2026,NGN 171576.33,12868.22,NGN 184444.55,NGN,paid
INV-002784,WO-003176,CUST01051,10/11/2024,"NGN452,184.91",33913.87,486098.78,NGN,PAID
INV-002785,WO-003177,CUST00979,04/12/2025,"637,630.87",NGN 47822.32,"685,453.19",NGN,paid
INV-002786,WO-003178,CUST00979,04/12/2024,NGN 8550.00,641.25,"NGN9,191.25",NGN,UNPAID
INV-002787,WO-003179,CUST00209,08/03/2026,"1,430,026.06",107251.95,NGN 1537278.01,NGN,paid
INV-002788,WO-003180,CUST02139,28/11/2025,2050.00,NGN 153.75,"2,203.75",NGN,unpaid
INV-002789,WO-003181,CUST00117,1747130225000,NGN 585059.83,43879.49,"628,939.32",ngn,unpaid
INV-002790,WO-003182,CUST01196,2025-05-12 15:34:10,"NGN201,384.34",NGN 15103.83,NGN 216488.17,NGN,PAID
INV-002791,WO-003183,CUST00422,30/06/2026,NGN 188496.28,"14,137.22",202633.50,NGN,paid
INV-002792,WO-003184,CUST00886,1738809353000,"36,120.00",2709.00,"NGN38,829.00",NGN,PAID
INV-002793,WO-003185,CUST01960,2026-01-14 02:46:23,"NGN212,066.10","15,904.96",NGN 227971.06,NGN,paid
INV-002794,WO-003186,CUST00808,1750153077000,NGN 351263.85,"NGN26,344.79","NGN377,608.64",NGN,paid
INV-002795,WO-003187,CUST00106,08/11/2025,"654,050.20","NGN49,053.76","703,103.96",NGN,unpaid
INV-002796,WO-003188,CUST01195,05/07/2025,NGN 90413.02,"NGN6,780.98","97,194.00",NGN,written_off
INV-002797,WO-003189,CUST00474,1750289150000,"NGN517,365.99",38802.45,556168.44,NGN,UNPAID
INV-002798,WO-003190,CUST00107,2024-10-05 03:43:24,"43,009.70","3,225.73","46,235.43",NGN,paid
INV-002799,WO-003191,CUST00417,10/05/2026,1192749.96,"89,456.25",1282206.21,ngn,paid
INV-002800,WO-003193,CUST00222,25/11/2025,NGN 404879.38,"30,365.95",435245.33,NGN,UNPAID
INV-002801,WO-003195,CUST00558,1773036532000,"NGN6,150.00",NGN461.25,"NGN6,611.25",NGN,paid
INV-002802,WO-003196,CUST01082,21/11/2024,160684.42,12051.33,"172,735.75",NGN,unpaid
INV-002803,WO-003198,CUST00288,1728896666000,667757.93,50081.85,717839.78,NGN,PAID
INV-002804,WO-003199,CUST00385,05/07/2026,10710.00,NGN803.25,11513.25,NGN,paid
INV-002805,WO-003200,CUST00725,1746348372000,"NGN84,332.54",NGN 6324.94,NGN 90657.48,NGN,paid
INV-002806,WO-003202,CUST00636,1778383164000,"NGN184,966.68",13872.50,"NGN198,839.18",NGN,paid
INV-002807,WO-003203,CUST00686,2024-12-21 15:58:10,"36,948.07",2771.10,39719.17,NGN,partial
INV-002808,WO-003204,CUST00899,1740525086000,"250,635.07",NGN 18797.63,NGN 269432.70,NGN,partial
INV-002809,WO-003205,CUST00930,1772528064000,814727.61,"NGN61,104.57",875832.18,NGN,paid
INV-002810,WO-003206,CUST00633,2024-11-01 06:13:32,"298,095.72","22,357.18","NGN320,452.90",NGN,partial
INV-002811,WO-003207,CUST00312,25/11/2025,"5,625.00",421.88,6046.88,NGN,unpaid
INV-002812,WO-003208,CUST01181,1733132630000,NGN 344873.82,NGN 25865.54,"370,739.36",NGN,UNPAID
INV-002813,WO-003209,CUST00169,15/01/2025,3950.00,NGN 296.25,NGN 4246.25,ngn,paid
INV-002814,WO-003210,CUST00720,2025-01-30 07:16:10,2275.00,170.62,NGN 2445.62,NGN,partial
INV-002815,WO-003211,CUST00058,25/12/2024,"855,410.79",NGN 64155.81,"NGN919,566.60",NGN,paid
INV-002816,WO-003212,CUST00310,2024-12-21 06:18:02,NGN 591224.14,44341.81,635565.95,NGN,paid
INV-002817,WO-003214,CUST01145,1780429421000,43502.24,"3,262.67",46764.91,NGN,unpaid
INV-002818,WO-003215,CUST00634,2024-11-26 17:53:54,"14,050.00","NGN1,053.75","NGN15,103.75",NGN,paid
INV-002819,WO-003216,CUST00280,11/06/2026,202542.01,"NGN15,190.65","NGN217,732.66",NGN,PAID
INV-002820,WO-003217,CUST01060,1739728612000,"1,976,522.24","NGN148,239.17",2124761.41,NGN,partial
INV-002821,WO-003218,CUST00600,1768776522000,40734.42,3055.08,"NGN43,789.50",NGN,paid
INV-002822,WO-003219,CUST02301,17/02/2026,820659.51,"NGN61,549.46",NGN 882208.97,NGN,PAID
INV-002823,WO-003220,CUST00676,1764446404000,NGN 33116.60,"NGN2,483.74","35,600.34",NGN,partial
INV-002824,WO-003221,CUST00455,04/02/2026,NGN 9750.00,NGN 731.25,"NGN10,481.25",NGN,PAID
INV-002825,WO-003223,CUST00444,2026-08-29 17:52:40,130562.09,NGN 9792.16,140354.25,NGN,paid
INV-002826,WO-003224,CUST00469,1759722760000,NGN 1069645.67,"NGN80,223.43",1149869.10,NGN,paid
INV-002827,WO-003225,CUST00942,1757015567000,"NGN396,953.82","NGN29,771.54",NGN 426725.36,NGN,UNPAID
INV-002828,WO-003226,CUST00255,24/04/2025,663632.34,NGN 49772.43,"713,404.77",NGN,partial
INV-002829,WO-003227,CUST01146,2025-02-18 03:42:01,728525.01,54639.38,NGN 783164.39,NGN,partial
INV-002830,WO-003228,CUST01114,1728739487000,764612.51,57345.94,"NGN821,958.45",NGN,UNPAID
INV-002831,WO-003229,CUST00844,15/02/2025,NGN 130412.09,NGN 9780.91,"140,193.00",NGN,paid
INV-002832,WO-003231,CUST00209,10/11/2025,NGN 7200.00,540.00,NGN 7740.00,NGN,paid
INV-002833,WO-003232,CUST01147,2025-12-02 15:41:28,"NGN731,825.17","54,886.89","786,712.06",NGN,paid
INV-002834,WO-003233,CUST00769,1773874342000,"NGN235,726.83",NGN 17679.51,NGN 253406.34,ngn,paid
INV-002835,WO-003234,CUST00833,2025-01-25 13:46:55,242049.07,18153.68,260202.75,NGN,paid
INV-002836,WO-003235,CUST00281,17/11/2024,578845.99,NGN 43413.45,"NGN622,259.44",NGN,paid
INV-002837,WO-003236,CUST00448,03/02/2025,"143,726.50","NGN10,779.49","154,505.99",NGN,paid
INV-002838,WO-003237,CUST00306,1743502950000,"1,174,056.47",88054.23,"NGN1,262,110.70",NGN,paid
INV-002839,WO-003238,CUST00880,29/12/2025,NGN 399993.68,29999.53,"429,993.21",NGN,PAID
INV-002840,WO-003239,CUST00227,1735018804000,"177,828.45",NGN 13337.13,"191,165.58",ngn,paid
INV-002841,WO-003240,CUST01173,02/09/2025,NGN 1605537.86,"120,415.34",1725953.20,NGN,unpaid
INV-002842,WO-003241,CUST01187,2025-05-22 02:16:36,"935,484.11",NGN 70161.31,"1,005,645.42",NGN,partial
INV-002843,WO-003242,CUST00507,2025-08-01 17:25:13,NGN 1025935.43,"76,945.16","1,102,880.59",NGN,UNPAID
INV-002844,WO-003243,CUST00768,2025-11-06 15:48:58,"NGN504,122.96","NGN37,809.22",541932.18,NGN,paid
INV-002845,WO-003244,CUST01083,2025-02-25 08:53:34,886056.33,NGN 66454.23,NGN 952510.56,NGN,PAID
INV-002846,WO-003245,CUST00944,28/02/2026,"579,172.28",43437.92,"NGN622,610.20",NGN,unpaid
INV-002847,WO-003246,CUST00145,1746509337000,"NGN8,280.00",621.00,8901.00,NGN,PAID
INV-002848,WO-003247,CUST00526,21/06/2026,674146.70,NGN 50561.00,724707.70,NGN,paid
INV-002849,WO-003248,CUST01275,1769132638000,NGN 1890.00,NGN141.75,2031.75,NGN,unpaid
INV-002850,WO-003249,CUST00183,2025-08-13 20:42:30,NGN 726530.88,"NGN54,489.82",781020.70,NGN,partial
INV-002851,WO-003250,CUST00097,2026-01-21 22:44:39,36488.70,"2,736.65",NGN 39225.35,ngn,UNPAID
INV-002852,WO-003251,CUST00385,1785709006000,"NGN12,845.00",NGN 963.38,13808.38,NGN,paid
INV-002853,WO-003252,CUST00757,1743218922000,284670.18,"21,350.26","306,020.44",NGN,paid
INV-002854,WO-003254,CUST01546,1743727220000,"844,569.93","63,342.74","NGN907,912.67",NGN,paid
INV-002855,WO-003255,CUST00549,28/07/2025,7125.00,NGN534.38,7659.38,NGN,unpaid
INV-002856,WO-003256,CUST00645,26/05/2026,27471.12,NGN 2060.33,29531.45,NGN,PAID
INV-002857,WO-003257,CUST01258,1762266809000,159160.09,11937.01,171097.10,NGN,PAID
INV-002858,WO-003258,CUST00412,1752610758000,"88,948.14","6,671.11","NGN95,619.25",NGN,paid
INV-002859,WO-003259,CUST00210,1773627262000,"NGN154,615.44","11,596.16",NGN 166211.60,NGN,unpaid
INV-002860,WO-003260,CUST00758,1756216930000,"NGN18,750.00","1,406.25",NGN 20156.25,NGN,paid
INV-002861,WO-003261,CUST00171,09/02/2025,6300.00,NGN472.50,"6,772.50",NGN,partial
INV-002862,WO-003262,CUST00792,03/04/2026,NGN 23495.64,1762.17,25257.81,NGN,PAID
INV-002863,WO-003263,CUST00069,10/03/2025,520587.13,"NGN39,044.04",559631.17,NGN,paid
INV-002864,WO-003264,CUST00410,20/05/2026,"NGN945,715.46","NGN70,928.66","1,016,644.12",NGN,paid
INV-002865,WO-003265,CUST02355,1772886283000,"NGN7,470.00",560.25,NGN 8030.25,NGN,paid
INV-002866,WO-003266,CUST00790,1777259306000,"347,729.54",NGN 26079.72,NGN 373809.26,NGN,paid
INV-002867,WO-003268,CUST00565,1736580798000,NGN 15350.00,1151.25,"NGN16,501.25",NGN,paid
INV-002868,WO-003269,CUST01108,1763506296000,NGN 5550.00,NGN 416.25,"5,966.25",NGN,partial
INV-002869,WO-003272,CUST00029,1755598035000,"891,090.55",NGN 66831.79,957922.34,NGN,partial
INV-002870,WO-003273,CUST00990,1761152443000,"447,326.39","33,549.48","480,875.87",NGN,unpaid
INV-002871,WO-003274,CUST01689,2026-06-17 09:26:08,"NGN3,350.00",NGN 251.25,"3,601.25",NGN,UNPAID
INV-002872,WO-003275,CUST00068,1759929445000,"NGN9,375.00",703.12,"NGN10,078.12",NGN,paid
INV-002873,WO-003276,CUST00325,1736582424000,"NGN281,020.75",NGN 21076.56,"NGN302,097.31",NGN,paid
INV-002874,WO-003277,CUST02334,2024-11-13 14:40:42,54568.06,"4,092.60","58,660.66",NGN,PAID
INV-002875,WO-003278,CUST01188,2026-05-14 11:38:49,NGN 213009.28,15975.70,"NGN228,984.98",NGN,paid
INV-002876,WO-003279,CUST00098,24/02/2026,"2,030.00",NGN 152.25,"2,182.25",NGN,partial
INV-002877,WO-003280,CUST00860,1783499177000,NGN 1060240.82,79518.06,NGN 1139758.88,NGN,paid
INV-002878,WO-003281,CUST02115,1748843611000,"NGN36,303.40",2722.75,"39,026.15",NGN,paid
INV-002879,WO-003282,CUST01156,1762362794000,"NGN154,372.47","11,577.93","NGN165,950.40",NGN,PAID
INV-002880,WO-003283,CUST01130,27/08/2025,NGN 330581.53,"NGN24,793.61","355,375.14",NGN,partial
INV-002881,WO-003284,CUST00607,1762523088000,"276,093.43","NGN20,707.01",296800.44,NGN,paid
INV-002882,WO-003285,CUST00748,10/08/2026,552864.54,"41,464.84",NGN 594329.38,NGN,UNPAID
INV-002883,WO-003287,CUST01168,1782152761000,229706.21,17227.97,246934.18,NGN,PAID
INV-002884,WO-003288,CUST00747,2024-10-28 03:27:32,"9,200.00",NGN 690.00,9890.00,NGN,PAID
INV-002885,WO-003289,CUST01024,1727959509000,"NGN3,083,541.07","NGN231,265.58",3314806.65,NGN,paid
INV-002886,WO-003290,CUST00598,2024-12-28 11:35:05,"NGN287,581.96","NGN21,568.65",NGN 309150.61,NGN,partial
INV-002887,WO-003291,CUST01883,20/06/2026,157655.19,"NGN11,824.14",169479.33,NGN,PAID
INV-002888,WO-003292,CUST00749,1741363006000,526125.81,NGN 39459.44,"565,585.25",NGN,paid
INV-002889,WO-003293,CUST00901,12/05/2025,130030.71,9752.30,139783.01,NGN,unpaid
INV-002890,WO-003294,CUST00128,1765325211000,NGN 10850.00,NGN813.75,"NGN11,663.75",NGN,unpaid
INV-002891,WO-003295,CUST01084,29/08/2026,"NGN71,997.24",5399.79,NGN 77397.03,NGN,paid
INV-002892,WO-003296,CUST00123,08/01/2026,NGN 384705.70,28852.93,"NGN413,558.63",NGN,unpaid
INV-002893,WO-003297,CUST00732,1742474775000,"NGN642,788.17",NGN 48209.11,"NGN690,997.28",NGN,paid
INV-002894,WO-003298,CUST00709,27/06/2026,"NGN812,832.20",60962.41,"873,794.61",NGN,PAID
INV-002895,WO-003299,CUST00741,15/01/2025,560603.55,"42,045.27","NGN602,648.82",NGN,paid
INV-002896,WO-003300,CUST00955,03/10/2025,51322.92,3849.22,"55,172.14",NGN,partial
INV-002897,WO-003301,CUST00325,2026-04-29 14:22:50,NGN 296017.80,"NGN22,201.34",NGN 318219.14,NGN,paid
INV-002898,WO-003303,CUST00760,18/01/2026,"NGN264,833.98","NGN19,862.55","284,696.53",NGN,paid
INV-002899,WO-003304,CUST00433,1766055877000,474913.39,"35,618.50","510,531.89",NGN,PAID
INV-002900,WO-003305,CUST01037,2024-09-23 10:09:52,2000.00,NGN150.00,"2,150.00",NGN,paid
INV-002901,WO-003306,CUST00113,26/11/2025,"690,889.54",51816.72,"742,706.26",NGN,partial
INV-002902,WO-003307,CUST00949,1775296537000,336583.50,"NGN25,243.76","361,827.26",NGN,paid
INV-002903,WO-003308,CUST00379,06/04/2026,NGN 623215.30,"NGN46,741.15",NGN 669956.45,NGN,paid
INV-002904,WO-003309,CUST01099,13/07/2025,NGN 2725.00,NGN 204.38,"NGN2,929.38",NGN,PAID
INV-002905,WO-003310,CUST00526,1771162684000,114135.00,NGN 8560.12,NGN 122695.12,NGN,paid
INV-002906,WO-003311,CUST01134,2026-02-24 10:19:40,"NGN302,679.80","22,700.98","NGN325,380.78",NGN,unpaid
INV-002907,WO-003312,CUST00160,1755842154000,"469,849.80","35,238.73",505088.53,NGN,written_off
INV-002908,WO-003313,CUST00447,03/11/2025,95597.40,7169.81,NGN 102767.21,NGN,partial
INV-002909,WO-003315,CUST00002,1778867139000,"8,365.00",NGN627.38,"8,992.38",NGN,paid
INV-002910,WO-003316,CUST00987,1731096194000,NGN 479480.72,"NGN35,961.05",NGN 515441.77,NGN,PAID
INV-002911,WO-003317,CUST00118,28/02/2025,109914.09,"8,243.56","NGN118,157.65",ngn,unpaid
INV-002912,WO-003318,CUST00712,21/04/2025,"NGN943,770.54",70782.79,1014553.33,NGN,paid
INV-002913,WO-003319,CUST00604,2024-10-13 16:48:04,NGN 2091058.21,"156,829.37","2,247,887.58",ngn,written_off
INV-002914,WO-003320,CUST01110,2026-03-06 18:14:05,"789,318.94",NGN 59198.92,"NGN848,517.86",NGN,partial
INV-002915,WO-003321,CUST00160,2024-10-13 07:46:44,NGN 8500.00,637.50,NGN 9137.50,NGN,paid
INV-002916,WO-003323,CUST00104,1749375801000,"1,317,443.03","98,808.23","NGN1,416,251.26",NGN,PAID
INV-002917,WO-003324,CUST01065,1785370355000,NGN 1455561.98,109167.15,1564729.13,NGN,paid
INV-002918,WO-003325,CUST00704,1781118680000,"NGN292,370.16",NGN 21927.76,"NGN314,297.92",NGN,paid
INV-002919,WO-003326,CUST00669,2025-09-16 00:32:54,14315.00,1073.62,NGN 15388.62,ngn,UNPAID
INV-002920,WO-003327,CUST01081,1775341113000,"1,239,413.40",NGN 92956.00,1332369.40,NGN,paid
INV-002921,WO-003328,CUST00062,23/05/2025,384319.12,28823.93,"NGN413,143.05",NGN,paid
INV-002922,WO-003329,CUST01591,1785428356000,NGN 293831.83,22037.39,"315,869.22",NGN,UNPAID
INV-002923,WO-003330,CUST00290,1771543522000,"NGN459,746.29","34,480.97","NGN494,227.26",NGN,PAID
INV-002924,WO-003332,CUST00316,2026-01-11 01:18:17,718963.94,53922.30,NGN 772886.24,NGN,paid
INV-002925,WO-003333,CUST00669,1753502223000,"352,208.68","NGN26,415.65","NGN378,624.33",NGN,paid
INV-002926,WO-003335,CUST00122,21/04/2025,"27,000.00","2,025.00",29025.00,NGN,paid
INV-002927,WO-003336,CUST00030,1740159035000,122450.00,"NGN9,183.75","131,633.75",NGN,paid
INV-002928,WO-003337,CUST00360,1767227282000,"NGN155,322.09","11,649.16",NGN 166971.25,NGN,paid
INV-002929,WO-003338,CUST00742,2024-09-22 19:21:39,NGN 314317.13,NGN 23573.78,NGN 337890.91,ngn,paid
INV-002930,WO-003339,CUST00797,1746601235000,"NGN706,620.24",52996.52,"759,616.76",NGN,paid
INV-002931,WO-003342,CUST00204,1731351029000,938251.00,70368.83,"NGN1,008,619.83",NGN,UNPAID
INV-002932,WO-003343,CUST00304,2025-10-29 03:30:04,NGN 112008.06,"8,400.60","120,408.66",NGN,paid
INV-002933,WO-003344,CUST00043,2026-01-23 18:13:54,1512580.18,113443.51,1626023.69,NGN,PAID
INV-002934,WO-003345,CUST00518,17/12/2024,NGN 590285.03,"44,271.38","NGN634,556.41",NGN,paid
INV-002935,WO-003346,CUST00945,1765551674000,"78,371.42",5877.86,"NGN84,249.28",NGN,PAID
INV-002936,WO-003347,CUST00455,1778400758000,"NGN68,372.10",NGN 5127.91,"73,500.01",NGN,partial
INV-002937,WO-003348,CUST00748,2025-04-16 07:22:13,349723.63,NGN 26229.27,"375,952.90",NGN,paid
INV-002938,WO-003350,CUST00872,29/08/2026,535495.56,"40,162.17","575,657.73",NGN,written_off
INV-002939,WO-003351,CUST00812,2025-12-10 17:06:06,NGN 132053.00,9903.97,NGN 141956.97,NGN,PAID
INV-002940,WO-003352,CUST00088,2026-04-19 22:16:10,"300,926.04",NGN 22569.45,"323,495.49",NGN,paid
INV-002941,WO-003353,CUST00179,1728300189000,"7,350.00",551.25,"NGN7,901.25",ngn,PAID
INV-002942,WO-003354,CUST02334,11/01/2025,"671,320.42","NGN50,349.03","721,669.45",NGN,PAID
INV-002943,WO-003355,CUST00402,2025-04-11 00:28:48,NGN 625855.54,"NGN46,939.17",672794.71,ngn,PAID
INV-002944,WO-003356,CUST01538,1740682058000,NGN 2850.00,213.75,NGN 3063.75,NGN,PAID
INV-002945,WO-003357,CUST00036,2025-03-15 17:33:22,25875.00,"NGN1,940.62","27,815.62",ngn,partial
INV-002946,WO-003358,CUST00145,06/08/2025,518329.53,"NGN38,874.71",NGN 557204.24,NGN,PAID
INV-002947,WO-003359,CUST00626,2025-06-24 16:53:56,"NGN499,959.61",37496.97,"537,456.58",NGN,paid
INV-002948,WO-003360,CUST01085,2024-10-28 10:21:38,"415,607.88",NGN 31170.59,"NGN446,778.47",NGN,paid
INV-002949,WO-003361,CUST00615,2025-08-19 00:55:02,112440.70,8433.05,"120,873.75",NGN,partial
INV-002950,WO-003362,CUST00936,1753794503000,"NGN42,675.00",3200.62,NGN 45875.62,NGN,partial
INV-002951,WO-003364,CUST01858,2025-06-25 01:17:17,26750.00,NGN 2006.25,28756.25,NGN,PAID
INV-002952,WO-003365,CUST00864,2025-12-24 15:30:19,"284,603.87",NGN 21345.29,305949.16,NGN,paid
INV-002953,WO-003366,CUST02300,12/11/2025,"619,300.76","NGN46,447.56",NGN 665748.32,NGN,partial
INV-002954,WO-003369,CUST01169,1726531398000,"5,450.00",NGN408.75,NGN 5858.75,NGN,paid
INV-002955,WO-003370,CUST00297,2024-12-21 08:45:45,"487,181.30","36,538.60","NGN523,719.90",NGN,UNPAID
INV-002956,WO-003371,CUST00395,2025-08-09 11:19:59,"26,921.72","2,019.13",NGN 28940.85,NGN,UNPAID
INV-002957,WO-003372,CUST00009,1729208929000,"412,067.67","30,905.08",NGN 442972.75,NGN,paid
INV-002958,WO-003373,CUST00547,2025-03-15 06:14:15,"NGN328,337.95",NGN 24625.35,NGN 352963.30,NGN,partial
INV-002959,WO-003374,CUST00768,03/03/2026,"557,659.48",41824.46,"NGN599,483.94",NGN,paid
INV-002960,WO-003375,CUST00504,2026-04-28 00:47:31,"NGN109,728.95","NGN8,229.67","117,958.62",NGN,partial
INV-002961,WO-003376,CUST00125,1726480944000,NGN 614990.82,NGN 46124.31,661115.13,NGN,UNPAID
INV-002962,WO-003377,CUST00273,1743664867000,"95,700.00","7,177.50",NGN 102877.50,NGN,UNPAID
INV-002963,WO-003378,CUST01126,1737930813000,NGN 499204.92,"NGN37,440.37",NGN 536645.29,NGN,unpaid
INV-002964,WO-003379,CUST00391,2026-05-04 04:06:01,NGN 66605.00,"4,995.38",71600.38,ngn,unpaid
INV-002965,WO-003380,CUST00470,1744223329000,NGN 5875.00,440.62,6315.62,NGN,partial
INV-002966,WO-003381,CUST00289,2026-06-07 08:11:46,NGN 1638605.22,122895.39,"1,761,500.61",ngn,unpaid
INV-002967,WO-003382,CUST00851,18/03/2025,NGN 391976.02,29398.20,"NGN421,374.22",NGN,paid
INV-002968,WO-003383,CUST01717,09/06/2025,"485,899.83","NGN36,442.49","NGN522,342.32",ngn,paid
INV-002969,WO-003384,CUST01557,04/11/2025,"NGN516,842.31",NGN 38763.17,NGN 555605.48,NGN,paid
INV-002970,WO-003385,CUST00265,2025-11-05 23:28:58,"22,575.00","1,693.12","24,268.12",NGN,paid
INV-002971,WO-003386,CUST00560,06/07/2026,"NGN147,015.06","NGN11,026.13",158041.19,NGN,written_off
INV-002972,WO-003387,CUST00038,2025-04-17 23:14:36,"NGN416,836.44",31262.73,"NGN448,099.17",NGN,unpaid
INV-002973,WO-003388,CUST01032,24/09/2025,NGN 2310.00,173.25,NGN 2483.25,NGN,paid
INV-002974,WO-003389,CUST00787,1757793500000,"NGN871,161.69",NGN 65337.13,936498.82,ngn,paid
INV-002975,WO-003390,CUST01171,1774936181000,"723,063.52",54229.76,"NGN777,293.28",NGN,paid
INV-002976,WO-003391,CUST01042,1753013089000,NGN 323006.40,"NGN24,225.48",NGN 347231.88,NGN,paid
INV-002977,WO-003393,CUST00642,03/03/2025,NGN 897764.73,"67,332.35",965097.08,NGN,paid
INV-002978,WO-003394,CUST01093,05/12/2025,NGN 812056.04,60904.20,NGN 872960.24,NGN,paid
INV-002979,WO-003395,CUST00225,1751903385000,"NGN450,622.01","33,796.65","484,418.66",NGN,paid
INV-002980,WO-003396,CUST01066,2025-10-26 09:48:05,"1,182,489.48","NGN88,686.71",1271176.19,ngn,paid
INV-002981,WO-003397,CUST00253,24/04/2025,"NGN928,322.83","69,624.21","997,947.04",NGN,paid
INV-002982,WO-003398,CUST01117,1786826953000,"1,400,563.94","NGN105,042.30",1505606.24,NGN,paid
INV-002983,WO-003399,CUST00509,2026-05-31 18:38:37,2800.00,210.00,3010.00,ngn,partial
INV-002984,WO-003400,CUST00441,2025-07-07 05:36:19,"NGN162,376.47",12178.23,"NGN174,554.70",NGN,paid
INV-002985,WO-003401,CUST00078,11/01/2026,NGN 177809.78,"13,335.73","NGN191,145.51",NGN,partial
INV-002986,WO-003402,CUST01098,13/06/2026,246359.06,"NGN18,476.93",NGN 264835.99,NGN,unpaid
INV-002987,WO-003403,CUST00374,13/07/2026,"232,448.31",NGN 17433.62,"NGN249,881.93",ngn,unpaid
INV-002988,WO-003405,CUST00003,1775967441000,NGN 284040.00,"21,303.00",305343.00,NGN,partial
INV-002989,WO-003406,CUST00240,23/09/2025,NGN 5550.00,NGN416.25,"NGN5,966.25",NGN,unpaid
INV-002990,WO-003407,CUST01086,02/02/2025,291163.40,21837.26,"313,000.66",NGN,paid
INV-002991,WO-003408,CUST00125,1757838110000,"35,246.60","2,643.49","NGN37,890.09",NGN,unpaid
INV-002992,WO-003409,CUST00777,1771157833000,"30,510.00","NGN2,288.25","NGN32,798.25",NGN,UNPAID
INV-002993,WO-003410,CUST00706,15/08/2026,NGN 188543.00,"NGN14,140.73","202,683.73",ngn,paid
INV-002994,WO-003411,CUST01092,18/08/2026,NGN 127601.97,NGN 9570.15,137172.12,NGN,unpaid
INV-002995,WO-003412,CUST00115,16/03/2025,"NGN371,491.93","NGN27,861.89","399,353.82",NGN,paid
INV-002996,WO-003414,CUST00789,1756793843000,293244.37,"NGN21,993.33","315,237.70",NGN,PAID
INV-002997,WO-003415,CUST00424,1765441968000,NGN 21950.00,"1,646.25","NGN23,596.25",NGN,PAID
INV-002998,WO-003416,CUST00017,27/05/2025,"NGN54,596.12",4094.71,"58,690.83",NGN,PAID
INV-002999,WO-003417,CUST01186,2026-03-29 09:38:50,"955,721.17","NGN71,679.09","NGN1,027,400.26",NGN,paid
INV-003000,WO-003418,CUST01019,2024-11-17 03:10:24,NGN 67479.06,"NGN5,060.93","NGN72,539.99",NGN,PAID
INV-003001,WO-003419,CUST00100,2026-01-20 08:13:02,"66,635.65","4,997.67",NGN 71633.32,NGN,paid
INV-003002,WO-003420,CUST00060,1777938504000,"NGN1,262,879.90",NGN 94715.99,NGN 1357595.89,NGN,paid
INV-003003,WO-003421,CUST00530,2025-03-16 19:34:34,"4,650.00",348.75,"NGN4,998.75",NGN,written_off
INV-003004,WO-003422,CUST00732,1738121132000,"295,286.20",22146.46,NGN 317432.66,NGN,UNPAID
INV-003005,WO-003423,CUST00497,1783478737000,NGN 90450.00,6783.75,NGN 97233.75,NGN,paid
INV-003006,WO-003424,CUST00794,2026-08-03 19:54:16,"NGN351,169.57","NGN26,337.72",377507.29,NGN,paid
INV-003007,WO-003425,CUST00419,30/12/2025,"NGN34,110.00","NGN2,558.25","NGN36,668.25",NGN,partial
INV-003008,WO-003426,CUST00912,1728115583000,"NGN76,783.18",NGN 5758.74,"82,541.92",NGN,partial
INV-003009,WO-003427,CUST00510,1744648711000,1600.00,120.00,"1,720.00",NGN,unpaid
INV-003010,WO-003430,CUST00296,1769816770000,"701,529.42",NGN 52614.71,"NGN754,144.13",NGN,PAID
INV-003011,WO-003431,CUST00147,2026-05-21 09:33:33,70750.29,NGN 5306.27,NGN 76056.56,NGN,PAID
INV-003012,WO-003432,CUST00381,1775429837000,"NGN446,257.42","33,469.31","NGN479,726.73",NGN,UNPAID
INV-003013,WO-003433,CUST01045,2025-07-20 15:35:17,"3,045.00",NGN 228.38,NGN 3273.38,NGN,PAID
INV-003014,WO-003434,CUST01649,2025-01-23 09:24:07,NGN 82440.00,6183.00,NGN 88623.00,NGN,paid
INV-003015,WO-003435,CUST00056,2025-12-04 14:45:15,"291,749.83","NGN21,881.24","NGN313,631.07",NGN,paid
INV-003016,WO-003436,CUST00283,08/01/2025,NGN 862375.48,64678.16,"NGN927,053.64",NGN,paid
INV-003017,WO-003437,CUST00671,1754786516000,"NGN200,208.68","15,015.65","NGN215,224.33",NGN,UNPAID
INV-003018,WO-003438,CUST00782,22/01/2025,196005.68,"14,700.43",210706.11,NGN,paid
INV-003019,WO-003439,CUST00471,25/04/2026,"57,193.44",4289.51,NGN 61482.95,NGN,PAID
INV-003020,WO-003440,CUST02115,2025-09-29 01:33:33,"NGN340,061.82",NGN 25504.64,365566.46,NGN,paid
INV-003021,WO-003441,CUST00728,04/04/2026,"151,532.35","11,364.93","NGN162,897.28",NGN,unpaid
INV-003022,WO-003442,CUST00621,1774573174000,"1,030,500.59","NGN77,287.54","1,107,788.13",NGN,paid
INV-003023,WO-003443,CUST00396,2024-12-01 06:53:53,339295.28,NGN 25447.15,"NGN364,742.43",NGN,unpaid
INV-003024,WO-003444,CUST00104,2025-11-11 11:14:00,"497,764.92","NGN37,332.37",535097.29,ngn,paid
INV-003025,WO-003445,CUST00658,2026-03-08 07:08:51,NGN 8050.00,NGN 603.75,NGN 8653.75,NGN,PAID
INV-003026,WO-003446,CUST00124,14/04/2026,NGN 6675.00,500.62,NGN 7175.62,NGN,paid
INV-003027,WO-003447,CUST00418,23/10/2025,"NGN457,501.32",NGN 34312.60,NGN 491813.92,NGN,paid
INV-003028,WO-003448,CUST00143,11/11/2024,62292.44,NGN 4671.93,"NGN66,964.37",NGN,partial
INV-003029,WO-003449,CUST00202,2025-01-29 12:53:46,"NGN9,500.00",712.50,NGN 10212.50,NGN,UNPAID
INV-003030,WO-003450,CUST01009,2026-08-25 07:34:12,NGN 125259.27,"9,394.45","NGN134,653.72",NGN,partial
INV-003031,WO-003452,CUST01121,1771068184000,"81,161.88","NGN6,087.14","NGN87,249.02",NGN,partial
INV-003032,WO-003453,CUST00598,1757832641000,"567,231.36","42,542.35","609,773.71",NGN,paid
INV-003033,WO-003455,CUST00783,2025-02-02 09:03:56,NGN 16380.00,NGN 1228.50,"17,608.50",NGN,paid
INV-003034,WO-003456,CUST01373,2024-12-08 08:02:52,490708.60,"36,803.15",NGN 527511.75,NGN,paid
INV-003035,WO-003457,CUST00344,1731497546000,64322.98,NGN 4824.22,"69,147.20",NGN,paid
INV-003036,WO-003458,CUST00293,1747079037000,"449,177.88",33688.34,"482,866.22",NGN,unpaid
INV-003037,WO-003459,CUST00781,2025-12-17 19:36:40,173154.13,"NGN12,986.56",NGN 186140.69,NGN,paid
INV-003038,WO-003460,CUST00162,2026-02-12 19:17:30,"228,566.46",NGN 17142.48,245708.94,NGN,paid
INV-003039,WO-003461,CUST00627,2025-05-01 19:49:20,NGN 164978.82,"NGN12,373.41",177352.23,NGN,PAID
INV-003040,WO-003462,CUST00569,2025-09-21 06:37:02,"NGN783,475.81",NGN 58760.69,NGN 842236.50,NGN,paid
INV-003041,WO-003464,CUST00229,2024-10-18 13:54:04,NGN 972938.82,72970.41,1045909.23,NGN,partial
INV-003042,WO-003466,CUST00227,1745993300000,"NGN425,181.17","31,888.59",NGN 457069.76,NGN,unpaid
INV-003043,WO-003467,CUST00139,1761252032000,"NGN341,116.15","25,583.71",366699.86,NGN,PAID
INV-003044,WO-003469,CUST01103,02/06/2025,"NGN930,591.06","69,794.33","1,000,385.39",NGN,paid
INV-003045,WO-003470,CUST01196,1766503253000,NGN 1050.00,NGN78.75,"NGN1,128.75",NGN,PAID
INV-003046,WO-003471,CUST00891,2025-06-10 21:57:45,71100.00,NGN 5332.50,NGN 76432.50,NGN,partial
INV-003047,WO-003472,CUST00243,1770345513000,NGN 188409.80,NGN 14130.73,"NGN202,540.53",NGN,paid
INV-003048,WO-003473,CUST00775,1777282348000,61204.52,4590.34,65794.86,NGN,paid
INV-003049,WO-003474,CUST00969,2025-12-06 11:12:32,2474848.07,"185,613.60","2,660,461.67",NGN,PAID
INV-003050,WO-003475,CUST00001,27/08/2025,836386.00,62728.95,899114.95,NGN,paid
INV-003051,WO-003476,CUST00970,2025-07-29 06:16:53,"NGN8,325.00",NGN 624.38,"NGN8,949.38",NGN,unpaid
INV-003052,WO-003477,CUST01053,2025-07-08 23:24:36,2050.00,NGN153.75,"NGN2,203.75",NGN,paid
INV-003053,WO-003478,CUST00323,2025-08-29 13:02:23,NGN 562683.01,"NGN42,201.23",604884.24,NGN,unpaid
INV-003054,WO-003479,CUST01148,1769136077000,"571,463.67",NGN 42859.77,614323.44,NGN,PAID
INV-003055,WO-003480,CUST00470,2025-12-30 06:19:49,732071.72,"NGN54,905.38",NGN 786977.10,NGN,partial
INV-003056,WO-003481,CUST00523,2026-03-08 11:13:29,NGN 536710.06,"NGN40,253.25",576963.31,NGN,paid
INV-003057,WO-003483,CUST01085,07/06/2025,"920,052.90","69,003.97",989056.87,NGN,UNPAID
INV-003058,WO-003484,CUST00159,28/06/2025,34120.97,"2,559.07",NGN 36680.04,NGN,PAID
INV-003059,WO-003485,CUST00168,1759727068000,"776,030.20","NGN58,202.26",NGN 834232.46,NGN,partial
INV-003060,WO-003486,CUST00926,1782793396000,81753.79,"NGN6,131.53",NGN 87885.32,NGN,paid
INV-003061,WO-003487,CUST01858,16/10/2025,249142.93,"NGN18,685.72",NGN 267828.65,ngn,UNPAID
INV-003062,WO-003489,CUST00328,2026-04-11 16:00:56,"NGN455,448.48",NGN 34158.64,NGN 489607.12,ngn,PAID
INV-003063,WO-003490,CUST00647,2026-07-21 21:33:10,NGN 226135.62,"NGN16,960.17","243,095.79",NGN,PAID
INV-003064,WO-003491,CUST00986,1738569539000,"17,603.66","1,320.27","NGN18,923.93",NGN,PAID
INV-003065,WO-003492,CUST00702,2026-07-09 00:12:12,598392.80,44879.46,"NGN643,272.26",NGN,written_off
INV-003066,WO-003493,CUST00860,1767509138000,985568.60,"NGN73,917.64","NGN1,059,486.24",NGN,PAID
INV-003067,WO-003494,CUST01121,17/03/2025,NGN 367154.49,NGN 27536.59,"NGN394,691.08",NGN,PAID
INV-003068,WO-003495,CUST01012,26/08/2026,325738.51,"NGN24,430.39","350,168.90",NGN,partial
INV-003069,WO-003497,CUST00614,1777511778000,"69,735.44",NGN 5230.16,"74,965.60",NGN,paid
INV-003070,WO-003498,CUST00045,18/02/2025,"NGN962,863.13","NGN72,214.74","NGN1,035,077.87",NGN,UNPAID
INV-003071,WO-003500,CUST00109,1782582567000,"306,173.30",22963.00,NGN 329136.30,NGN,PAID
INV-003072,WO-003501,CUST00134,16/07/2026,1084559.33,NGN 81341.95,"1,165,901.28",NGN,partial
INV-003073,WO-003502,CUST01108,02/07/2026,33480.00,"NGN2,511.00","35,991.00",NGN,paid
INV-003074,WO-003503,CUST00349,28/02/2026,9450.00,708.75,NGN 10158.75,NGN,unpaid
INV-003075,WO-003504,CUST00107,2025-03-15 03:59:05,"NGN339,456.32","25,459.22",NGN 364915.54,NGN,written_off
INV-003076,WO-003505,CUST00070,04/07/2025,366621.27,"27,496.59",NGN 394117.86,NGN,paid
INV-003077,WO-003506,CUST01076,1757262156000,189266.36,NGN 14194.98,"NGN203,461.34",NGN,partial
INV-003078,WO-003509,CUST01167,18/08/2025,"NGN141,750.00","NGN10,631.25","152,381.25",NGN,unpaid
INV-003079,WO-003510,CUST00831,2025-04-09 11:06:36,"NGN4,830.00",362.25,"5,192.25",NGN,paid
INV-003080,WO-003511,CUST00010,1737574969000,NGN 7450.00,NGN 558.75,8008.75,NGN,PAID
INV-003081,WO-003512,CUST00568,2025-01-26 20:01:49,351926.23,"26,394.47","378,320.70",NGN,partial
INV-003082,WO-003513,CUST00675,2026-03-03 19:08:19,NGN 15300.00,NGN 1147.50,16447.50,NGN,paid
INV-003083,WO-003514,CUST00282,02/11/2024,"NGN44,448.07",3333.60,47781.67,NGN,paid
INV-003084,WO-003515,CUST02237,1782783112000,"NGN898,068.87","67,355.17","NGN965,424.04",NGN,partial
INV-003085,WO-003516,CUST00018,1734457881000,NGN 197810.86,NGN 14835.81,"NGN212,646.67",NGN,paid
INV-003086,WO-003519,CUST01134,2025-08-03 16:34:07,264646.87,NGN 19848.52,"284,495.39",NGN,partial
INV-003087,WO-003520,CUST01120,2025-09-15 22:58:00,"545,691.45",40926.86,NGN 586618.31,NGN,UNPAID
INV-003088,WO-003521,CUST00011,20/05/2026,NGN 10360.00,NGN777.00,"11,137.00",NGN,paid
INV-003089,WO-003522,CUST01185,05/05/2026,"489,874.80","NGN36,740.61",526615.41,NGN,PAID
INV-003090,WO-003523,CUST00897,1764310399000,640906.26,48067.97,"688,974.23",NGN,UNPAID
INV-003091,WO-003524,CUST00716,1765078498000,65231.88,4892.39,NGN 70124.27,NGN,paid
INV-003092,WO-003525,CUST01125,20/11/2025,"279,550.92",NGN 20966.32,"NGN300,517.24",NGN,paid
INV-003093,WO-003526,CUST00310,2026-05-19 13:34:54,NGN 1570814.91,117811.12,"NGN1,688,626.03",NGN,paid
INV-003094,WO-003527,CUST01188,2025-06-24 02:36:20,"375,372.76",NGN 28152.96,"NGN403,525.72",NGN,partial
INV-003095,WO-003528,CUST00128,1733675814000,NGN 784973.89,58873.04,843846.93,NGN,PAID
INV-003096,WO-003529,CUST00477,22/01/2026,209819.93,NGN 15736.50,"NGN225,556.43",NGN,written_off
INV-003097,WO-003530,CUST00285,2024-09-21 03:35:27,"NGN411,981.16",NGN 30898.59,NGN 442879.75,NGN,paid
INV-003098,WO-003531,CUST00543,1740223947000,"NGN620,281.26",NGN 46521.09,666802.35,NGN,partial
INV-003099,WO-003533,CUST00726,29/10/2025,"NGN51,001.53","3,825.11","54,826.64",NGN,unpaid
INV-003100,WO-003534,CUST00796,1759680507000,2800.00,210.00,3010.00,NGN,paid
INV-003101,WO-003535,CUST00754,1773640821000,NGN 587093.94,"NGN44,032.05","NGN631,125.99",NGN,paid
INV-003102,WO-003537,CUST00487,02/04/2025,NGN 326104.02,24457.80,"350,561.82",NGN,PAID
INV-003103,WO-003538,CUST00315,05/01/2026,298933.30,"NGN22,420.00","NGN321,353.30",NGN,UNPAID
INV-003104,WO-003539,CUST00842,17/06/2025,NGN 466547.20,NGN 34991.04,"501,538.24",NGN,PAID
INV-003105,WO-003540,CUST00636,2026-08-24 08:55:05,589670.65,"44,225.30",NGN 633895.95,NGN,paid
INV-003106,WO-003541,CUST00219,2025-09-25 17:04:05,NGN 862563.24,"NGN64,692.24",927255.48,NGN,unpaid
INV-003107,WO-003542,CUST00665,1727275102000,NGN 6125.00,NGN 459.38,"NGN6,584.38",NGN,partial
INV-003108,WO-003543,CUST01052,1755027085000,153256.23,NGN 11494.22,"NGN164,750.45",NGN,UNPAID
INV-003109,WO-003544,CUST00573,2026-01-08 05:25:44,144462.01,"NGN10,834.65","155,296.66",NGN,partial
INV-003110,WO-003545,CUST00557,1749288907000,"NGN1,109,855.82","83,239.19","1,193,095.01",NGN,unpaid
INV-003111,WO-003546,CUST00608,2025-05-20 07:41:48,NGN 18518.03,"1,388.85","19,906.88",NGN,partial
INV-003112,WO-003547,CUST01089,06/06/2026,"1,164,285.67","NGN87,321.43","1,251,607.10",NGN,partial
INV-003113,WO-003548,CUST00361,2025-10-06 04:33:56,NGN 2443576.16,183268.21,"NGN2,626,844.37",NGN,paid
INV-003114,WO-003549,CUST00099,2026-01-19 01:33:06,"97,287.98","7,296.60","104,584.58",NGN,paid
INV-003115,WO-003550,CUST00738,1752875777000,NGN 712475.93,53435.70,NGN 765911.63,NGN,paid
INV-003116,WO-003551,CUST00892,1739215706000,NGN 8120.00,NGN609.00,"8,729.00",NGN,paid
INV-003117,WO-003552,CUST00129,1779090163000,"NGN23,325.00","NGN1,749.38",25074.38,NGN,paid
INV-003118,WO-003553,CUST00010,01/04/2025,NGN 838428.85,62882.16,"NGN901,311.01",NGN,paid
INV-003119,WO-003554,CUST00515,2026-05-29 03:44:31,"NGN470,463.73","NGN35,284.78",505748.51,NGN,PAID
INV-003120,WO-003555,CUST00678,2025-03-06 22:40:33,"542,180.95","40,663.57",NGN 582844.52,NGN,paid
INV-003121,WO-003557,CUST00184,1763319460000,"2,625.00",196.88,"2,821.88",NGN,paid
INV-003122,WO-003558,CUST00959,1760319589000,"NGN90,575.59",NGN 6793.17,"NGN97,368.76",NGN,partial
INV-003123,WO-003559,CUST00765,2025-07-18 14:33:27,348046.98,"NGN26,103.52",374150.50,NGN,unpaid
INV-003124,WO-003560,CUST01974,2026-08-04 11:43:54,NGN 25068.51,1880.14,"26,948.65",NGN,paid
INV-003125,WO-003561,CUST00697,29/11/2024,NGN 117226.88,8792.02,NGN 126018.90,NGN,paid
INV-003126,WO-003563,CUST00166,1732375968000,NGN 8785.00,NGN658.88,"NGN9,443.88",NGN,paid
INV-003127,WO-003565,CUST00385,2025-04-06 22:37:02,"NGN3,275.00",NGN 245.62,"3,520.62",NGN,partial
INV-003128,WO-003566,CUST01161,1765533050000,800018.67,"NGN60,001.40","NGN860,020.07",NGN,PAID
INV-003129,WO-003567,CUST02139,1778309619000,NGN 481393.75,NGN 36104.53,517498.28,NGN,unpaid
INV-003130,WO-003568,CUST01549,07/04/2025,6020.00,NGN 451.50,6471.50,NGN,paid
INV-003131,WO-003569,CUST01039,1768466794000,"NGN149,265.10",NGN 11194.88,"NGN160,459.98",ngn,unpaid
INV-003132,WO-003570,CUST00314,1778237776000,"27,000.00","2,025.00","29,025.00",NGN,PAID
INV-003133,WO-003571,CUST00417,26/07/2026,"1,111,551.37",83366.35,"NGN1,194,917.72",NGN,partial
INV-003134,WO-003572,CUST00605,2025-10-15 14:06:15,NGN 2700.00,NGN 202.50,NGN 2902.50,NGN,paid
INV-003135,WO-003573,CUST00007,2025-07-03 22:22:24,"19,588.06","1,469.10","21,057.16",NGN,PAID
INV-003136,WO-003574,CUST00247,1776890541000,"NGN766,618.79",57496.41,"824,115.20",NGN,UNPAID
INV-003137,WO-003575,CUST00201,1754551326000,15025.00,1126.88,NGN 16151.88,NGN,paid
INV-003138,WO-003577,CUST00123,2025-01-02 21:33:24,"NGN14,310.00","NGN1,073.25",NGN 15383.25,ngn,paid
INV-003139,WO-003578,CUST00463,21/04/2026,"NGN75,190.58","NGN5,639.29","NGN80,829.87",ngn,written_off
INV-003140,WO-003579,CUST00639,10/12/2025,183636.23,"NGN13,772.72",197408.95,NGN,paid
INV-003141,WO-003580,CUST02355,1783621937000,185446.39,13908.48,"NGN199,354.87",NGN,PAID
INV-003142,WO-003582,CUST00006,1758918077000,"NGN275,441.75","NGN20,658.13","296,099.88",NGN,paid
INV-003143,WO-003583,CUST00998,2025-10-18 22:18:21,"NGN212,597.41","15,944.81",228542.22,NGN,paid
INV-003144,WO-003584,CUST00113,1726284818000,"NGN1,128,244.39",NGN 84618.33,NGN 1212862.72,NGN,partial
INV-003145,WO-003585,CUST00153,25/09/2025,NGN 366093.80,NGN 27457.03,393550.83,NGN,paid
INV-003146,WO-003587,CUST00879,2026-04-16 11:55:16,NGN 78550.00,"5,891.25",NGN 84441.25,ngn,paid
INV-003147,WO-003588,CUST01604,1736266802000,"35,748.07",2681.10,"NGN38,429.17",ngn,paid
INV-003148,WO-003590,CUST00748,04/02/2026,NGN 347182.23,26038.67,373220.90,NGN,paid
INV-003149,WO-003591,CUST00442,2024-09-29 09:56:48,"NGN831,669.19","62,375.19",NGN 894044.38,ngn,PAID
INV-003150,WO-003593,CUST00930,1778621578000,"NGN15,570.00","NGN1,167.75","NGN16,737.75",NGN,unpaid
INV-003151,WO-003594,CUST00617,2026-08-28 17:08:43,NGN 359234.32,26942.57,NGN 386176.89,NGN,PAID
INV-003152,WO-003596,CUST00367,1760125331000,"626,648.82","46,998.66","673,647.48",NGN,paid
INV-003153,WO-003597,CUST00360,1775450132000,NGN 691503.99,NGN 51862.80,"743,366.79",NGN,paid
INV-003154,WO-003598,CUST00833,08/07/2026,"105,379.78","7,903.48","113,283.26",NGN,paid
INV-003155,WO-003599,CUST02334,2026-03-10 09:13:09,NGN 237169.44,"17,787.71",254957.15,NGN,PAID
INV-003156,WO-003600,CUST01005,29/03/2025,"NGN494,074.80",NGN 37055.61,531130.41,NGN,paid
INV-003157,WO-003601,CUST00537,1782836087000,"25,275.00",1895.62,NGN 27170.62,NGN,partial
INV-003158,WO-003602,CUST00034,1731786721000,"69,653.40","5,224.00",NGN 74877.40,NGN,PAID
INV-003159,WO-003603,CUST00073,2025-05-31 01:38:02,"NGN280,695.72","21,052.18","NGN301,747.90",NGN,paid
INV-003160,WO-003604,CUST00735,21/09/2025,"127,906.23",NGN 9592.97,NGN 137499.20,NGN,paid
INV-003161,WO-003605,CUST00617,1751941302000,NGN 658922.43,49419.18,708341.61,NGN,UNPAID
INV-003162,WO-003606,CUST00742,2025-02-04 19:25:23,1608294.37,120622.08,"NGN1,728,916.45",NGN,paid
INV-003163,WO-003607,CUST00366,2025-04-23 12:32:46,"NGN860,109.28",NGN 64508.20,924617.48,NGN,partial
INV-003164,WO-003608,CUST00794,2024-11-22 15:25:24,1035801.42,"77,685.11","NGN1,113,486.53",NGN,partial
INV-003165,WO-003609,CUST00033,1742452545000,57962.47,"NGN4,347.19","62,309.66",NGN,paid
INV-003166,WO-003610,CUST01169,1782112508000,356887.35,26766.55,"383,653.90",NGN,PAID
INV-003167,WO-003611,CUST01327,23/02/2026,NGN 130502.07,"NGN9,787.65",NGN 140289.72,NGN,paid
INV-003168,WO-003612,CUST01115,15/02/2025,"NGN5,950.00",NGN 446.25,6396.25,ngn,paid
INV-003169,WO-003614,CUST01057,1727471865000,NGN 269349.00,NGN 20201.18,"NGN289,550.18",NGN,paid
INV-003170,WO-003615,CUST00972,1756486257000,NGN 356111.62,"NGN26,708.37",382819.99,NGN,paid
INV-003171,WO-003617,CUST00865,1758003464000,562430.62,42182.30,"NGN604,612.92",NGN,partial
INV-003172,WO-003620,CUST01047,04/04/2025,416432.21,31232.42,"NGN447,664.63",ngn,PAID
INV-003173,WO-003621,CUST00889,1770474793000,217067.30,"NGN16,280.05",233347.35,NGN,paid
INV-003174,WO-003622,CUST00797,2025-02-24 20:47:05,"NGN40,800.00",NGN 3060.00,43860.00,ngn,partial
INV-003175,WO-003623,CUST01018,1774620230000,NGN 455413.48,NGN 34156.01,"489,569.49",NGN,paid
INV-003176,WO-003624,CUST00810,02/04/2025,"NGN50,603.99",NGN 3795.30,54399.29,NGN,UNPAID
INV-003177,WO-003625,CUST00597,26/02/2026,"820,425.86",61531.94,881957.80,NGN,UNPAID
INV-003178,WO-003626,CUST02033,1762971481000,"7,550.00",NGN566.25,"NGN8,116.25",NGN,PAID
INV-003179,WO-003628,CUST00038,1785042032000,"609,484.64",NGN 45711.35,"NGN655,195.99",NGN,paid
INV-003180,WO-003629,CUST02022,1756394059000,"474,374.26",NGN 35578.07,"NGN509,952.33",NGN,paid
INV-003181,WO-003630,CUST00523,23/07/2025,"628,585.47","NGN47,143.91","NGN675,729.38",ngn,paid
INV-003182,WO-003631,CUST00059,1740279619000,1022024.62,"NGN76,651.85","1,098,676.47",NGN,PAID
INV-003183,WO-003632,CUST00448,2026-04-30 15:16:18,"275,158.43","NGN20,636.88","295,795.31",NGN,PAID
INV-003184,WO-003633,CUST00935,17/06/2026,"3,325.00",NGN 249.38,"NGN3,574.38",ngn,paid
INV-003185,WO-003634,CUST00981,1766005876000,"609,798.88",45734.92,NGN 655533.80,NGN,paid
INV-003186,WO-003635,CUST01689,1753768353000,"328,206.33","24,615.47","352,821.80",NGN,PAID
INV-003187,WO-003636,CUST00915,03/12/2024,"401,776.27",NGN 30133.22,"431,909.49",NGN,paid
INV-003188,WO-003638,CUST00649,02/05/2026,"4,690.00",NGN 351.75,"5,041.75",NGN,partial
INV-003189,WO-003639,CUST00828,2025-06-01 05:59:11,"19,200.00",NGN 1440.00,NGN 20640.00,NGN,partial
INV-003190,WO-003640,CUST00662,1760513937000,48150.00,"NGN3,611.25","NGN51,761.25",NGN,paid
INV-003191,WO-003641,CUST01122,14/11/2025,"NGN310,662.78",23299.71,333962.49,ngn,paid
INV-003192,WO-003643,CUST00832,2026-02-15 21:41:29,"2,925.00",219.38,"3,144.38",NGN,paid
INV-003193,WO-003644,CUST00178,2024-11-14 00:09:07,406148.23,30461.12,"436,609.35",NGN,paid
INV-003194,WO-003645,CUST00462,06/06/2026,"360,794.36","27,059.58",387853.94,NGN,PAID
INV-003195,WO-003646,CUST00738,2026-06-02 08:53:07,83057.67,6229.32,"89,286.99",NGN,PAID
INV-003196,WO-003648,CUST01017,2026-03-06 20:49:30,NGN 19950.00,NGN 1496.25,"21,446.25",NGN,partial
INV-003197,WO-003649,CUST00481,02/06/2026,712925.78,53469.43,"NGN766,395.21",NGN,partial
INV-003198,WO-003650,CUST00679,1727562445000,NGN 989706.72,"74,228.00",NGN 1063934.72,NGN,written_off
INV-003199,WO-003651,CUST02300,13/10/2024,NGN 97292.25,7296.92,"104,589.17",NGN,written_off
INV-003200,WO-003652,CUST00983,22/11/2025,10875.00,815.62,11690.62,NGN,partial
INV-003201,WO-003654,CUST00104,2024-09-14 04:31:14,NGN 173141.67,12985.62,"186,127.29",NGN,PAID
INV-003202,WO-003655,CUST01128,1749674682000,NGN 905951.34,67946.35,"973,897.69",NGN,partial
INV-003203,WO-003656,CUST00678,06/08/2026,918896.98,"68,917.27","NGN987,814.25",NGN,paid
INV-003204,WO-003657,CUST00239,26/04/2025,454908.10,"NGN34,118.11",489026.21,NGN,partial
INV-003205,WO-003658,CUST01181,1727833531000,"841,318.68","63,098.90",NGN 904417.58,NGN,PAID
INV-003206,WO-003659,CUST00088,2025-08-18 08:42:54,"NGN566,669.51",NGN 42500.21,"609,169.72",NGN,paid
INV-003207,WO-003660,CUST00704,18/11/2025,"NGN682,855.95","51,214.20",734070.15,NGN,PAID
INV-003208,WO-003661,CUST00588,1739481728000,NGN 633180.73,"47,488.55",680669.28,NGN,PAID
INV-003209,WO-003662,CUST00342,09/07/2026,"648,056.99","48,604.27",NGN 696661.26,NGN,PAID
INV-003210,WO-003663,CUST01048,04/10/2024,"NGN690,576.60","NGN51,793.24",742369.84,NGN,UNPAID
INV-003211,WO-003666,CUST01064,22/04/2025,NGN 1325.00,NGN 99.38,1424.38,NGN,paid
INV-003212,WO-003667,CUST00151,10/08/2026,"7,290.00",546.75,"NGN7,836.75",NGN,unpaid
INV-003213,WO-003668,CUST01183,2025-04-10 19:30:51,NGN 167521.53,NGN 12564.11,180085.64,NGN,paid
INV-003214,WO-003669,CUST00639,06/11/2024,803863.05,60289.73,"864,152.78",NGN,paid
INV-003215,WO-003670,CUST00035,04/11/2025,"NGN275,683.28",NGN 20676.25,"NGN296,359.53",NGN,written_off
INV-003216,WO-003671,CUST00327,05/07/2025,"462,874.72","NGN34,715.60","497,590.32",NGN,paid
INV-003217,WO-003672,CUST01160,2024-11-22 08:57:05,"1,061,833.81",NGN 79637.54,NGN 1141471.35,ngn,partial
INV-003218,WO-003673,CUST00974,18/04/2026,"783,793.95","NGN58,784.55",NGN 842578.50,NGN,UNPAID
INV-003219,WO-003674,CUST01289,2025-05-27 17:07:29,"1,051,289.03",78846.68,"1,130,135.71",NGN,paid
INV-003220,WO-003675,CUST00622,1758589371000,NGN 473802.32,"35,535.17",NGN 509337.49,NGN,PAID
INV-003221,WO-003676,CUST00600,2026-02-27 02:23:25,NGN 1008500.15,75637.51,NGN 1084137.66,NGN,unpaid
INV-003222,WO-003677,CUST00342,1741861112000,NGN 51654.03,NGN 3874.05,"55,528.08",NGN,paid
INV-003223,WO-003678,CUST00909,13/05/2026,415425.27,NGN 31156.90,NGN 446582.17,NGN,paid
INV-003224,WO-003679,CUST00184,13/09/2024,NGN 219064.97,"NGN16,429.87","NGN235,494.84",NGN,paid
INV-003225,WO-003680,CUST00774,1729855932000,"284,320.18",NGN 21324.01,"NGN305,644.19",NGN,paid
INV-003226,WO-003681,CUST00867,21/02/2025,"NGN253,993.71","NGN19,049.53","273,043.24",NGN,paid
INV-003227,WO-003683,CUST00164,30/08/2026,517739.49,NGN 38830.46,NGN 556569.95,NGN,paid
INV-003228,WO-003684,CUST00494,2025-01-31 18:45:55,NGN 343334.57,"NGN25,750.09","369,084.66",NGN,PAID
INV-003229,WO-003686,CUST00033,02/03/2026,"818,559.96","61,392.00",879951.96,NGN,paid
INV-003230,WO-003687,CUST00742,1729459810000,5180.00,388.50,NGN 5568.50,NGN,partial
INV-003231,WO-003689,CUST01194,30/08/2025,NGN 594527.82,"NGN44,589.59","639,117.41",NGN,paid
INV-003232,WO-003690,CUST01538,2025-03-01 05:08:26,NGN 8375.00,NGN628.12,9003.12,NGN,UNPAID
INV-003233,WO-003691,CUST00834,1771567354000,"3,375.00",253.12,"3,628.12",NGN,PAID
INV-003234,WO-003693,CUST00321,30/11/2024,NGN 250405.33,"18,780.40",269185.73,NGN,paid
INV-003235,WO-003694,CUST00311,04/07/2025,"416,873.04",NGN 31265.48,"NGN448,138.52",ngn,paid
INV-003236,WO-003695,CUST01058,1782134763000,"NGN319,790.45","23,984.28",NGN 343774.73,NGN,paid
INV-003237,WO-003696,CUST00260,1785486761000,"NGN473,082.33",NGN 35481.17,508563.50,NGN,partial
INV-003238,WO-003697,CUST00394,21/07/2025,NGN 579720.75,"43,479.06",NGN 623199.81,ngn,paid
INV-003239,WO-003698,CUST00097,1773724399000,"18,300.00",1372.50,19672.50,NGN,PAID
INV-003240,WO-003700,CUST00263,1777429632000,"4,270.00",320.25,"NGN4,590.25",NGN,paid
INV-003241,WO-003701,CUST00023,2026-07-26 04:20:28,NGN 89331.98,"6,699.90","96,031.88",NGN,partial
INV-003242,WO-003702,CUST01125,2026-06-25 11:44:46,414820.46,"NGN31,111.53",NGN 445931.99,NGN,UNPAID
INV-003243,WO-003703,CUST00877,1745994440000,NGN 867637.50,"65,072.81","NGN932,710.31",NGN,paid
INV-003244,WO-003704,CUST00569,2025-06-17 06:16:50,"34,398.41",NGN 2579.88,"36,978.29",NGN,unpaid
INV-003245,WO-003705,CUST00887,10/08/2026,117600.91,NGN 8820.07,NGN 126420.98,NGN,PAID
INV-003246,WO-003706,CUST01156,1772510753000,"NGN300,015.86","22,501.19",NGN 322517.05,NGN,paid
INV-003247,WO-003707,CUST00741,28/05/2025,"3,870.00",NGN 290.25,4160.25,NGN,paid
INV-003248,WO-003708,CUST00109,2026-07-31 01:33:04,488240.03,36618.00,"524,858.03",NGN,PAID
INV-003249,WO-003709,CUST01154,2024-12-21 13:23:57,"532,594.28","39,944.57",NGN 572538.85,NGN,unpaid
INV-003250,WO-003710,CUST00039,2025-12-13 08:03:35,101298.69,7597.40,"NGN108,896.09",NGN,PAID
INV-003251,WO-003711,CUST00664,1769036630000,"NGN175,415.96","NGN13,156.20",188572.16,NGN,partial
INV-003252,WO-003712,CUST00895,2024-09-26 13:25:52,NGN 640912.72,NGN 48068.45,"688,981.17",NGN,UNPAID
INV-003253,WO-003713,CUST00275,11/05/2025,"NGN260,506.47",NGN 19537.98,280044.45,NGN,unpaid
INV-003254,WO-003714,CUST00335,10/02/2025,"NGN7,950.00",NGN596.25,"NGN8,546.25",NGN,paid
INV-003255,WO-003715,CUST00523,2025-01-29 10:42:36,"407,343.77",NGN 30550.78,"437,894.55",NGN,paid
INV-003256,WO-003716,CUST00055,1774890098000,497867.55,37340.07,NGN 535207.62,NGN,paid
INV-003257,WO-003717,CUST00003,1775402965000,NGN 583865.79,"NGN43,789.93","627,655.72",NGN,PAID
INV-003258,WO-003718,CUST00088,1777818826000,NGN 114586.75,8594.01,NGN 123180.76,ngn,paid
INV-003259,WO-003719,CUST00211,27/07/2025,NGN 589133.35,"NGN44,185.00","NGN633,318.35",NGN,unpaid
INV-003260,WO-003720,CUST00287,27/04/2025,"NGN479,241.15",NGN 35943.09,"515,184.24",ngn,UNPAID
INV-003261,WO-003721,CUST01078,14/05/2025,"12,775.00",NGN958.12,"NGN13,733.12",NGN,paid
INV-003262,WO-003722,CUST00231,1728290090000,"NGN454,134.23",34060.07,"488,194.30",NGN,paid
INV-003263,WO-003723,CUST02386,18/07/2026,213660.76,"NGN16,024.56",229685.32,NGN,UNPAID
INV-003264,WO-003724,CUST00557,24/03/2026,"306,893.21",NGN 23016.99,"329,910.20",NGN,unpaid
INV-003265,WO-003725,CUST01174,08/06/2025,NGN 74058.20,5554.36,"79,612.56",NGN,paid
INV-003266,WO-003726,CUST00127,1740796500000,"NGN408,785.09","30,658.88","NGN439,443.97",NGN,paid
INV-003267,WO-003727,CUST00680,2026-08-01 23:38:59,"NGN258,090.39",NGN 19356.78,"NGN277,447.17",NGN,UNPAID
INV-003268,WO-003728,CUST00503,1737188885000,"NGN25,457.68",NGN 1909.33,"27,367.01",NGN,PAID
INV-003269,WO-003729,CUST00295,27/11/2024,"267,677.08","NGN20,075.78","NGN287,752.86",NGN,PAID
INV-003270,WO-003730,CUST00513,01/01/2026,"NGN437,438.32","32,807.87",470246.19,NGN,paid
INV-003271,WO-003731,CUST00842,19/10/2024,566421.55,"42,481.62",608903.17,NGN,paid
INV-003272,WO-003732,CUST01070,17/11/2024,"NGN1,599,536.97","119,965.27","NGN1,719,502.24",NGN,partial
INV-003273,WO-003733,CUST00282,2026-04-25 20:12:54,249824.07,18736.80,"NGN268,560.87",NGN,paid
INV-003274,WO-003734,CUST00036,1776421843000,60489.36,"NGN4,536.70",NGN 65026.06,NGN,partial
INV-003275,WO-003735,CUST00762,23/03/2026,"NGN1,680,825.45","NGN126,061.91",1806887.36,NGN,paid
INV-003276,WO-003736,CUST01194,2026-06-29 13:46:00,NGN 4130.00,NGN 309.75,"NGN4,439.75",NGN,unpaid
INV-003277,WO-003737,CUST00589,2025-03-31 08:33:37,NGN 3100.00,NGN 232.50,"3,332.50",ngn,PAID
INV-003278,WO-003738,CUST01591,1769678745000,NGN 321404.02,NGN 24105.30,NGN 345509.32,NGN,partial
INV-003279,WO-003739,CUST00206,16/04/2025,"NGN1,246,396.20","NGN93,479.72",1339875.92,NGN,paid
INV-003280,WO-003740,CUST01086,1770080920000,NGN 818256.35,NGN 61369.23,879625.58,NGN,paid
INV-003281,WO-003741,CUST00467,07/11/2024,83136.88,"NGN6,235.27","89,372.15",NGN,PAID
INV-003282,WO-003742,CUST00089,14/10/2024,"554,599.84",NGN 41594.99,NGN 596194.83,ngn,unpaid
INV-003283,WO-003744,CUST00458,29/11/2024,194475.13,NGN 14585.63,"NGN209,060.76",NGN,paid
INV-003284,WO-003745,CUST00435,2024-10-24 11:44:42,290327.59,NGN 21774.57,312102.16,NGN,UNPAID
INV-003285,WO-003746,CUST00620,2026-03-28 17:33:54,NGN 336731.01,"NGN25,254.83","361,985.84",NGN,PAID
INV-003286,WO-003747,CUST00195,1748553798000,22800.00,"1,710.00","NGN24,510.00",NGN,unpaid
INV-003287,WO-003748,CUST00845,1731137069000,"470,674.80","NGN35,300.61",505975.41,NGN,paid
INV-003288,WO-003749,CUST00548,1782307998000,"NGN171,615.38","NGN12,871.15",NGN 184486.53,NGN,PAID
INV-003289,WO-003750,CUST00073,1757290281000,"1,723,196.73","129,239.76","1,852,436.49",NGN,UNPAID
INV-003290,WO-003751,CUST00842,29/07/2025,"90,474.90","6,785.62",97260.52,NGN,UNPAID
INV-003291,WO-003753,CUST00015,1741706623000,165635.70,NGN 12422.68,NGN 178058.38,NGN,paid
INV-003292,WO-003754,CUST00382,2026-06-02 23:59:23,NGN 221494.19,"NGN16,612.06",NGN 238106.25,NGN,partial
INV-003293,WO-003755,CUST00906,2026-01-05 18:35:41,"NGN473,964.49",35547.34,"509,511.83",NGN,partial
INV-003294,WO-003756,CUST00261,22/03/2026,336172.99,"NGN25,212.97","NGN361,385.96",ngn,UNPAID
INV-003295,WO-003757,CUST00227,15/11/2024,"1,277,737.78","95,830.33","1,373,568.11",NGN,UNPAID
INV-003296,WO-003758,CUST00473,2025-12-07 15:36:37,"152,295.13",NGN 11422.14,NGN 163717.27,ngn,partial
INV-003297,WO-003759,CUST00279,14/04/2026,NGN 99365.00,"7,452.38","NGN106,817.38",NGN,partial
INV-003298,WO-003760,CUST00869,2025-04-25 01:55:42,NGN 9905.00,NGN 742.88,10647.88,NGN,PAID
INV-003299,WO-003761,CUST00367,24/05/2026,NGN 15855.00,"1,189.12",NGN 17044.12,NGN,partial
INV-003300,WO-003763,CUST00956,18/09/2025,"NGN62,350.97","NGN4,676.32",NGN 67027.29,NGN,paid
INV-003301,WO-003766,CUST01000,2025-10-03 07:44:48,"NGN906,331.40","67,974.86","NGN974,306.26",NGN,partial
INV-003302,WO-003767,CUST00460,1729726485000,"295,325.21",NGN 22149.39,"NGN317,474.60",NGN,paid
INV-003303,WO-003768,CUST00784,1747526224000,NGN 631533.99,"NGN47,365.05",678899.04,NGN,written_off
INV-003304,WO-003769,CUST00574,12/09/2025,"NGN357,520.64",26814.05,NGN 384334.69,NGN,PAID
INV-003305,WO-003770,CUST01139,24/11/2024,"NGN129,745.96","NGN9,730.95",139476.91,NGN,paid
INV-003306,WO-003771,CUST00951,2025-06-06 13:22:30,"102,443.86",NGN 7683.29,NGN 110127.15,NGN,paid
INV-003307,WO-003772,CUST00058,2026-05-23 18:32:31,"1,769,071.82","NGN132,680.39",1901752.21,ngn,paid
INV-003308,WO-003773,CUST00300,22/01/2026,"387,474.60",NGN 29060.59,NGN 416535.19,NGN,PAID
INV-003309,WO-003774,CUST00148,1781266575000,"NGN600,561.14",45042.09,NGN 645603.23,NGN,PAID
INV-003310,WO-003775,CUST00691,21/07/2026,35473.06,NGN 2660.48,NGN 38133.54,NGN,partial
INV-003311,WO-003776,CUST00807,18/04/2026,"NGN906,869.68","NGN68,015.23","974,884.91",NGN,PAID
INV-003312,WO-003777,CUST00392,15/11/2024,"6,025.00",451.88,NGN 6476.88,NGN,partial
INV-003313,WO-003778,CUST01097,1739442733000,"NGN620,821.41",46561.61,"NGN667,383.02",ngn,paid
INV-003314,WO-003779,CUST00396,1776654361000,"NGN32,481.72",2436.13,"34,917.85",NGN,paid
INV-003315,WO-003780,CUST00888,1745870084000,NGN 284153.09,"NGN21,311.48","305,464.57",NGN,partial
INV-003316,WO-003781,CUST00632,14/10/2025,67331.50,"5,049.86",NGN 72381.36,NGN,UNPAID
INV-003317,WO-003782,CUST00815,06/10/2024,17955.00,"NGN1,346.62",19301.62,NGN,PAID
INV-003318,WO-003783,CUST01979,1741992087000,78363.02,"NGN5,877.23",NGN 84240.25,NGN,paid
INV-003319,WO-003784,CUST00106,18/01/2026,"NGN800,262.59",NGN 60019.69,"NGN860,282.28",NGN,paid
INV-003320,WO-003785,CUST00751,1764945644000,NGN 15900.00,NGN 1192.50,"NGN17,092.50",NGN,PAID
INV-003321,WO-003786,CUST00557,1766120965000,"NGN784,530.28",58839.77,"843,370.05",NGN,paid
INV-003322,WO-003787,CUST00882,2025-10-08 19:46:26,844043.09,NGN 63303.23,"907,346.32",NGN,paid
INV-003323,WO-003788,CUST02300,27/03/2026,"3,800.00",285.00,"NGN4,085.00",NGN,written_off
INV-003324,WO-003789,CUST00824,1750796963000,359744.67,26980.85,386725.52,NGN,written_off
INV-003325,WO-003790,CUST00679,1748110075000,NGN 74373.35,"NGN5,578.00",79951.35,NGN,partial
INV-003326,WO-003791,CUST00039,2026-02-16 13:27:01,"83,649.41",NGN 6273.71,"89,923.12",ngn,PAID
INV-003327,WO-003792,CUST00899,2026-06-25 15:59:48,NGN 692754.59,NGN 51956.59,"744,711.18",NGN,partial
INV-003328,WO-003793,CUST00364,1773256504000,NGN 163044.03,12228.30,175272.33,NGN,written_off
INV-003329,WO-003794,CUST00117,1746168339000,"NGN742,990.79","NGN55,724.31",NGN 798715.10,ngn,PAID
INV-003330,WO-003795,CUST00176,2026-01-29 18:12:39,"NGN87,834.18","NGN6,587.56","94,421.74",ngn,PAID
INV-003331,WO-003796,CUST00166,2026-06-10 07:37:34,"NGN112,367.25","8,427.54","NGN120,794.79",NGN,paid
INV-003332,WO-003797,CUST00791,1726487610000,NGN 169838.93,12737.92,182576.85,NGN,partial
INV-003333,WO-003798,CUST00584,1772551197000,720753.81,54056.54,"NGN774,810.35",NGN,PAID
INV-003334,WO-003799,CUST00173,1766803462000,1305427.71,NGN 97907.08,"NGN1,403,334.79",NGN,paid
INV-003335,WO-003800,CUST00611,2025-03-02 12:51:19,NGN 700905.22,"NGN52,567.89",753473.11,NGN,partial
INV-003336,WO-003801,CUST00136,1768691773000,NGN 813697.87,NGN 61027.34,"874,725.21",NGN,PAID
INV-003337,WO-003802,CUST00176,1732712215000,NGN 167315.29,12548.65,"179,863.94",NGN,paid
INV-003338,WO-003803,CUST00762,1735647497000,NGN 11250.85,NGN 843.81,NGN 12094.66,NGN,paid
INV-003339,WO-003804,CUST00893,15/03/2025,943359.33,NGN 70751.95,"1,014,111.28",NGN,paid
INV-003340,WO-003805,CUST01008,01/02/2025,"NGN10,080.00",756.00,NGN 10836.00,NGN,partial
INV-003341,WO-003806,CUST00363,1732645369000,6600.00,NGN495.00,7095.00,NGN,unpaid
INV-003342,WO-003807,CUST01053,2025-04-02 05:58:14,"NGN594,334.45",44575.08,"NGN638,909.53",NGN,paid
INV-003343,WO-003809,CUST01144,1774576829000,"647,421.87","48,556.64",NGN 695978.51,ngn,unpaid
INV-003344,WO-003810,CUST00949,2026-03-28 02:18:49,"167,828.17","12,587.11",NGN 180415.28,NGN,paid
INV-003345,WO-003811,CUST01025,23/07/2026,NGN 699102.63,52432.70,751535.33,NGN,paid
INV-003346,WO-003812,CUST01362,1785320356000,"NGN191,802.45",14385.18,206187.63,NGN,paid
INV-003347,WO-003813,CUST00230,25/06/2025,NGN 229884.29,"17,241.32",NGN 247125.61,NGN,paid
INV-003348,WO-003814,CUST00316,2025-08-30 05:23:37,"170,377.67",12778.32,183155.99,NGN,UNPAID
INV-003349,WO-003815,CUST00059,28/06/2025,"NGN3,925.00",NGN 294.38,NGN 4219.38,NGN,paid
INV-003350,WO-003816,CUST00363,2025-09-17 13:32:57,1800.00,NGN 135.00,"1,935.00",NGN,partial
INV-003351,WO-003817,CUST00530,1733494773000,888825.13,NGN 66661.88,"955,487.01",NGN,PAID
INV-003352,WO-003818,CUST00237,2025-01-21 22:55:59,"1,180,058.16","88,504.36",NGN 1268562.52,NGN,paid
INV-003353,WO-003819,CUST00966,2025-04-05 16:01:37,"NGN294,726.91",NGN 22104.52,"316,831.43",NGN,unpaid
INV-003354,WO-003820,CUST00874,2026-05-31 06:08:21,933007.35,NGN 69975.55,"1,002,982.90",NGN,unpaid
INV-003355,WO-003821,CUST00587,2025-06-19 08:30:38,"NGN4,950.00",NGN 371.25,5321.25,NGN,unpaid
INV-003356,WO-003823,CUST00211,27/08/2025,"NGN277,387.93",20804.09,"NGN298,192.02",NGN,paid
INV-003357,WO-003824,CUST01012,1727728549000,"NGN16,200.00","1,215.00",17415.00,NGN,paid
INV-003358,WO-003825,CUST02355,06/03/2026,"NGN73,519.26","NGN5,513.94",79033.20,NGN,UNPAID
INV-003359,WO-003827,CUST00124,2026-01-11 09:25:56,4775.00,358.12,"NGN5,133.12",NGN,PAID
INV-003360,WO-003828,CUST00050,2026-01-21 20:56:42,25525.00,"NGN1,914.38","NGN27,439.38",ngn,paid
INV-003361,WO-003830,CUST00073,14/03/2025,"NGN3,465.00",259.88,3724.88,NGN,unpaid
INV-003362,WO-003832,CUST00852,19/06/2025,"837,330.66","NGN62,799.80",NGN 900130.46,NGN,partial
INV-003363,WO-003833,CUST01114,1786069908000,1222202.72,"91,665.20",NGN 1313867.92,NGN,paid
INV-003364,WO-003834,CUST00022,1753770081000,"85,000.73",NGN 6375.06,NGN 91375.79,NGN,UNPAID
INV-003365,WO-003835,CUST01014,2026-08-17 22:17:45,"878,074.87",NGN 65855.62,"NGN943,930.49",NGN,paid
INV-003366,WO-003836,CUST00851,1781522379000,19495.00,1462.12,NGN 20957.12,NGN,PAID
INV-003367,WO-003837,CUST02115,1764201820000,"NGN84,017.98",NGN 6301.35,"NGN90,319.33",NGN,written_off
INV-003368,WO-003838,CUST01164,2025-12-20 14:12:26,"373,779.28",NGN 28033.45,401812.73,NGN,paid
INV-003369,WO-003839,CUST01186,1740174389000,"NGN32,699.00",NGN 2452.42,35151.42,NGN,unpaid
INV-003370,WO-003840,CUST00874,1757339695000,35050.00,"2,628.75",37678.75,NGN,paid
INV-003371,WO-003841,CUST00131,1752330095000,NGN 707681.13,"NGN53,076.08",760757.21,NGN,written_off
INV-003372,WO-003844,CUST00029,1740749185000,"41,658.39","NGN3,124.38",44782.77,NGN,paid
INV-003373,WO-003845,CUST00517,09/04/2026,NGN 685934.94,51445.12,737380.06,NGN,paid
INV-003374,WO-003846,CUST01164,1785324264000,575363.99,NGN 43152.30,618516.29,NGN,partial
INV-003375,WO-003848,CUST00949,14/10/2025,478270.39,"NGN35,870.28",NGN 514140.67,NGN,partial
INV-003376,WO-003849,CUST00586,2025-06-25 19:20:21,151797.35,NGN 11384.80,163182.15,NGN,PAID
INV-003377,WO-003850,CUST00470,2024-10-28 11:04:48,253378.16,19003.36,"272,381.52",NGN,unpaid
INV-003378,WO-003851,CUST00648,2026-01-02 02:59:53,NGN 1850.00,138.75,NGN 1988.75,NGN,PAID
INV-003379,WO-003852,CUST01538,2026-05-28 15:24:16,NGN 14000.00,NGN 1050.00,"NGN15,050.00",ngn,PAID
INV-003380,WO-003853,CUST00867,24/02/2025,NGN 2695.00,202.12,"2,897.12",NGN,written_off
INV-003381,WO-003854,CUST00763,2025-02-16 23:21:02,919579.80,NGN 68968.48,"NGN988,548.28",NGN,PAID
INV-003382,WO-003855,CUST00918,12/08/2026,320000.45,"NGN24,000.03","344,000.48",NGN,partial
INV-003383,WO-003856,CUST01848,20/09/2024,"300,880.20","22,566.02",323446.22,NGN,partial
INV-003384,WO-003858,CUST01145,2025-01-21 08:10:31,"NGN677,098.93",NGN 50782.42,727881.35,NGN,partial
INV-003385,WO-003859,CUST00914,2026-03-12 01:52:54,712863.12,NGN 53464.73,766327.85,ngn,paid
INV-003386,WO-003860,CUST00546,2025-12-02 23:49:51,NGN 333117.56,24983.82,NGN 358101.38,NGN,paid
INV-003387,WO-003862,CUST00854,25/11/2025,"534,222.89","40,066.72",NGN 574289.61,NGN,UNPAID
INV-003388,WO-003863,CUST00471,1726351615000,NGN 687004.22,51525.32,NGN 738529.54,NGN,paid
INV-003389,WO-003864,CUST02060,1768933982000,NGN 202448.52,NGN 15183.64,"217,632.16",NGN,paid
INV-003390,WO-003865,CUST00598,2024-12-30 22:45:13,"11,430.00",857.25,"12,287.25",NGN,paid
INV-003391,WO-003866,CUST00392,01/04/2026,NGN 6480.00,NGN486.00,NGN 6966.00,NGN,UNPAID
INV-003392,WO-003867,CUST00473,1774996413000,"NGN114,886.20",NGN 8616.47,"NGN123,502.67",NGN,PAID
INV-003393,WO-003868,CUST00592,1785921746000,"NGN376,184.22",28213.82,NGN 404398.04,NGN,PAID
INV-003394,WO-003869,CUST00461,1772078830000,NGN 62904.84,"4,717.86","NGN67,622.70",NGN,paid
INV-003395,WO-003870,CUST02343,2025-12-27 22:03:16,"NGN250,173.46","NGN18,763.01",NGN 268936.47,NGN,paid
INV-003396,WO-003871,CUST00172,1747840077000,NGN 988678.07,74150.86,"1,062,828.93",NGN,partial
INV-003397,WO-003873,CUST00309,2024-10-22 03:38:03,"NGN7,000.00",NGN525.00,"NGN7,525.00",NGN,UNPAID
INV-003398,WO-003874,CUST00789,2025-04-23 20:29:54,NGN 385818.80,"NGN28,936.41",414755.21,NGN,unpaid
INV-003399,WO-003875,CUST00369,2025-01-04 04:44:38,841841.40,63138.11,NGN 904979.51,NGN,paid
INV-003400,WO-003876,CUST01915,2024-10-22 13:09:48,582215.36,NGN 43666.15,625881.51,NGN,unpaid
INV-003401,WO-003877,CUST00759,2025-05-06 10:39:37,"6,300.00",NGN472.50,"6,772.50",NGN,PAID
INV-003402,WO-003878,CUST01047,1741059471000,"1,008,883.53","NGN75,666.27",1084549.80,NGN,PAID
INV-003403,WO-003879,CUST00056,2025-01-29 08:37:55,352703.16,26452.74,NGN 379155.90,NGN,paid
INV-003404,WO-003880,CUST00901,25/01/2026,NGN 670288.90,"50,271.67",720560.57,NGN,PAID
INV-003405,WO-003881,CUST00174,20/09/2025,"703,508.13",NGN 52763.11,NGN 756271.24,NGN,paid
INV-003406,WO-003882,CUST02389,2024-10-10 22:28:28,NGN 931627.06,"69,872.03","NGN1,001,499.09",NGN,paid
INV-003407,WO-003883,CUST00889,1755823085000,1030220.49,77266.54,"1,107,487.03",NGN,paid
INV-003408,WO-003884,CUST01022,2024-11-13 14:40:24,60058.19,"4,504.36",64562.55,NGN,paid
INV-003409,WO-003885,CUST01029,1755653838000,588713.67,"NGN44,153.52",NGN 632867.19,NGN,paid
INV-003410,WO-003886,CUST00766,2025-02-17 08:33:19,NGN 68442.14,5133.16,"NGN73,575.30",ngn,PAID
INV-003411,WO-003888,CUST01176,1730435154000,"NGN71,561.50","NGN5,367.11","76,928.61",NGN,paid
INV-003412,WO-003889,CUST01058,2026-05-26 11:07:37,75771.82,NGN 5682.89,"81,454.71",NGN,partial
INV-003413,WO-003890,CUST00620,08/01/2026,"441,109.15",NGN 33083.19,NGN 474192.34,NGN,paid
INV-003414,WO-003891,CUST00267,22/02/2025,"159,903.06","NGN11,992.73","NGN171,895.79",ngn,unpaid
INV-003415,WO-003892,CUST00922,24/03/2025,"NGN233,275.48","17,495.66","250,771.14",NGN,PAID
INV-003416,WO-003893,CUST00996,2024-09-26 08:30:00,152045.88,"11,403.44",NGN 163449.32,NGN,UNPAID
INV-003417,WO-003894,CUST00962,20/01/2025,NGN 88116.10,"NGN6,608.71","NGN94,724.81",NGN,UNPAID
INV-003418,WO-003895,CUST00125,2025-01-23 09:33:39,"NGN13,050.00",NGN978.75,NGN 14028.75,NGN,PAID
INV-003419,WO-003896,CUST00872,2025-04-22 16:15:27,NGN 35700.00,NGN 2677.50,"38,377.50",NGN,PAID
INV-003420,WO-003898,CUST00008,2026-03-22 11:36:08,116950.00,NGN 8771.25,NGN 125721.25,NGN,paid
INV-003421,WO-003899,CUST00022,12/09/2025,"NGN539,704.00","40,477.80",NGN 580181.80,NGN,paid
INV-003422,WO-003900,CUST00862,28/01/2025,279706.80,20978.01,"300,684.81",NGN,paid
INV-003423,WO-003901,CUST00910,2026-01-02 00:32:11,NGN 623128.77,"NGN46,734.66","NGN669,863.43",NGN,partial
INV-003424,WO-003903,CUST00478,21/06/2026,"NGN44,069.93","3,305.24","47,375.17",NGN,UNPAID
INV-003425,WO-003904,CUST00753,2025-07-08 19:30:01,9485.00,711.38,"10,196.38",NGN,partial
INV-003426,WO-003906,CUST00681,2025-05-04 14:53:19,NGN 186260.09,NGN 13969.51,NGN 200229.60,NGN,PAID
INV-003427,WO-003909,CUST00588,2025-11-16 06:16:54,"8,450.00",633.75,"9,083.75",NGN,paid
INV-003428,WO-003910,CUST00233,2026-04-29 08:03:57,495003.63,37125.27,"NGN532,128.90",NGN,paid
INV-003429,WO-003911,CUST01172,27/06/2025,NGN 429034.33,"32,177.57",NGN 461211.90,ngn,UNPAID
INV-003430,WO-003912,CUST00145,1732578823000,721780.05,"54,133.50",775913.55,NGN,partial
INV-003431,WO-003913,CUST01623,1783938968000,NGN 254434.38,"19,082.58",NGN 273516.96,NGN,paid
INV-003432,WO-003914,CUST00727,2025-03-04 11:45:29,"682,237.66",NGN 51167.82,NGN 733405.48,NGN,paid
INV-003433,WO-003915,CUST00911,09/09/2025,"341,083.84",NGN 25581.29,366665.13,NGN,unpaid
INV-003434,WO-003916,CUST02115,03/12/2024,NGN 171141.13,12835.58,"NGN183,976.71",NGN,paid
INV-003435,WO-003917,CUST00823,2026-07-02 16:30:13,"NGN413,481.82","NGN31,011.14","NGN444,492.96",NGN,paid
INV-003436,WO-003918,CUST00798,11/01/2025,"NGN33,843.41",2538.26,"36,381.67",NGN,paid
INV-003437,WO-003919,CUST01576,2024-09-22 15:30:35,"NGN455,045.41",NGN 34128.41,NGN 489173.82,NGN,paid
INV-003438,WO-003920,CUST00441,10/01/2025,"328,944.02",NGN 24670.80,"353,614.82",NGN,UNPAID
INV-003439,WO-003922,CUST00479,1756541620000,NGN 1550.00,116.25,"1,666.25",NGN,paid
INV-003440,WO-003923,CUST00718,1754413720000,8025.00,601.88,NGN 8626.88,NGN,paid
INV-003441,WO-003924,CUST00872,1753109776000,"202,844.58",NGN 15213.34,"NGN218,057.92",NGN,PAID
INV-003442,WO-003925,CUST00336,2025-12-25 19:21:01,NGN 354404.92,"NGN26,580.37",380985.29,ngn,PAID
INV-003443,WO-003926,CUST00335,2025-06-13 16:43:03,NGN 851343.40,"NGN63,850.76","NGN915,194.16",NGN,UNPAID
INV-003444,WO-003927,CUST00141,16/08/2026,185588.82,"13,919.16","NGN199,507.98",NGN,unpaid
INV-003445,WO-003928,CUST00278,31/08/2026,"NGN356,485.68","NGN26,736.43","383,222.11",NGN,written_off
INV-003446,WO-003929,CUST00654,2026-05-22 18:55:32,NGN 239831.56,"17,987.37","NGN257,818.93",NGN,paid
INV-003447,WO-003930,CUST00254,14/09/2025,"NGN271,965.23",20397.39,292362.62,NGN,paid
INV-003448,WO-003931,CUST00622,30/03/2025,"NGN1,250,561.05",93792.08,NGN 1344353.13,NGN,unpaid
INV-003449,WO-003933,CUST00749,1738422381000,"371,717.18","NGN27,878.79","NGN399,595.97",NGN,PAID
INV-003450,WO-003934,CUST00620,2024-12-08 21:04:31,1101162.70,"NGN82,587.20",1183749.90,NGN,UNPAID
INV-003451,WO-003935,CUST00628,2024-09-14 00:42:09,"453,361.80","34,002.14",NGN 487363.94,ngn,written_off
INV-003452,WO-003936,CUST00446,02/04/2026,790488.49,59286.64,NGN 849775.13,NGN,paid
INV-003453,WO-003937,CUST00186,1752206136000,481062.25,36079.67,"517,141.92",NGN,paid
INV-003454,WO-003938,CUST01080,07/03/2025,"17,550.00","1,316.25","18,866.25",NGN,paid
INV-003455,WO-003939,CUST00485,2026-03-27 09:47:08,"6,790.00",NGN 509.25,7299.25,NGN,unpaid
INV-003456,WO-003940,CUST00611,08/01/2025,"245,188.20","NGN18,389.12","NGN263,577.32",NGN,paid
INV-003457,WO-003941,CUST00229,30/11/2025,"525,316.30",NGN 39398.72,"564,715.02",NGN,paid
INV-003458,WO-003942,CUST00519,16/09/2024,223634.29,"NGN16,772.57",240406.86,NGN,PAID
INV-003459,WO-003943,CUST01183,2025-02-05 12:00:57,198150.00,"NGN14,861.25","213,011.25",NGN,PAID
INV-003460,WO-003944,CUST00655,2026-06-02 23:47:23,NGN 613322.55,"NGN45,999.19",NGN 659321.74,NGN,partial
INV-003461,WO-003947,CUST00688,2026-07-12 05:31:01,"433,758.92",NGN 32531.92,NGN 466290.84,NGN,partial
INV-003462,WO-003948,CUST00211,19/09/2025,"NGN6,050.00",453.75,NGN 6503.75,NGN,partial
INV-003463,WO-003949,CUST00390,1742598142000,13720.00,1029.00,14749.00,NGN,PAID
INV-003464,WO-003950,CUST00659,1743184091000,"NGN18,525.00","NGN1,389.38","19,914.38",NGN,paid
INV-003465,WO-003951,CUST00491,2026-03-03 20:19:47,70808.51,5310.64,NGN 76119.15,NGN,paid
INV-003466,WO-003952,CUST00377,2026-02-20 13:45:50,90125.08,NGN 6759.38,NGN 96884.46,NGN,PAID
INV-003467,WO-003954,CUST01153,01/08/2025,NGN 404113.72,"30,308.53",434422.25,NGN,paid
INV-003468,WO-003955,CUST01030,1760706660000,"NGN186,921.72",NGN 14019.13,200940.85,NGN,paid
INV-003469,WO-003956,CUST00075,1758210574000,NGN 50100.00,"3,757.50",NGN 53857.50,NGN,PAID
INV-003470,WO-003957,CUST00752,2024-09-11 20:11:00,"59,865.16","4,489.89","NGN64,355.05",NGN,unpaid
INV-003471,WO-003959,CUST00254,1741429541000,NGN 108631.96,8147.40,"116,779.36",ngn,paid
INV-003472,WO-003960,CUST00528,2024-09-25 23:34:01,"96,059.89","NGN7,204.49",103264.38,NGN,UNPAID
INV-003473,WO-003961,CUST00697,30/05/2026,NGN 6685.00,501.38,"NGN7,186.38",NGN,paid
INV-003474,WO-003962,CUST00128,2026-07-26 00:38:14,"46,325.00","NGN3,474.38","NGN49,799.38",NGN,paid
INV-003475,WO-003963,CUST00127,21/08/2026,523942.54,"NGN39,295.69",NGN 563238.23,NGN,paid
INV-003476,WO-003965,CUST00935,2026-04-05 03:06:24,NGN 907389.28,"NGN68,054.20","NGN975,443.48",NGN,unpaid
INV-003477,WO-003967,CUST00359,31/05/2026,NGN 94517.26,"7,088.79","101,606.05",NGN,partial
INV-003478,WO-003968,CUST02022,1759843604000,"412,814.09","NGN30,961.06","443,775.15",NGN,PAID
INV-003479,WO-003969,CUST01195,2026-02-09 11:19:43,"NGN4,725.00",NGN354.38,NGN 5079.38,NGN,UNPAID
INV-003480,WO-003970,CUST01100,14/08/2025,"NGN610,334.26","NGN45,775.07","NGN656,109.33",NGN,paid
INV-003481,WO-003971,CUST00403,2025-03-14 20:40:06,"NGN661,624.84",49621.86,"NGN711,246.70",NGN,paid
INV-003482,WO-003972,CUST00111,1766972496000,"NGN721,434.85","54,107.61",NGN 775542.46,NGN,partial
INV-003483,WO-003973,CUST01107,2026-07-20 13:35:56,NGN 418152.30,NGN 31361.42,"449,513.72",NGN,PAID
INV-003484,WO-003974,CUST00507,21/12/2025,162360.00,12177.00,"NGN174,537.00",NGN,PAID
INV-003485,WO-003975,CUST00591,2026-05-10 01:10:40,NGN 349317.43,NGN 26198.81,375516.24,NGN,paid
INV-003486,WO-003976,CUST00295,27/06/2026,"NGN1,263,723.03",NGN 94779.23,"NGN1,358,502.26",NGN,paid
INV-003487,WO-003977,CUST01880,2026-08-20 11:43:01,NGN 447227.18,NGN 33542.04,NGN 480769.22,NGN,paid
INV-003488,WO-003978,CUST00344,1763828198000,1197383.69,89803.78,1287187.47,NGN,paid
INV-003489,WO-003979,CUST00587,22/08/2026,"444,992.32",NGN 33374.42,NGN 478366.74,NGN,paid
INV-003490,WO-003980,CUST00262,12/04/2026,NGN 23025.00,1726.88,NGN 24751.88,NGN,unpaid
INV-003491,WO-003981,CUST00527,1760591118000,1366355.62,102476.67,"1,468,832.29",NGN,PAID
INV-003492,WO-003982,CUST00735,1759344874000,NGN 482792.30,NGN 36209.42,"519,001.72",NGN,paid
INV-003493,WO-003984,CUST00373,2026-03-03 23:05:13,253756.67,NGN 19031.75,"272,788.42",ngn,paid
INV-003494,WO-003985,CUST00842,05/10/2024,"473,349.80",NGN 35501.23,"NGN508,851.03",NGN,unpaid
INV-003495,WO-003986,CUST00896,28/03/2026,NGN 30225.00,NGN 2266.88,"NGN32,491.88",NGN,UNPAID
INV-003496,WO-003987,CUST00540,01/11/2025,NGN 197352.29,"NGN14,801.42","212,153.71",NGN,paid
INV-003497,WO-003988,CUST01649,1742305675000,642586.68,"48,194.00",NGN 690780.68,NGN,written_off
INV-003498,WO-003989,CUST00450,2026-01-25 17:21:48,"NGN864,080.75","64,806.06","928,886.81",NGN,PAID
INV-003499,WO-003990,CUST00207,1761621729000,NGN 30300.00,2272.50,NGN 32572.50,NGN,partial
INV-003500,WO-003991,CUST01148,02/10/2025,16350.00,"NGN1,226.25",17576.25,NGN,paid
INV-003501,WO-003992,CUST00210,27/08/2025,NGN 599569.82,44967.74,644537.56,ngn,PAID
INV-003502,WO-003993,CUST00631,2025-06-30 13:29:19,NGN 1042225.63,78166.92,1120392.55,NGN,paid
INV-003503,WO-003994,CUST00684,31/03/2025,"NGN725,481.28","54,411.10",NGN 779892.38,NGN,partial
INV-003504,WO-003995,CUST00060,1784161432000,827652.18,"62,073.91",889726.09,NGN,PAID
INV-003505,WO-003996,CUST00605,2024-12-15 04:10:57,"16,850.00","NGN1,263.75","18,113.75",NGN,partial
INV-003506,WO-003997,CUST00474,15/12/2025,"NGN491,880.49","NGN36,891.04",528771.53,NGN,partial
INV-003507,WO-003999,CUST00924,1728391609000,"NGN701,394.55",NGN 52604.59,NGN 753999.14,NGN,paid
INV-003508,WO-004000,CUST00312,2026-03-14 19:40:24,NGN 220862.68,16564.70,237427.38,NGN,paid
INV-003509,WO-004001,CUST00934,01/12/2025,"NGN378,239.06",28367.93,"NGN406,606.99",NGN,paid
INV-003510,WO-004002,CUST00961,1781537749000,520393.53,NGN 39029.51,"559,423.04",NGN,paid
INV-003511,WO-004003,CUST00363,12/02/2026,NGN 443273.23,"33,245.49","NGN476,518.72",NGN,paid
INV-003512,WO-004004,CUST00990,27/04/2026,NGN 399193.47,29939.51,"429,132.98",NGN,unpaid
INV-003513,WO-004005,CUST00984,06/03/2026,"NGN237,450.00","NGN17,808.75","NGN255,258.75",NGN,paid
INV-003514,WO-004006,CUST01109,1737534043000,901725.95,67629.45,NGN 969355.40,NGN,partial
INV-003515,WO-004007,CUST00230,2025-02-02 03:53:50,488747.38,36656.05,"525,403.43",NGN,unpaid
INV-003516,WO-004008,CUST00810,11/11/2025,NGN 186599.69,NGN 13994.98,NGN 200594.67,NGN,paid
INV-003517,WO-004009,CUST00897,2025-09-01 05:19:25,10620.00,NGN796.50,"11,416.50",NGN,partial
INV-003518,WO-004010,CUST00598,2025-10-13 20:45:55,NGN 390378.87,"29,278.41","419,657.28",NGN,paid
INV-003519,WO-004011,CUST00872,20/01/2026,"NGN810,077.61",60755.82,"NGN870,833.43",NGN,partial
INV-003520,WO-004012,CUST01149,21/12/2024,NGN 891965.08,66897.38,"NGN958,862.46",ngn,unpaid
INV-003521,WO-004013,CUST00146,24/07/2025,"NGN538,266.56",NGN 40369.99,"578,636.55",ngn,paid
INV-003522,WO-004014,CUST00196,20/10/2024,100248.79,"NGN7,518.66","NGN107,767.45",NGN,partial
INV-003523,WO-004015,CUST00260,2024-09-26 00:49:45,"693,548.52",52016.14,"NGN745,564.66",NGN,paid
INV-003524,WO-004016,CUST00891,2025-06-07 11:15:36,"66,835.29","NGN5,012.65",NGN 71847.94,NGN,paid
INV-003525,WO-004017,CUST00751,1785460098000,"NGN777,286.32","58,296.47","NGN835,582.79",NGN,unpaid
INV-003526,WO-004018,CUST00256,1732851113000,"910,585.01","68,293.88","NGN978,878.89",NGN,PAID
INV-003527,WO-004019,CUST00030,13/01/2026,NGN 1138103.46,"85,357.76",NGN 1223461.22,NGN,paid
INV-003528,WO-004020,CUST01591,11/01/2025,"173,316.12","12,998.71","NGN186,314.83",NGN,paid
INV-003529,WO-004021,CUST00636,09/05/2026,"437,406.01","NGN32,805.45","NGN470,211.46",NGN,PAID
INV-003530,WO-004022,CUST00654,2025-06-30 21:13:43,"NGN10,875.00",NGN 815.62,NGN 11690.62,NGN,UNPAID
INV-003531,WO-004024,CUST02301,10/11/2024,"NGN92,189.13",6914.18,NGN 99103.31,NGN,paid
INV-003532,WO-004025,CUST01005,1757852600000,504001.05,NGN 37800.08,NGN 541801.13,NGN,paid
INV-003533,WO-004027,CUST00406,1751783211000,"NGN60,814.87",4561.11,65375.98,NGN,written_off
INV-003534,WO-004028,CUST00133,10/02/2026,NGN 496947.75,"NGN37,271.08","534,218.83",NGN,paid
INV-003535,WO-004030,CUST00245,08/06/2026,"630,182.16","47,263.66",677445.82,ngn,written_off
INV-003536,WO-004031,CUST00684,1777832198000,NGN 68091.95,"5,106.90",NGN 73198.85,NGN,PAID
INV-003537,WO-004032,CUST00128,14/07/2026,NGN 602938.92,"NGN45,220.42","NGN648,159.34",ngn,PAID
INV-003538,WO-004033,CUST00125,2026-08-17 00:01:31,614744.61,"46,105.85","660,850.46",NGN,paid
INV-003539,WO-004034,CUST00634,2025-07-03 06:53:37,NGN 1750.00,NGN131.25,"1,881.25",NGN,paid
INV-003540,WO-004035,CUST01154,1726479904000,1076250.21,80718.77,1156968.98,NGN,paid
INV-003541,WO-004036,CUST00688,1785412902000,82663.02,"6,199.73","88,862.75",NGN,paid
INV-003542,WO-004037,CUST01053,21/05/2025,NGN 90236.08,"6,767.71","NGN97,003.79",NGN,partial
INV-003543,WO-004038,CUST00229,2025-06-07 01:46:40,"38,198.98","2,864.92",NGN 41063.90,NGN,PAID
INV-003544,WO-004040,CUST01113,1730988138000,"NGN88,634.64","6,647.60","95,282.24",NGN,paid
INV-003545,WO-004041,CUST02301,25/06/2025,"NGN153,314.92",11498.62,NGN 164813.54,NGN,paid
INV-003546,WO-004042,CUST01190,1768407471000,"11,070.85",830.31,NGN 11901.16,NGN,paid
INV-003547,WO-004043,CUST01604,2026-02-13 19:31:42,"416,217.90","31,216.34","447,434.24",NGN,paid
INV-003548,WO-004044,CUST00944,27/04/2025,NGN 7650.00,573.75,"NGN8,223.75",NGN,PAID
INV-003549,WO-004045,CUST00319,2025-10-29 21:33:21,13073.66,980.52,14054.18,NGN,partial
INV-003550,WO-004046,CUST00980,2025-03-17 18:55:01,48940.97,"NGN3,670.57","52,611.54",NGN,paid
INV-003551,WO-004047,CUST00062,1750356343000,3525.00,NGN 264.38,"3,789.38",NGN,paid
INV-003552,WO-004048,CUST01131,04/02/2026,"47,391.33",3554.35,"50,945.68",NGN,paid
INV-003553,WO-004049,CUST00469,1731203148000,556447.32,NGN 41733.55,"598,180.87",NGN,PAID
INV-003554,WO-004050,CUST00109,2026-03-30 08:20:43,NGN 511629.86,38372.24,550002.10,ngn,unpaid
INV-003555,WO-004051,CUST00812,08/12/2025,NGN 19710.00,1478.25,NGN 21188.25,NGN,UNPAID
INV-003556,WO-004052,CUST00679,1776713332000,"NGN237,827.19","17,837.04",NGN 255664.23,NGN,UNPAID
INV-003557,WO-004053,CUST00149,11/11/2024,NGN 729810.12,54735.76,NGN 784545.88,NGN,partial
INV-003558,WO-004055,CUST00490,1761709257000,"82,896.82","NGN6,217.26",NGN 89114.08,NGN,paid
INV-003559,WO-004056,CUST00453,30/05/2025,"NGN218,094.69",16357.10,NGN 234451.79,ngn,PAID
INV-003560,WO-004057,CUST00887,23/03/2025,289804.94,NGN 21735.37,"NGN311,540.31",NGN,PAID
INV-003561,WO-004058,CUST00344,2026-06-28 21:14:21,"966,999.80","72,524.98",1039524.78,ngn,paid
INV-003562,WO-004060,CUST00528,1778732521000,1171636.91,87872.77,1259509.68,NGN,partial
INV-003563,WO-004061,CUST00943,15/01/2025,"10,125.00",759.38,NGN 10884.38,NGN,PAID
INV-003564,WO-004062,CUST01041,2024-12-06 10:47:25,"590,196.92","44,264.77","NGN634,461.69",NGN,paid
INV-003565,WO-004063,CUST00074,10/04/2026,NGN 516758.67,38756.90,"555,515.57",NGN,PAID
INV-003566,WO-004064,CUST00230,30/06/2026,"94,308.79",NGN 7073.16,NGN 101381.95,NGN,partial
INV-003567,WO-004065,CUST00642,1763370264000,"NGN178,830.00","13,412.25","192,242.25",NGN,paid
INV-003568,WO-004066,CUST01065,2025-05-29 12:12:27,949762.59,NGN 71232.19,NGN 1020994.78,NGN,paid
INV-003569,WO-004067,CUST00851,11/05/2026,607613.88,"NGN45,571.04",653184.92,NGN,unpaid
INV-003570,WO-004068,CUST01145,2025-04-27 21:50:37,"NGN176,226.28","NGN13,216.97",NGN 189443.25,NGN,UNPAID
INV-003571,WO-004069,CUST00490,14/02/2025,"573,270.44","NGN42,995.28","616,265.72",NGN,paid
INV-003572,WO-004070,CUST00515,06/07/2025,"5,320.00",NGN399.00,5719.00,NGN,paid
INV-003573,WO-004071,CUST01188,21/10/2025,"341,344.58","25,600.84","NGN366,945.42",ngn,PAID
INV-003574,WO-004072,CUST01096,23/10/2024,294476.83,"22,085.76","316,562.59",NGN,partial
INV-003575,WO-004073,CUST00657,1754723115000,NGN 3050.00,NGN 228.75,3278.75,NGN,unpaid
INV-003576,WO-004075,CUST01034,2025-06-25 02:11:26,776894.32,"58,267.07",NGN 835161.39,NGN,PAID
INV-003577,WO-004076,CUST00855,1727184123000,457055.26,34279.14,491334.40,NGN,PAID
INV-003578,WO-004077,CUST00227,2026-05-01 18:08:36,"NGN137,511.36",NGN 10313.35,147824.71,ngn,partial
INV-003579,WO-004078,CUST00938,2024-11-05 18:37:14,"NGN116,537.27",NGN 8740.29,"NGN125,277.56",NGN,PAID
INV-003580,WO-004079,CUST00141,1740553933000,NGN 10500.00,787.50,"NGN11,287.50",NGN,unpaid
INV-003581,WO-004080,CUST00101,17/09/2025,"NGN277,054.58","20,779.09",NGN 297833.67,NGN,partial
INV-003582,WO-004081,CUST01604,2025-04-05 09:15:52,"112,734.93","NGN8,455.12","NGN121,190.05",NGN,paid
INV-003583,WO-004082,CUST00740,2026-02-03 03:10:25,"NGN964,341.31","72,325.60","1,036,666.91",NGN,paid
INV-003584,WO-004083,CUST00035,09/02/2026,"291,400.87","NGN21,855.07",NGN 313255.94,NGN,paid
INV-003585,WO-004084,CUST00228,02/10/2024,"NGN31,275.00","NGN2,345.62",NGN 33620.62,NGN,paid
INV-003586,WO-004085,CUST00502,2026-06-01 04:11:33,"233,972.37","NGN17,547.93","NGN251,520.30",NGN,paid
INV-003587,WO-004086,CUST01954,2026-01-31 17:06:41,NGN 737076.47,"NGN55,280.73",NGN 792357.20,ngn,paid
INV-003588,WO-004087,CUST00903,24/09/2025,135349.78,10151.23,"NGN145,501.01",NGN,paid
INV-003589,WO-004088,CUST00929,1787318979000,"223,147.40","NGN16,736.06","239,883.46",NGN,written_off
INV-003590,WO-004089,CUST00777,2026-03-11 17:46:21,"NGN47,430.00",NGN 3557.25,NGN 50987.25,NGN,PAID
INV-003591,WO-004090,CUST01087,2026-06-07 12:23:26,"962,372.08","NGN72,177.91",NGN 1034549.99,ngn,unpaid
INV-003592,WO-004091,CUST00946,2026-08-25 02:21:12,NGN 951002.45,"71,325.18","NGN1,022,327.63",ngn,partial
INV-003593,WO-004092,CUST00164,13/03/2026,NGN 5375.00,403.12,"NGN5,778.12",NGN,paid
INV-003594,WO-004093,CUST00178,2025-09-27 17:57:03,NGN 473923.34,35544.25,"509,467.59",NGN,paid
INV-003595,WO-004094,CUST00442,14/09/2025,"NGN1,677,512.04",NGN 125813.40,"NGN1,803,325.44",NGN,unpaid
INV-003596,WO-004095,CUST02300,2025-04-16 11:49:18,NGN 699552.60,"NGN52,466.45","752,019.05",NGN,UNPAID
INV-003597,WO-004096,CUST00299,1741387387000,"NGN457,013.63",NGN 34276.02,"NGN491,289.65",NGN,UNPAID
INV-003598,WO-004098,CUST00521,21/12/2024,NGN 535987.22,NGN 40199.04,NGN 576186.26,NGN,unpaid
INV-003599,WO-004099,CUST00316,1744870457000,"NGN465,482.16",NGN 34911.16,NGN 500393.32,NGN,paid
INV-003600,WO-004100,CUST00521,1768759635000,"13,900.00","1,042.50","NGN14,942.50",NGN,partial
INV-003601,WO-004101,CUST00497,2025-02-27 22:13:11,"6,000.00",450.00,NGN 6450.00,NGN,written_off
INV-003602,WO-004102,CUST01192,1746410769000,NGN 6550.00,NGN491.25,7041.25,NGN,paid
INV-003603,WO-004103,CUST00491,23/02/2026,"308,597.23","23,144.79",331742.02,NGN,unpaid
INV-003604,WO-004104,CUST00103,1726952345000,"NGN547,542.73","NGN41,065.70","NGN588,608.43",ngn,written_off
INV-003605,WO-004105,CUST00667,1748554996000,NGN 30330.00,NGN 2274.75,32604.75,NGN,unpaid
INV-003606,WO-004106,CUST00069,1765153290000,"214,202.54","16,065.19",230267.73,NGN,unpaid
INV-003607,WO-004107,CUST01156,1741513228000,"NGN178,076.89","13,355.77",191432.66,NGN,paid
INV-003608,WO-004108,CUST00388,1759446693000,"NGN412,600.72",NGN 30945.05,"443,545.77",NGN,PAID
INV-003609,WO-004109,CUST00811,2024-10-11 05:31:08,"532,373.10",39927.98,"572,301.08",NGN,PAID
INV-003610,WO-004111,CUST02326,08/04/2025,NGN 15750.00,"NGN1,181.25","16,931.25",NGN,partial
INV-003611,WO-004112,CUST01070,1780263684000,"NGN355,861.07","26,689.58",382550.65,NGN,UNPAID
INV-003612,WO-004113,CUST00938,12/06/2025,"NGN1,161,379.62",87103.47,"1,248,483.09",NGN,partial
INV-003613,WO-004114,CUST00515,2025-05-30 03:26:59,"NGN640,348.60",NGN 48026.14,688374.74,ngn,partial
INV-003614,WO-004115,CUST00226,26/04/2025,"NGN381,304.36","28,597.83",NGN 409902.19,NGN,partial
INV-003615,WO-004116,CUST00167,1782055301000,"NGN5,850.00",438.75,NGN 6288.75,NGN,unpaid
INV-003616,WO-004117,CUST00588,03/12/2024,"222,466.21",NGN 16684.97,"239,151.18",NGN,paid
INV-003617,WO-004118,CUST02244,2025-05-08 13:32:09,516775.34,"NGN38,758.15",NGN 555533.49,NGN,unpaid
INV-003618,WO-004119,CUST00533,2026-03-06 12:48:20,422868.72,"NGN31,715.15","NGN454,583.87",NGN,paid
INV-003619,WO-004120,CUST01048,1763315065000,"191,658.91",14374.42,206033.33,NGN,PAID
INV-003620,WO-004121,CUST01195,1727910053000,156326.91,11724.52,"168,051.43",NGN,partial
INV-003621,WO-004122,CUST00720,2026-03-07 00:10:12,9225.00,NGN 691.88,"NGN9,916.88",NGN,unpaid
INV-003622,WO-004123,CUST00853,2025-06-22 08:01:54,191643.11,"14,373.23","206,016.34",NGN,paid
INV-003623,WO-004124,CUST00273,14/02/2025,"NGN452,915.64","33,968.67","486,884.31",NGN,PAID
INV-003624,WO-004125,CUST01496,09/03/2026,360033.10,NGN 27002.48,"NGN387,035.58",NGN,unpaid
INV-003625,WO-004126,CUST00626,1776865993000,"NGN13,440.00","1,008.00","NGN14,448.00",NGN,unpaid
INV-003626,WO-004127,CUST00780,2025-12-27 01:57:45,249697.22,NGN 18727.29,NGN 268424.51,NGN,paid
INV-003627,WO-004128,CUST00094,2026-04-13 07:22:35,"NGN776,062.87","58,204.72","834,267.59",NGN,paid
INV-003628,WO-004129,CUST00836,2025-06-25 06:03:30,87822.64,NGN 6586.70,"94,409.34",NGN,PAID
INV-003629,WO-004130,CUST00023,09/07/2025,"NGN944,194.98","NGN70,814.62","NGN1,015,009.60",NGN,PAID
INV-003630,WO-004131,CUST00364,2026-05-04 19:24:30,"163,511.39",NGN 12263.35,NGN 175774.74,NGN,unpaid
INV-003631,WO-004133,CUST00729,1745930410000,"52,582.24",3943.67,NGN 56525.91,NGN,PAID
INV-003632,WO-004134,CUST00080,25/09/2024,"NGN460,026.91",34502.02,494528.93,NGN,paid
INV-003633,WO-004135,CUST00005,1760821859000,NGN 192063.71,"NGN14,404.78",206468.49,NGN,partial
INV-003634,WO-004136,CUST00225,1775393798000,NGN 42913.44,3218.51,NGN 46131.95,NGN,PAID
INV-003635,WO-004137,CUST00694,2025-09-14 21:54:58,NGN 201267.58,"NGN15,095.07","NGN216,362.65",NGN,PAID
INV-003636,WO-004138,CUST00979,09/05/2025,222588.52,"16,694.14","NGN239,282.66",NGN,paid
INV-003637,WO-004139,CUST00147,1778806545000,NGN 291459.99,21859.50,NGN 313319.49,NGN,partial
INV-003638,WO-004140,CUST00414,1755794210000,NGN 253161.93,18987.15,NGN 272149.08,NGN,paid
INV-003639,WO-004141,CUST01138,2026-09-02 08:02:44,NGN 1265740.73,94930.55,NGN 1360671.28,ngn,PAID
INV-003640,WO-004142,CUST01649,27/03/2026,NGN 619941.22,46495.59,"NGN666,436.81",NGN,paid
INV-003641,WO-004143,CUST02225,29/09/2024,"NGN202,752.49",NGN 15206.44,"NGN217,958.93",NGN,paid
INV-003642,WO-004144,CUST00196,1734104163000,"NGN506,467.67","NGN37,985.08","544,452.75",NGN,paid
INV-003643,WO-004145,CUST01056,1743877952000,"NGN504,476.04","37,835.70",NGN 542311.74,NGN,unpaid
INV-003644,WO-004146,CUST01166,2025-05-13 02:09:58,NGN 361181.48,NGN 27088.61,NGN 388270.09,NGN,PAID
INV-003645,WO-004147,CUST00601,1745043367000,421377.21,31603.29,"NGN452,980.50",NGN,paid
INV-003646,WO-004149,CUST00841,1764011876000,7450.00,558.75,"8,008.75",NGN,partial
INV-003647,WO-004150,CUST00471,13/04/2026,28710.00,"2,153.25","30,863.25",NGN,PAID
INV-003648,WO-004151,CUST02307,1757951355000,"NGN4,375.00",328.12,"NGN4,703.12",ngn,UNPAID
INV-003649,WO-004152,CUST00163,13/09/2025,NGN 29880.00,"2,241.00","NGN32,121.00",ngn,paid
INV-003650,WO-004153,CUST00714,2025-09-26 13:57:28,NGN 432428.30,NGN 32432.12,NGN 464860.42,NGN,paid
INV-003651,WO-004154,CUST00577,2025-03-18 12:10:21,"184,644.33","13,848.33",NGN 198492.66,NGN,PAID
INV-003652,WO-004155,CUST00022,2025-03-31 22:31:23,721866.72,54140.00,776006.72,NGN,paid
INV-003653,WO-004156,CUST00680,01/02/2025,"327,561.67",NGN 24567.12,"352,128.79",ngn,UNPAID
INV-003654,WO-004157,CUST00240,11/01/2025,"NGN284,728.25",NGN 21354.62,NGN 306082.87,NGN,PAID
INV-003655,WO-004158,CUST01171,16/11/2025,"1,033,246.93","77,493.52","NGN1,110,740.45",NGN,unpaid
INV-003656,WO-004160,CUST01131,2025-03-08 00:04:05,"356,890.53",NGN 26766.79,"NGN383,657.32",NGN,PAID
INV-003657,WO-004161,CUST00724,2026-01-11 18:06:00,108168.79,"NGN8,112.66","116,281.45",NGN,paid
INV-003658,WO-004162,CUST00360,1733737081000,"NGN269,127.38",20184.55,NGN 289311.93,NGN,UNPAID
INV-003659,WO-004163,CUST00780,2024-12-16 19:02:52,NGN 2950.00,NGN 221.25,NGN 3171.25,NGN,paid
INV-003660,WO-004164,CUST01546,06/10/2024,NGN 6750.00,506.25,"NGN7,256.25",NGN,PAID
INV-003661,WO-004165,CUST01962,1784660099000,"NGN82,271.05","6,170.33","88,441.38",NGN,UNPAID
INV-003662,WO-004166,CUST00010,1745577213000,NGN 9075.00,680.62,NGN 9755.62,NGN,paid
INV-003663,WO-004167,CUST00119,13/04/2026,6500.00,487.50,"NGN6,987.50",NGN,partial
INV-003664,WO-004168,CUST00113,27/11/2024,"NGN163,530.00","NGN12,264.75","175,794.75",NGN,paid
INV-003665,WO-004169,CUST00425,1775299089000,"NGN605,595.31","NGN45,419.65","651,014.96",NGN,PAID
INV-003666,WO-004170,CUST01087,23/07/2025,NGN 2940.00,220.50,3160.50,NGN,partial
INV-003667,WO-004171,CUST00633,2025-07-23 19:02:04,NGN 4750.00,NGN 356.25,5106.25,NGN,unpaid
INV-003668,WO-004172,CUST00098,2025-12-15 16:39:33,NGN 985063.67,"73,879.78","NGN1,058,943.45",NGN,paid
INV-003669,WO-004173,CUST01070,2026-01-06 03:46:10,18180.00,"1,363.50",19543.50,NGN,PAID
INV-003670,WO-004174,CUST01088,20/09/2025,"1,088,598.22",NGN 81644.87,NGN 1170243.09,NGN,written_off
INV-003671,WO-004175,CUST00112,1754233641000,"181,113.86",NGN 13583.54,194697.40,ngn,unpaid
INV-003672,WO-004176,CUST00507,22/06/2026,NGN 869844.88,"65,238.37",935083.25,NGN,paid
INV-003673,WO-004178,CUST00936,2026-01-23 10:56:14,25950.00,"NGN1,946.25","NGN27,896.25",NGN,paid
INV-003674,WO-004179,CUST00423,2026-02-16 05:25:36,449456.87,NGN 33709.27,NGN 483166.14,NGN,partial
INV-003675,WO-004180,CUST00961,11/04/2025,65100.00,NGN 4882.50,"69,982.50",NGN,partial
INV-003676,WO-004181,CUST00509,2026-01-23 07:37:19,"NGN5,850.00",438.75,"6,288.75",NGN,PAID
INV-003677,WO-004182,CUST00399,2025-01-25 09:53:11,NGN 522841.02,"39,213.08","562,054.10",ngn,PAID
INV-003678,WO-004183,CUST00284,20/10/2025,1080990.93,81074.32,"NGN1,162,065.25",NGN,written_off
INV-003679,WO-004184,CUST00489,21/11/2025,"NGN455,446.42",NGN 34158.48,"NGN489,604.90",NGN,paid
INV-003680,WO-004185,CUST00048,1759108228000,NGN 6450.00,483.75,"NGN6,933.75",NGN,unpaid
INV-003681,WO-004186,CUST00449,1732765654000,"474,655.40",35599.16,NGN 510254.56,NGN,partial
INV-003682,WO-004187,CUST00306,1780442918000,"NGN289,523.18",NGN 21714.24,311237.42,NGN,paid
INV-003683,WO-004188,CUST00380,13/02/2026,"426,499.69","31,987.48",458487.17,NGN,paid
INV-003684,WO-004189,CUST00843,19/07/2026,"NGN210,514.73","15,788.60","226,303.33",NGN,unpaid
INV-003685,WO-004190,CUST00647,04/05/2026,286282.45,21471.18,NGN 307753.63,NGN,paid
INV-003686,WO-004191,CUST00960,2025-09-04 04:49:31,311607.41,"23,370.56","NGN334,977.97",NGN,UNPAID
INV-003687,WO-004192,CUST00819,21/03/2026,153550.40,"NGN11,516.28",NGN 165066.68,ngn,PAID
INV-003688,WO-004193,CUST00691,2026-01-16 10:55:48,"NGN272,930.08","20,469.76","293,399.84",NGN,UNPAID
INV-003689,WO-004194,CUST02060,2025-08-18 05:05:49,418755.27,31406.64,"NGN450,161.91",NGN,partial
INV-003690,WO-004195,CUST01097,1761168935000,NGN 170350.54,"12,776.29","NGN183,126.83",NGN,UNPAID
INV-003691,WO-004196,CUST00424,1745553803000,"NGN94,420.23",7081.52,101501.75,NGN,UNPAID
INV-003692,WO-004197,CUST01044,1730774681000,"NGN26,370.00","NGN1,977.75","28,347.75",NGN,paid
INV-003693,WO-004198,CUST00188,20/12/2024,NGN 158475.00,NGN 11885.62,"NGN170,360.62",NGN,PAID
INV-003694,WO-004199,CUST00675,2025-06-11 02:23:57,"1,349,353.10",101201.48,1450554.58,NGN,paid
INV-003695,WO-004200,CUST00341,1777615016000,"591,240.61",NGN 44343.05,"NGN635,583.66",NGN,PAID
INV-003696,WO-004201,CUST00306,19/04/2026,4550.00,NGN 341.25,4891.25,NGN,unpaid
INV-003697,WO-004202,CUST00921,31/03/2025,"3,075.00",NGN230.62,"3,305.62",NGN,paid
INV-003698,WO-004203,CUST01289,2025-05-23 03:23:42,"1,074,789.43","80,609.21",NGN 1155398.64,NGN,paid
INV-003699,WO-004204,CUST00055,31/12/2024,19350.00,"NGN1,451.25",NGN 20801.25,NGN,unpaid
INV-003700,WO-004205,CUST01102,1736364736000,"516,750.25",NGN 38756.27,NGN 555506.52,NGN,paid
INV-003701,WO-004206,CUST00665,2025-05-20 22:36:14,NGN 368940.72,27670.55,"NGN396,611.27",NGN,PAID
INV-003702,WO-004207,CUST01114,22/04/2026,"NGN381,454.46",28609.08,410063.54,NGN,paid
INV-003703,WO-004208,CUST00433,22/01/2025,440430.19,"33,032.26",473462.45,NGN,written_off
INV-003704,WO-004209,CUST01192,2024-12-31 01:35:17,588048.91,"NGN44,103.67",NGN 632152.58,NGN,UNPAID
INV-003705,WO-004210,CUST00144,17/08/2025,NGN 2850.00,NGN213.75,"3,063.75",NGN,paid
INV-003706,WO-004211,CUST00135,2025-03-27 17:27:22,"1,094,422.13",82081.66,"1,176,503.79",NGN,PAID
INV-003707,WO-004212,CUST00244,1784075869000,"NGN1,832,460.51","NGN137,434.54",NGN 1969895.05,NGN,unpaid
INV-003708,WO-004214,CUST00763,2026-01-01 10:20:04,"NGN6,025.00",NGN451.88,6476.88,NGN,PAID
INV-003709,WO-004216,CUST00302,2025-01-16 14:31:50,"NGN297,247.79","NGN22,293.58",NGN 319541.37,ngn,PAID
INV-003710,WO-004217,CUST00331,1736875096000,NGN 404640.02,NGN 30348.00,"434,988.02",NGN,UNPAID
INV-003711,WO-004218,CUST01157,1772066166000,751662.28,"NGN56,374.67","808,036.95",NGN,paid
INV-003712,WO-004219,CUST02073,04/03/2025,409003.27,"NGN30,675.25",439678.52,NGN,paid
INV-003713,WO-004220,CUST00503,2025-06-26 09:08:19,373890.51,"NGN28,041.79","401,932.30",ngn,PAID
INV-003714,WO-004221,CUST01071,1742015370000,"NGN651,777.36","NGN48,883.30",700660.66,NGN,unpaid
INV-003715,WO-004222,CUST00320,1747791913000,"NGN337,713.76",NGN 25328.53,NGN 363042.29,NGN,paid
INV-003716,WO-004223,CUST00762,1788157743000,"669,731.43",50229.86,719961.29,NGN,paid
INV-003717,WO-004225,CUST01283,2026-02-15 07:12:23,"NGN351,650.06","NGN26,373.75",NGN 378023.81,NGN,paid
INV-003718,WO-004226,CUST00799,04/08/2025,"819,533.22","NGN61,464.99","NGN880,998.21",NGN,PAID
INV-003719,WO-004227,CUST01862,2026-09-01 20:56:15,NGN 9275.00,695.62,"NGN9,970.62",NGN,written_off
INV-003720,WO-004228,CUST00699,10/11/2025,"NGN190,639.69",NGN 14297.98,"204,937.67",NGN,PAID
INV-003721,WO-004229,CUST00720,2025-12-23 12:54:57,"NGN800,441.71","NGN60,033.13",860474.84,NGN,partial
INV-003722,WO-004230,CUST01157,2026-06-04 03:16:27,"NGN255,838.32","19,187.87",NGN 275026.19,NGN,PAID
INV-003723,WO-004231,CUST00708,29/08/2026,"NGN1,647,679.28","123,575.95","1,771,255.23",ngn,partial
INV-003724,WO-004232,CUST00591,09/10/2024,NGN 9750.00,NGN 731.25,10481.25,NGN,UNPAID
INV-003725,WO-004233,CUST00844,1772629087000,"779,908.38",58493.13,"NGN838,401.51",ngn,unpaid
INV-003726,WO-004234,CUST00784,1763269764000,NGN 1389993.02,"104,249.48",NGN 1494242.50,ngn,UNPAID
INV-003727,WO-004235,CUST00328,2024-12-04 17:37:31,"139,524.08",10464.31,149988.39,NGN,PAID
INV-003728,WO-004236,CUST00847,1738586602000,NGN 604671.33,45350.35,650021.68,NGN,paid
INV-003729,WO-004237,CUST00158,2026-02-11 18:11:14,592778.47,NGN 44458.38,NGN 637236.85,NGN,paid
INV-003730,WO-004238,CUST00851,2026-05-30 19:59:01,NGN 34020.00,"2,551.50","36,571.50",ngn,unpaid
INV-003731,WO-004239,CUST00654,20/10/2025,"NGN5,500.00",NGN 412.50,NGN 5912.50,NGN,paid
INV-003732,WO-004240,CUST00109,2025-09-10 05:28:10,1220345.00,91525.87,1311870.87,NGN,paid
INV-003733,WO-004241,CUST01107,2026-06-17 00:30:50,"98,942.25","7,420.67","NGN106,362.92",NGN,PAID
INV-003734,WO-004242,CUST01033,1778611538000,81411.89,6105.89,NGN 87517.78,NGN,written_off
INV-003735,WO-004244,CUST00791,2024-12-22 06:00:08,"NGN11,700.00",877.50,12577.50,NGN,partial
INV-003736,WO-004245,CUST01317,1767239001000,"653,829.67","NGN49,037.22","702,866.89",NGN,paid
INV-003737,WO-004247,CUST00458,18/02/2025,1002577.59,"75,193.32",NGN 1077770.91,NGN,paid
INV-003738,WO-004248,CUST01042,02/05/2026,"1,177,025.45",NGN 88276.91,"NGN1,265,302.36",NGN,partial
INV-003739,WO-004249,CUST00059,1786272736000,NGN 1332750.86,"NGN99,956.31",NGN 1432707.17,NGN,unpaid
INV-003740,WO-004250,CUST00767,2025-07-03 20:25:22,"NGN1,191,147.27","NGN89,336.04","NGN1,280,483.31",NGN,paid
INV-003741,WO-004251,CUST00383,12/03/2026,"2,850.00",213.75,"NGN3,063.75",NGN,paid
INV-003742,WO-004252,CUST00497,1745737325000,NGN 369667.76,27725.08,NGN 397392.84,NGN,paid
INV-003743,WO-004253,CUST01894,25/07/2026,"NGN1,013,963.53","NGN76,047.27","1,090,010.80",NGN,unpaid
INV-003744,WO-004254,CUST00068,2025-11-25 23:30:15,"4,500.00",337.50,NGN 4837.50,NGN,paid
INV-003745,WO-004255,CUST00268,2026-04-16 09:19:06,NGN 8250.00,618.75,NGN 8868.75,NGN,PAID
INV-003746,WO-004256,CUST00441,19/02/2025,NGN 207138.99,"15,535.42",NGN 222674.41,NGN,unpaid
INV-003747,WO-004257,CUST00957,15/02/2026,NGN 71295.00,5347.12,NGN 76642.12,NGN,PAID
INV-003748,WO-004258,CUST00459,14/01/2025,"246,928.28",NGN 18519.62,NGN 265447.90,NGN,paid
INV-003749,WO-004261,CUST00966,1780108526000,3510.00,263.25,NGN 3773.25,ngn,unpaid
INV-003750,WO-004262,CUST01080,2026-03-08 23:21:36,"602,631.31","45,197.35",647828.66,NGN,paid
INV-003751,WO-004263,CUST00458,2024-10-06 16:20:03,"214,407.13","16,080.53",NGN 230487.66,NGN,unpaid
INV-003752,WO-004264,CUST00182,2025-12-19 18:03:24,1062324.81,"79,674.36",1141999.17,NGN,partial
INV-003753,WO-004265,CUST00866,12/10/2025,NGN 465859.11,NGN 34939.43,"NGN500,798.54",NGN,partial
INV-003754,WO-004266,CUST00897,22/04/2025,357983.36,26848.75,NGN 384832.11,NGN,partial
INV-003755,WO-004267,CUST00992,1782238925000,"NGN1,610.00",NGN 120.75,NGN 1730.75,NGN,written_off
INV-003756,WO-004268,CUST00177,26/06/2026,NGN 94466.88,NGN 7085.02,NGN 101551.90,NGN,paid
INV-003757,WO-004269,CUST00621,21/12/2024,NGN 114535.06,"NGN8,590.13","NGN123,125.19",NGN,paid
INV-003758,WO-004270,CUST00854,1757216345000,"NGN69,382.29","5,203.67",NGN 74585.96,NGN,paid
INV-003759,WO-004271,CUST00077,14/06/2026,"18,750.00","NGN1,406.25",20156.25,NGN,PAID
INV-003760,WO-004272,CUST00907,2026-01-10 07:33:40,NGN 79987.26,5999.04,"85,986.30",NGN,PAID
INV-003761,WO-004273,CUST01154,30/01/2026,"NGN658,096.19",49357.21,NGN 707453.40,NGN,PAID
INV-003762,WO-004274,CUST00487,1738939778000,NGN 448587.41,NGN 33644.06,NGN 482231.47,NGN,PAID
INV-003763,WO-004275,CUST00052,2025-12-02 12:17:29,"8,025.00",601.88,8626.88,NGN,paid
INV-003764,WO-004276,CUST00682,04/04/2026,841777.61,"63,133.32","904,910.93",ngn,paid
INV-003765,WO-004277,CUST01317,1770218536000,"163,381.91",NGN 12253.64,175635.55,NGN,PAID
INV-003766,WO-004279,CUST00379,2025-03-18 13:43:02,"272,768.08","NGN20,457.61","293,225.69",NGN,unpaid
INV-003767,WO-004280,CUST00608,2025-10-13 04:20:42,"207,120.96",NGN 15534.07,222655.03,NGN,paid
INV-003768,WO-004281,CUST00298,1782944836000,"NGN80,778.85","6,058.41",86837.26,NGN,paid
INV-003769,WO-004282,CUST00280,12/09/2024,3220.00,NGN 241.50,"3,461.50",NGN,PAID
INV-003770,WO-004283,CUST01167,2026-02-01 02:58:58,132279.88,"9,920.99",142200.87,NGN,unpaid
INV-003771,WO-004285,CUST01174,2026-08-30 13:25:21,"8,550.00",NGN 641.25,9191.25,NGN,paid
INV-003772,WO-004286,CUST00410,2026-08-14 09:52:39,692225.40,NGN 51916.90,NGN 744142.30,NGN,paid
INV-003773,WO-004287,CUST00166,27/01/2025,562941.47,"NGN42,220.61","NGN605,162.08",NGN,UNPAID
INV-003774,WO-004288,CUST00393,27/02/2026,80588.44,6044.13,"86,632.57",NGN,paid
INV-003775,WO-004290,CUST00679,2025-05-17 14:06:04,"NGN129,575.67",NGN 9718.18,"NGN139,293.85",NGN,PAID
INV-003776,WO-004291,CUST01080,14/10/2024,NGN 3250.00,NGN243.75,NGN 3493.75,NGN,unpaid
INV-003777,WO-004292,CUST01061,06/11/2025,"141,464.12",10609.81,152073.93,NGN,paid
INV-003778,WO-004293,CUST01169,19/10/2025,"NGN143,660.71","NGN10,774.55","NGN154,435.26",NGN,PAID
INV-003779,WO-004294,CUST00159,24/05/2026,"NGN357,077.12","26,780.78","NGN383,857.90",NGN,unpaid
INV-003780,WO-004295,CUST00012,1757910809000,"3,975.00",298.12,NGN 4273.12,NGN,unpaid
INV-003781,WO-004296,CUST00904,1771318752000,NGN 1433841.27,"NGN107,538.10",NGN 1541379.37,NGN,paid
INV-003782,WO-004299,CUST00004,1726832721000,NGN 623535.38,"NGN46,765.15",670300.53,ngn,paid
INV-003783,WO-004300,CUST00748,14/06/2025,NGN 116077.15,NGN 8705.79,"NGN124,782.94",NGN,paid
INV-003784,WO-004301,CUST00891,1746248762000,NGN 36848.74,"NGN2,763.66","NGN39,612.40",NGN,PAID
INV-003785,WO-004302,CUST00014,2026-08-05 21:46:21,"264,108.42","19,808.13",283916.55,NGN,PAID
INV-003786,WO-004303,CUST00401,2025-04-28 18:04:36,"NGN7,280.00",NGN 546.00,"7,826.00",NGN,paid
INV-003787,WO-004304,CUST01188,2025-06-03 06:09:19,219666.12,"NGN16,474.96","NGN236,141.08",NGN,paid
INV-003788,WO-004305,CUST00969,2025-08-22 14:34:53,"NGN644,585.91",NGN 48343.94,NGN 692929.85,ngn,paid
INV-003789,WO-004306,CUST00587,2024-10-31 03:34:07,"NGN1,352,284.82",NGN 101421.36,NGN 1453706.18,NGN,unpaid
INV-003790,WO-004307,CUST00392,2024-12-02 15:46:34,"152,429.75",11432.23,"NGN163,861.98",NGN,PAID
INV-003791,WO-004308,CUST00164,1731487983000,"345,713.91","25,928.54",NGN 371642.45,NGN,paid
INV-003792,WO-004309,CUST01145,08/12/2025,1112461.17,83434.59,"1,195,895.76",NGN,paid
INV-003793,WO-004311,CUST00295,2025-02-22 11:50:56,NGN 735354.74,55151.61,NGN 790506.35,NGN,PAID
INV-003794,WO-004312,CUST01063,1757827752000,637680.15,47826.01,"685,506.16",NGN,paid
INV-003795,WO-004313,CUST00541,23/02/2025,"13,500.00","NGN1,012.50",14512.50,NGN,paid
INV-003796,WO-004314,CUST00169,1738472083000,"NGN42,254.25",3169.07,NGN 45423.32,NGN,unpaid
INV-003797,WO-004315,CUST00412,08/08/2025,"NGN22,921.72",NGN 1719.13,24640.85,NGN,paid
INV-003798,WO-004316,CUST01003,21/04/2025,"NGN176,020.91","NGN13,201.57",NGN 189222.48,ngn,paid
INV-003799,WO-004317,CUST00446,22/10/2024,NGN 71941.27,NGN 5395.60,"77,336.87",NGN,unpaid
INV-003800,WO-004318,CUST00992,1747953311000,NGN 121101.13,"9,082.59",130183.72,NGN,partial
INV-003801,WO-004319,CUST00408,15/10/2025,"NGN559,651.13","NGN41,973.83","NGN601,624.96",NGN,paid
INV-003802,WO-004320,CUST01929,22/06/2026,NGN 15713.06,1178.48,16891.54,NGN,paid
INV-003803,WO-004321,CUST00881,1734647298000,149008.84,11175.66,"NGN160,184.50",NGN,unpaid
INV-003804,WO-004322,CUST00374,16/08/2025,NGN 375532.15,"NGN28,164.91","403,697.06",NGN,UNPAID
INV-003805,WO-004323,CUST00279,2025-04-03 05:08:52,136084.42,"NGN10,206.33",146290.75,ngn,unpaid
INV-003806,WO-004324,CUST00034,12/01/2025,"459,413.48","34,456.01","493,869.49",NGN,written_off
INV-003807,WO-004325,CUST00263,23/08/2026,"278,917.73",20918.83,"NGN299,836.56",NGN,PAID
INV-003808,WO-004326,CUST00691,20/09/2025,1477500.02,NGN 110812.50,"NGN1,588,312.52",NGN,paid
INV-003809,WO-004327,CUST00157,09/02/2025,281615.67,"NGN21,121.17","NGN302,736.84",ngn,unpaid
INV-003810,WO-004328,CUST01915,06/11/2025,NGN 9300.00,NGN697.50,"NGN9,997.50",ngn,PAID
INV-003811,WO-004330,CUST00691,26/10/2025,"NGN7,450.00",NGN 558.75,8008.75,NGN,paid
INV-003812,WO-004331,CUST01144,2026-02-20 21:05:31,NGN 233659.97,"17,524.50",NGN 251184.47,NGN,partial
INV-003813,WO-004333,CUST00235,1765374448000,NGN 199735.00,14980.12,NGN 214715.12,NGN,partial
INV-003814,WO-004334,CUST00368,1735539742000,139807.35,"10,485.55","150,292.90",NGN,unpaid
INV-003815,WO-004335,CUST00891,16/08/2026,439455.36,NGN 32959.15,"NGN472,414.51",NGN,paid
INV-003816,WO-004336,CUST00360,1749759280000,"NGN429,936.98","NGN32,245.27",NGN 462182.25,NGN,paid
INV-003817,WO-004337,CUST01546,1756965763000,"658,265.40","49,369.91",NGN 707635.31,NGN,PAID
INV-003818,WO-004338,CUST00676,29/10/2024,NGN 812947.33,"60,971.05","873,918.38",NGN,PAID
INV-003819,WO-004339,CUST01108,30/03/2026,"NGN135,971.72","NGN10,197.88",146169.60,NGN,PAID
INV-003820,WO-004340,CUST02033,02/11/2025,"367,366.05","27,552.45",NGN 394918.50,NGN,paid
INV-003821,WO-004341,CUST00243,1785361330000,"NGN519,467.27",NGN 38960.05,"NGN558,427.32",NGN,paid
INV-003822,WO-004342,CUST00172,1765223051000,"189,105.87",14182.94,203288.81,NGN,partial
INV-003823,WO-004343,CUST00386,1765007420000,NGN 2900.00,NGN 217.50,"NGN3,117.50",NGN,PAID
INV-003824,WO-004344,CUST00038,16/02/2026,"321,182.01","NGN24,088.65","345,270.66",NGN,paid
INV-003825,WO-004345,CUST00120,1752009806000,"NGN895,824.27",NGN 67186.82,963011.09,NGN,PAID
INV-003826,WO-004346,CUST01039,10/11/2024,"NGN998,346.23",NGN 74875.97,NGN 1073222.20,NGN,unpaid
INV-003827,WO-004347,CUST01059,2025-10-05 01:44:59,"8,550.00",NGN641.25,"9,191.25",NGN,unpaid
INV-003828,WO-004348,CUST00354,2025-04-10 18:12:52,NGN 665007.94,NGN 49875.60,NGN 714883.54,NGN,partial
INV-003829,WO-004349,CUST00563,2025-06-03 05:48:02,"NGN479,925.03",NGN 35994.38,NGN 515919.41,NGN,paid
INV-003830,WO-004350,CUST00852,1765292271000,"NGN88,201.72",NGN 6615.13,NGN 94816.85,NGN,PAID
INV-003831,WO-004351,CUST01092,1751264939000,"NGN1,006,217.41",NGN 75466.31,NGN 1081683.72,NGN,unpaid
INV-003832,WO-004352,CUST02307,09/07/2025,"NGN201,613.44",15121.01,216734.45,NGN,PAID
INV-003833,WO-004353,CUST00139,1782851183000,140862.40,10564.68,"151,427.08",NGN,unpaid
INV-003834,WO-004354,CUST00084,04/04/2025,NGN 272160.00,20412.00,NGN 292572.00,NGN,UNPAID
INV-003835,WO-004355,CUST01576,1772170787000,"NGN9,540.00",715.50,NGN 10255.50,NGN,PAID
INV-003836,WO-004356,CUST00431,2025-03-09 12:02:06,NGN 1543151.42,115736.36,NGN 1658887.78,NGN,paid
INV-003837,WO-004357,CUST00265,1773996187000,NGN 497687.68,37326.58,535014.26,NGN,PAID
INV-003838,WO-004358,CUST01020,2025-06-20 11:39:49,NGN 427820.87,32086.56,459907.43,NGN,paid
INV-003839,WO-004359,CUST00800,1748626907000,NGN 1115015.59,"NGN83,626.17","1,198,641.76",NGN,unpaid
INV-003840,WO-004360,CUST00365,25/02/2025,NGN 393373.46,NGN 29503.01,"NGN422,876.47",NGN,paid
INV-003841,WO-004361,CUST00124,2026-06-08 00:07:46,"NGN602,167.70",45162.58,"NGN647,330.28",NGN,paid
INV-003842,WO-004362,CUST00374,05/02/2025,"788,630.53","59,147.29",847777.82,NGN,PAID
INV-003843,WO-004363,CUST01148,1737500715000,NGN 216377.02,"16,228.28","232,605.30",NGN,paid
INV-003844,WO-004364,CUST00597,1761057937000,"396,564.65",29742.35,"426,307.00",NGN,paid
INV-003845,WO-004365,CUST00484,1777829015000,33147.24,"2,486.04","NGN35,633.28",NGN,PAID
INV-003846,WO-004366,CUST00673,2025-08-06 14:41:28,"NGN93,187.72",NGN 6989.08,"100,176.80",NGN,PAID
INV-003847,WO-004367,CUST01622,1763119187000,"472,267.80","NGN35,420.08",507687.88,NGN,paid
INV-003848,WO-004368,CUST01192,1737135912000,391486.97,"NGN29,361.52","420,848.49",NGN,paid
INV-003849,WO-004369,CUST00055,1753617471000,"905,835.95","67,937.70",NGN 973773.65,ngn,unpaid
INV-003850,WO-004371,CUST00796,12/04/2025,NGN 1139890.44,"NGN85,491.78",1225382.22,NGN,paid
INV-003851,WO-004372,CUST01496,13/04/2026,"NGN178,380.13","13,378.51",NGN 191758.64,NGN,unpaid
INV-003852,WO-004373,CUST00425,02/03/2026,277073.15,NGN 20780.49,"297,853.64",NGN,UNPAID
INV-003853,WO-004374,CUST00595,1776511884000,NGN 1183366.96,NGN 88752.52,"NGN1,272,119.48",NGN,paid
INV-003854,WO-004376,CUST00633,11/06/2026,NGN 113611.75,NGN 8520.88,"NGN122,132.63",NGN,PAID
INV-003855,WO-004377,CUST00822,23/11/2025,"62,365.99",4677.45,"67,043.44",NGN,paid
INV-003856,WO-004378,CUST01003,03/10/2025,"NGN162,435.86","NGN12,182.69",NGN 174618.55,NGN,paid
INV-003857,WO-004380,CUST00010,05/02/2026,978900.80,"73,417.56",NGN 1052318.36,NGN,paid
INV-003858,WO-004381,CUST00307,01/01/2025,"NGN25,273.98",NGN 1895.55,NGN 27169.53,NGN,written_off
INV-003859,WO-004382,CUST01199,2025-05-13 14:25:59,"503,970.19","37,797.76","541,767.95",NGN,PAID
INV-003860,WO-004383,CUST00280,2026-07-29 19:33:09,"NGN233,253.02","17,493.98","250,747.00",NGN,partial
INV-003861,WO-004384,CUST00310,1736215141000,22960.00,1722.00,24682.00,NGN,paid
INV-003862,WO-004385,CUST00731,08/01/2025,"428,955.30","NGN32,171.65","461,126.95",NGN,unpaid
INV-003863,WO-004386,CUST00425,1788024257000,7575.00,NGN 568.12,"NGN8,143.12",NGN,UNPAID
INV-003864,WO-004387,CUST01164,2025-11-24 06:29:56,474503.07,"NGN35,587.73",510090.80,NGN,paid
INV-003865,WO-004389,CUST00579,24/09/2025,"NGN746,606.83",55995.51,"802,602.34",NGN,paid
INV-003866,WO-004390,CUST00993,12/08/2026,"NGN152,512.35","11,438.43",NGN 163950.78,NGN,partial
INV-003867,WO-004392,CUST00829,16/05/2026,NGN 794710.20,"NGN59,603.27","NGN854,313.47",NGN,paid
INV-003868,WO-004393,CUST00855,1787799122000,115940.19,"8,695.51","124,635.70",NGN,PAID
INV-003869,WO-004394,CUST00159,1788319495000,12937.18,NGN970.29,NGN 13907.47,NGN,partial
INV-003870,WO-004395,CUST00926,2024-12-07 02:51:35,NGN 315993.84,NGN 23699.54,NGN 339693.38,NGN,unpaid
INV-003871,WO-004396,CUST01576,2026-08-09 06:06:17,1113856.20,"NGN83,539.21","NGN1,197,395.41",NGN,partial
INV-003872,WO-004397,CUST01717,1784347692000,"667,233.28","50,042.50","717,275.78",ngn,PAID
INV-003873,WO-004399,CUST00516,2025-10-24 10:21:03,NGN 723693.40,NGN 54277.00,777970.40,NGN,paid
INV-003874,WO-004400,CUST00194,2025-01-14 10:39:21,302300.20,22672.52,"NGN324,972.72",NGN,paid
INV-003875,WO-004401,CUST00766,1729280216000,"NGN10,185.00",763.88,10948.88,NGN,PAID
INV-003876,WO-004402,CUST00855,2024-12-09 01:26:10,"888,835.21","NGN66,662.64","NGN955,497.85",NGN,paid
INV-003877,WO-004403,CUST00209,2025-01-13 15:00:16,NGN 441476.27,33110.72,NGN 474586.99,NGN,paid
INV-003878,WO-004404,CUST00542,1787522036000,1006577.02,NGN 75493.28,"1,082,070.30",ngn,partial
INV-003879,WO-004405,CUST00500,16/04/2025,"NGN504,690.41",37851.78,NGN 542542.19,NGN,PAID
INV-003880,WO-004406,CUST00656,2025-03-27 14:38:05,"196,370.05","NGN14,727.75","NGN211,097.80",NGN,PAID
INV-003881,WO-004407,CUST00749,1785533487000,"NGN112,428.55","NGN8,432.14",NGN 120860.69,NGN,PAID
INV-003882,WO-004409,CUST00216,29/09/2024,"35,427.42","NGN2,657.06",38084.48,NGN,UNPAID
INV-003883,WO-004410,CUST00843,19/12/2024,"5,040.00",378.00,NGN 5418.00,NGN,paid
INV-003884,WO-004411,CUST00177,1762732183000,776774.59,58258.09,NGN 835032.68,ngn,paid
INV-003885,WO-004412,CUST00023,2026-05-12 17:17:50,"767,427.18",57557.04,824984.22,NGN,paid
INV-003886,WO-004413,CUST00378,1737013517000,"199,918.59","NGN14,993.89",214912.48,NGN,paid
INV-003887,WO-004414,CUST00821,16/04/2026,1856263.49,139219.76,"NGN1,995,483.25",NGN,paid
INV-003888,WO-004416,CUST00164,20/03/2025,1023053.82,76729.04,NGN 1099782.86,NGN,paid
INV-003889,WO-004417,CUST00332,02/09/2026,NGN 2200.00,NGN 165.00,NGN 2365.00,NGN,PAID
INV-003890,WO-004418,CUST00052,28/01/2026,"NGN890,218.65","NGN66,766.40",956985.05,NGN,partial
INV-003891,WO-004420,CUST00059,1759854838000,"826,912.73","62,018.46","NGN888,931.19",NGN,paid
INV-003892,WO-004421,CUST01535,2025-01-26 01:47:55,275615.87,"20,671.19",NGN 296287.06,NGN,paid
INV-003893,WO-004422,CUST01050,1781952793000,NGN 5650.00,NGN 423.75,NGN 6073.75,NGN,PAID
INV-003894,WO-004423,CUST00503,2025-06-06 13:17:14,NGN 380417.30,28531.30,"NGN408,948.60",NGN,unpaid
INV-003895,WO-004425,CUST00723,2025-11-20 02:22:38,445088.14,"NGN33,381.61",NGN 478469.75,NGN,partial
INV-003896,WO-004426,CUST00029,2025-04-04 05:39:19,"NGN707,480.32","NGN53,061.02",NGN 760541.34,NGN,paid
INV-003897,WO-004427,CUST01141,1773162522000,NGN 254132.82,19059.96,"273,192.78",NGN,paid
INV-003898,WO-004428,CUST00564,1766763305000,525608.73,"NGN39,420.66","565,029.39",ngn,UNPAID
INV-003899,WO-004429,CUST00438,25/07/2026,"NGN1,227,217.93",92041.34,"NGN1,319,259.27",NGN,paid
INV-003900,WO-004430,CUST00173,2025-10-09 21:54:05,"NGN104,225.75","NGN7,816.93",112042.68,NGN,paid
INV-003901,WO-004431,CUST00082,2024-10-26 17:56:20,"664,660.83","NGN49,849.56","NGN714,510.39",NGN,PAID
INV-003902,WO-004432,CUST01181,1744489215000,685035.76,"NGN51,377.68",NGN 736413.44,NGN,partial
INV-003903,WO-004433,CUST01962,2025-09-29 07:01:38,"NGN257,253.16","19,293.99","NGN276,547.15",NGN,unpaid
INV-003904,WO-004435,CUST00739,2026-01-04 04:07:27,"NGN463,974.68",34798.10,498772.78,NGN,UNPAID
INV-003905,WO-004436,CUST00941,1746770446000,199259.78,"14,944.48","NGN214,204.26",NGN,unpaid
INV-003906,WO-004437,CUST00870,15/01/2026,NGN 384341.93,"28,825.65","413,167.58",NGN,paid
INV-003907,WO-004438,CUST00968,2026-08-21 02:11:31,"213,431.65","16,007.37","229,439.02",ngn,UNPAID
INV-003908,WO-004439,CUST00956,2026-06-18 01:06:58,40575.00,NGN 3043.12,"43,618.12",ngn,partial
INV-003909,WO-004440,CUST00720,29/10/2024,"NGN578,943.96",43420.80,622364.76,NGN,written_off
INV-003910,WO-004441,CUST00234,1752682217000,"NGN2,875.00",215.62,3090.62,NGN,PAID
INV-003911,WO-004444,CUST00748,1766800197000,20610.64,1545.80,"NGN22,156.44",NGN,partial
INV-003912,WO-004445,CUST00195,05/02/2026,"NGN565,983.75","NGN42,448.78","NGN608,432.53",NGN,paid
INV-003913,WO-004447,CUST00631,1765245766000,"NGN489,560.60","36,717.05","NGN526,277.65",NGN,PAID
INV-003914,WO-004448,CUST00125,08/10/2025,"7,740.00",580.50,"8,320.50",NGN,paid
INV-003915,WO-004449,CUST00011,1734307874000,"243,123.83","18,234.29","261,358.12",NGN,paid
INV-003916,WO-004450,CUST00287,2025-08-21 04:00:05,"725,125.20",NGN 54384.39,"779,509.59",NGN,paid
INV-003917,WO-004451,CUST00519,2025-10-26 08:18:31,374338.69,"NGN28,075.40","402,414.09",NGN,paid
INV-003918,WO-004452,CUST00210,1737455949000,NGN 779727.64,"NGN58,479.57",NGN 838207.21,NGN,partial
INV-003919,WO-004453,CUST00538,15/12/2024,"1,375,307.46",103148.06,NGN 1478455.52,NGN,paid
INV-003920,WO-004454,CUST00152,2025-01-07 06:49:42,"NGN205,137.87",NGN 15385.34,220523.21,ngn,paid
INV-003921,WO-004455,CUST00741,09/05/2026,"NGN9,360.00",702.00,NGN 10062.00,NGN,PAID
INV-003922,WO-004456,CUST00619,2025-08-13 17:42:44,297476.87,NGN 22310.76,319787.63,NGN,partial
INV-003923,WO-004457,CUST01146,16/12/2024,NGN 89446.54,"NGN6,708.49","96,155.03",ngn,PAID
INV-003924,WO-004458,CUST00991,13/12/2025,283870.18,"NGN21,290.26","305,160.44",NGN,PAID
INV-003925,WO-004459,CUST01071,2025-10-11 00:26:13,NGN 436705.36,NGN 32752.90,469458.26,NGN,partial
INV-003926,WO-004460,CUST01123,13/06/2025,"NGN804,227.61","NGN60,317.07","864,544.68",NGN,paid
INV-003927,WO-004461,CUST00200,1739514340000,NGN 827497.11,"62,062.28",NGN 889559.39,NGN,UNPAID
INV-003928,WO-004462,CUST00758,26/02/2026,NGN 1285335.13,96400.14,"1,381,735.27",NGN,partial
INV-003929,WO-004463,CUST00717,2025-05-13 10:46:54,"NGN751,243.30",NGN 56343.25,"NGN807,586.55",NGN,paid
INV-003930,WO-004464,CUST00983,18/06/2026,31125.00,"NGN2,334.38",NGN 33459.38,NGN,PAID
INV-003931,WO-004467,CUST00635,2024-09-28 23:07:56,"73,014.07","NGN5,476.05","78,490.12",NGN,paid
INV-003932,WO-004468,CUST00687,28/02/2026,"NGN763,821.94",NGN 57286.65,821108.59,NGN,paid
INV-003933,WO-004469,CUST00254,18/07/2026,"NGN747,128.45","NGN56,034.63","NGN803,163.08",NGN,paid
INV-003934,WO-004471,CUST00950,2026-02-11 23:18:57,NGN 183129.30,13734.70,196864.00,NGN,unpaid
INV-003935,WO-004472,CUST00990,29/05/2026,24463.05,"1,834.73","NGN26,297.78",NGN,paid
INV-003936,WO-004473,CUST00183,2025-09-23 23:47:56,"NGN165,323.38","NGN12,399.25",NGN 177722.63,NGN,partial
INV-003937,WO-004474,CUST00247,2025-10-18 00:22:53,85896.10,"6,442.21",92338.31,NGN,written_off
INV-003938,WO-004475,CUST00253,11/07/2026,"70,119.48",NGN 5258.96,NGN 75378.44,NGN,paid
INV-003939,WO-004476,CUST01078,1758259568000,259943.58,19495.77,"279,439.35",NGN,partial
INV-003940,WO-004477,CUST00923,1737450674000,"NGN35,950.00","2,696.25","38,646.25",NGN,paid
INV-003941,WO-004478,CUST00087,13/09/2025,"NGN873,526.79",NGN 65514.51,NGN 939041.30,NGN,partial
INV-003942,WO-004479,CUST00370,29/01/2025,NGN 96746.48,"NGN7,255.99",104002.47,NGN,PAID
INV-003943,WO-004482,CUST00677,1740286789000,NGN 422951.23,"31,721.34",454672.57,NGN,PAID
INV-003944,WO-004483,CUST00198,2024-10-15 16:48:16,"1,324,554.95","NGN99,341.62",1423896.57,NGN,paid
INV-003945,WO-004484,CUST01018,21/01/2025,827890.58,62091.79,"NGN889,982.37",NGN,partial
INV-003946,WO-004485,CUST01538,24/08/2025,"1,155,056.33","NGN86,629.22",1241685.55,NGN,paid
INV-003947,WO-004487,CUST00754,29/09/2025,"273,702.07",20527.66,"NGN294,229.73",NGN,PAID
INV-003948,WO-004488,CUST00966,2026-01-15 16:47:19,98700.00,NGN 7402.50,106102.50,NGN,paid
INV-003949,WO-004489,CUST02060,2026-03-31 01:03:42,1161024.53,87076.84,"NGN1,248,101.37",NGN,paid
INV-003950,WO-004490,CUST00189,2026-01-25 07:36:07,NGN 370541.28,NGN 27790.60,NGN 398331.88,NGN,paid
INV-003951,WO-004491,CUST00237,2025-06-30 06:14:38,"NGN15,975.00","NGN1,198.12","17,173.12",NGN,paid
INV-003952,WO-004492,CUST00459,1756520671000,"10,300.00",NGN772.50,"11,072.50",NGN,PAID
INV-003953,WO-004493,CUST00550,2024-12-31 16:19:21,"64,430.58","4,832.29","69,262.87",NGN,PAID
INV-003954,WO-004494,CUST00712,1749772958000,371151.31,NGN 27836.35,"398,987.66",NGN,PAID
INV-003955,WO-004495,CUST01054,2025-02-28 12:01:21,"NGN437,605.36",NGN 32820.40,"470,425.76",NGN,paid
INV-003956,WO-004496,CUST00388,2026-05-03 05:25:55,"NGN339,394.94",NGN 25454.62,364849.56,NGN,paid
INV-003957,WO-004498,CUST01161,2025-06-07 12:18:56,NGN 547596.88,NGN 41069.77,588666.65,NGN,paid
INV-003958,WO-004499,CUST00263,2025-11-03 11:32:40,3325.00,NGN249.38,"3,574.38",NGN,PAID
INV-003959,WO-004500,CUST00677,2026-01-16 08:47:55,"NGN1,268,942.63","NGN95,170.70","1,364,113.33",ngn,partial
INV-003960,WO-004501,CUST00251,1741876753000,NGN 1521237.74,"NGN114,092.83",NGN 1635330.57,NGN,unpaid
INV-003961,WO-004502,CUST00412,2025-01-27 09:13:31,"NGN651,095.02",48832.13,"699,927.15",NGN,unpaid
INV-003962,WO-004503,CUST00260,1763211089000,"NGN105,525.90",7914.44,"113,440.34",NGN,paid
INV-003963,WO-004504,CUST00974,2026-05-28 20:47:21,291731.96,NGN 21879.90,"313,611.86",ngn,PAID
INV-003964,WO-004505,CUST00502,2024-11-27 02:15:22,"NGN1,063,529.24","NGN79,764.69",NGN 1143293.93,NGN,written_off
INV-003965,WO-004506,CUST01174,1767490423000,NGN 1248888.71,NGN 93666.65,NGN 1342555.36,NGN,paid
INV-003966,WO-004507,CUST00882,14/11/2024,NGN 1725.00,NGN 129.37,"NGN1,854.37",NGN,PAID
INV-003967,WO-004508,CUST00327,2025-12-30 23:53:21,NGN 1122591.00,NGN 84194.33,1206785.33,NGN,paid
INV-003968,WO-004509,CUST00120,2025-04-26 06:52:05,"NGN603,670.33",NGN 45275.28,648945.61,NGN,UNPAID
INV-003969,WO-004510,CUST00042,14/08/2025,10375.00,778.12,11153.12,NGN,unpaid
INV-003970,WO-004511,CUST01193,09/04/2025,208183.85,NGN 15613.79,NGN 223797.64,NGN,paid
INV-003971,WO-004513,CUST00363,29/04/2026,"591,112.11",NGN 44333.41,NGN 635445.52,NGN,paid
INV-003972,WO-004514,CUST00482,2025-02-17 09:22:09,815498.90,61162.42,"876,661.32",NGN,paid
INV-003973,WO-004515,CUST00588,19/04/2025,"NGN631,215.01",NGN 47341.13,"NGN678,556.14",NGN,PAID
INV-003974,WO-004516,CUST00754,21/10/2024,"NGN4,500.00",NGN 337.50,"NGN4,837.50",NGN,PAID
INV-003975,WO-004517,CUST00404,08/06/2025,"663,803.74","NGN49,785.28",713589.02,NGN,partial
INV-003976,WO-004518,CUST00534,06/03/2025,"NGN535,716.73",NGN 40178.76,"575,895.49",NGN,paid
INV-003977,WO-004519,CUST00757,14/10/2024,"NGN198,480.87","14,886.06","NGN213,366.93",NGN,paid
INV-003978,WO-004520,CUST00003,1731402784000,"626,623.31",46996.75,NGN 673620.06,ngn,PAID
INV-003979,WO-004521,CUST00197,08/11/2025,"NGN7,600.00",NGN570.00,8170.00,ngn,paid
INV-003980,WO-004522,CUST00539,26/11/2025,NGN 528911.27,"NGN39,668.35","568,579.62",NGN,partial
INV-003981,WO-004523,CUST00467,1741698333000,"752,580.88",NGN 56443.57,NGN 809024.45,NGN,unpaid
INV-003982,WO-004524,CUST00652,1745574914000,828815.70,NGN 62161.18,NGN 890976.88,NGN,paid
INV-003983,WO-004525,CUST00023,01/06/2025,"190,309.19","14,273.19",NGN 204582.38,NGN,PAID
INV-003984,WO-004526,CUST00432,18/06/2025,787907.89,59093.09,"NGN847,000.98",NGN,unpaid
INV-003985,WO-004527,CUST00311,09/05/2025,"1,561,296.22","NGN117,097.22","NGN1,678,393.44",NGN,unpaid
INV-003986,WO-004528,CUST00534,13/03/2026,"325,801.31",NGN 24435.10,NGN 350236.41,NGN,PAID
INV-003987,WO-004529,CUST01557,2026-06-15 18:28:11,"NGN762,280.87",57171.07,"NGN819,451.94",NGN,UNPAID
INV-003988,WO-004530,CUST00233,2025-09-27 07:29:04,"NGN111,771.49","8,382.86",120154.35,NGN,paid
INV-003989,WO-004531,CUST00818,25/06/2026,"NGN865,525.74","64,914.43",930440.17,NGN,paid
INV-003990,WO-004532,CUST00737,1738775215000,"184,459.07",NGN 13834.43,NGN 198293.50,NGN,partial
INV-003991,WO-004533,CUST01858,2025-04-23 23:44:42,"9,975.00",NGN748.12,NGN 10723.12,NGN,paid
INV-003992,WO-004535,CUST00834,20/10/2024,2625.00,NGN 196.88,2821.88,NGN,paid
INV-003993,WO-004536,CUST00280,1782374220000,"NGN7,800.00",585.00,"NGN8,385.00",NGN,paid
INV-003994,WO-004537,CUST00713,20/06/2025,"18,353.48",NGN 1376.51,"NGN19,729.99",NGN,UNPAID
INV-003995,WO-004538,CUST00048,1751074293000,"1,127,846.81",NGN 84588.51,"1,212,435.32",NGN,UNPAID
INV-003996,WO-004539,CUST00470,2025-06-21 07:43:32,NGN 455862.29,"NGN34,189.67",NGN 490051.96,NGN,paid
INV-003997,WO-004540,CUST00797,2026-02-24 18:17:48,"171,201.00","12,840.07",NGN 184041.07,ngn,paid
INV-003998,WO-004541,CUST00891,2025-05-20 00:13:18,NGN 731183.68,54838.78,786022.46,NGN,PAID
INV-003999,WO-004543,CUST02033,1730114764000,1950.00,146.25,2096.25,NGN,paid
INV-004000,WO-004544,CUST00782,2025-06-09 15:45:32,138070.29,10355.27,NGN 148425.56,NGN,PAID
INV-004001,WO-004545,CUST01169,2025-10-18 13:27:44,83387.51,"6,254.06","89,641.57",NGN,paid
INV-004002,WO-004546,CUST00189,1769844503000,"743,559.67","NGN55,766.97","NGN799,326.64",NGN,paid
INV-004003,WO-004547,CUST00383,27/07/2025,NGN 70222.53,"5,266.69",75489.22,NGN,paid
INV-004004,WO-004548,CUST00061,1728030956000,"626,899.38","47,017.45",NGN 673916.83,NGN,UNPAID
INV-004005,WO-004549,CUST00914,08/07/2025,1027751.80,NGN 77081.38,NGN 1104833.18,NGN,unpaid
INV-004006,WO-004550,CUST00305,02/02/2026,336493.64,"25,237.02",NGN 361730.66,NGN,paid
INV-004007,WO-004551,CUST00079,2025-01-07 03:52:22,"NGN564,615.26","NGN42,346.14",NGN 606961.40,NGN,paid
INV-004008,WO-004552,CUST01162,31/12/2025,431478.30,32360.87,NGN 463839.17,NGN,paid
INV-004009,WO-004553,CUST02375,1743987340000,NGN 1184417.25,88831.29,"1,273,248.54",NGN,paid
INV-004010,WO-004554,CUST00278,1740848310000,"NGN18,901.70",1417.63,"20,319.33",NGN,paid
INV-004011,WO-004555,CUST00894,1738913854000,74294.47,5572.09,79866.56,NGN,partial
INV-004012,WO-004556,CUST01117,1744365699000,"NGN51,443.27","NGN3,858.25","NGN55,301.52",NGN,paid
INV-004013,WO-004557,CUST00456,2026-06-18 04:09:39,"NGN379,685.85",NGN 28476.44,408162.29,NGN,paid
INV-004014,WO-004559,CUST00607,1765316917000,"NGN47,250.00",3543.75,50793.75,NGN,PAID
INV-004015,WO-004560,CUST00458,1728293854000,"81,720.69",NGN 6129.05,87849.74,ngn,PAID
INV-004016,WO-004562,CUST00150,29/07/2025,"1,525.00",114.38,"1,639.38",NGN,paid
INV-004017,WO-004563,CUST00413,1779952270000,"541,948.29","NGN40,646.12","582,594.41",NGN,PAID
INV-004018,WO-004565,CUST00885,2025-08-05 03:05:41,"NGN239,235.76","17,942.68",NGN 257178.44,NGN,unpaid
INV-004019,WO-004566,CUST00073,2026-01-22 15:53:48,752912.17,"56,468.41","809,380.58",ngn,partial
INV-004020,WO-004567,CUST00720,1733609982000,NGN 4025.00,NGN 301.87,"4,326.87",NGN,UNPAID
INV-004021,WO-004568,CUST00417,2026-01-18 16:37:18,12300.00,922.50,"13,222.50",NGN,UNPAID
INV-004022,WO-004570,CUST00163,2025-10-11 08:44:32,"NGN30,060.00",2254.50,NGN 32314.50,NGN,written_off
INV-004023,WO-004571,CUST00916,2025-01-14 14:53:31,"523,863.36","NGN39,289.75",NGN 563153.11,NGN,UNPAID
INV-004024,WO-004572,CUST00557,2025-06-19 12:09:25,"828,105.61",NGN 62107.92,890213.53,ngn,PAID
INV-004025,WO-004573,CUST02300,1741560863000,"NGN189,151.72","14,186.38",203338.10,NGN,paid
INV-004026,WO-004574,CUST00155,2026-04-20 18:18:00,NGN 14900.85,1117.56,NGN 16018.41,NGN,paid
INV-004027,WO-004575,CUST01121,20/12/2024,"93,420.00",NGN 7006.50,100426.50,NGN,unpaid
INV-004028,WO-004576,CUST00562,28/11/2025,NGN 542121.48,"40,659.11","582,780.59",NGN,paid
INV-004029,WO-004577,CUST00409,2025-01-26 15:08:01,"128,045.96","NGN9,603.45","NGN137,649.41",NGN,partial
INV-004030,WO-004578,CUST00388,22/01/2026,"NGN388,471.53",29135.36,417606.89,NGN,UNPAID
INV-004031,WO-004579,CUST00013,29/07/2026,NGN 510873.67,"38,315.53","NGN549,189.20",NGN,PAID
INV-004032,WO-004580,CUST00650,04/08/2025,NGN 423373.50,"31,753.01","455,126.51",NGN,partial
INV-004033,WO-004581,CUST00815,2025-07-27 11:00:50,"514,066.89",38555.02,NGN 552621.91,NGN,PAID
INV-004034,WO-004582,CUST00199,1767242956000,NGN 70131.88,"5,259.89","75,391.77",NGN,unpaid
INV-004035,WO-004584,CUST01015,2026-05-23 05:18:13,17100.00,"1,282.50",18382.50,NGN,paid
INV-004036,WO-004585,CUST00716,1779525348000,NGN 361517.34,NGN 27113.80,388631.14,NGN,paid
INV-004037,WO-004586,CUST00640,08/03/2025,"NGN506,570.69","37,992.80","NGN544,563.49",NGN,UNPAID
INV-004038,WO-004587,CUST00395,1765785192000,"NGN63,587.24",4769.04,"68,356.28",NGN,paid
INV-004039,WO-004588,CUST01185,1733859689000,NGN 6975.00,NGN 523.12,"NGN7,498.12",NGN,partial
INV-004040,WO-004590,CUST01179,27/02/2026,"975,581.27","73,168.59","1,048,749.86",NGN,PAID
INV-004041,WO-004591,CUST00281,2025-10-22 15:51:45,"14,560.00",NGN 1092.00,"NGN15,652.00",NGN,UNPAID
INV-004042,WO-004592,CUST00943,2024-11-20 09:23:10,26175.00,NGN 1963.12,NGN 28138.12,ngn,paid
INV-004043,WO-004593,CUST00530,1766865952000,475218.11,35641.36,"510,859.47",NGN,PAID
INV-004044,WO-004594,CUST00527,05/08/2026,NGN 9614.70,721.10,"NGN10,335.80",ngn,paid
INV-004045,WO-004595,CUST00209,2026-02-21 09:46:59,NGN 700639.90,"NGN52,547.99",NGN 753187.89,ngn,paid
INV-004046,WO-004596,CUST00105,2025-08-09 03:34:20,"NGN161,296.22","12,097.22",173393.44,NGN,partial
INV-004047,WO-004597,CUST00224,1781938095000,NGN 603029.65,45227.22,"648,256.87",ngn,partial
INV-004048,WO-004598,CUST00625,1738516112000,"306,878.31","NGN23,015.87","329,894.18",ngn,paid
INV-004049,WO-004599,CUST00362,1749423678000,"109,165.00",8187.38,"117,352.38",NGN,partial
INV-004050,WO-004600,CUST00065,29/07/2025,36661.53,"NGN2,749.61",NGN 39411.14,NGN,UNPAID
INV-004051,WO-004601,CUST00342,26/06/2026,"11,025.00",826.88,"NGN11,851.88",NGN,paid
INV-004052,WO-004602,CUST00483,1776232123000,"539,795.40","40,484.65",NGN 580280.05,NGN,unpaid
INV-004053,WO-004603,CUST01180,2025-12-01 16:02:58,467811.08,"35,085.83","NGN502,896.91",NGN,paid
INV-004054,WO-004604,CUST00487,28/11/2025,"NGN6,930.00",519.75,"NGN7,449.75",ngn,unpaid
INV-004055,WO-004605,CUST01151,2024-11-27 07:43:32,"149,373.16",NGN 11202.99,"160,576.15",NGN,PAID
INV-004056,WO-004606,CUST00662,2024-10-30 08:19:09,"NGN181,818.61","NGN13,636.40","195,455.01",NGN,PAID
INV-004057,WO-004607,CUST00835,26/03/2026,"86,952.64",NGN 6521.45,NGN 93474.09,NGN,paid
INV-004058,WO-004608,CUST00212,2025-08-20 05:46:46,"NGN620,202.47","46,515.18",NGN 666717.65,NGN,UNPAID
INV-004059,WO-004609,CUST00209,23/02/2026,"NGN628,262.97",NGN 47119.72,"NGN675,382.69",ngn,unpaid
INV-004060,WO-004610,CUST00497,1759586787000,376228.60,NGN 28217.15,"NGN404,445.75",NGN,paid
INV-004061,WO-004611,CUST00826,2025-06-21 01:05:10,"5,950.00",NGN 446.25,"NGN6,396.25",NGN,PAID
INV-004062,WO-004612,CUST01083,2024-12-06 18:40:04,"6,965.00",NGN 522.38,"7,487.38",NGN,paid
INV-004063,WO-004613,CUST01119,26/03/2026,NGN 599750.53,44981.29,"644,731.82",NGN,PAID
INV-004064,WO-004614,CUST00735,10/07/2026,NGN 30225.00,2266.88,"32,491.88",NGN,UNPAID
INV-004065,WO-004615,CUST00097,1784180366000,"NGN789,003.91",NGN 59175.29,NGN 848179.20,NGN,paid
INV-004066,WO-004616,CUST01110,11/05/2026,NGN 578788.43,NGN 43409.13,NGN 622197.56,NGN,paid
INV-004067,WO-004617,CUST00663,07/08/2025,NGN 284970.73,NGN 21372.80,"NGN306,343.53",NGN,paid
INV-004068,WO-004618,CUST00976,2026-06-27 09:51:11,7800.00,NGN585.00,"NGN8,385.00",NGN,paid
INV-004069,WO-004619,CUST00443,2025-10-09 00:59:19,NGN 1229915.57,"92,243.67",1322159.24,NGN,UNPAID
INV-004070,WO-004620,CUST00539,2026-05-25 16:30:44,"140,100.00","NGN10,507.50",150607.50,NGN,paid
INV-004071,WO-004621,CUST00605,2026-05-08 20:46:27,"NGN19,110.00","1,433.25","NGN20,543.25",NGN,paid
INV-004072,WO-004622,CUST00702,1737644607000,NGN 8190.00,614.25,"NGN8,804.25",NGN,PAID
INV-004073,WO-004623,CUST02389,07/12/2025,"NGN4,515.00",NGN338.62,"4,853.62",NGN,paid
INV-004074,WO-004624,CUST00364,2024-09-27 11:53:16,1086082.20,NGN 81456.16,NGN 1167538.36,NGN,PAID
INV-004075,WO-004625,CUST00324,1769691021000,560570.55,NGN 42042.79,NGN 602613.34,NGN,PAID
INV-004076,WO-004626,CUST00381,1771403152000,NGN 1172922.94,NGN 87969.22,1260892.16,NGN,unpaid
INV-004077,WO-004627,CUST00027,17/12/2024,"648,923.80","NGN48,669.29","NGN697,593.09",NGN,UNPAID
INV-004078,WO-004628,CUST01180,23/11/2025,NGN 1084298.56,"NGN81,322.39",1165620.95,NGN,PAID
INV-004079,WO-004629,CUST00015,2025-09-19 03:04:04,NGN 623923.47,46794.26,"670,717.73",NGN,unpaid
INV-004080,WO-004630,CUST00316,1759010282000,"8,625.00",NGN 646.88,"9,271.88",NGN,paid
INV-004081,WO-004631,CUST00886,1788225674000,NGN 100114.63,"7,508.60",107623.23,ngn,UNPAID
INV-004082,WO-004632,CUST01136,10/10/2024,4900.00,367.50,NGN 5267.50,NGN,UNPAID
INV-004083,WO-004633,CUST00197,1727577916000,NGN 7650.00,NGN573.75,"8,223.75",NGN,UNPAID
INV-004084,WO-004634,CUST00952,1726337835000,"7,600.00",570.00,"8,170.00",NGN,unpaid
INV-004085,WO-004635,CUST00545,1785296231000,NGN 177941.68,"13,345.63","NGN191,287.31",NGN,paid
INV-004086,WO-004636,CUST00170,19/07/2025,NGN 69822.06,5236.65,NGN 75058.71,NGN,paid
INV-004087,WO-004637,CUST00809,2026-04-09 05:01:57,"NGN107,617.19",8071.29,115688.48,NGN,unpaid
INV-004088,WO-004638,CUST00933,2026-04-18 09:17:18,3360.00,NGN 252.00,NGN 3612.00,NGN,paid
INV-004089,WO-004639,CUST00575,09/05/2025,"NGN402,582.46",NGN 30193.68,NGN 432776.14,NGN,UNPAID
INV-004090,WO-004640,CUST00925,1761300132000,NGN 10350.00,776.25,"11,126.25",NGN,paid
INV-004091,WO-004641,CUST00719,1756353441000,"NGN335,257.35","NGN25,144.30","360,401.65",NGN,unpaid
INV-004092,WO-004642,CUST00727,2025-04-21 13:32:59,"NGN77,236.44","NGN5,792.73",83029.17,NGN,partial
INV-004093,WO-004643,CUST00524,2025-08-07 15:49:47,NGN 616210.22,"NGN46,215.77",NGN 662425.99,NGN,paid
INV-004094,WO-004644,CUST00146,1754680031000,93552.66,7016.45,NGN 100569.11,NGN,unpaid
INV-004095,WO-004645,CUST00135,2026-04-12 12:54:24,805912.21,NGN 60443.42,"NGN866,355.63",NGN,UNPAID
INV-004096,WO-004646,CUST00485,21/02/2026,116156.20,"NGN8,711.72",124867.92,NGN,unpaid
INV-004097,WO-004647,CUST00239,26/07/2025,"99,520.32",7464.02,106984.34,NGN,paid
INV-004098,WO-004648,CUST02022,22/03/2026,"100,080.00","NGN7,506.00",107586.00,NGN,paid
INV-004099,WO-004649,CUST01179,13/10/2025,238738.02,"NGN17,905.35","NGN256,643.37",ngn,paid
INV-004100,WO-004650,CUST00637,2026-03-12 06:31:53,NGN 643749.28,48281.20,NGN 692030.48,NGN,PAID
INV-004101,WO-004651,CUST00569,30/05/2025,"866,656.88",NGN 64999.27,"931,656.15",NGN,UNPAID
INV-004102,WO-004652,CUST01128,2026-03-06 07:17:04,987491.68,"74,061.88","NGN1,061,553.56",NGN,paid
INV-004103,WO-004653,CUST01168,1753566968000,NGN 126905.72,NGN 9517.93,136423.65,NGN,unpaid
INV-004104,WO-004654,CUST00613,2026-05-22 19:20:55,"NGN472,905.23","35,467.89",508373.12,NGN,partial
INV-004105,WO-004655,CUST01150,18/11/2024,"1,051,902.52","NGN78,892.69","1,130,795.21",NGN,UNPAID
INV-004106,WO-004656,CUST00455,1769299644000,NGN 11795.00,884.62,NGN 12679.62,NGN,partial
INV-004107,WO-004657,CUST00302,1742903844000,"NGN633,620.37",47521.53,681141.90,NGN,partial
INV-004108,WO-004658,CUST00855,1739517963000,NGN 11790.00,884.25,"12,674.25",NGN,PAID
INV-004109,WO-004659,CUST00735,26/07/2025,706862.28,53014.67,"759,876.95",NGN,partial
INV-004110,WO-004660,CUST00900,2025-11-07 19:37:09,"156,618.47","NGN11,746.38",NGN 168364.85,NGN,PAID
INV-004111,WO-004661,CUST00487,08/07/2026,"728,291.17",NGN 54621.84,NGN 782913.01,NGN,PAID
INV-004112,WO-004662,CUST00872,06/10/2024,NGN 209912.04,"15,743.40","225,655.44",NGN,UNPAID
INV-004113,WO-004663,CUST00713,1779341503000,"NGN432,154.49","32,411.59","NGN464,566.08",NGN,paid
INV-004114,WO-004664,CUST02041,30/11/2025,"49,527.24","NGN3,714.54",53241.78,NGN,paid
INV-004115,WO-004665,CUST00512,20/03/2026,186660.00,NGN 13999.50,"200,659.50",NGN,paid
INV-004116,WO-004666,CUST00909,13/03/2026,"698,635.73","52,397.68","751,033.41",ngn,paid
INV-004117,WO-004667,CUST00782,2026-07-20 04:32:50,"34,020.00","2,551.50","36,571.50",NGN,paid
INV-004118,WO-004668,CUST00309,2026-01-07 21:05:05,NGN 940567.35,"70,542.55","NGN1,011,109.90",NGN,partial
INV-004119,WO-004669,CUST00967,2024-12-20 22:01:46,NGN 487048.80,"36,528.66","NGN523,577.46",NGN,partial
INV-004120,WO-004671,CUST00471,2024-09-30 15:50:35,3575.00,268.12,3843.12,NGN,PAID
INV-004121,WO-004672,CUST00468,1769812067000,"9,090.00",681.75,NGN 9771.75,ngn,paid
INV-004122,WO-004673,CUST01798,12/08/2025,NGN 250223.00,"NGN18,766.72",NGN 268989.72,NGN,paid
INV-004123,WO-004674,CUST01083,1743622717000,"NGN3,225.00",241.88,"NGN3,466.88",NGN,paid
INV-004124,WO-004675,CUST00782,12/11/2024,"NGN250,353.85","NGN18,776.54",NGN 269130.39,ngn,partial
INV-004125,WO-004676,CUST00066,1768247392000,NGN 473777.73,"35,533.33","NGN509,311.06",NGN,paid
INV-004126,WO-004677,CUST00404,1769638362000,19711.53,"1,478.37",21189.90,NGN,paid
INV-004127,WO-004678,CUST01535,20/02/2025,"64,547.40","NGN4,841.06","69,388.46",NGN,UNPAID
INV-004128,WO-004679,CUST00536,2025-08-01 00:23:41,"2,021,236.61",151592.75,"NGN2,172,829.36",NGN,paid
INV-004129,WO-004682,CUST00254,2025-06-12 22:00:57,"NGN19,170.00","NGN1,437.75",20607.75,NGN,unpaid
INV-004130,WO-004683,CUST00944,2026-07-11 09:01:30,"NGN7,400.00",555.00,NGN 7955.00,NGN,unpaid
INV-004131,WO-004684,CUST01008,2024-11-23 11:49:22,"NGN1,225,284.00",91896.30,NGN 1317180.30,NGN,unpaid
INV-004132,WO-004685,CUST00721,1745906284000,11350.00,NGN851.25,"NGN12,201.25",NGN,unpaid
INV-004133,WO-004689,CUST00328,1751005353000,"640,313.28",NGN 48023.50,NGN 688336.78,NGN,UNPAID
INV-004134,WO-004691,CUST00680,31/05/2026,"NGN184,447.09","NGN13,833.53",NGN 198280.62,NGN,paid
INV-004135,WO-004692,CUST00022,1780317739000,"363,702.56","27,277.69","390,980.25",NGN,partial
INV-004136,WO-004694,CUST01173,27/10/2024,"1,413,298.47","105,997.39",1519295.86,NGN,paid
INV-004137,WO-004695,CUST00520,1754050059000,1481117.96,"111,083.85",NGN 1592201.81,NGN,PAID
INV-004138,WO-004696,CUST01093,08/05/2025,"10,050.00",NGN753.75,"10,803.75",NGN,PAID
INV-004139,WO-004697,CUST00060,15/02/2025,"NGN140,512.94","10,538.47","151,051.41",NGN,paid
INV-004140,WO-004698,CUST00392,17/12/2024,381533.01,NGN 28614.98,"NGN410,147.99",ngn,paid
INV-004141,WO-004699,CUST00853,1764270950000,"583,598.14","43,769.86","NGN627,368.00",NGN,PAID
INV-004142,WO-004700,CUST00337,24/03/2025,"NGN9,050.00",NGN678.75,"9,728.75",NGN,PAID
INV-004143,WO-004701,CUST01121,1776933267000,"742,738.31",NGN 55705.37,"NGN798,443.68",NGN,PAID
INV-004144,WO-004702,CUST00602,1761937758000,"180,437.50","NGN13,532.81",193970.31,NGN,paid
INV-004145,WO-004703,CUST01166,01/05/2026,"183,225.00",NGN 13741.88,"196,966.88",NGN,unpaid
INV-004146,WO-004704,CUST01037,30/08/2025,"642,737.80","48,205.34",NGN 690943.14,NGN,paid
INV-004147,WO-004705,CUST00957,1755606613000,NGN 1360159.34,NGN 102011.95,NGN 1462171.29,NGN,PAID
INV-004148,WO-004706,CUST01974,1762871651000,136697.74,"10,252.33",NGN 146950.07,NGN,paid
INV-004149,WO-004707,CUST01075,2025-07-28 15:03:37,469788.69,35234.15,"NGN505,022.84",NGN,partial
INV-004150,WO-004708,CUST00912,02/07/2025,"NGN264,890.37","19,866.78","284,757.15",NGN,paid
INV-004151,WO-004709,CUST00978,1754925694000,"NGN1,035,118.46","NGN77,633.88","1,112,752.34",NGN,UNPAID
INV-004152,WO-004710,CUST00262,1761202231000,"66,570.29",4992.77,"NGN71,563.06",NGN,partial
INV-004153,WO-004711,CUST01151,1737318774000,"421,338.12",NGN 31600.36,"NGN452,938.48",NGN,paid
INV-004154,WO-004712,CUST00586,23/09/2025,"1,269,890.61","NGN95,241.80","1,365,132.41",NGN,unpaid
INV-004155,WO-004713,CUST00504,2025-10-15 05:20:27,29486.26,NGN 2211.47,"NGN31,697.73",NGN,paid
INV-004156,WO-004714,CUST00395,2025-12-13 21:05:54,"611,821.07","45,886.58","NGN657,707.65",NGN,PAID
INV-004157,WO-004715,CUST01171,2025-06-13 04:31:56,80910.00,NGN 6068.25,86978.25,NGN,unpaid
INV-004158,WO-004716,CUST01157,2025-09-16 20:36:20,NGN 117959.53,NGN 8846.96,"126,806.49",NGN,paid
INV-004159,WO-004717,CUST02325,2024-10-07 03:32:36,"97,967.25","7,347.54","NGN105,314.79",NGN,PAID
INV-004160,WO-004718,CUST00022,2024-10-09 06:00:32,"NGN212,017.53",NGN 15901.32,"227,918.85",NGN,paid
INV-004161,WO-004719,CUST01110,29/09/2025,NGN 725787.44,"NGN54,434.06",NGN 780221.50,NGN,paid
INV-004162,WO-004720,CUST00256,01/11/2025,NGN 6895.00,NGN 517.12,NGN 7412.12,NGN,paid
INV-004163,WO-004721,CUST02225,27/10/2025,"NGN336,344.69","25,225.85",NGN 361570.54,ngn,paid
INV-004164,WO-004722,CUST01060,31/10/2024,"NGN1,254,353.88","94,076.54",NGN 1348430.42,NGN,paid
INV-004165,WO-004723,CUST00922,1775354398000,489714.13,NGN 36728.56,NGN 526442.69,NGN,partial
INV-004166,WO-004724,CUST00095,1753406573000,"NGN49,610.23",NGN 3720.77,53331.00,NGN,paid
INV-004167,WO-004725,CUST00694,04/01/2026,NGN 498413.48,"37,381.01",NGN 535794.49,NGN,paid
INV-004168,WO-004726,CUST01022,15/10/2025,NGN 72322.14,"NGN5,424.16","77,746.30",NGN,paid
INV-004169,WO-004727,CUST00241,25/09/2024,"374,560.73","28,092.05",NGN 402652.78,NGN,written_off
INV-004170,WO-004728,CUST02172,1776104927000,375836.07,"NGN28,187.71",404023.78,NGN,paid
INV-004171,WO-004729,CUST01092,05/01/2026,"NGN912,973.64","68,473.02",981446.66,NGN,PAID
INV-004172,WO-004730,CUST01974,2025-09-20 07:50:06,"566,618.95","42,496.42",609115.37,NGN,partial
INV-004173,WO-004731,CUST00652,1754076667000,285874.92,"NGN21,440.62",NGN 307315.54,ngn,paid
INV-004174,WO-004732,CUST00684,2024-10-16 06:55:16,NGN 943977.43,"NGN70,798.31",NGN 1014775.74,NGN,PAID
INV-004175,WO-004733,CUST00278,06/05/2025,411830.99,30887.32,442718.31,NGN,paid
INV-004176,WO-004734,CUST00307,2025-05-24 23:24:37,"NGN15,000.00",NGN 1125.00,"16,125.00",NGN,paid
INV-004177,WO-004735,CUST00555,1727271047000,NGN 863963.39,NGN 64797.25,"928,760.64",NGN,paid
INV-004178,WO-004736,CUST01142,1781604625000,604073.73,"NGN45,305.53",649379.26,NGN,written_off
INV-004179,WO-004737,CUST00224,1759902291000,"NGN595,636.81",NGN 44672.76,"640,309.57",NGN,paid
INV-004180,WO-004738,CUST00368,01/01/2025,"297,045.06","NGN22,278.38","319,323.44",NGN,paid
INV-004181,WO-004739,CUST01171,2026-05-12 06:30:11,"197,176.10","NGN14,788.21","NGN211,964.31",NGN,paid
INV-004182,WO-004740,CUST00120,1729429442000,11725.00,NGN 879.38,"12,604.38",NGN,paid
INV-004183,WO-004741,CUST01084,2025-07-30 08:38:05,"164,865.10","NGN12,364.88","177,229.98",NGN,paid
INV-004184,WO-004742,CUST01058,2024-12-23 17:59:40,61192.14,"NGN4,589.41","NGN65,781.55",NGN,paid
INV-004185,WO-004743,CUST00721,15/02/2026,NGN 639713.56,"47,978.52",687692.08,ngn,paid
INV-004186,WO-004744,CUST00971,1733524951000,909138.80,"68,185.41",NGN 977324.21,NGN,paid
INV-004187,WO-004745,CUST00541,2025-03-30 12:01:16,272690.13,"20,451.76",NGN 293141.89,NGN,partial
INV-004188,WO-004746,CUST00170,1727443366000,NGN 397614.81,29821.11,"NGN427,435.92",NGN,paid
INV-004189,WO-004748,CUST00512,28/11/2025,NGN 354380.20,NGN 26578.52,NGN 380958.72,NGN,UNPAID
INV-004190,WO-004749,CUST00279,2026-04-15 14:20:34,"13,425.00","NGN1,006.88","14,431.88",NGN,paid
INV-004191,WO-004750,CUST01088,2025-01-22 14:53:16,NGN 2775.00,208.12,"2,983.12",NGN,partial
INV-004192,WO-004751,CUST00993,02/11/2024,NGN 952636.58,NGN 71447.74,1024084.32,NGN,paid
INV-004193,WO-004752,CUST01166,10/07/2026,"NGN6,405.00",NGN 480.38,"6,885.38",NGN,UNPAID
INV-004194,WO-004753,CUST01154,01/12/2024,18600.00,1395.00,"NGN19,995.00",NGN,unpaid
INV-004195,WO-004755,CUST00241,1733939414000,122412.48,9180.94,"131,593.42",NGN,UNPAID
INV-004196,WO-004756,CUST00275,23/08/2026,28170.00,"2,112.75","30,282.75",NGN,paid
INV-004197,WO-004757,CUST01837,1774710606000,379071.48,28430.36,"407,501.84",NGN,PAID
INV-004198,WO-004758,CUST00210,1746298054000,"961,108.44","NGN72,083.13",1033191.57,NGN,paid
INV-004199,WO-004759,CUST00556,2026-06-03 13:12:36,"NGN103,271.11",7745.33,NGN 111016.44,NGN,PAID
INV-004200,WO-004760,CUST01097,2025-01-04 00:55:23,"NGN1,130,254.20",84769.06,NGN 1215023.26,NGN,paid
INV-004201,WO-004761,CUST00383,01/02/2025,NGN 60176.41,"NGN4,513.23",NGN 64689.64,ngn,paid
INV-004202,WO-004762,CUST00350,1787548618000,19929.39,"1,494.70",21424.09,NGN,paid
INV-004203,WO-004763,CUST00856,1750779085000,NGN 727609.67,NGN 54570.72,NGN 782180.39,NGN,partial
INV-004204,WO-004764,CUST00668,22/04/2026,NGN 68908.64,"NGN5,168.15","NGN74,076.79",NGN,PAID
INV-004205,WO-004765,CUST00625,1748179986000,"NGN229,823.14","17,236.74","247,059.88",NGN,paid
INV-004206,WO-004766,CUST01120,1780404594000,NGN 720584.82,NGN 54043.86,"774,628.68",NGN,paid
INV-004207,WO-004767,CUST00029,2025-08-13 13:35:49,NGN 645540.54,"NGN48,415.54","NGN693,956.08",NGN,PAID
INV-004208,WO-004769,CUST00497,1774756881000,"647,376.90",NGN 48553.27,"695,930.17",NGN,partial
INV-004209,WO-004770,CUST00563,28/05/2026,98398.14,7379.86,NGN 105778.00,NGN,PAID
INV-004210,WO-004771,CUST00706,1777137584000,43076.27,"3,230.72","NGN46,306.99",NGN,partial
INV-004211,WO-004772,CUST00754,12/01/2025,"NGN249,318.99","18,698.92","268,017.91",NGN,paid
INV-004212,WO-004774,CUST00600,25/03/2025,"1,377,792.23",103334.42,NGN 1481126.65,NGN,paid
INV-004213,WO-004775,CUST02022,29/07/2026,"497,317.35",NGN 37298.80,NGN 534616.15,NGN,UNPAID
INV-004214,WO-004776,CUST00846,19/12/2024,"1,398,328.14","NGN104,874.61","1,503,202.75",NGN,UNPAID
INV-004215,WO-004777,CUST00825,02/03/2026,"NGN191,369.79","14,352.73",NGN 205722.52,NGN,paid
INV-004216,WO-004778,CUST00299,1782580700000,NGN 10050.00,NGN753.75,"10,803.75",NGN,PAID
INV-004217,WO-004779,CUST00668,27/12/2024,819799.44,NGN 61484.96,"NGN881,284.40",NGN,paid
INV-004218,WO-004780,CUST00544,07/09/2025,"294,647.90","NGN22,098.59","316,746.49",NGN,paid
INV-004219,WO-004782,CUST01114,2026-06-28 00:46:50,31140.00,2335.50,"NGN33,475.50",NGN,unpaid
INV-004220,WO-004783,CUST00449,01/04/2026,NGN 514280.42,"38,571.03",552851.45,NGN,paid
INV-004221,WO-004784,CUST00922,2024-10-28 05:44:02,"592,623.34","NGN44,446.75",NGN 637070.09,NGN,UNPAID
INV-004222,WO-004785,CUST00361,2025-10-18 20:16:09,421521.14,31614.09,453135.23,NGN,partial
INV-004223,WO-004787,CUST00892,1729956612000,"NGN554,761.73","NGN41,607.13",NGN 596368.86,NGN,written_off
INV-004224,WO-004788,CUST00306,1735328101000,"1,713,509.58",NGN 128513.22,NGN 1842022.80,NGN,paid
INV-004225,WO-004789,CUST00539,1733450113000,NGN 767092.62,57531.95,824624.57,NGN,paid
INV-004226,WO-004790,CUST00121,2026-08-14 19:16:40,"191,882.33",14391.18,206273.51,ngn,paid
INV-004227,WO-004791,CUST00185,2026-08-21 23:36:43,"219,693.22","NGN16,476.99","236,170.21",NGN,paid
INV-004228,WO-004793,CUST00387,2025-03-31 06:05:09,8295.00,622.12,NGN 8917.12,ngn,PAID
INV-004229,WO-004795,CUST00356,2026-01-08 04:33:28,"NGN26,820.00",NGN 2011.50,28831.50,NGN,partial
INV-004230,WO-004796,CUST00816,2025-03-26 00:23:10,5600.00,420.00,"6,020.00",ngn,UNPAID
INV-004231,WO-004797,CUST01011,1784553085000,"38,550.00",NGN 2891.25,"41,441.25",NGN,paid
INV-004232,WO-004798,CUST01059,09/09/2025,"NGN307,711.94",NGN 23078.40,"NGN330,790.34",NGN,paid
INV-004233,WO-004799,CUST00829,14/05/2026,NGN 126108.72,9458.15,135566.87,NGN,paid
INV-004234,WO-004800,CUST00894,1769126955000,"994,024.32",NGN 74551.82,NGN 1068576.14,NGN,UNPAID
INV-004235,WO-004801,CUST00691,13/11/2025,1890.00,141.75,"NGN2,031.75",NGN,PAID
INV-004236,WO-004802,CUST00220,2024-09-17 19:50:12,NGN 183600.00,"NGN13,770.00","NGN197,370.00",NGN,paid
INV-004237,WO-004803,CUST00377,2025-01-09 06:51:17,"NGN34,268.51",NGN 2570.14,NGN 36838.65,NGN,paid
INV-004238,WO-004804,CUST01856,1785494287000,NGN 367688.19,27576.61,"395,264.80",NGN,partial
INV-004239,WO-004805,CUST01051,1745946470000,"NGN7,280.00",NGN546.00,7826.00,NGN,PAID
INV-004240,WO-004806,CUST01954,02/11/2024,NGN 82667.98,6200.10,NGN 88868.08,NGN,PAID
INV-004241,WO-004807,CUST00306,21/10/2025,682371.78,"NGN51,177.88",733549.66,NGN,paid
INV-004242,WO-004808,CUST00326,26/04/2026,"NGN2,870.00",215.25,NGN 3085.25,NGN,paid
INV-004243,WO-004809,CUST00456,1759099214000,NGN 720344.37,54025.83,"774,370.20",NGN,UNPAID
INV-004244,WO-004810,CUST00469,1731372414000,"5,700.00",427.50,"NGN6,127.50",NGN,paid
INV-004245,WO-004811,CUST02325,1754254822000,"192,210.87",14415.81,"206,626.68",NGN,PAID
INV-004246,WO-004812,CUST00846,1746894527000,"232,772.41",17457.93,"NGN250,230.34",NGN,unpaid
INV-004247,WO-004813,CUST00717,15/05/2026,NGN 8190.00,614.25,NGN 8804.25,NGN,paid
INV-004248,WO-004814,CUST00654,1727284833000,"NGN4,305.00",322.88,"NGN4,627.88",NGN,unpaid
INV-004249,WO-004815,CUST01815,2025-03-11 02:07:53,NGN 624319.26,"46,823.94","671,143.20",NGN,paid
INV-004250,WO-004816,CUST00335,14/06/2026,NGN 6150.00,461.25,NGN 6611.25,NGN,partial
INV-004251,WO-004817,CUST01115,12/06/2025,"NGN293,207.59",21990.57,315198.16,NGN,written_off
INV-004252,WO-004818,CUST01093,08/08/2026,"NGN626,161.16",46962.09,"673,123.25",NGN,written_off
INV-004253,WO-004819,CUST00884,18/09/2024,246869.42,"18,515.21","NGN265,384.63",NGN,paid
INV-004254,WO-004820,CUST00667,1766942770000,"NGN81,939.66","NGN6,145.47","88,085.13",NGN,unpaid
INV-004255,WO-004821,CUST00697,23/06/2026,404942.61,"NGN30,370.70",435313.31,NGN,UNPAID
INV-004256,WO-004822,CUST00423,2026-02-27 13:18:57,440783.28,"NGN33,058.75","473,842.03",NGN,paid
INV-004257,WO-004823,CUST00731,2026-02-06 11:31:04,"118,681.01","NGN8,901.08","NGN127,582.09",NGN,paid
INV-004258,WO-004824,CUST00517,1752738928000,"NGN534,878.34","NGN40,115.88","NGN574,994.22",NGN,PAID
INV-004259,WO-004825,CUST00263,1748315177000,673598.62,"50,519.90",724118.52,NGN,paid
INV-004260,WO-004826,CUST01837,1739741525000,NGN 2800.00,NGN 210.00,"NGN3,010.00",NGN,written_off
INV-004261,WO-004829,CUST01154,1761450625000,604834.64,"45,362.60","650,197.24",NGN,PAID
INV-004262,WO-004831,CUST00306,2026-07-29 09:57:46,"NGN556,069.27","41,705.20",NGN 597774.47,NGN,PAID
INV-004263,WO-004832,CUST00557,1739731786000,"59,292.01","NGN4,446.90",63738.91,NGN,paid
INV-004264,WO-004833,CUST02237,04/01/2025,"258,145.05","19,360.88","NGN277,505.93",NGN,paid
INV-004265,WO-004834,CUST00660,2025-03-17 16:08:51,348551.83,NGN 26141.39,"NGN374,693.22",NGN,written_off
INV-004266,WO-004835,CUST00761,1735568961000,930483.84,69786.29,"NGN1,000,270.13",NGN,paid
INV-004267,WO-004836,CUST00046,2025-11-05 02:07:51,"823,089.37","NGN61,731.70",884821.07,NGN,paid
INV-004268,WO-004837,CUST00085,1776596603000,254214.90,"NGN19,066.12","NGN273,281.02",ngn,partial
INV-004269,WO-004838,CUST00249,2025-03-27 16:39:24,"76,846.82",NGN 5763.51,NGN 82610.33,NGN,UNPAID
INV-004270,WO-004839,CUST00970,18/09/2024,"NGN539,278.85",NGN 40445.91,579724.76,NGN,unpaid
INV-004271,WO-004840,CUST00178,20/04/2026,"NGN13,790.00","1,034.25",NGN 14824.25,NGN,paid
INV-004272,WO-004842,CUST00447,25/08/2025,NGN 812212.72,"NGN60,915.95","873,128.67",NGN,paid
INV-004273,WO-004843,CUST00577,28/02/2026,"524,944.41",39370.83,"564,315.24",NGN,paid
INV-004274,WO-004844,CUST00419,2025-07-02 19:30:06,"663,573.98","49,768.05",NGN 713342.03,NGN,paid
INV-004275,WO-004845,CUST00033,1726511063000,"NGN712,029.34","53,402.20",NGN 765431.54,NGN,unpaid
INV-004276,WO-004846,CUST00607,1774490657000,NGN 202962.01,"NGN15,222.15","218,184.16",NGN,PAID
INV-004277,WO-004847,CUST00113,17/12/2024,"NGN356,809.18","NGN26,760.69","383,569.87",NGN,PAID
INV-004278,WO-004848,CUST00690,25/01/2025,NGN 1213927.11,"NGN91,044.53",1304971.64,NGN,paid
INV-004279,WO-004849,CUST01173,1758378535000,"28,771.72",NGN 2157.88,30929.60,NGN,paid
INV-004280,WO-004850,CUST01054,1782799028000,742157.28,"55,661.80","NGN797,819.08",NGN,UNPAID
INV-004281,WO-004851,CUST00265,1746389029000,NGN 464951.90,34871.39,"NGN499,823.29",NGN,PAID
INV-004282,WO-004852,CUST00345,1777431608000,"NGN351,565.48","26,367.41","NGN377,932.89",NGN,UNPAID
INV-004283,WO-004853,CUST01008,2026-01-25 09:29:07,"NGN165,928.59",12444.64,"178,373.23",NGN,unpaid
INV-004284,WO-004854,CUST01314,31/10/2025,NGN 365471.44,"27,410.36",392881.80,NGN,paid
INV-004285,WO-004856,CUST00520,19/02/2025,"2,765.00",207.38,"2,972.38",NGN,paid
INV-004286,WO-004857,CUST00642,03/09/2025,NGN 20340.00,NGN 1525.50,"NGN21,865.50",NGN,partial
INV-004287,WO-004858,CUST00903,1746753612000,"NGN801,531.67",NGN 60114.87,"NGN861,646.54",NGN,written_off
INV-004288,WO-004859,CUST00094,1767189858000,NGN 7980.00,NGN598.50,"NGN8,578.50",NGN,unpaid
INV-004289,WO-004860,CUST00155,1730050450000,"471,551.58","35,366.37","506,917.95",NGN,PAID
INV-004290,WO-004861,CUST00135,1760700424000,688661.92,"NGN51,649.64","740,311.56",NGN,paid
INV-004291,WO-004862,CUST00515,2025-02-09 17:31:57,26500.00,NGN 1987.50,NGN 28487.50,NGN,paid
INV-004292,WO-004863,CUST00111,2026-02-18 12:43:39,"1,190,094.80","89,257.11","1,279,351.91",NGN,paid
INV-004293,WO-004864,CUST00838,1728435709000,NGN 664819.87,"49,861.49","714,681.36",NGN,paid
INV-004294,WO-004865,CUST02343,18/07/2026,"110,950.70",8321.30,"NGN119,272.00",NGN,written_off
INV-004295,WO-004867,CUST00461,21/06/2025,NGN 1041099.06,NGN 78082.43,NGN 1119181.49,NGN,UNPAID
INV-004296,WO-004868,CUST00211,2026-03-02 09:16:56,"916,819.31",68761.45,"985,580.76",NGN,paid
INV-004297,WO-004869,CUST00578,1747876257000,"1,532,269.39",NGN 114920.20,"NGN1,647,189.59",NGN,unpaid
INV-004298,WO-004870,CUST01065,2025-04-09 01:29:30,"NGN149,503.89",NGN 11212.79,160716.68,NGN,unpaid
INV-004299,WO-004874,CUST00034,07/01/2026,"5,775.00",433.12,"NGN6,208.12",NGN,PAID
INV-004300,WO-004875,CUST00007,1772381360000,1063103.48,"79,732.76",1142836.24,NGN,UNPAID
INV-004301,WO-004876,CUST00010,2026-07-22 09:53:34,NGN 457023.91,NGN 34276.79,491300.70,NGN,UNPAID
INV-004302,WO-004877,CUST00894,2026-02-17 05:11:01,1288150.72,"NGN96,611.30",NGN 1384762.02,NGN,unpaid
INV-004303,WO-004879,CUST00511,2026-07-21 11:52:57,"NGN83,712.42",6278.43,"NGN89,990.85",NGN,paid
INV-004304,WO-004880,CUST00458,2025-01-06 12:07:05,NGN 1090401.55,"81,780.12","1,172,181.67",ngn,PAID
INV-004305,WO-004881,CUST00384,1771802352000,"34,850.00",2613.75,"NGN37,463.75",NGN,unpaid
INV-004306,WO-004882,CUST00668,15/01/2025,"796,421.24",59731.59,NGN 856152.83,NGN,paid
INV-004307,WO-004883,CUST01090,2025-08-22 02:12:15,487748.90,NGN 36581.17,NGN 524330.07,NGN,written_off
INV-004308,WO-004884,CUST01178,1779048499000,NGN 770430.80,"NGN57,782.31",828213.11,NGN,paid
INV-004309,WO-004885,CUST00390,2026-04-13 01:23:27,"NGN1,489,885.12","111,741.38",NGN 1601626.50,NGN,partial
INV-004310,WO-004886,CUST00408,1741347673000,NGN 829704.89,NGN 62227.87,NGN 891932.76,ngn,unpaid
INV-004311,WO-004888,CUST00249,2025-11-19 20:22:52,76575.00,5743.12,"82,318.12",NGN,paid
INV-004312,WO-004889,CUST01960,1746865320000,"NGN323,304.87","NGN24,247.87","347,552.74",NGN,paid
INV-004313,WO-004890,CUST00946,23/03/2026,198180.00,14863.50,"NGN213,043.50",NGN,partial
INV-004314,WO-004891,CUST01154,23/09/2025,NGN 404151.24,NGN 30311.34,"NGN434,462.58",ngn,paid
INV-004315,WO-004892,CUST00074,2026-01-27 08:31:44,"NGN2,100.00",NGN157.50,"NGN2,257.50",NGN,paid
INV-004316,WO-004893,CUST00362,2024-12-03 07:25:53,"NGN342,365.30","NGN25,677.40",NGN 368042.70,NGN,partial
INV-004317,WO-004894,CUST00210,2025-03-18 10:44:00,"NGN661,441.26","49,608.09","711,049.35",NGN,paid
INV-004318,WO-004895,CUST00901,29/07/2026,"273,343.43","20,500.76","NGN293,844.19",NGN,partial
INV-004319,WO-004896,CUST00735,1728744131000,251840.10,"18,888.01","270,728.11",NGN,partial
INV-004320,WO-004897,CUST00370,1732762661000,"NGN556,221.09",41716.58,597937.67,NGN,PAID
INV-004321,WO-004898,CUST00222,2026-06-25 00:43:03,NGN 85842.66,NGN 6438.20,"NGN92,280.86",NGN,UNPAID
INV-004322,WO-004899,CUST00743,18/04/2025,NGN 355492.56,"26,661.94",382154.50,NGN,PAID
INV-004323,WO-004901,CUST00968,23/02/2025,NGN 275333.02,NGN 20649.98,"295,983.00",NGN,paid
INV-004324,WO-004902,CUST00822,02/12/2025,NGN 153929.74,11544.73,"165,474.47",NGN,paid
INV-004325,WO-004907,CUST00860,28/12/2025,"734,052.77","NGN55,053.96",789106.73,NGN,partial
INV-004326,WO-004908,CUST00262,2025-05-09 20:09:34,942460.60,"NGN70,684.54","1,013,145.14",NGN,partial
INV-004327,WO-004909,CUST02060,31/08/2026,NGN 525907.22,"NGN39,443.04",565350.26,NGN,UNPAID
INV-004328,WO-004910,CUST00669,2026-01-28 08:18:27,"NGN33,349.18","NGN2,501.19","NGN35,850.37",NGN,paid
INV-004329,WO-004911,CUST00254,01/04/2025,NGN 1267053.15,NGN 95028.99,"1,362,082.14",NGN,paid
INV-004330,WO-004912,CUST00634,1746156751000,"7,900.00",592.50,8492.50,NGN,paid
INV-004331,WO-004913,CUST00785,2026-02-22 00:18:58,650008.39,48750.63,"NGN698,759.02",NGN,paid
INV-004332,WO-004914,CUST00344,10/04/2026,"3,255.00",244.12,NGN 3499.12,NGN,PAID
INV-004333,WO-004915,CUST00687,2025-04-02 13:58:45,"NGN3,425.00",NGN256.88,"NGN3,681.88",NGN,partial
INV-004334,WO-004916,CUST00867,2026-08-28 03:29:02,"787,737.05","NGN59,080.28","NGN846,817.33",NGN,UNPAID
INV-004335,WO-004917,CUST00249,1779454933000,"NGN793,295.17",59497.14,"NGN852,792.31",NGN,paid
INV-004336,WO-004918,CUST01158,2025-10-09 09:05:26,NGN 738177.35,"55,363.30","793,540.65",NGN,partial
INV-004337,WO-004919,CUST00860,2026-02-10 14:56:32,86006.95,6450.52,"92,457.47",NGN,PAID
INV-004338,WO-004920,CUST00719,2025-10-22 01:39:51,"1,541,181.10",115588.58,1656769.68,NGN,paid
INV-004339,WO-004921,CUST00922,05/11/2024,"488,056.94","NGN36,604.27","NGN524,661.21",NGN,paid
INV-004340,WO-004923,CUST00606,2026-02-09 17:06:45,"NGN358,899.82","NGN26,917.49",385817.31,NGN,unpaid
INV-004341,WO-004924,CUST00033,1784365684000,NGN 617553.85,"46,316.54",NGN 663870.39,ngn,UNPAID
INV-004342,WO-004925,CUST00260,20/06/2025,52800.00,NGN 3960.00,"56,760.00",NGN,paid
INV-004343,WO-004926,CUST00692,2025-07-13 15:13:07,"348,046.82",NGN 26103.51,374150.33,NGN,PAID
INV-004344,WO-004927,CUST00768,09/10/2025,937034.52,70277.59,1007312.11,NGN,paid
INV-004345,WO-004928,CUST00967,2026-07-05 19:58:12,NGN 743706.58,"NGN55,777.99",NGN 799484.57,NGN,paid
INV-004346,WO-004929,CUST00239,2024-12-25 18:24:21,368786.42,27658.98,"396,445.40",NGN,partial
INV-004347,WO-004930,CUST00100,04/06/2026,NGN 528327.27,"NGN39,624.55","NGN567,951.82",NGN,UNPAID
INV-004348,WO-004931,CUST01403,1773479288000,NGN 456466.19,"NGN34,234.96","490,701.15",NGN,paid
INV-004349,WO-004932,CUST00045,07/06/2026,833627.03,"62,522.03",NGN 896149.06,NGN,paid
INV-004350,WO-004934,CUST01190,2026-05-07 05:13:09,"NGN690,886.93","NGN51,816.52","742,703.45",NGN,UNPAID
INV-004351,WO-004935,CUST01094,26/07/2026,"129,086.85","NGN9,681.51",NGN 138768.36,NGN,paid
INV-004352,WO-004936,CUST00453,2025-11-03 03:04:57,"1,225,009.13",NGN 91875.68,"NGN1,316,884.81",NGN,paid
INV-004353,WO-004937,CUST00937,1735408928000,"61,172.91","NGN4,587.97",NGN 65760.88,ngn,paid
INV-004354,WO-004939,CUST00093,2026-01-16 17:10:31,"NGN10,980.00",823.50,"11,803.50",NGN,paid
INV-004355,WO-004940,CUST00317,25/06/2026,NGN 375407.49,"28,155.56",403563.05,NGN,partial
INV-004356,WO-004941,CUST00253,1764172755000,"NGN744,037.97","55,802.85",NGN 799840.82,NGN,paid
INV-004357,WO-004942,CUST00994,1761147542000,"36,360.00","NGN2,727.00","39,087.00",NGN,PAID
INV-004358,WO-004943,CUST00481,2026-03-10 16:34:37,"4,275.00",NGN320.62,"4,595.62",NGN,PAID
INV-004359,WO-004945,CUST00812,2026-01-15 00:03:37,NGN 33758.71,NGN 2531.90,"NGN36,290.61",ngn,unpaid
INV-004360,WO-004946,CUST00427,2025-08-29 19:25:02,"826,339.00","NGN61,975.42","NGN888,314.42",NGN,partial
INV-004361,WO-004947,CUST01093,1734850785000,"NGN538,888.37","NGN40,416.63","NGN579,305.00",NGN,UNPAID
INV-004362,WO-004948,CUST01196,07/02/2025,649385.00,NGN 48703.87,NGN 698088.87,NGN,PAID
INV-004363,WO-004949,CUST00042,2025-12-03 19:33:46,NGN 85582.66,6418.70,92001.36,ngn,PAID
INV-004364,WO-004950,CUST00267,2025-10-07 14:56:30,"317,692.64",23826.95,"341,519.59",NGN,unpaid
INV-004365,WO-004951,CUST00735,12/03/2026,NGN 31230.00,"2,342.25","33,572.25",NGN,unpaid
INV-004366,WO-004952,CUST00595,14/09/2025,NGN 11400.00,NGN 855.00,"NGN12,255.00",NGN,PAID
INV-004367,WO-004953,CUST00167,19/10/2025,NGN 156581.65,"11,743.62",NGN 168325.27,ngn,PAID
INV-004368,WO-004954,CUST00093,2025-02-01 20:59:00,"16,920.00","NGN1,269.00","NGN18,189.00",NGN,PAID
INV-004369,WO-004955,CUST00187,1778071391000,NGN 180434.55,"13,532.59",193967.14,ngn,PAID
INV-004370,WO-004956,CUST01180,2025-12-04 20:33:47,"NGN878,911.02","65,918.33",944829.35,NGN,partial
INV-004371,WO-004957,CUST00719,1770515694000,"96,048.14",NGN 7203.61,"103,251.75",NGN,PAID
INV-004372,WO-004958,CUST01131,2024-09-16 22:45:38,"NGN569,711.09",NGN 42728.33,NGN 612439.42,NGN,written_off
INV-004373,WO-004959,CUST00824,1754740672000,15500.00,"NGN1,162.50","16,662.50",NGN,paid
INV-004374,WO-004960,CUST00901,14/11/2025,"NGN1,661,874.01",124640.55,1786514.56,NGN,PAID
INV-004375,WO-004961,CUST01070,1772351037000,NGN 29768.70,"NGN2,232.65","NGN32,001.35",NGN,paid
INV-004376,WO-004962,CUST00184,2026-06-16 08:56:41,"NGN3,360.00",252.00,"3,612.00",ngn,paid
INV-004377,WO-004963,CUST00228,30/11/2024,NGN 268317.34,"NGN20,123.80","NGN288,441.14",NGN,partial
INV-004378,WO-004964,CUST00350,2025-10-24 13:29:11,NGN 860291.90,"NGN64,521.89","924,813.79",NGN,PAID
INV-004379,WO-004965,CUST00129,1784419444000,1138656.71,85399.25,1224055.96,NGN,PAID
INV-004380,WO-004966,CUST00419,17/06/2026,"NGN165,740.87","12,430.56","178,171.43",NGN,paid
INV-004381,WO-004967,CUST00956,2025-04-10 10:32:29,"214,932.58",16119.94,NGN 231052.52,NGN,paid
INV-004382,WO-004968,CUST00872,2025-08-15 22:16:44,17150.00,NGN 1286.25,18436.25,NGN,PAID
INV-004383,WO-004969,CUST00551,1750410687000,"330,273.58",NGN 24770.52,355044.10,NGN,paid
INV-004384,WO-004970,CUST00147,2026-02-17 20:26:16,"65,440.58","4,908.04",NGN 70348.62,ngn,PAID
INV-004385,WO-004971,CUST00220,2025-12-17 00:31:36,NGN 26950.00,"2,021.25",28971.25,ngn,partial
INV-004386,WO-004972,CUST01117,18/12/2024,"NGN1,126,041.84",NGN 84453.14,"NGN1,210,494.98",NGN,paid
INV-004387,WO-004973,CUST00657,1765037858000,"609,349.34",45701.20,NGN 655050.54,NGN,unpaid
INV-004388,WO-004974,CUST00698,1786245437000,"438,957.42","32,921.81","NGN471,879.23",NGN,paid
INV-004389,WO-004975,CUST01133,23/09/2025,"NGN360,640.47",NGN 27048.03,"NGN387,688.50",NGN,PAID
INV-004390,WO-004976,CUST00729,22/09/2025,"603,784.20","45,283.81","649,068.01",NGN,paid
INV-004391,WO-004977,CUST01179,1737696685000,1023205.31,"76,740.40",NGN 1099945.71,NGN,written_off
INV-004392,WO-004978,CUST01883,2026-06-14 02:53:12,"NGN412,625.21",30946.89,443572.10,NGN,unpaid
INV-004393,WO-004979,CUST00572,1784874124000,"NGN27,990.00",2099.25,"NGN30,089.25",NGN,PAID
INV-004394,WO-004981,CUST01021,1734816336000,"NGN159,726.26",NGN 11979.47,171705.73,NGN,paid
INV-004395,WO-004982,CUST01137,23/12/2025,"NGN564,426.85","NGN42,332.01","606,758.86",NGN,paid
INV-004396,WO-004983,CUST02237,1767284837000,504165.58,"NGN37,812.42",NGN 541978.00,NGN,partial
INV-004397,WO-004984,CUST00741,1753968803000,NGN 162017.08,"12,151.28",NGN 174168.36,NGN,paid
INV-004398,WO-004985,CUST01190,25/02/2025,370217.92,27766.34,NGN 397984.26,NGN,paid
INV-004399,WO-004986,CUST00276,1780151115000,176303.47,13222.76,189526.23,NGN,partial
INV-004400,WO-004987,CUST00357,1756291345000,6790.00,NGN 509.25,NGN 7299.25,NGN,partial
INV-004401,WO-004988,CUST00388,1751457474000,"584,085.99","NGN43,806.45",NGN 627892.44,NGN,unpaid
INV-004402,WO-004989,CUST00209,2025-11-13 12:13:51,641595.25,"48,119.64","689,714.89",NGN,UNPAID
INV-004403,WO-004990,CUST00760,1754556094000,289832.59,NGN 21737.44,"NGN311,570.03",NGN,paid
INV-004404,WO-004991,CUST00659,03/11/2025,"353,264.91","NGN26,494.87","NGN379,759.78",NGN,UNPAID
INV-004405,WO-004992,CUST00339,1786364582000,"408,891.30",NGN 30666.85,NGN 439558.15,NGN,partial
INV-004406,WO-004993,CUST00018,2026-03-29 10:38:02,335629.18,"NGN25,172.19","NGN360,801.37",NGN,UNPAID
INV-004407,WO-004994,CUST00478,2026-02-27 14:28:59,"NGN780,943.42","NGN58,570.76",839514.18,NGN,unpaid
INV-004408,WO-004995,CUST00522,1726662137000,"348,130.87",NGN 26109.81,"NGN374,240.68",NGN,PAID
INV-004409,WO-004996,CUST01576,1770356909000,NGN 553109.39,"NGN41,483.20",NGN 594592.59,NGN,partial
INV-004410,WO-004998,CUST01289,1737356021000,1089995.78,81749.68,NGN 1171745.46,NGN,partial
INV-004411,WO-004999,CUST00626,1787474332000,NGN 192321.23,NGN 14424.09,"206,745.32",NGN,paid
INV-004412,WO-005000,CUST01576,24/09/2024,"NGN826,380.76",NGN 61978.56,NGN 888359.32,NGN,paid
INV-004413,WO-005001,CUST00607,1760599572000,"NGN1,329,885.16",NGN 99741.39,1429626.55,NGN,PAID
INV-004414,WO-005002,CUST00383,1754332329000,"NGN840,976.30",NGN 63073.22,"904,049.52",NGN,PAID
INV-004415,WO-005003,CUST01962,1777976406000,152485.88,NGN 11436.44,163922.32,NGN,paid
INV-004416,WO-005004,CUST00789,16/07/2025,"NGN281,721.71","21,129.13",NGN 302850.84,NGN,paid
INV-004417,WO-005005,CUST00124,2026-03-27 21:43:49,NGN 923370.68,"69,252.80",992623.48,NGN,paid
INV-004418,WO-005006,CUST00774,1741896450000,NGN 213142.20,15985.67,"NGN229,127.87",NGN,PAID
INV-004419,WO-005007,CUST00301,2026-06-21 16:04:35,"522,939.80","NGN39,220.48","NGN562,160.28",NGN,UNPAID
INV-004420,WO-005008,CUST00757,23/03/2026,"NGN107,614.59",NGN 8071.09,115685.68,ngn,paid
INV-004421,WO-005009,CUST01055,05/04/2025,"4,050.00",NGN 303.75,NGN 4353.75,NGN,written_off
INV-004422,WO-005010,CUST00917,06/07/2026,585999.53,"43,949.97","629,949.50",ngn,paid
INV-004423,WO-005011,CUST01076,22/08/2025,144086.33,"NGN10,806.47","154,892.80",NGN,unpaid
INV-004424,WO-005012,CUST00229,1786104549000,242436.12,18182.71,"NGN260,618.83",NGN,partial
INV-004425,WO-005013,CUST00740,2025-06-30 09:34:11,995092.09,74631.91,1069724.00,NGN,PAID
INV-004426,WO-005014,CUST00816,1771686228000,"539,201.67","40,440.13","NGN579,641.80",NGN,partial
INV-004427,WO-005015,CUST00486,2024-10-22 10:02:59,"NGN59,400.00",4455.00,"NGN63,855.00",NGN,paid
INV-004428,WO-005016,CUST00049,1741134402000,790965.11,59322.38,"NGN850,287.49",NGN,written_off
INV-004429,WO-005017,CUST00801,2025-08-05 10:30:29,3325.00,NGN 249.38,"NGN3,574.38",NGN,unpaid
INV-004430,WO-005018,CUST00735,17/01/2026,152763.50,"NGN11,457.26","164,220.76",ngn,paid
INV-004431,WO-005019,CUST00551,2025-07-08 23:46:20,NGN 542691.80,"40,701.88","583,393.68",NGN,unpaid
INV-004432,WO-005020,CUST00804,1761567464000,"NGN851,025.19","63,826.89","914,852.08",NGN,paid
INV-004433,WO-005021,CUST00201,2026-03-27 23:01:32,134483.58,"10,086.27",NGN 144569.85,NGN,paid
INV-004434,WO-005022,CUST02366,2026-04-29 12:19:15,"92,993.02","NGN6,974.48","NGN99,967.50",NGN,unpaid
INV-004435,WO-005023,CUST00859,1786659852000,"NGN302,250.07",22668.75,"NGN324,918.82",NGN,paid
INV-004436,WO-005026,CUST00354,1768231707000,NGN 45797.45,"NGN3,434.81","NGN49,232.26",NGN,PAID
INV-004437,WO-005027,CUST00683,2025-06-21 03:45:17,29922.23,"2,244.17",NGN 32166.40,NGN,partial
INV-004438,WO-005028,CUST00926,2026-02-27 13:24:48,"NGN1,820.00",136.50,1956.50,NGN,paid
INV-004439,WO-005029,CUST00255,03/03/2025,"547,092.77","41,031.96","NGN588,124.73",NGN,partial
INV-004440,WO-005030,CUST00392,1775592619000,"26,900.00","2,017.50",NGN 28917.50,NGN,UNPAID
INV-004441,WO-005031,CUST00877,1774674988000,NGN 5845.00,NGN 438.38,"NGN6,283.38",NGN,partial
INV-004442,WO-005032,CUST00678,03/01/2025,146211.97,"10,965.90",157177.87,NGN,UNPAID
INV-004443,WO-005034,CUST00479,2025-11-20 06:25:44,"46,620.00",NGN 3496.50,NGN 50116.50,NGN,paid
INV-004444,WO-005035,CUST00695,1735745473000,"NGN15,825.00","NGN1,186.87","17,011.87",NGN,paid
INV-004445,WO-005036,CUST00751,2026-01-20 18:33:33,5310.00,398.25,"5,708.25",ngn,PAID
INV-004446,WO-005037,CUST00437,2026-08-16 16:36:52,NGN 328342.27,NGN 24625.67,"NGN352,967.94",NGN,paid
INV-004447,WO-005038,CUST01050,23/08/2025,"103,457.53",NGN 7759.31,"111,216.84",NGN,paid
INV-004448,WO-005039,CUST01010,2026-02-02 18:05:07,"67,750.01","5,081.25",NGN 72831.26,NGN,PAID
INV-004449,WO-005040,CUST00164,1781471687000,258637.75,NGN 19397.83,"NGN278,035.58",NGN,unpaid
INV-004450,WO-005041,CUST00884,1758357967000,"NGN621,161.67","NGN46,587.12","667,748.79",NGN,paid
INV-004451,WO-005043,CUST00023,2025-06-02 23:30:35,NGN 541120.23,NGN 40584.02,581704.25,NGN,PAID
INV-004452,WO-005044,CUST01066,1774694271000,"614,830.71","NGN46,112.30","660,943.01",NGN,PAID
INV-004453,WO-005045,CUST00422,1767648338000,"NGN191,202.76","14,340.21","NGN205,542.97",ngn,paid
INV-004454,WO-005046,CUST00329,1730248509000,25200.00,NGN 1890.00,NGN 27090.00,NGN,paid
INV-004455,WO-005047,CUST01073,2026-07-30 02:12:41,"NGN320,043.51",NGN 24003.26,NGN 344046.77,ngn,paid
INV-004456,WO-005048,CUST01546,03/09/2025,"523,956.33","NGN39,296.72",NGN 563253.05,ngn,paid
INV-004457,WO-005049,CUST01042,2026-07-02 06:04:47,"654,264.72",49069.85,"703,334.57",NGN,PAID
INV-004458,WO-005050,CUST00426,09/01/2025,23400.00,1755.00,NGN 25155.00,NGN,partial
INV-004459,WO-005051,CUST00796,22/11/2024,776723.40,58254.25,"NGN834,977.65",NGN,paid
INV-004460,WO-005052,CUST01031,12/02/2026,1400.00,105.00,NGN 1505.00,NGN,paid
INV-004461,WO-005053,CUST00878,2026-06-08 21:49:08,"NGN186,847.15",NGN 14013.54,"200,860.69",NGN,unpaid
INV-004462,WO-005054,CUST00390,21/08/2026,"146,948.00","NGN11,021.10","NGN157,969.10",NGN,paid
INV-004463,WO-005055,CUST00019,2026-03-03 09:21:54,NGN 277897.52,20842.31,298739.83,NGN,paid
INV-004464,WO-005056,CUST01175,1785322313000,381939.03,"28,645.43","410,584.46",NGN,paid
INV-004465,WO-005057,CUST00465,1728795253000,"474,409.80",35580.73,NGN 509990.53,NGN,paid
INV-004466,WO-005058,CUST01035,2025-04-18 18:40:27,"449,017.97","NGN33,676.35",NGN 482694.32,NGN,UNPAID
INV-004467,WO-005059,CUST00448,2025-05-18 12:30:54,809354.67,NGN 60701.60,"NGN870,056.27",NGN,unpaid
INV-004468,WO-005060,CUST00877,2025-06-01 18:55:25,"NGN96,021.97","7,201.65","NGN103,223.62",ngn,paid
INV-004469,WO-005061,CUST01915,1762836379000,"NGN354,112.35",26558.43,"NGN380,670.78",NGN,PAID
INV-004470,WO-005062,CUST00552,2025-11-01 13:38:01,"920,446.25",NGN 69033.47,989479.72,NGN,paid
INV-004471,WO-005063,CUST01117,2025-12-20 06:33:32,"NGN928,254.30",NGN 69619.07,NGN 997873.37,NGN,partial
INV-004472,WO-005064,CUST01847,16/09/2024,806842.82,"60,513.21",NGN 867356.03,NGN,PAID
INV-004473,WO-005065,CUST00341,2026-01-08 18:37:45,NGN 25922.31,"1,944.17",NGN 27866.48,NGN,PAID
INV-004474,WO-005066,CUST00777,2026-08-14 06:07:32,"16,875.00","1,265.62","18,140.62",NGN,partial
INV-004475,WO-005067,CUST01419,1786883810000,94310.23,"7,073.27","NGN101,383.50",NGN,PAID
INV-004476,WO-005068,CUST01153,07/08/2026,NGN 744111.53,"55,808.37",NGN 799919.90,NGN,PAID
INV-004477,WO-005069,CUST01373,01/07/2026,"218,853.45","16,414.01","NGN235,267.46",NGN,paid
INV-004478,WO-005070,CUST00882,28/12/2024,NGN 371764.06,"NGN27,882.30",NGN 399646.36,NGN,paid
INV-004479,WO-005071,CUST00410,20/08/2026,"626,113.77","NGN46,958.53","673,072.30",NGN,unpaid
INV-004480,WO-005072,CUST01649,2025-12-22 14:02:38,483591.72,"36,269.38","519,861.10",NGN,paid
INV-004481,WO-005073,CUST00257,1777089036000,"NGN504,164.40","NGN37,812.33","NGN541,976.73",NGN,PAID
INV-004482,WO-005074,CUST00747,10/11/2024,NGN 13875.00,"1,040.62","14,915.62",NGN,paid
INV-004483,WO-005075,CUST00315,23/02/2025,"NGN842,774.04","63,208.05","905,982.09",NGN,paid
INV-004484,WO-005076,CUST00836,1730465073000,25125.00,"1,884.38",NGN 27009.38,NGN,partial
INV-004485,WO-005077,CUST00488,11/05/2026,NGN 27360.00,"2,052.00","29,412.00",NGN,paid
INV-004486,WO-005079,CUST00701,1772094563000,2940.00,220.50,3160.50,NGN,paid
INV-004487,WO-005080,CUST00087,2025-11-30 15:03:38,"235,202.20","NGN17,640.16",252842.36,NGN,paid
INV-004488,WO-005081,CUST00822,23/03/2026,339278.03,"NGN25,445.85",364723.88,NGN,unpaid
INV-004489,WO-005082,CUST01150,2025-01-13 04:41:30,"NGN34,950.00","2,621.25","NGN37,571.25",NGN,unpaid
INV-004490,WO-005083,CUST00162,08/06/2025,"3,450.00",NGN258.75,"NGN3,708.75",NGN,paid
INV-004491,WO-005084,CUST01199,29/09/2024,"NGN223,570.71",NGN 16767.80,"NGN240,338.51",NGN,paid
INV-004492,WO-005085,CUST00853,22/04/2026,NGN 535413.75,"NGN40,156.03",575569.78,NGN,partial
INV-004493,WO-005086,CUST00985,2025-11-20 08:51:43,"NGN1,043,459.29",78259.45,1121718.74,NGN,UNPAID
INV-004494,WO-005087,CUST00271,18/06/2026,NGN 897986.77,67349.01,NGN 965335.78,NGN,paid
INV-004495,WO-005088,CUST00754,2025-12-18 12:05:37,NGN 145034.05,NGN 10877.55,NGN 155911.60,NGN,PAID
INV-004496,WO-005089,CUST01138,1763404137000,"32,750.00",2456.25,"35,206.25",NGN,PAID
INV-004497,WO-005091,CUST00926,1736297097000,99365.00,"7,452.38",NGN 106817.38,NGN,paid
INV-004498,WO-005092,CUST00659,2025-05-17 22:12:00,"NGN182,951.13","13,721.34",196672.47,NGN,PAID
INV-004499,WO-005093,CUST00701,2024-10-06 08:19:49,182599.54,"13,694.97",NGN 196294.51,NGN,paid
INV-004500,WO-005094,CUST01054,2026-02-21 19:35:18,"710,859.54","NGN53,314.47",764174.01,NGN,UNPAID
INV-004501,WO-005095,CUST00972,1728251779000,"NGN450,710.74",33803.31,484514.05,NGN,UNPAID
INV-004502,WO-005096,CUST00257,2026-06-01 20:46:21,"408,904.83","NGN30,667.86","NGN439,572.69",NGN,paid
INV-004503,WO-005097,CUST00992,1747519059000,250959.13,"NGN18,821.93",269781.06,NGN,UNPAID
INV-004504,WO-005098,CUST00797,13/05/2025,19961.53,1497.12,"21,458.65",NGN,PAID
INV-004505,WO-005099,CUST01069,04/06/2026,89895.24,NGN 6742.14,96637.38,NGN,paid
INV-004506,WO-005101,CUST00069,2025-12-24 12:03:20,208954.07,NGN 15671.56,NGN 224625.63,NGN,paid
INV-004507,WO-005103,CUST01250,1730631605000,"NGN116,981.69","8,773.63","125,755.32",NGN,paid
INV-004508,WO-005104,CUST00851,1756389081000,NGN 723227.72,"NGN54,242.08","NGN777,469.80",NGN,paid
INV-004509,WO-005105,CUST01557,1744050483000,"579,301.16",NGN 43447.59,"622,748.75",NGN,paid
INV-004510,WO-005106,CUST00188,16/10/2024,43773.07,NGN 3282.98,47056.05,NGN,paid
INV-004511,WO-005107,CUST00938,1783394720000,646348.85,NGN 48476.16,694825.01,NGN,unpaid
INV-004512,WO-005108,CUST00894,1768695446000,"426,380.35",NGN 31978.53,"NGN458,358.88",ngn,paid
INV-004513,WO-005109,CUST00764,2025-07-30 21:57:57,NGN 410563.36,30792.25,"NGN441,355.61",NGN,paid
INV-004514,WO-005110,CUST00628,13/06/2026,507264.64,"38,044.85",NGN 545309.49,ngn,partial
INV-004515,WO-005111,CUST00176,03/07/2025,"259,859.53","NGN19,489.47","NGN279,349.00",NGN,PAID
INV-004516,WO-005112,CUST00251,1777056594000,"NGN126,329.19",9474.69,135803.88,NGN,paid
INV-004517,WO-005113,CUST00955,14/01/2026,"635,890.30",NGN 47691.77,NGN 683582.07,NGN,paid
INV-004518,WO-005114,CUST00876,1786408735000,"573,320.02","42,999.00","616,319.02",ngn,PAID
INV-004519,WO-005116,CUST00442,1729404370000,"375,367.67",28152.58,NGN 403520.25,NGN,paid
INV-004520,WO-005117,CUST00821,2026-07-18 01:23:49,NGN 385115.13,28883.64,"NGN413,998.77",NGN,paid
INV-004521,WO-005118,CUST00333,2025-02-08 05:49:59,"NGN1,159,531.68",86964.88,"1,246,496.56",ngn,PAID
INV-004522,WO-005119,CUST00318,2026-07-29 00:23:42,"467,706.87","35,078.01",NGN 502784.88,ngn,paid
INV-004523,WO-005122,CUST01089,2025-07-28 03:17:57,"NGN294,920.71","NGN22,119.05","317,039.76",NGN,paid
INV-004524,WO-005123,CUST00015,1733244800000,1014575.08,NGN 76093.13,"1,090,668.21",NGN,unpaid
INV-004525,WO-005124,CUST00996,1748058650000,NGN 47953.58,NGN 3596.52,"NGN51,550.10",ngn,partial
INV-004526,WO-005125,CUST00626,2024-10-02 16:50:03,NGN 884590.64,66344.30,"NGN950,934.94",ngn,paid
INV-004527,WO-005126,CUST00957,2025-03-20 15:37:59,NGN 742949.13,NGN 55721.19,NGN 798670.32,NGN,paid
INV-004528,WO-005127,CUST00710,1750245288000,"NGN1,224,995.51",NGN 91874.66,NGN 1316870.17,NGN,paid
INV-004529,WO-005128,CUST00849,22/02/2025,"528,966.33",NGN 39672.47,NGN 568638.80,NGN,paid
INV-004530,WO-005129,CUST00619,2024-11-07 05:03:16,"211,611.98","15,870.90","227,482.88",NGN,written_off
INV-004531,WO-005130,CUST00638,1780359513000,"NGN253,999.92","NGN19,049.99","NGN273,049.91",NGN,unpaid
INV-004532,WO-005131,CUST00557,2025-10-02 19:19:45,"2,225.00",166.88,NGN 2391.88,NGN,UNPAID
INV-004533,WO-005132,CUST00164,2026-04-12 06:06:09,426608.72,NGN 31995.65,"NGN458,604.37",NGN,unpaid
INV-004534,WO-005133,CUST00192,30/06/2026,"NGN228,108.49",NGN 17108.14,"245,216.63",NGN,partial
INV-004535,WO-005134,CUST00251,2024-12-09 03:41:43,490145.93,36760.95,NGN 526906.88,NGN,paid
INV-004536,WO-005135,CUST00930,15/11/2024,"NGN340,734.35",25555.08,366289.43,NGN,unpaid
INV-004537,WO-005136,CUST00502,2025-04-18 05:12:31,NGN 669076.37,50180.73,"NGN719,257.10",NGN,paid
INV-004538,WO-005137,CUST01051,2025-01-09 14:46:15,103777.12,7783.28,"111,560.40",NGN,paid
INV-004539,WO-005138,CUST00860,2026-06-13 16:20:50,"NGN683,726.01","51,279.45","NGN735,005.46",NGN,unpaid
INV-004540,WO-005139,CUST00691,2026-03-09 20:30:14,NGN 36282.30,NGN 2721.17,NGN 39003.47,NGN,written_off
INV-004541,WO-005141,CUST02300,2025-04-25 22:02:07,496756.33,NGN 37256.72,"534,013.05",NGN,unpaid
INV-004542,WO-005142,CUST00609,2025-07-20 05:09:04,NGN 488073.33,NGN 36605.50,NGN 524678.83,NGN,UNPAID
INV-004543,WO-005143,CUST00955,1733335006000,"NGN2,225.00",166.88,"NGN2,391.88",NGN,PAID
INV-004544,WO-005144,CUST00735,25/03/2025,NGN 8370.00,627.75,"8,997.75",NGN,partial
INV-004545,WO-005145,CUST00854,2025-11-03 08:56:06,693013.94,NGN 51976.05,"NGN744,989.99",NGN,UNPAID
INV-004546,WO-005146,CUST01123,2024-11-28 15:16:29,217694.34,16327.08,"NGN234,021.42",NGN,unpaid
INV-004547,WO-005147,CUST00171,1759531567000,"NGN156,967.33",NGN 11772.55,"NGN168,739.88",NGN,paid
INV-004548,WO-005148,CUST00019,1741243119000,"NGN8,625.00",646.88,9271.88,NGN,partial
INV-004549,WO-005149,CUST00531,31/10/2024,1265923.37,94944.25,1360867.62,NGN,UNPAID
INV-004550,WO-005150,CUST00685,2025-08-14 01:21:42,NGN 130837.09,"9,812.78",NGN 140649.87,ngn,UNPAID
INV-004551,WO-005152,CUST00468,2026-07-07 14:35:03,"NGN63,772.53",NGN 4782.94,"68,555.47",ngn,paid
INV-004552,WO-005154,CUST00431,1733525277000,1205134.50,"NGN90,385.09","1,295,519.59",NGN,PAID
INV-004553,WO-005155,CUST00537,1787934988000,"NGN30,150.00",NGN 2261.25,32411.25,NGN,PAID
INV-004554,WO-005157,CUST00629,25/09/2024,NGN 547036.18,"41,027.71","588,063.89",NGN,UNPAID
INV-004555,WO-005158,CUST00301,1763009095000,"747,693.81","56,077.04","NGN803,770.85",NGN,paid
INV-004556,WO-005159,CUST00982,2025-06-28 02:36:46,NGN 132582.35,"NGN9,943.68","142,526.03",NGN,UNPAID
INV-004557,WO-005160,CUST00718,1738246532000,2211460.56,"NGN165,859.54","2,377,320.10",ngn,paid
INV-004558,WO-005161,CUST00517,10/01/2025,475380.63,NGN 35653.55,511034.18,NGN,unpaid
INV-004559,WO-005162,CUST00597,24/02/2026,1227117.18,"92,033.79",1319150.97,NGN,paid
INV-004560,WO-005163,CUST00305,1730167150000,NGN 243419.48,18256.46,NGN 261675.94,NGN,unpaid
INV-004561,WO-005164,CUST00020,2024-12-14 22:24:32,"4,445.00",333.38,4778.38,NGN,unpaid
INV-004562,WO-005165,CUST00687,2026-05-19 07:42:15,785799.08,58934.93,844734.01,NGN,PAID
INV-004563,WO-005166,CUST01848,1755061068000,"NGN293,500.69",NGN 22012.55,"NGN315,513.24",NGN,paid
INV-004564,WO-005167,CUST00468,28/08/2025,56850.00,"4,263.75","61,113.75",NGN,paid
INV-004565,WO-005168,CUST00590,1727830789000,"724,947.50","NGN54,371.06",NGN 779318.56,NGN,partial
INV-004566,WO-005169,CUST00887,11/03/2025,NGN 327853.54,24589.02,352442.56,NGN,unpaid
INV-004567,WO-005170,CUST00992,18/06/2025,"NGN3,350.00",NGN 251.25,"NGN3,601.25",NGN,written_off
INV-004568,WO-005172,CUST00975,1768498890000,"NGN22,700.00","1,702.50","24,402.50",ngn,paid
INV-004569,WO-005173,CUST00496,2026-06-01 01:03:56,172836.78,"NGN12,962.76",185799.54,NGN,UNPAID
INV-004570,WO-005174,CUST00905,2025-08-04 06:37:42,NGN 661695.93,"NGN49,627.20",NGN 711323.13,NGN,PAID
INV-004571,WO-005175,CUST01103,22/05/2026,"64,700.00","NGN4,852.50",69552.50,NGN,unpaid
INV-004572,WO-005176,CUST01193,28/08/2026,"22,200.00","NGN1,665.00",23865.00,NGN,paid
INV-004573,WO-005177,CUST01146,1738325007000,"472,701.20","NGN35,452.59",508153.79,NGN,paid
INV-004574,WO-005178,CUST01196,1747642175000,"1,076,777.04","80,758.28",1157535.32,NGN,partial
INV-004575,WO-005179,CUST01088,27/05/2025,1739414.20,"130,456.06","NGN1,869,870.26",NGN,paid
INV-004576,WO-005180,CUST00154,1751781342000,"295,848.60","NGN22,188.64","318,037.24",NGN,UNPAID
INV-004577,WO-005181,CUST00927,26/11/2025,"NGN240,739.16",NGN 18055.44,"258,794.60",ngn,paid
INV-004578,WO-005182,CUST00101,1767586399000,7575.00,568.12,8143.12,NGN,UNPAID
INV-004579,WO-005183,CUST00173,1768995728000,NGN 529288.16,"NGN39,696.61",NGN 568984.77,NGN,PAID
INV-004580,WO-005184,CUST00992,1766328608000,"NGN96,108.20",7208.11,103316.31,NGN,PAID
INV-004581,WO-005185,CUST01053,1766862809000,"NGN685,990.17","51,449.26","NGN737,439.43",ngn,PAID
INV-004582,WO-005187,CUST00028,15/05/2026,"212,627.45","15,947.06","NGN228,574.51",NGN,UNPAID
INV-004583,WO-005188,CUST00406,1728470145000,NGN 26250.00,"NGN1,968.75",28218.75,NGN,paid
INV-004584,WO-005190,CUST01138,1733655394000,406267.13,NGN 30470.04,"NGN436,737.17",NGN,paid
INV-004585,WO-005191,CUST01148,2025-09-23 02:25:34,NGN 68608.64,"NGN5,145.65","NGN73,754.29",NGN,paid
INV-004586,WO-005192,CUST02300,1730277288000,"NGN13,050.00",978.75,"14,028.75",NGN,paid
INV-004587,WO-005194,CUST00327,2025-03-11 15:11:08,607092.93,"NGN45,531.97",652624.90,NGN,partial
INV-004588,WO-005195,CUST00845,2024-10-19 04:11:42,"NGN29,100.00","NGN2,182.50","31,282.50",NGN,partial
INV-004589,WO-005196,CUST00446,29/12/2024,309229.36,23192.20,"332,421.56",NGN,UNPAID
INV-004590,WO-005197,CUST00242,1732561980000,"NGN298,955.10","22,421.63","NGN321,376.73",NGN,PAID
INV-004591,WO-005198,CUST00035,02/06/2026,"NGN321,772.24",NGN 24132.92,NGN 345905.16,NGN,paid
INV-004592,WO-005199,CUST00286,08/06/2025,71035.85,NGN 5327.69,76363.54,NGN,paid
INV-004593,WO-005200,CUST00250,2025-08-30 17:44:33,278064.33,NGN 20854.83,"NGN298,919.16",ngn,UNPAID
INV-004594,WO-005201,CUST00265,1786217217000,269906.96,NGN 20243.02,290149.98,NGN,unpaid
INV-004595,WO-005203,CUST00751,18/03/2025,"200,607.03",NGN 15045.53,215652.56,NGN,partial
INV-004596,WO-005204,CUST00560,2025-02-12 10:13:08,"NGN483,556.31","NGN36,266.72",519823.03,NGN,PAID
INV-004597,WO-005205,CUST01656,1763255501000,"2,075.00",155.62,"NGN2,230.62",NGN,paid
INV-004598,WO-005206,CUST00217,01/01/2026,610118.71,"45,758.90",NGN 655877.61,NGN,UNPAID
INV-004599,WO-005207,CUST00863,14/11/2024,1164277.68,NGN 87320.83,"NGN1,251,598.51",NGN,PAID
INV-004600,WO-005208,CUST01137,1761570547000,"1,050,789.88","78,809.24","NGN1,129,599.12",NGN,paid
INV-004601,WO-005209,CUST00492,2025-07-07 16:30:45,NGN 177835.00,"13,337.62",NGN 191172.62,NGN,paid
INV-004602,WO-005210,CUST00773,1735050099000,"NGN141,631.03","NGN10,622.33","NGN152,253.36",NGN,paid
INV-004603,WO-005211,CUST01289,2025-09-20 14:59:59,NGN 152088.50,NGN 11406.64,"NGN163,495.14",NGN,paid
INV-004604,WO-005212,CUST00612,2026-02-16 23:53:15,"220,443.20",16533.24,"NGN236,976.44",NGN,PAID
INV-004605,WO-005213,CUST00003,1726704404000,840029.42,NGN 63002.21,"NGN903,031.63",NGN,unpaid
INV-004606,WO-005214,CUST00150,1768317039000,NGN 4950.00,371.25,5321.25,NGN,partial
INV-004607,WO-005215,CUST01019,27/02/2025,387264.91,"29,044.87","NGN416,309.78",NGN,PAID
INV-004608,WO-005216,CUST00742,02/04/2025,"NGN78,611.82","5,895.89",NGN 84507.71,NGN,partial
INV-004609,WO-005217,CUST00821,2025-11-18 17:08:06,NGN 326756.36,"24,506.73",NGN 351263.09,NGN,PAID
INV-004610,WO-005218,CUST01025,2025-02-12 05:20:56,"NGN171,944.71",NGN 12895.85,184840.56,NGN,PAID
INV-004611,WO-005219,CUST00470,13/11/2025,"NGN834,766.60","NGN62,607.49","897,374.09",ngn,paid
INV-004612,WO-005220,CUST00726,27/09/2024,"411,844.83","30,888.36",442733.19,NGN,paid
INV-004613,WO-005221,CUST00095,1741747848000,"NGN900,022.47",67501.68,NGN 967524.15,NGN,unpaid
INV-004614,WO-005222,CUST00699,1762222614000,NGN 259358.38,"NGN19,451.88",NGN 278810.26,ngn,unpaid
INV-004615,WO-005223,CUST01839,07/12/2025,NGN 743056.70,"55,729.25",NGN 798785.95,NGN,paid
INV-004616,WO-005225,CUST00154,26/07/2025,"1,470.00",110.25,"1,580.25",NGN,partial
INV-004617,WO-005226,CUST00025,2025-05-16 01:24:44,"NGN467,909.64",NGN 35093.22,NGN 503002.86,NGN,paid
INV-004618,WO-005228,CUST00363,1730305943000,NGN 1193478.47,"NGN89,510.89","NGN1,282,989.36",NGN,paid
INV-004619,WO-005230,CUST00879,19/10/2025,"521,920.89",39144.07,561064.96,NGN,PAID
INV-004620,WO-005231,CUST00630,2025-12-19 02:00:13,216031.83,"NGN16,202.39","NGN232,234.22",NGN,paid
INV-004621,WO-005234,CUST00720,2024-10-29 20:09:27,"NGN531,347.66","NGN39,851.07","NGN571,198.73",NGN,PAID
INV-004622,WO-005235,CUST01317,2025-02-10 19:18:31,NGN 1050723.21,78804.24,"1,129,527.45",NGN,PAID
INV-004623,WO-005236,CUST01148,1744214894000,NGN 272075.95,"NGN20,405.70","292,481.65",NGN,partial
INV-004624,WO-005237,CUST00026,12/10/2024,"NGN531,100.04","NGN39,832.50","NGN570,932.54",NGN,paid
INV-004625,WO-005238,CUST00360,2026-01-20 15:51:53,"131,545.96","NGN9,865.95",141411.91,NGN,PAID
INV-004626,WO-005239,CUST00384,2024-11-25 18:42:48,66900.00,5017.50,"71,917.50",NGN,paid
INV-004627,WO-005241,CUST00696,1739308398000,"NGN10,080.00",NGN756.00,NGN 10836.00,NGN,paid
INV-004628,WO-005242,CUST01577,1745601302000,"326,016.30",NGN 24451.22,350467.52,NGN,partial
INV-004629,WO-005243,CUST01604,19/06/2025,"NGN14,525.00","1,089.38",NGN 15614.38,NGN,PAID
INV-004630,WO-005244,CUST00276,19/11/2024,"135,968.98","10,197.67",NGN 146166.65,ngn,paid
INV-004631,WO-005246,CUST00642,1787197675000,NGN 9900.00,742.50,10642.50,NGN,paid
INV-004632,WO-005247,CUST00491,2025-03-23 19:03:14,NGN 232882.99,"17,466.22","NGN250,349.21",NGN,paid
INV-004633,WO-005248,CUST00832,2025-08-08 04:52:20,288033.23,"21,602.49","NGN309,635.72",NGN,paid
INV-004634,WO-005249,CUST00342,1764970209000,181453.28,"13,609.00",NGN 195062.28,NGN,paid
INV-004635,WO-005250,CUST00403,1728201663000,"799,236.78",NGN 59942.76,NGN 859179.54,ngn,PAID
INV-004636,WO-005251,CUST01954,23/01/2026,84662.62,"6,349.70",NGN 91012.32,ngn,paid
INV-004637,WO-005252,CUST00063,2025-06-27 08:58:53,"18,675.00","1,400.62",20075.62,NGN,PAID
INV-004638,WO-005253,CUST00503,1727126443000,92190.00,NGN 6914.25,99104.25,NGN,paid
INV-004639,WO-005254,CUST00903,16/12/2024,NGN 70155.00,"5,261.62","NGN75,416.62",NGN,unpaid
INV-004640,WO-005256,CUST00129,1744725182000,"334,168.28","NGN25,062.62","NGN359,230.90",NGN,PAID
INV-004641,WO-005257,CUST00098,29/01/2025,NGN 322040.19,"NGN24,153.01",NGN 346193.20,NGN,unpaid
INV-004642,WO-005258,CUST01157,2025-08-12 13:38:30,NGN 8010.00,600.75,8610.75,ngn,paid
INV-004643,WO-005259,CUST00201,2024-11-10 13:21:14,"178,518.96",NGN 13388.92,"NGN191,907.88",NGN,paid
INV-004644,WO-005260,CUST00236,2026-02-18 06:30:47,"116,272.63",8720.45,124993.08,NGN,unpaid
INV-004645,WO-005261,CUST00943,1751531064000,"650,614.12",NGN 48796.06,"699,410.18",NGN,partial
INV-004646,WO-005262,CUST00006,16/12/2025,"891,388.37","66,854.13","NGN958,242.50",NGN,unpaid
INV-004647,WO-005263,CUST00257,15/02/2025,"NGN29,610.00","NGN2,220.75",NGN 31830.75,NGN,PAID
INV-004648,WO-005264,CUST00440,2026-04-22 17:42:09,"NGN52,750.00","3,956.25","56,706.25",NGN,partial
INV-004649,WO-005265,CUST00506,2025-12-03 06:46:56,NGN 1044540.62,NGN 78340.55,1122881.17,NGN,PAID
INV-004650,WO-005266,CUST00863,1727773691000,NGN 194364.20,"NGN14,577.31",208941.51,NGN,paid
INV-004651,WO-005267,CUST00469,21/11/2025,NGN 1101266.91,NGN 82595.02,NGN 1183861.93,NGN,unpaid
INV-004652,WO-005268,CUST01188,31/03/2025,"NGN3,325.00",NGN 249.38,3574.38,NGN,paid
INV-004653,WO-005269,CUST00545,2025-10-19 16:26:54,718269.54,53870.22,"772,139.76",NGN,PAID
INV-004654,WO-005270,CUST00107,01/07/2025,"NGN730,982.04",NGN 54823.65,"785,805.69",NGN,partial
INV-004655,WO-005271,CUST00850,19/03/2025,228873.07,"17,165.48",246038.55,NGN,UNPAID
INV-004656,WO-005272,CUST00204,2026-06-09 14:31:58,"496,911.11","NGN37,268.33","NGN534,179.44",ngn,partial
INV-004657,WO-005273,CUST00965,2025-02-09 18:24:25,8910.00,668.25,"NGN9,578.25",NGN,PAID
INV-004658,WO-005274,CUST00152,2025-01-14 18:27:28,"NGN52,973.64",3973.02,56946.66,NGN,paid
INV-004659,WO-005275,CUST00614,12/05/2025,899664.38,NGN 67474.83,"NGN967,139.21",NGN,unpaid
INV-004660,WO-005276,CUST00465,07/12/2024,NGN 163697.81,12277.34,"NGN175,975.15",NGN,PAID
INV-004661,WO-005277,CUST01170,1752483886000,22050.00,1653.75,23703.75,NGN,PAID
INV-004662,WO-005278,CUST00168,18/05/2025,"554,043.67","NGN41,553.28",NGN 595596.95,NGN,UNPAID
INV-004663,WO-005279,CUST01837,1766854786000,615575.66,"NGN46,168.17",661743.83,NGN,PAID
INV-004664,WO-005280,CUST01045,1744074554000,NGN 25110.00,NGN 1883.25,"NGN26,993.25",NGN,paid
INV-004665,WO-005281,CUST00275,08/05/2025,"106,413.77",NGN 7981.03,NGN 114394.80,NGN,partial
INV-004666,WO-005283,CUST02212,1765096940000,NGN 270365.23,"20,277.39","NGN290,642.62",NGN,unpaid
INV-004667,WO-005284,CUST01076,2025-12-14 04:33:51,"NGN229,108.71","17,183.15","246,291.86",NGN,unpaid
INV-004668,WO-005286,CUST00487,2026-02-21 01:40:44,NGN 1228061.09,"NGN92,104.58","1,320,165.67",NGN,UNPAID
INV-004669,WO-005288,CUST01165,1769104926000,"NGN438,807.31","NGN32,910.55","NGN471,717.86",NGN,paid
INV-004670,WO-005289,CUST00392,2026-07-17 18:26:53,"NGN446,903.54","NGN33,517.77","480,421.31",NGN,PAID
INV-004671,WO-005290,CUST00338,2025-03-26 14:57:20,NGN 129020.58,9676.54,"NGN138,697.12",NGN,unpaid
INV-004672,WO-005291,CUST00212,2025-02-01 04:06:56,119218.64,NGN 8941.40,"NGN128,160.04",NGN,UNPAID
INV-004673,WO-005292,CUST00687,1734622404000,NGN 957661.27,"71,824.59","1,029,485.86",NGN,paid
INV-004674,WO-005293,CUST00485,20/06/2025,NGN 460711.89,NGN 34553.39,"495,265.28",NGN,paid
INV-004675,WO-005294,CUST01022,1777002277000,NGN 758810.34,"NGN56,910.78",815721.12,NGN,paid
INV-004676,WO-005295,CUST00087,2025-08-15 22:51:17,1130820.17,84811.51,"NGN1,215,631.68",NGN,paid
INV-004677,WO-005296,CUST00415,02/12/2024,NGN 541426.19,40606.96,"582,033.15",NGN,PAID
INV-004678,WO-005297,CUST00164,2024-10-03 02:21:23,1404997.03,105374.78,"NGN1,510,371.81",NGN,unpaid
INV-004679,WO-005298,CUST00665,1744935074000,"49,850.00","NGN3,738.75",53588.75,NGN,paid
INV-004680,WO-005299,CUST00271,1745890563000,NGN 12240.00,918.00,"13,158.00",NGN,PAID
INV-004681,WO-005300,CUST00465,1749559819000,344297.91,"NGN25,822.34",370120.25,NGN,PAID
INV-004682,WO-005303,CUST02389,1762174925000,430402.85,"32,280.21","462,683.06",NGN,unpaid
INV-004683,WO-005304,CUST01006,2024-09-28 12:39:51,"603,909.65","45,293.22","NGN649,202.87",NGN,PAID
INV-004684,WO-005305,CUST01083,1779024486000,"NGN3,250.00",243.75,"3,493.75",NGN,written_off
INV-004685,WO-005306,CUST00127,22/06/2025,"118,525.32",8889.40,"127,414.72",NGN,PAID
INV-004686,WO-005308,CUST02355,1772592170000,NGN 344968.06,25872.60,370840.66,NGN,UNPAID
INV-004687,WO-005309,CUST00745,1787230493000,"NGN794,868.64","NGN59,615.15",854483.79,NGN,partial
INV-004688,WO-005310,CUST00046,1746653074000,"268,193.39","20,114.50",NGN 288307.89,NGN,paid
INV-004689,WO-005311,CUST00513,1787955676000,NGN 664485.85,"49,836.44","714,322.29",NGN,paid
INV-004690,WO-005312,CUST01577,1733305148000,"NGN142,272.16",10670.41,"152,942.57",NGN,PAID
INV-004691,WO-005313,CUST00920,25/08/2025,"55,911.07",4193.33,"NGN60,104.40",NGN,paid
INV-004692,WO-005314,CUST00580,2025-09-16 15:55:37,4445.00,NGN 333.38,"NGN4,778.38",NGN,PAID
INV-004693,WO-005315,CUST01447,1743405590000,305014.37,NGN 22876.08,"NGN327,890.45",ngn,paid
INV-004694,WO-005316,CUST00772,2025-12-14 08:48:29,34250.00,2568.75,"36,818.75",NGN,PAID
INV-004695,WO-005317,CUST00109,24/01/2026,"NGN1,314,233.93",98567.55,NGN 1412801.48,NGN,unpaid
INV-004696,WO-005318,CUST01000,1766039493000,"NGN721,244.52","NGN54,093.34","NGN775,337.86",NGN,paid
INV-004697,WO-005319,CUST01047,2025-01-26 14:51:28,NGN 2625.00,196.88,2821.88,NGN,PAID
INV-004698,WO-005320,CUST00431,2025-01-08 09:44:59,"194,386.33","14,578.98","208,965.31",NGN,partial
INV-004699,WO-005321,CUST00808,27/10/2025,"229,143.07",NGN 17185.73,246328.80,NGN,paid
INV-004700,WO-005322,CUST00484,02/05/2025,"NGN146,539.12",10990.43,NGN 157529.55,NGN,unpaid
INV-004701,WO-005323,CUST00298,2024-10-11 23:30:19,218711.67,NGN 16403.38,"235,115.05",NGN,UNPAID
INV-004702,WO-005324,CUST00864,2026-06-24 13:25:37,NGN 208757.57,"15,656.82","NGN224,414.39",NGN,UNPAID
INV-004703,WO-005325,CUST01012,2026-08-21 19:38:59,4200.00,NGN315.00,"NGN4,515.00",NGN,paid
INV-004704,WO-005326,CUST00708,2026-08-01 20:54:22,"NGN134,572.05","10,092.90","NGN144,664.95",NGN,PAID
INV-004705,WO-005327,CUST00044,2026-02-19 00:12:04,439226.21,32941.97,"472,168.18",NGN,written_off
INV-004706,WO-005328,CUST00034,1784305067000,NGN 22247.31,"NGN1,668.55",23915.86,NGN,unpaid
INV-004707,WO-005329,CUST00810,1761880289000,NGN 463852.67,"34,788.95",498641.62,NGN,UNPAID
INV-004708,WO-005330,CUST00124,10/03/2026,"438,932.43","32,919.93",NGN 471852.36,NGN,unpaid
INV-004709,WO-005331,CUST01175,1734840010000,"NGN167,192.84","12,539.46",179732.30,NGN,paid
INV-004710,WO-005332,CUST00773,19/03/2025,5325.00,399.38,5724.38,ngn,paid
INV-004711,WO-005334,CUST00973,1738425769000,"10,260.00",769.50,"11,029.50",NGN,unpaid
INV-004712,WO-005335,CUST00140,1741499214000,NGN 6930.00,519.75,"NGN7,449.75",NGN,paid
INV-004713,WO-005336,CUST00187,14/08/2025,NGN 918009.46,"68,850.71",986860.17,NGN,PAID
INV-004714,WO-005337,CUST00015,20/04/2026,"NGN664,373.98","NGN49,828.05",NGN 714202.03,NGN,PAID
INV-004715,WO-005338,CUST01689,1755582734000,NGN 287982.24,NGN 21598.67,NGN 309580.91,NGN,paid
INV-004716,WO-005339,CUST01169,2024-12-22 10:28:48,"NGN971,057.53","NGN72,829.31",NGN 1043886.84,NGN,unpaid
INV-004717,WO-005340,CUST00033,2025-10-02 02:21:33,666224.21,49966.82,"716,191.03",NGN,PAID
INV-004718,WO-005341,CUST00933,2024-10-20 19:47:38,"NGN17,225.00",NGN 1291.88,"NGN18,516.88",NGN,UNPAID
INV-004719,WO-005342,CUST00568,2026-04-02 17:39:17,"NGN232,807.94","NGN17,460.60",250268.54,NGN,paid
INV-004720,WO-005343,CUST00925,17/05/2025,"7,500.00",NGN 562.50,"NGN8,062.50",NGN,UNPAID
INV-004721,WO-005344,CUST00159,09/02/2025,"1,067,838.78",NGN 80087.91,1147926.69,NGN,PAID
INV-004722,WO-005345,CUST00740,1729965789000,"NGN432,732.99","32,454.97","465,187.96",NGN,unpaid
INV-004723,WO-005346,CUST00696,13/01/2025,"10,440.00",NGN 783.00,11223.00,NGN,paid
INV-004724,WO-005347,CUST00332,1740771694000,"NGN162,558.83",NGN 12191.91,"NGN174,750.74",NGN,paid
INV-004725,WO-005348,CUST00736,1750559183000,"985,453.23","NGN73,908.99","1,059,362.22",ngn,paid
INV-004726,WO-005349,CUST00446,2024-11-21 12:22:54,294283.36,"22,071.25","NGN316,354.61",NGN,paid
INV-004727,WO-005350,CUST00353,29/11/2025,"536,560.65",NGN 40242.05,NGN 576802.70,NGN,UNPAID
INV-004728,WO-005351,CUST00251,2025-07-11 09:32:17,"NGN641,402.06","NGN48,105.15",NGN 689507.21,NGN,unpaid
INV-004729,WO-005352,CUST00938,2025-04-21 14:35:42,"NGN519,606.33",NGN 38970.47,NGN 558576.80,ngn,partial
INV-004730,WO-005353,CUST00329,13/03/2026,904446.10,NGN 67833.46,"972,279.56",NGN,PAID
INV-004731,WO-005356,CUST00728,13/06/2026,70250.86,NGN 5268.81,75519.67,NGN,PAID
INV-004732,WO-005358,CUST01093,2024-11-16 19:52:58,"379,820.17",28486.51,"NGN408,306.68",NGN,paid
INV-004733,WO-005359,CUST00319,27/06/2025,"NGN770,825.09",57811.88,"NGN828,636.97",ngn,paid
INV-004734,WO-005360,CUST00507,1749539277000,NGN 484381.57,"36,328.62","520,710.19",NGN,paid
INV-004735,WO-005361,CUST01060,27/09/2025,NGN 62193.43,NGN 4664.51,NGN 66857.94,NGN,paid
INV-004736,WO-005363,CUST00553,1731403423000,"NGN667,307.93","50,048.09",717356.02,NGN,unpaid
INV-004737,WO-005364,CUST00471,2026-04-20 22:14:52,"11,325.00",NGN849.38,12174.38,NGN,paid
INV-004738,WO-005365,CUST00174,2025-08-12 14:05:11,"506,640.05",37998.00,NGN 544638.05,NGN,unpaid
INV-004739,WO-005366,CUST00568,1771728236000,"NGN937,863.69","NGN70,339.78","NGN1,008,203.47",NGN,paid
INV-004740,WO-005367,CUST00882,2024-09-18 01:03:58,"5,800.00",435.00,"NGN6,235.00",NGN,PAID
INV-004741,WO-005370,CUST00867,1735914426000,408457.51,NGN 30634.31,439091.82,NGN,unpaid
INV-004742,WO-005371,CUST00430,2025-07-31 06:51:24,"NGN15,750.00","1,181.25",16931.25,NGN,UNPAID
INV-004743,WO-005373,CUST00078,1763538400000,"NGN444,570.56","NGN33,342.79","477,913.35",NGN,unpaid
INV-004744,WO-005374,CUST00441,18/12/2024,"1,065,591.49","NGN79,919.36",NGN 1145510.85,NGN,paid
INV-004745,WO-005375,CUST00345,1776664832000,"444,682.33","NGN33,351.17",478033.50,NGN,partial
INV-004746,WO-005376,CUST00587,2025-10-01 07:22:21,NGN 1247705.78,"93,577.93","NGN1,341,283.71",NGN,paid
INV-004747,WO-005377,CUST00210,2025-09-19 08:56:47,"414,888.61","NGN31,116.65",446005.26,ngn,PAID
INV-004748,WO-005378,CUST00016,02/04/2026,"181,189.78","NGN13,589.23",NGN 194779.01,ngn,paid
INV-004749,WO-005379,CUST00387,1737126739000,"1,022,688.94","NGN76,701.67","NGN1,099,390.61",NGN,paid
INV-004750,WO-005380,CUST00900,1750386628000,"NGN448,663.04","NGN33,649.73",482312.77,NGN,paid
INV-004751,WO-005381,CUST00563,1758733958000,NGN 16425.00,"NGN1,231.88",17656.88,NGN,paid
INV-004752,WO-005382,CUST01111,1766891019000,NGN 16350.00,NGN 1226.25,"NGN17,576.25",NGN,unpaid
INV-004753,WO-005384,CUST00359,1757304044000,"NGN48,000.00",3600.00,51600.00,NGN,UNPAID
INV-004754,WO-005385,CUST00451,1734530539000,25025.00,"NGN1,876.88","NGN26,901.88",ngn,UNPAID
INV-004755,WO-005386,CUST00853,22/05/2026,"286,362.53",NGN 21477.19,"307,839.72",NGN,written_off
INV-004756,WO-005387,CUST00467,2026-09-01 20:47:38,173747.79,"13,031.08","NGN186,778.87",ngn,paid
INV-004757,WO-005388,CUST00026,15/07/2026,389292.71,"NGN29,196.95",NGN 418489.66,NGN,UNPAID
INV-004758,WO-005389,CUST00102,2025-08-10 10:53:42,"17,279.39","1,295.95","NGN18,575.34",ngn,paid
INV-004759,WO-005390,CUST00327,1770144044000,NGN 285273.57,21395.52,NGN 306669.09,NGN,PAID
INV-004760,WO-005391,CUST00908,1788030503000,"488,039.82","NGN36,602.99","NGN524,642.81",NGN,unpaid
INV-004761,WO-005392,CUST00492,2025-02-07 01:51:45,"805,311.69",60398.38,NGN 865710.07,NGN,paid
INV-004762,WO-005393,CUST00262,2026-01-17 09:41:08,"NGN19,300.00",1447.50,20747.50,NGN,partial
INV-004763,WO-005394,CUST00184,12/04/2025,144850.20,"NGN10,863.76","NGN155,713.96",NGN,paid
INV-004764,WO-005395,CUST00859,29/07/2026,"591,253.58","NGN44,344.02",635597.60,NGN,PAID
INV-004765,WO-005396,CUST01086,13/09/2024,"NGN596,790.22","44,759.27",641549.49,NGN,PAID
INV-004766,WO-005397,CUST00911,31/07/2026,398759.07,"29,906.93","NGN428,666.00",ngn,unpaid
INV-004767,WO-005399,CUST00880,1769175579000,565202.81,42390.21,"607,593.02",NGN,PAID
INV-004768,WO-005400,CUST00944,1748019241000,101525.51,NGN 7614.41,"109,139.92",NGN,UNPAID
INV-004769,WO-005401,CUST02378,05/06/2025,9150.00,686.25,NGN 9836.25,NGN,paid
INV-004770,WO-005402,CUST00955,2025-05-20 23:31:09,NGN 1107969.11,"NGN83,097.68","1,191,066.79",NGN,written_off
INV-004771,WO-005403,CUST01962,1775105192000,1035490.73,NGN 77661.81,"NGN1,113,152.54",NGN,UNPAID
INV-004772,WO-005404,CUST00034,2026-04-30 05:16:00,"NGN761,371.31","57,102.85","818,474.16",NGN,paid
INV-004773,WO-005406,CUST00116,27/10/2025,"NGN687,015.76","NGN51,526.18","738,541.94",NGN,unpaid
INV-004774,WO-005407,CUST00889,15/04/2026,"99,623.13","7,471.74","NGN107,094.87",NGN,paid
INV-004775,WO-005408,CUST01403,2026-01-06 21:32:20,"NGN674,472.12",50585.41,"725,057.53",NGN,paid
INV-004776,WO-005409,CUST00852,1746491572000,"NGN27,810.00","2,085.75","NGN29,895.75",NGN,unpaid
INV-004777,WO-005410,CUST00474,1748878759000,NGN 558863.46,NGN 41914.76,NGN 600778.22,NGN,PAID
INV-004778,WO-005411,CUST00015,28/05/2025,"715,490.68",53661.80,"769,152.48",NGN,PAID
INV-004779,WO-005412,CUST00417,02/04/2025,613066.26,"45,979.97",659046.23,NGN,PAID
INV-004780,WO-005413,CUST00339,1772823380000,20025.00,NGN 1501.88,NGN 21526.88,NGN,paid
INV-004781,WO-005414,CUST00527,2024-10-14 22:49:26,NGN 108993.98,8174.55,NGN 117168.53,NGN,partial
INV-004782,WO-005415,CUST00139,1768299255000,61830.00,"4,637.25",66467.25,NGN,written_off
INV-004783,WO-005416,CUST01136,15/04/2026,NGN 80699.01,NGN 6052.43,86751.44,NGN,paid
INV-004784,WO-005417,CUST00337,30/06/2025,NGN 25050.00,1878.75,"NGN26,928.75",ngn,paid
INV-004785,WO-005418,CUST00640,1761480793000,5175.00,NGN 388.12,5563.12,NGN,UNPAID
INV-004786,WO-005419,CUST00410,1744644635000,33448.99,"NGN2,508.67","NGN35,957.66",NGN,partial
INV-004787,WO-005420,CUST01095,2026-03-23 08:07:29,527575.47,"39,568.16","NGN567,143.63",NGN,paid
INV-004788,WO-005421,CUST01006,2025-06-19 07:26:14,"40,350.00",NGN 3026.25,"43,376.25",NGN,PAID
INV-004789,WO-005422,CUST01149,18/12/2024,"278,083.40",NGN 20856.26,"298,939.66",NGN,partial
INV-004790,WO-005423,CUST00567,1753157691000,"NGN607,342.66",NGN 45550.70,652893.36,NGN,paid
INV-004791,WO-005424,CUST02060,17/04/2026,"672,472.83",50435.46,NGN 722908.29,ngn,paid
INV-004792,WO-005425,CUST00250,1757121769000,"31,495.01",NGN 2362.13,NGN 33857.14,NGN,UNPAID
INV-004793,WO-005426,CUST00344,2025-06-22 18:23:09,"NGN434,659.07","NGN32,599.43","NGN467,258.50",NGN,paid
INV-004794,WO-005427,CUST00825,10/03/2026,NGN 321490.01,"NGN24,111.75",NGN 345601.76,NGN,unpaid
INV-004795,WO-005428,CUST01027,2025-05-25 23:38:00,488871.51,"36,665.36","NGN525,536.87",NGN,partial
INV-004796,WO-005429,CUST00844,22/04/2025,"265,770.00","NGN19,932.75","285,702.75",NGN,unpaid
INV-004797,WO-005430,CUST01070,2026-07-08 05:15:40,NGN 1861951.74,"NGN139,646.38","NGN2,001,598.12",NGN,unpaid
INV-004798,WO-005431,CUST00996,2025-01-27 16:41:08,95700.00,NGN 7177.50,"102,877.50",ngn,paid
INV-004799,WO-005432,CUST00789,1744743321000,NGN 24390.00,NGN 1829.25,26219.25,NGN,partial
INV-004800,WO-005433,CUST00657,1762044640000,NGN 395661.26,"NGN29,674.59",425335.85,NGN,PAID
INV-004801,WO-005434,CUST00611,1774492671000,664890.94,"NGN49,866.82",NGN 714757.76,NGN,paid
INV-004802,WO-005435,CUST00221,23/07/2026,851578.42,"63,868.38","915,446.80",NGN,paid
INV-004803,WO-005436,CUST01143,1744040128000,"1,890.00",141.75,"NGN2,031.75",NGN,PAID
INV-004804,WO-005437,CUST00643,1726510813000,NGN 1097696.61,"NGN82,327.25",1180023.86,ngn,unpaid
INV-004805,WO-005438,CUST00436,1756331768000,"NGN4,050.00",303.75,4353.75,NGN,PAID
INV-004806,WO-005439,CUST00871,2025-05-02 15:54:12,"65,900.00",4942.50,70842.50,NGN,unpaid
INV-004807,WO-005440,CUST00404,22/01/2025,"36,176.26","2,713.22","NGN38,889.48",NGN,paid
INV-004808,WO-005441,CUST00205,1763379846000,"493,655.47",NGN 37024.16,"530,679.63",NGN,paid
INV-004809,WO-005442,CUST00437,1786323442000,8910.00,668.25,"9,578.25",NGN,partial
INV-004810,WO-005443,CUST01184,2026-01-04 19:02:41,"382,514.43","NGN28,688.58",411203.01,NGN,paid
INV-004811,WO-005444,CUST00456,1732731138000,"487,529.92",36564.74,524094.66,NGN,PAID
INV-004812,WO-005446,CUST00495,28/09/2025,NGN 425455.36,"31,909.15","NGN457,364.51",NGN,paid
INV-004813,WO-005447,CUST00792,13/12/2024,NGN 1596173.70,119713.03,"NGN1,715,886.73",NGN,partial
INV-004814,WO-005449,CUST00212,2025-07-17 17:23:23,NGN 1145623.23,"85,921.74",NGN 1231544.97,NGN,partial
INV-004815,WO-005451,CUST00095,2026-08-16 01:06:10,"6,265.00",469.88,"NGN6,734.88",NGN,paid
INV-004816,WO-005453,CUST00993,1731176465000,"27,748.98",2081.17,29830.15,NGN,PAID
INV-004817,WO-005455,CUST00093,2025-06-08 05:29:06,NGN 1064701.43,"NGN79,852.61",1144554.04,NGN,partial
INV-004818,WO-005456,CUST00838,02/10/2025,NGN 199033.53,14927.52,"213,961.05",NGN,paid
INV-004819,WO-005457,CUST00255,18/04/2026,"NGN259,888.20","NGN19,491.61","279,379.81",NGN,paid
INV-004820,WO-005458,CUST00910,26/01/2025,612632.92,"45,947.47","NGN658,580.39",NGN,partial
INV-004821,WO-005460,CUST00867,01/06/2025,"170,262.57",12769.69,NGN 183032.26,NGN,UNPAID
INV-004822,WO-005461,CUST00544,1769336314000,NGN 514836.31,38612.72,NGN 553449.03,ngn,paid
INV-004823,WO-005462,CUST00185,04/01/2025,"224,643.14",16848.24,"241,491.38",NGN,unpaid
INV-004824,WO-005464,CUST00608,2025-12-11 23:58:04,"NGN44,910.00","NGN3,368.25","NGN48,278.25",NGN,paid
INV-004825,WO-005465,CUST00216,2024-09-26 20:15:31,"NGN376,894.70","NGN28,267.10",405161.80,NGN,unpaid
INV-004826,WO-005466,CUST01033,1744091091000,"1,272,966.65","95,472.50",NGN 1368439.15,NGN,paid
INV-004827,WO-005467,CUST01124,16/06/2026,"271,725.58",20379.42,"NGN292,105.00",NGN,paid
INV-004828,WO-005468,CUST01149,1736217328000,"NGN310,410.72",23280.80,NGN 333691.52,NGN,written_off
INV-004829,WO-005469,CUST00523,2025-08-31 18:01:36,900.00,67.50,967.50,NGN,unpaid
INV-004830,WO-005470,CUST00042,1733874670000,"NGN302,336.94","22,675.27","NGN325,012.21",NGN,PAID
INV-004831,WO-005471,CUST00212,2025-02-20 20:58:00,NGN 166136.71,"12,460.25","178,596.96",NGN,partial
INV-004832,WO-005473,CUST01036,24/02/2026,"NGN824,236.22",NGN 61817.72,"886,053.94",NGN,paid
INV-004833,WO-005474,CUST00670,2024-12-23 21:30:03,"1,148,835.96","NGN86,162.70",1234998.66,NGN,paid
INV-004834,WO-005475,CUST00609,1726591022000,"NGN521,742.18",NGN 39130.66,"560,872.84",NGN,PAID
INV-004835,WO-005476,CUST00126,13/12/2025,NGN 82165.49,"6,162.41","88,327.90",NGN,paid
INV-004836,WO-005477,CUST00087,2024-10-28 07:27:12,"575,571.09","43,167.83","618,738.92",NGN,paid
INV-004837,WO-005478,CUST00860,2026-06-18 19:17:28,"121,781.81","9,133.64",130915.45,NGN,PAID
INV-004838,WO-005479,CUST00179,1736879660000,"NGN512,555.49",38441.66,NGN 550997.15,NGN,paid
INV-004839,WO-005480,CUST01183,16/02/2025,385620.34,"28,921.53","414,541.87",NGN,PAID
INV-004840,WO-005482,CUST01176,1762675060000,"NGN125,513.77","NGN9,413.53",NGN 134927.30,NGN,UNPAID
INV-004841,WO-005483,CUST00800,1784069598000,"2,000.00",150.00,NGN 2150.00,NGN,paid
INV-004842,WO-005484,CUST01641,02/10/2024,"861,288.14","64,596.61","NGN925,884.75",NGN,paid
INV-004843,WO-005485,CUST00624,1730486466000,8370.00,NGN 627.75,NGN 8997.75,NGN,unpaid
INV-004844,WO-005486,CUST00927,2025-04-21 09:59:57,4250.00,NGN 318.75,4568.75,NGN,PAID
INV-004845,WO-005487,CUST00655,02/05/2026,740603.64,NGN 55545.27,"NGN796,148.91",NGN,partial
INV-004846,WO-005488,CUST00198,31/10/2024,"NGN74,700.00","NGN5,602.50","80,302.50",NGN,paid
INV-004847,WO-005490,CUST00895,1754857470000,"NGN190,995.53","NGN14,324.67",NGN 205320.20,NGN,unpaid
INV-004848,WO-005492,CUST01174,1748950834000,NGN 438983.91,32923.79,"471,907.70",NGN,paid
INV-004849,WO-005493,CUST01088,21/01/2026,1054230.22,79067.27,1133297.49,NGN,PAID
INV-004850,WO-005494,CUST00059,1786313311000,"219,882.93","NGN16,491.22","236,374.15",NGN,PAID
INV-004851,WO-005496,CUST01185,01/04/2026,NGN 3080.00,NGN231.00,NGN 3311.00,NGN,paid
INV-004852,WO-005497,CUST00452,2026-01-27 14:17:17,695234.34,"52,142.58","747,376.92",NGN,PAID
INV-004853,WO-005498,CUST00519,2025-08-26 14:40:06,427955.36,32096.65,460052.01,NGN,UNPAID
INV-004854,WO-005499,CUST01199,1768730184000,137952.33,NGN 10346.43,"148,298.76",NGN,paid
INV-004855,WO-005500,CUST00098,2026-06-16 19:11:27,"NGN962,819.12",72211.43,"NGN1,035,030.55",NGN,paid
INV-004856,WO-005501,CUST00010,1772435966000,"NGN5,150.00",NGN386.25,"5,536.25",ngn,paid
INV-004857,WO-005502,CUST00561,2025-01-22 18:28:41,"18,975.00","NGN1,423.12","20,398.12",NGN,PAID
INV-004858,WO-005503,CUST00122,29/09/2024,NGN 7380.00,553.50,NGN 7933.50,NGN,paid
INV-004859,WO-005504,CUST00500,2026-08-10 23:43:07,"NGN162,540.11",NGN 12190.51,"174,730.62",NGN,unpaid
INV-004860,WO-005505,CUST00554,2026-06-28 06:28:47,700424.20,52531.82,"752,956.02",ngn,paid
INV-004861,WO-005506,CUST00945,2025-01-12 00:17:15,"1,297,797.76",NGN 97334.83,1395132.59,ngn,partial
INV-004862,WO-005507,CUST00004,2025-12-29 03:06:11,"NGN912,773.57","68,458.02",NGN 981231.59,NGN,paid
INV-004863,WO-005508,CUST01101,2026-08-06 11:38:40,"360,636.50",NGN 27047.74,"387,684.24",NGN,PAID
INV-004864,WO-005509,CUST01218,1743950260000,"518,492.05","38,886.90",557378.95,NGN,paid
INV-004865,WO-005510,CUST00517,11/12/2024,16950.00,NGN 1271.25,NGN 18221.25,NGN,paid
INV-004866,WO-005511,CUST00672,1752372941000,3650.00,NGN 273.75,NGN 3923.75,NGN,paid
INV-004867,WO-005513,CUST01005,1776097163000,"1,737,414.25","130,306.07","1,867,720.32",NGN,partial
INV-004868,WO-005514,CUST00969,1737244875000,"NGN336,610.33","NGN25,245.78","NGN361,856.11",NGN,PAID
INV-004869,WO-005515,CUST00538,2026-01-24 05:25:17,"498,565.64","NGN37,392.42","NGN535,958.06",NGN,unpaid
INV-004870,WO-005516,CUST01118,2025-12-30 05:47:46,13195.00,989.62,"14,184.62",NGN,paid
INV-004871,WO-005517,CUST00467,2025-11-18 16:54:00,NGN 103222.20,7741.66,NGN 110963.86,NGN,paid
INV-004872,WO-005518,CUST00282,2025-01-14 07:50:48,NGN 834179.62,62563.47,"NGN896,743.09",NGN,paid
INV-004873,WO-005519,CUST00554,2024-10-12 01:35:04,504542.99,37840.72,"542,383.71",NGN,partial
INV-004874,WO-005520,CUST00694,26/08/2026,NGN 76125.00,"NGN5,709.38","NGN81,834.38",NGN,paid
INV-004875,WO-005521,CUST00890,12/10/2025,"NGN65,447.98","NGN4,908.60","NGN70,356.58",NGN,paid
INV-004876,WO-005522,CUST00105,2025-07-13 04:40:19,"NGN224,395.62",NGN 16829.67,"NGN241,225.29",NGN,paid
INV-004877,WO-005523,CUST00863,2026-02-10 14:11:09,"425,424.17",31906.81,"NGN457,330.98",NGN,paid
INV-004878,WO-005524,CUST00882,14/02/2025,NGN 15750.00,"NGN1,181.25",16931.25,ngn,paid
INV-004879,WO-005525,CUST01496,2026-05-19 19:53:43,"1,738,553.96",130391.55,1868945.51,NGN,PAID
INV-004880,WO-005526,CUST00034,11/08/2026,NGN 458613.48,"NGN34,396.01","493,009.49",NGN,PAID
INV-004881,WO-005528,CUST00640,1754801473000,NGN 40326.71,3024.50,NGN 43351.21,NGN,paid
INV-004882,WO-005529,CUST01107,1759730897000,"3,525.00",264.38,"3,789.38",NGN,UNPAID
INV-004883,WO-005530,CUST00057,07/05/2026,382256.29,"28,669.22",410925.51,NGN,PAID
INV-004884,WO-005531,CUST00291,2026-02-03 22:10:08,2069788.68,NGN 155234.15,2225022.83,NGN,paid
INV-004885,WO-005532,CUST00712,1764115968000,NGN 979310.87,"73,448.31",NGN 1052759.18,NGN,UNPAID
INV-004886,WO-005533,CUST02073,02/10/2025,8150.00,NGN611.25,"8,761.25",NGN,paid
INV-004887,WO-005534,CUST00823,1773217484000,762108.10,"NGN57,158.11","NGN819,266.21",NGN,paid
INV-004888,WO-005535,CUST00856,1741586831000,"639,034.52","47,927.59",686962.11,NGN,paid
INV-004889,WO-005536,CUST01125,1774762373000,NGN 5900.00,NGN442.50,"NGN6,342.50",NGN,PAID
INV-004890,WO-005537,CUST01196,1755080111000,NGN 5850.00,438.75,"NGN6,288.75",NGN,paid
INV-004891,WO-005538,CUST00487,2025-08-01 01:37:47,NGN 1925.00,144.38,"NGN2,069.38",ngn,paid
INV-004892,WO-005539,CUST00930,1747522471000,427299.11,"32,047.43","459,346.54",NGN,paid
INV-004893,WO-005540,CUST00813,23/05/2025,64847.40,4863.56,69710.96,NGN,unpaid
INV-004894,WO-005541,CUST00270,1740314608000,"33,920.97","NGN2,544.07",NGN 36465.04,NGN,paid
INV-004895,WO-005542,CUST00875,1756168864000,720434.85,"NGN54,032.61","NGN774,467.46",NGN,PAID
INV-004896,WO-005543,CUST00288,03/08/2026,"NGN464,648.80","NGN34,848.66",499497.46,NGN,unpaid
INV-004897,WO-005544,CUST01190,2026-06-08 11:33:45,"677,190.19",NGN 50789.26,727979.45,NGN,paid
INV-004898,WO-005545,CUST00456,19/07/2025,"NGN436,004.35",NGN 32700.33,"468,704.68",NGN,paid
INV-004899,WO-005546,CUST00630,2026-06-27 23:28:43,711876.71,53390.75,"NGN765,267.46",NGN,paid
INV-004900,WO-005547,CUST01031,15/01/2026,NGN 6450.00,483.75,"6,933.75",NGN,UNPAID
INV-004901,WO-005548,CUST00659,1757245494000,NGN 543542.97,NGN 40765.72,"584,308.69",NGN,paid
INV-004902,WO-005549,CUST00639,1768862790000,"4,025.00",NGN301.88,"4,326.88",NGN,paid
INV-004903,WO-005550,CUST00775,2025-08-13 20:41:05,"3,900.00",292.50,"4,192.50",NGN,PAID
INV-004904,WO-005551,CUST01004,2025-09-15 02:27:00,"NGN465,679.71","34,925.98",NGN 500605.69,NGN,partial
INV-004905,WO-005555,CUST01153,2025-03-10 17:08:28,NGN 231648.53,17373.64,NGN 249022.17,NGN,paid
INV-004906,WO-005556,CUST00958,1760135310000,270132.67,20259.95,"290,392.62",NGN,paid
INV-004907,WO-005557,CUST00315,05/01/2025,"515,506.47","NGN38,662.98","554,169.45",NGN,paid
INV-004908,WO-005558,CUST00335,1774376635000,NGN 187357.03,14051.78,NGN 201408.81,NGN,PAID
INV-004909,WO-005559,CUST00174,1763476434000,NGN 542533.75,"40,690.03",NGN 583223.78,ngn,PAID
INV-004910,WO-005560,CUST00690,17/11/2024,"NGN5,300.00",NGN397.50,"NGN5,697.50",NGN,paid
INV-004911,WO-005561,CUST00304,1726544623000,NGN 20250.76,"NGN1,518.81","21,769.57",NGN,paid
INV-004912,WO-005562,CUST00447,1785224576000,"8,000.00",600.00,NGN 8600.00,NGN,paid
INV-004913,WO-005563,CUST01317,28/05/2026,"NGN758,767.68",56907.58,"815,675.26",NGN,paid
INV-004914,WO-005564,CUST00150,18/05/2025,574092.29,NGN 43056.92,"NGN617,149.21",NGN,unpaid
INV-004915,WO-005565,CUST00841,2025-01-21 17:44:58,NGN 768268.27,"NGN57,620.12",825888.39,NGN,paid
INV-004916,WO-005566,CUST00051,1731376889000,NGN 422311.74,"NGN31,673.38",453985.12,NGN,PAID
INV-004917,WO-005567,CUST00366,2026-05-25 08:45:32,"576,507.67",NGN 43238.08,NGN 619745.75,NGN,partial
INV-004918,WO-005568,CUST00846,2025-01-03 00:32:36,"1,219,627.78",NGN 91472.08,NGN 1311099.86,NGN,paid
INV-004919,WO-005569,CUST00552,1750089576000,200184.79,"NGN15,013.86","NGN215,198.65",NGN,unpaid
INV-004920,WO-005570,CUST00555,2025-05-08 02:16:24,188544.88,NGN 14140.87,"NGN202,685.75",NGN,paid
INV-004921,WO-005571,CUST00642,1782010434000,NGN 907946.07,"68,095.95",NGN 976042.02,NGN,PAID
INV-004922,WO-005573,CUST00911,1735961810000,NGN 6300.00,472.50,NGN 6772.50,NGN,paid
INV-004923,WO-005574,CUST01601,2024-09-30 20:27:33,NGN 14850.00,"NGN1,113.75",15963.75,NGN,unpaid
INV-004924,WO-005575,CUST00148,10/02/2026,NGN 304019.36,NGN 22801.45,326820.81,NGN,paid
INV-004925,WO-005576,CUST00351,11/05/2025,NGN 420790.38,"NGN31,559.28",NGN 452349.66,NGN,paid
INV-004926,WO-005577,CUST02123,31/05/2025,"NGN200,728.42",NGN 15054.63,"215,783.05",NGN,UNPAID
INV-004927,WO-005578,CUST00054,1728188637000,"10,800.00",NGN810.00,11610.00,NGN,UNPAID
INV-004928,WO-005579,CUST00742,2026-07-18 19:15:45,NGN 619385.06,"NGN46,453.88","NGN665,838.94",NGN,PAID
INV-004929,WO-005580,CUST00641,2025-12-13 09:35:09,"NGN322,985.54",NGN 24223.92,"NGN347,209.46",NGN,UNPAID
INV-004930,WO-005581,CUST01128,1779356770000,NGN 71814.18,NGN 5386.06,"NGN77,200.24",NGN,unpaid
INV-004931,WO-005582,CUST00852,21/04/2025,"53,339.03","NGN4,000.43","NGN57,339.46",NGN,paid
INV-004932,WO-005583,CUST00752,2025-12-05 08:48:06,290145.96,NGN 21760.95,NGN 311906.91,NGN,paid
INV-004933,WO-005584,CUST00129,2026-02-11 09:10:36,NGN 660817.67,"NGN49,561.32",710378.99,NGN,unpaid
INV-004934,WO-005585,CUST00487,12/01/2026,"415,823.34","31,186.75","NGN447,010.09",NGN,unpaid
INV-004935,WO-005586,CUST00555,2025-10-24 11:50:02,NGN 1054204.69,"NGN79,065.35","NGN1,133,270.04",NGN,PAID
INV-004936,WO-005587,CUST01048,19/06/2025,NGN 402649.05,"30,198.68","NGN432,847.73",NGN,written_off
INV-004937,WO-005588,CUST00578,1764872051000,"265,977.27","NGN19,948.30",NGN 285925.57,NGN,unpaid
INV-004938,WO-005589,CUST00712,14/02/2026,NGN 316777.89,"NGN23,758.34","340,536.23",NGN,partial
INV-004939,WO-005591,CUST00679,1783524556000,514150.77,38561.31,NGN 552712.08,NGN,UNPAID
INV-004940,WO-005592,CUST00530,1774328506000,1106278.37,NGN 82970.88,NGN 1189249.25,NGN,paid
INV-004941,WO-005594,CUST00556,2025-11-21 15:22:10,"1,125,788.80",NGN 84434.16,"1,210,222.96",NGN,paid
INV-004942,WO-005595,CUST00110,1771030976000,"667,068.21",NGN 50030.12,717098.33,NGN,unpaid
INV-004943,WO-005596,CUST00748,1787422826000,7315.00,548.62,"7,863.62",NGN,PAID
INV-004944,WO-005597,CUST00920,1755120503000,"NGN90,679.00","NGN6,800.92",NGN 97479.92,NGN,UNPAID
INV-004945,WO-005598,CUST00592,1748241687000,NGN 6575.00,NGN493.12,"7,068.12",NGN,paid
INV-004946,WO-005599,CUST01173,1776621144000,5740.00,430.50,"6,170.50",NGN,paid
INV-004947,WO-005600,CUST01141,1764708080000,"NGN345,819.49",25936.46,"NGN371,755.95",NGN,unpaid
INV-004948,WO-005601,CUST00446,2026-02-04 04:39:14,NGN 33525.00,2514.38,36039.38,NGN,PAID
INV-004949,WO-005602,CUST00923,2025-02-22 23:32:53,1000.00,75.00,"1,075.00",NGN,partial
INV-004950,WO-005603,CUST00301,1754366323000,NGN 25200.00,"NGN1,890.00",27090.00,NGN,partial
INV-004951,WO-005604,CUST00145,1732945100000,NGN 8820.00,NGN 661.50,"9,481.50",NGN,PAID
INV-004952,WO-005607,CUST01171,28/06/2025,"NGN524,917.66","39,368.82","NGN564,286.48",NGN,paid
INV-004953,WO-005608,CUST01200,2025-02-18 12:56:59,"NGN956,264.33","NGN71,719.83","1,027,984.16",NGN,PAID
INV-004954,WO-005609,CUST01601,1774889787000,"NGN434,982.31",NGN 32623.67,"NGN467,605.98",NGN,paid
INV-004955,WO-005610,CUST00680,28/11/2024,1078962.63,NGN 80922.20,"NGN1,159,884.83",NGN,paid
INV-004956,WO-005611,CUST01064,1730545856000,"256,566.33","19,242.48","275,808.81",NGN,paid
INV-004957,WO-005612,CUST00763,07/06/2026,NGN 26025.00,1951.88,NGN 27976.88,NGN,unpaid
INV-004958,WO-005613,CUST00515,18/11/2025,609101.34,"45,682.60","NGN654,783.94",NGN,partial
INV-004959,WO-005614,CUST01120,2025-11-08 06:28:21,NGN 307741.02,NGN 23080.58,330821.60,NGN,unpaid
INV-004960,WO-005615,CUST00808,14/10/2025,NGN 40650.00,"NGN3,048.75","NGN43,698.75",NGN,PAID
INV-004961,WO-005616,CUST01154,18/11/2024,NGN 591584.12,NGN 44368.81,"635,952.93",NGN,paid
INV-004962,WO-005618,CUST00789,1735115948000,217882.99,NGN 16341.22,NGN 234224.21,NGN,UNPAID
INV-004963,WO-005619,CUST00006,24/01/2025,NGN 2625.00,196.88,2821.88,NGN,paid
INV-004964,WO-005620,CUST00784,22/12/2025,341172.07,25587.91,"366,759.98",NGN,unpaid
INV-004965,WO-005621,CUST00934,09/06/2026,NGN 321524.02,24114.30,"NGN345,638.32",ngn,UNPAID
INV-004966,WO-005622,CUST00098,2025-11-15 20:27:14,"115,705.95","8,677.95","124,383.90",NGN,paid
INV-004967,WO-005623,CUST02212,1739953947000,NGN 1153715.74,86528.68,"1,240,244.42",NGN,partial
INV-004968,WO-005624,CUST01089,24/10/2024,"NGN336,618.56",NGN 25246.39,361864.95,ngn,PAID
INV-004969,WO-005625,CUST00731,1737397997000,"202,347.03",15176.03,NGN 217523.06,NGN,paid
INV-004970,WO-005626,CUST01317,1727695805000,"14,250.00",1068.75,"15,318.75",ngn,paid
INV-004971,WO-005628,CUST01022,24/08/2026,"NGN377,206.82",28290.51,NGN 405497.33,ngn,PAID
INV-004972,WO-005629,CUST00033,20/01/2025,"153,503.25","NGN11,512.74",165015.99,NGN,paid
INV-004973,WO-005630,CUST00471,2025-06-03 10:41:35,147596.71,11069.75,"NGN158,666.46",NGN,partial
INV-004974,WO-005631,CUST00453,2026-05-11 19:39:00,"NGN835,813.77",NGN 62686.03,898499.80,NGN,PAID
INV-004975,WO-005632,CUST00381,08/07/2026,"1,023,901.94",NGN 76792.65,"1,100,694.59",NGN,paid
INV-004976,WO-005633,CUST01020,2025-05-29 21:10:02,"49,653.62",3724.02,53377.64,NGN,paid
INV-004977,WO-005634,CUST01218,1785657929000,"NGN399,390.37","29,954.28",429344.65,NGN,paid
INV-004978,WO-005635,CUST00291,2026-08-14 07:28:56,"NGN959,489.15",NGN 71961.69,NGN 1031450.84,NGN,paid
INV-004979,WO-005636,CUST01143,30/06/2025,"4,500.00",NGN337.50,"4,837.50",NGN,unpaid
INV-004980,WO-005637,CUST01165,1779844093000,437463.86,NGN 32809.79,"NGN470,273.65",NGN,unpaid
INV-004981,WO-005638,CUST01137,2026-06-17 06:21:37,53322.65,3999.20,"NGN57,321.85",NGN,paid
INV-004982,WO-005639,CUST00221,07/06/2026,"NGN315,086.08",NGN 23631.46,NGN 338717.54,ngn,PAID
INV-004983,WO-005640,CUST00860,13/05/2025,NGN 1164938.44,NGN 87370.38,NGN 1252308.82,NGN,paid
INV-004984,WO-005641,CUST00242,2026-06-19 06:01:43,"NGN546,775.64",NGN 41008.17,587783.81,NGN,paid
INV-004985,WO-005642,CUST00017,04/02/2025,"228,153.06",NGN 17111.48,"NGN245,264.54",NGN,PAID
INV-004986,WO-005643,CUST00439,07/11/2025,940263.25,70519.74,1010782.99,NGN,PAID
INV-004987,WO-005644,CUST01093,22/09/2024,981297.77,73597.33,"NGN1,054,895.10",NGN,unpaid
INV-004988,WO-005645,CUST00790,2025-07-11 18:32:04,"NGN467,357.81",35051.84,"NGN502,409.65",ngn,paid
INV-004989,WO-005646,CUST00128,13/02/2025,NGN 8625.00,646.88,"NGN9,271.88",NGN,paid
INV-004990,WO-005647,CUST00748,2026-08-17 09:07:13,NGN 1010218.42,"75,766.38","1,085,984.80",NGN,unpaid
INV-004991,WO-005648,CUST00267,02/11/2024,"739,848.54",NGN 55488.64,"795,337.18",NGN,UNPAID
INV-004992,WO-005649,CUST00580,1740137968000,494738.04,NGN 37105.35,"NGN531,843.39",NGN,unpaid
INV-004993,WO-005650,CUST00456,2026-01-10 20:35:42,NGN 209420.07,15706.51,NGN 225126.58,NGN,written_off
INV-004994,WO-005651,CUST01078,12/04/2025,NGN 964989.03,"NGN72,374.18","1,037,363.21",NGN,partial
INV-004995,WO-005652,CUST00023,1729252670000,"12,624.70",NGN946.85,NGN 13571.55,NGN,paid
INV-004996,WO-005653,CUST00738,10/08/2025,37373.70,"2,803.03",40176.73,NGN,PAID
INV-004997,WO-005654,CUST00279,1736529334000,"1,493,394.62","NGN112,004.60","1,605,399.22",NGN,unpaid
INV-004998,WO-005655,CUST00592,26/08/2026,"647,676.39",48575.73,"696,252.12",NGN,paid
INV-004999,WO-005656,CUST01362,28/04/2026,NGN 3850.00,288.75,"NGN4,138.75",NGN,partial
INV-005000,WO-005657,CUST01373,2024-10-05 01:18:39,NGN 564625.77,42346.93,"606,972.70",ngn,PAID
INV-005001,WO-005658,CUST00390,16/10/2025,153036.19,11477.71,NGN 164513.90,NGN,paid
INV-005002,WO-005659,CUST00529,1732234158000,"194,439.61","NGN14,582.97","NGN209,022.58",NGN,paid
INV-005003,WO-005660,CUST01099,2026-07-10 16:26:12,"1,151,138.10",NGN 86335.36,NGN 1237473.46,NGN,partial
INV-005004,WO-005661,CUST00007,2025-08-01 17:25:48,"816,158.17",NGN 61211.86,"877,370.03",NGN,UNPAID
INV-005005,WO-005662,CUST00815,2026-01-05 23:43:20,NGN 1174243.54,NGN 88068.27,"NGN1,262,311.81",NGN,PAID
INV-005006,WO-005664,CUST00914,1780856030000,NGN 382087.34,NGN 28656.55,"NGN410,743.89",ngn,PAID
INV-005007,WO-005665,CUST00275,2025-08-17 02:38:23,NGN 315379.96,"NGN23,653.50","NGN339,033.46",NGN,unpaid
INV-005008,WO-005666,CUST00844,2025-07-02 12:21:14,"544,424.34","NGN40,831.83","NGN585,256.17",NGN,PAID
INV-005009,WO-005667,CUST00936,17/05/2026,"11,235.00",NGN842.62,"12,077.62",NGN,partial
INV-005010,WO-005668,CUST00930,12/06/2026,"39,711.70","2,978.38",NGN 42690.08,NGN,unpaid
INV-005011,WO-005669,CUST00645,22/07/2026,NGN 306396.08,"NGN22,979.71",NGN 329375.79,NGN,partial
INV-005012,WO-005670,CUST00007,2025-09-22 21:18:59,NGN 433499.64,32512.47,NGN 466012.11,NGN,unpaid
INV-005013,WO-005672,CUST00882,1779497960000,NGN 226940.45,17020.53,"243,960.98",NGN,PAID
INV-005014,WO-005673,CUST00645,2025-03-31 20:42:39,"457,795.67","34,334.67","NGN492,130.34",NGN,partial
INV-005015,WO-005674,CUST00426,2026-01-20 04:21:09,"3,990.00",299.25,4289.25,NGN,PAID
INV-005016,WO-005675,CUST00848,22/01/2026,232884.99,"17,466.37","NGN250,351.36",NGN,paid
INV-005017,WO-005677,CUST00045,2026-04-10 00:26:08,NGN 1441522.17,"108,114.16","1,549,636.33",NGN,partial
INV-005018,WO-005678,CUST02115,17/01/2026,"844,565.80",NGN 63342.43,907908.23,NGN,paid
INV-005019,WO-005679,CUST00461,15/11/2025,"819,687.56",61476.57,"881,164.13",NGN,partial
INV-005020,WO-005680,CUST00634,2026-03-05 16:08:52,NGN 1890.00,141.75,"NGN2,031.75",ngn,partial
INV-005021,WO-005681,CUST00601,25/02/2025,"667,617.27","NGN50,071.30",NGN 717688.57,NGN,paid
INV-005022,WO-005682,CUST00553,2025-05-03 00:56:07,"NGN823,544.84",61765.86,885310.70,NGN,paid
INV-005023,WO-005683,CUST00901,1732327057000,NGN 25110.00,1883.25,"26,993.25",NGN,partial
INV-005024,WO-005684,CUST00868,1786265508000,"NGN126,350.87","9,476.32",135827.19,NGN,partial
INV-005025,WO-005685,CUST00747,12/01/2026,NGN 97443.51,7308.26,104751.77,NGN,paid
INV-005026,WO-005686,CUST00185,1753702132000,"NGN132,046.23","NGN9,903.47",NGN 141949.70,NGN,partial
INV-005027,WO-005687,CUST00516,1742092887000,NGN 461274.69,"34,595.60","NGN495,870.29",NGN,unpaid
INV-005028,WO-005688,CUST00587,25/03/2026,53050.00,"3,978.75",57028.75,NGN,PAID
INV-005029,WO-005689,CUST01186,2026-06-05 20:29:18,"7,110.00",533.25,7643.25,NGN,PAID
INV-005030,WO-005690,CUST00622,20/08/2026,"5,925.00",NGN444.38,"NGN6,369.38",NGN,PAID
INV-005031,WO-005692,CUST00176,1760173928000,"NGN633,159.09","47,486.93","NGN680,646.02",NGN,PAID
INV-005032,WO-005693,CUST00006,1757692661000,11235.00,NGN842.62,"NGN12,077.62",NGN,UNPAID
INV-005033,WO-005694,CUST00879,1737726653000,NGN 240627.93,18047.09,NGN 258675.02,NGN,paid
INV-005034,WO-005695,CUST00971,2025-02-14 05:14:41,NGN 28598.71,NGN 2144.90,NGN 30743.61,NGN,paid
INV-005035,WO-005696,CUST00099,06/06/2025,"NGN301,476.08","NGN22,610.71","NGN324,086.79",NGN,paid
INV-005036,WO-005697,CUST00176,1770935854000,545960.88,"NGN40,947.07",586907.95,NGN,paid
INV-005037,WO-005698,CUST00677,2025-02-01 20:40:36,"NGN31,500.00",NGN 2362.50,"NGN33,862.50",NGN,UNPAID
INV-005038,WO-005699,CUST01110,2025-07-18 09:16:49,"NGN492,672.12","NGN36,950.41","NGN529,622.53",ngn,paid
INV-005039,WO-005700,CUST00259,07/05/2025,"269,378.30",NGN 20203.37,NGN 289581.67,NGN,PAID
INV-005040,WO-005701,CUST00649,2025-10-04 18:23:00,"965,722.49","72,429.19",NGN 1038151.68,NGN,unpaid
INV-005041,WO-005702,CUST01189,2025-03-25 13:36:26,"NGN32,025.00",2401.87,"34,426.87",NGN,paid
INV-005042,WO-005703,CUST00412,2025-10-22 09:58:48,"54,159.70","NGN4,061.98","NGN58,221.68",NGN,paid
INV-005043,WO-005704,CUST00448,10/04/2025,"NGN358,413.04","26,880.98","385,294.02",NGN,UNPAID
INV-005044,WO-005705,CUST00253,2025-09-10 06:58:50,"478,727.93",NGN 35904.60,NGN 514632.53,NGN,paid
INV-005045,WO-005707,CUST00585,2025-03-02 18:35:37,"112,861.80",NGN 8464.63,NGN 121326.43,NGN,paid
INV-005046,WO-005708,CUST00477,1769272993000,60280.62,NGN 4521.05,"NGN64,801.67",NGN,paid
INV-005047,WO-005709,CUST01037,25/04/2025,NGN 230876.59,"17,315.74","NGN248,192.33",NGN,unpaid
INV-005048,WO-005711,CUST00791,2026-06-10 18:20:17,"441,380.35",NGN 33103.53,"NGN474,483.88",NGN,paid
INV-005049,WO-005712,CUST02324,2025-11-26 05:57:52,"596,298.34","NGN44,722.38","NGN641,020.72",NGN,partial
INV-005050,WO-005713,CUST00373,2025-02-03 10:54:17,7350.00,551.25,"7,901.25",NGN,UNPAID
INV-005051,WO-005714,CUST01160,1746174698000,"NGN192,683.22","14,451.24",NGN 207134.46,NGN,paid
INV-005052,WO-005716,CUST01250,2025-07-09 02:55:18,NGN 12750.00,956.25,"13,706.25",NGN,paid
INV-005053,WO-005717,CUST01035,1750561489000,NGN 786598.08,NGN 58994.86,"845,592.94",NGN,paid
INV-005054,WO-005719,CUST00125,03/12/2024,"NGN19,025.00",1426.88,20451.88,NGN,partial
INV-005055,WO-005720,CUST01108,2025-07-20 09:06:41,616602.59,"46,245.19",662847.78,NGN,partial
INV-005056,WO-005721,CUST01101,26/05/2026,484040.26,NGN 36303.02,NGN 520343.28,NGN,partial
INV-005057,WO-005722,CUST00139,1741284208000,"NGN384,862.34","NGN28,864.68",NGN 413727.02,ngn,paid
INV-005058,WO-005724,CUST00459,01/05/2025,"NGN875,112.12","NGN65,633.41",940745.53,NGN,PAID
INV-005059,WO-005725,CUST00912,14/10/2024,"128,562.09","9,642.16","138,204.25",NGN,PAID
INV-005060,WO-005727,CUST00119,2025-11-21 09:24:25,1420041.82,106503.14,NGN 1526544.96,NGN,unpaid
INV-005061,WO-005728,CUST01152,17/12/2025,NGN 380979.65,"NGN28,573.47","NGN409,553.12",NGN,paid
INV-005062,WO-005729,CUST00972,2026-04-21 03:10:06,NGN 722893.97,NGN 54217.05,NGN 777111.02,NGN,paid
INV-005063,WO-005730,CUST00690,19/03/2026,"25,025.00","1,876.88",26901.88,NGN,paid
INV-005064,WO-005731,CUST00933,02/10/2025,"6,900.00",517.50,NGN 7417.50,NGN,paid
INV-005065,WO-005732,CUST00507,2025-03-13 04:36:03,NGN 593385.64,"NGN44,503.92","637,889.56",NGN,UNPAID
INV-005066,WO-005733,CUST00994,24/10/2024,"NGN739,458.38","55,459.38","794,917.76",NGN,paid
INV-005067,WO-005734,CUST00522,1787083543000,190413.86,NGN 14281.04,"204,694.90",NGN,paid
INV-005068,WO-005735,CUST01839,2025-12-01 01:11:33,746063.30,"55,954.75",802018.05,NGN,UNPAID
INV-005069,WO-005736,CUST00298,1787679121000,"NGN3,100.00",NGN 232.50,"3,332.50",NGN,unpaid
INV-005070,WO-005737,CUST01153,2025-11-10 10:47:48,NGN 770559.56,"NGN57,791.97",828351.53,ngn,PAID
INV-005071,WO-005738,CUST00551,2025-09-23 19:25:31,NGN 969273.16,"72,695.49","NGN1,041,968.65",NGN,unpaid
INV-005072,WO-005739,CUST00696,1774551690000,752600.39,56445.03,"809,045.42",NGN,paid
INV-005073,WO-005740,CUST00774,2026-03-08 23:57:28,"NGN15,200.00","NGN1,140.00","NGN16,340.00",NGN,partial
INV-005074,WO-005741,CUST00905,2026-03-08 13:51:29,"NGN263,461.82","19,759.64",283221.46,NGN,paid
INV-005075,WO-005743,CUST00621,2026-01-29 05:23:02,"90,949.60","6,821.22","NGN97,770.82",NGN,UNPAID
INV-005076,WO-005744,CUST00218,11/10/2025,"NGN771,276.39","NGN57,845.73","NGN829,122.12",NGN,paid
INV-005077,WO-005745,CUST00901,2025-11-06 17:28:15,897192.14,"67,289.41",NGN 964481.55,NGN,paid
INV-005078,WO-005746,CUST00721,2026-04-29 01:02:01,70575.00,5293.12,75868.12,NGN,PAID
INV-005079,WO-005748,CUST00533,08/02/2026,1121065.34,"NGN84,079.90","NGN1,205,145.24",NGN,paid
INV-005080,WO-005749,CUST00381,1781958124000,"NGN961,698.70","72,127.40","NGN1,033,826.10",NGN,partial
INV-005081,WO-005750,CUST01193,02/02/2026,"738,436.03",NGN 55382.70,NGN 793818.73,ngn,UNPAID
INV-005082,WO-005751,CUST02343,05/04/2026,851598.69,63869.90,"915,468.59",NGN,paid
INV-005083,WO-005752,CUST00090,2026-01-21 01:38:03,"370,999.62","27,824.97","NGN398,824.59",NGN,paid
INV-005084,WO-005753,CUST00562,2025-06-04 01:43:57,"89,028.16",6677.11,"NGN95,705.27",NGN,PAID
INV-005085,WO-005755,CUST00036,1757516599000,"NGN290,204.08","NGN21,765.31",NGN 311969.39,NGN,paid
INV-005086,WO-005756,CUST00411,1732162512000,"393,220.74","29,491.56",NGN 422712.30,ngn,paid
INV-005087,WO-005757,CUST00381,2026-01-25 21:06:56,"2,250.00",NGN168.75,NGN 2418.75,NGN,paid
INV-005088,WO-005758,CUST01142,11/02/2025,"600,964.08",NGN 45072.31,NGN 646036.39,NGN,paid
INV-005089,WO-005759,CUST01074,27/02/2026,NGN 2650.00,NGN 198.75,2848.75,NGN,paid
INV-005090,WO-005760,CUST00823,1735999263000,"216,491.47","16,236.86","232,728.33",NGN,UNPAID
INV-005091,WO-005761,CUST00312,14/10/2025,NGN 832874.07,"NGN62,465.55",NGN 895339.62,NGN,PAID
INV-005092,WO-005762,CUST00537,2024-11-17 05:02:06,"1,089,798.72",81734.90,"1,171,533.62",NGN,partial
INV-005093,WO-005763,CUST01317,2025-02-23 10:43:36,582869.60,"43,715.22","NGN626,584.82",NGN,paid
INV-005094,WO-005764,CUST00883,30/05/2026,"683,106.07","NGN51,232.96","NGN734,339.03",NGN,paid
INV-005095,WO-005765,CUST00098,2024-09-21 16:15:40,"NGN223,769.88",16782.74,"240,552.62",NGN,unpaid
INV-005096,WO-005766,CUST00808,02/03/2026,NGN 1002687.37,"75,201.55","1,077,888.92",NGN,unpaid
INV-005097,WO-005767,CUST00756,03/01/2025,"NGN69,276.60",5195.74,74472.34,NGN,unpaid
INV-005098,WO-005768,CUST00444,09/03/2025,"676,721.53",NGN 50754.11,727475.64,NGN,unpaid
INV-005099,WO-005771,CUST00901,1776518262000,"96,220.23","7,216.52","103,436.75",NGN,paid
INV-005100,WO-005772,CUST00674,30/08/2025,NGN 8700.00,NGN 652.50,NGN 9352.50,NGN,paid
INV-005101,WO-005773,CUST00857,1771191743000,NGN 229387.33,NGN 17204.05,"246,591.38",NGN,partial
INV-005102,WO-005774,CUST01076,14/03/2026,"NGN299,440.35","22,458.03",NGN 321898.38,NGN,UNPAID
INV-005103,WO-005775,CUST00186,17/01/2026,"NGN992,398.48",NGN 74429.89,"1,066,828.37",NGN,paid
INV-005104,WO-005777,CUST00676,20/02/2025,"NGN78,660.00","5,899.50",NGN 84559.50,NGN,unpaid
INV-005105,WO-005779,CUST00679,28/06/2026,151906.67,NGN 11393.00,NGN 163299.67,NGN,unpaid
INV-005106,WO-005780,CUST00417,2025-05-30 18:35:09,"NGN798,956.33",NGN 59921.73,NGN 858878.06,NGN,partial
INV-005107,WO-005781,CUST00334,1729422255000,873093.98,"65,482.05","938,576.03",NGN,PAID
INV-005108,WO-005782,CUST00011,30/11/2024,NGN 900297.69,67522.33,967820.02,NGN,partial
INV-005109,WO-005783,CUST00119,15/07/2025,"121,056.16",NGN 9079.21,"130,135.37",NGN,UNPAID
INV-005110,WO-005784,CUST00073,20/07/2025,"7,075.00",NGN 530.62,NGN 7605.62,NGN,written_off
INV-005111,WO-005785,CUST00480,26/06/2026,"NGN546,206.49","NGN40,965.49","NGN587,171.98",NGN,PAID
INV-005112,WO-005786,CUST00481,06/12/2025,194496.28,"NGN14,587.22",209083.50,NGN,unpaid
INV-005113,WO-005787,CUST01124,1787247034000,473830.41,"NGN35,537.28",509367.69,NGN,unpaid
INV-005114,WO-005788,CUST00587,1784424096000,"444,478.91","NGN33,335.92",477814.83,NGN,paid
INV-005115,WO-005789,CUST00432,1776791741000,"NGN3,690.00",276.75,"3,966.75",NGN,written_off
INV-005116,WO-005790,CUST00570,1742731473000,NGN 497206.61,NGN 37290.50,NGN 534497.11,NGN,paid
INV-005117,WO-005791,CUST00253,1766837792000,NGN 1251513.27,93863.50,"NGN1,345,376.77",NGN,paid
INV-005118,WO-005792,CUST00565,1760628462000,"NGN24,675.00",1850.62,"NGN26,525.62",NGN,paid
INV-005119,WO-005793,CUST00916,1769817965000,"NGN2,650.00",NGN 198.75,"NGN2,848.75",NGN,UNPAID
INV-005120,WO-005794,CUST00210,1783279263000,"NGN459,680.41","34,476.03","494,156.44",NGN,paid
INV-005121,WO-005795,CUST01033,26/08/2025,NGN 346209.93,25965.75,"NGN372,175.68",NGN,paid
INV-005122,WO-005796,CUST01085,1751598787000,26191.53,"NGN1,964.36","NGN28,155.89",NGN,paid
INV-005123,WO-005797,CUST00668,1784137464000,"NGN1,222,871.59",91715.37,"NGN1,314,586.96",NGN,unpaid
INV-005124,WO-005798,CUST00744,14/04/2025,770191.23,57764.34,"827,955.57",NGN,UNPAID
INV-005125,WO-005799,CUST01086,20/01/2025,5130.00,384.75,NGN 5514.75,NGN,UNPAID
INV-005126,WO-005800,CUST00114,1778577797000,NGN 241880.81,18141.06,NGN 260021.87,NGN,PAID
INV-005127,WO-005801,CUST00122,2026-03-17 16:55:05,NGN 45830.75,3437.31,NGN 49268.06,NGN,paid
INV-005128,WO-005802,CUST02033,1731487030000,124195.32,"9,314.65","133,509.97",NGN,paid
INV-005129,WO-005803,CUST01009,2024-11-05 11:17:48,NGN 260994.21,"19,574.57","NGN280,568.78",NGN,paid
INV-005130,WO-005804,CUST00657,26/06/2026,NGN 799864.87,NGN 59989.87,NGN 859854.74,NGN,UNPAID
INV-005131,WO-005805,CUST00698,2026-07-04 04:50:12,227797.41,"NGN17,084.81","NGN244,882.22",NGN,paid
INV-005132,WO-005806,CUST00875,1775403110000,"387,932.61","NGN29,094.95","NGN417,027.56",NGN,PAID
INV-005133,WO-005807,CUST00442,22/03/2025,NGN 196550.87,14741.31,"211,292.18",NGN,unpaid
INV-005134,WO-005808,CUST00377,31/08/2025,"193,875.00",14540.62,NGN 208415.62,NGN,PAID
INV-005135,WO-005809,CUST00145,08/03/2026,"NGN2,415.00",181.12,2596.12,NGN,paid
INV-005136,WO-005810,CUST00108,1773607381000,"NGN79,200.00",NGN 5940.00,"85,140.00",NGN,partial
INV-005137,WO-005812,CUST00353,1732626744000,NGN 2700.00,NGN202.50,"NGN2,902.50",NGN,PAID
INV-005138,WO-005813,CUST00507,1751916312000,5850.00,NGN438.75,6288.75,NGN,unpaid
INV-005139,WO-005814,CUST00237,2025-11-19 06:57:55,91433.02,NGN 6857.48,"98,290.50",NGN,written_off
INV-005140,WO-005815,CUST01163,1735408141000,NGN 1023826.87,"NGN76,787.02",NGN 1100613.89,NGN,paid
INV-005141,WO-005816,CUST00400,2025-12-20 10:43:32,"237,459.90","17,809.49","NGN255,269.39",NGN,PAID
INV-005142,WO-005817,CUST00107,2026-03-03 16:33:19,263656.60,"19,774.24",NGN 283430.84,NGN,paid
INV-005143,WO-005818,CUST00921,2024-09-30 07:38:40,"NGN344,542.56",NGN 25840.69,"370,383.25",NGN,paid
INV-005144,WO-005819,CUST00341,11/10/2025,"1,645.00",123.38,"1,768.38",NGN,PAID
INV-005145,WO-005820,CUST00501,22/10/2025,NGN 1496234.51,112217.59,NGN 1608452.10,NGN,paid
INV-005146,WO-005821,CUST00189,1760881126000,"NGN452,526.26","33,939.47",486465.73,ngn,paid
INV-005147,WO-005822,CUST01157,06/06/2026,"NGN210,374.95",15778.12,"226,153.07",NGN,partial
INV-005148,WO-005823,CUST01115,1748653193000,"390,773.26","NGN29,307.99","NGN420,081.25",NGN,unpaid
INV-005149,WO-005824,CUST00286,14/06/2026,"592,833.43",NGN 44462.51,637295.94,NGN,PAID
INV-005150,WO-005825,CUST00333,08/06/2026,"4,725.00",354.38,"NGN5,079.38",NGN,paid
INV-005151,WO-005826,CUST01064,15/09/2024,NGN 108022.62,"8,101.70","116,124.32",NGN,unpaid
INV-005152,WO-005828,CUST00040,1738509523000,794244.16,NGN 59568.31,853812.47,NGN,unpaid
INV-005153,WO-005829,CUST00151,1756339336000,"NGN110,351.34",8276.35,NGN 118627.69,NGN,unpaid
INV-005154,WO-005830,CUST00143,2025-11-19 07:18:20,"2,925.00",219.38,"NGN3,144.38",NGN,unpaid
INV-005155,WO-005831,CUST00875,2025-11-18 00:38:17,353516.42,"NGN26,513.73",380030.15,NGN,paid
INV-005156,WO-005832,CUST00789,1738840908000,NGN 147472.86,"NGN11,060.46","158,533.32",NGN,paid
INV-005157,WO-005833,CUST00755,2025-10-01 20:43:26,NGN 17900.00,1342.50,"19,242.50",NGN,paid
INV-005158,WO-005834,CUST00905,2025-04-07 03:00:41,NGN 704444.61,"52,833.35","NGN757,277.96",NGN,paid
INV-005159,WO-005835,CUST01064,1764844973000,"NGN487,206.33","NGN36,540.47","523,746.80",NGN,partial
INV-005160,WO-005836,CUST01143,2025-12-05 05:58:40,"259,428.70",NGN 19457.15,NGN 278885.85,NGN,paid
INV-005161,WO-005837,CUST00126,09/04/2025,NGN 694075.40,"52,055.66","746,131.06",NGN,paid
INV-005162,WO-005838,CUST00033,2026-01-15 23:18:21,"860,563.92","NGN64,542.29","NGN925,106.21",NGN,unpaid
INV-005163,WO-005841,CUST00924,14/07/2026,"NGN781,671.53","58,625.36",840296.89,NGN,paid
INV-005164,WO-005842,CUST00253,28/02/2026,"NGN245,508.79",NGN 18413.16,"263,921.95",NGN,PAID
INV-005165,WO-005843,CUST00465,10/01/2025,"NGN238,609.54",17895.72,NGN 256505.26,NGN,paid
INV-005166,WO-005844,CUST01097,09/09/2025,NGN 134971.72,"10,122.88",NGN 145094.60,NGN,UNPAID
INV-005167,WO-005845,CUST00688,09/11/2024,22100.85,"1,657.56",NGN 23758.41,NGN,paid
INV-005168,WO-005846,CUST00239,2025-12-20 00:30:17,"NGN80,503.33","6,037.75",NGN 86541.08,NGN,partial
INV-005169,WO-005847,CUST00280,1757975385000,764093.41,"57,307.01",821400.42,NGN,paid
INV-005170,WO-005848,CUST01038,24/01/2025,"NGN936,184.46","70,213.83",1006398.29,NGN,unpaid
INV-005171,WO-005850,CUST01163,1742084889000,NGN 156014.51,"NGN11,701.09",167715.60,NGN,PAID
INV-005172,WO-005851,CUST00586,26/06/2026,"NGN456,011.85",NGN 34200.89,490212.74,NGN,PAID
INV-005173,WO-005852,CUST00360,2026-03-08 19:38:43,NGN 30690.00,"NGN2,301.75",NGN 32991.75,ngn,paid
INV-005174,WO-005853,CUST00056,1746862564000,"695,838.84",52187.91,748026.75,NGN,partial
INV-005175,WO-005854,CUST01883,05/08/2025,NGN 500631.32,"37,547.35","538,178.67",NGN,unpaid
INV-005176,WO-005855,CUST00667,2026-02-08 07:45:17,"537,376.74","NGN40,303.26",NGN 577680.00,NGN,PAID
INV-005177,WO-005856,CUST00426,2024-09-15 14:26:12,"76,270.43",5720.28,81990.71,NGN,partial
INV-005178,WO-005857,CUST00832,1761353523000,"981,893.91",73642.04,"NGN1,055,535.95",NGN,paid
INV-005179,WO-005858,CUST00487,24/11/2024,"1,024,197.27","NGN76,814.79","NGN1,101,012.06",NGN,paid
INV-005180,WO-005861,CUST00237,19/02/2025,205998.11,"15,449.86",NGN 221447.97,NGN,unpaid
INV-005181,WO-005862,CUST01089,1776538210000,780630.64,"58,547.30",NGN 839177.94,ngn,unpaid
INV-005182,WO-005863,CUST00569,2026-01-14 08:48:40,"NGN294,480.00",22086.00,"316,566.00",NGN,UNPAID
INV-005183,WO-005864,CUST00641,18/04/2026,"566,786.87",42509.02,"609,295.89",ngn,paid
INV-005184,WO-005865,CUST00256,1744252572000,"729,372.09","54,702.91","NGN784,075.00",ngn,unpaid
INV-005185,WO-005866,CUST00034,2024-10-12 05:20:43,NGN 19794.35,1484.58,NGN 21278.93,NGN,PAID
INV-005186,WO-005867,CUST00466,17/06/2026,"539,719.12","40,478.93",NGN 580198.05,NGN,paid
INV-005187,WO-005868,CUST01160,2025-06-08 15:44:37,253023.91,NGN 18976.79,NGN 272000.70,NGN,PAID
INV-005188,WO-005869,CUST00890,22/05/2025,"44,867.01","NGN3,365.03","48,232.04",NGN,paid
INV-005189,WO-005871,CUST00354,1749321461000,"NGN109,552.38",8216.43,NGN 117768.81,NGN,unpaid
INV-005190,WO-005872,CUST01009,01/01/2026,"NGN84,599.10",6344.93,NGN 90944.03,ngn,unpaid
INV-005191,WO-005873,CUST00922,2025-03-08 05:56:22,45453.62,3409.02,"NGN48,862.64",NGN,PAID
INV-005192,WO-005874,CUST00044,2025-08-25 06:47:30,181287.94,"NGN13,596.60","NGN194,884.54",NGN,paid
INV-005193,WO-005875,CUST00676,2025-11-21 08:50:47,507187.17,NGN 38039.04,NGN 545226.21,NGN,paid
INV-005194,WO-005876,CUST00587,2025-09-13 16:39:23,"NGN460,241.86",34518.14,494760.00,NGN,paid
INV-005195,WO-005877,CUST00951,1732026742000,"402,510.91",30188.32,"432,699.23",NGN,paid
INV-005196,WO-005878,CUST00959,1742574892000,"234,841.42",17613.11,"252,454.53",ngn,unpaid
INV-005197,WO-005879,CUST01009,1728608288000,NGN 707266.72,NGN 53045.00,"760,311.72",NGN,paid
INV-005198,WO-005880,CUST00033,1769505458000,NGN 1349256.29,101194.22,NGN 1450450.51,NGN,unpaid
INV-005199,WO-005882,CUST00722,2025-10-16 16:44:18,"NGN1,017,878.67","76,340.90",1094219.57,ngn,PAID
INV-005200,WO-005883,CUST00667,2025-09-04 21:49:10,NGN 362172.31,"27,162.92","NGN389,335.23",NGN,UNPAID
INV-005201,WO-005884,CUST00189,1772147815000,313799.18,"23,534.94",NGN 337334.12,NGN,PAID
INV-005202,WO-005885,CUST00140,07/03/2025,74767.06,"NGN5,607.53",80374.59,NGN,PAID
INV-005203,WO-005886,CUST00038,2025-10-22 17:57:13,"431,131.30","32,334.85",463466.15,ngn,unpaid
INV-005204,WO-005888,CUST00721,2024-12-08 06:17:10,"NGN5,550.00",416.25,NGN 5966.25,NGN,paid
INV-005205,WO-005889,CUST00516,05/10/2025,295729.60,NGN 22179.72,317909.32,NGN,paid
INV-005206,WO-005890,CUST00936,07/08/2026,"8,675.00",NGN650.62,9325.62,NGN,paid
INV-005207,WO-005891,CUST02032,1777009391000,NGN 255405.80,NGN 19155.43,"274,561.23",NGN,PAID
INV-005208,WO-005892,CUST00900,03/11/2025,NGN 379863.90,"NGN28,489.79",408353.69,NGN,partial
INV-005209,WO-005893,CUST00307,04/04/2026,"968,680.48","NGN72,651.04",1041331.52,NGN,unpaid
INV-005210,WO-005894,CUST00154,17/10/2025,"87,908.79",NGN 6593.16,94501.95,NGN,paid
INV-005211,WO-005895,CUST00033,2024-10-13 23:34:34,467018.98,"NGN35,026.42","502,045.40",NGN,paid
INV-005212,WO-005896,CUST01148,07/04/2026,NGN 114660.73,8599.56,"NGN123,260.29",NGN,UNPAID
INV-005213,WO-005897,CUST00749,04/10/2025,"25,500.00",1912.50,"27,412.50",NGN,paid
INV-005214,WO-005898,CUST01218,1738499053000,738903.12,"55,417.73",NGN 794320.85,NGN,paid
INV-005215,WO-005900,CUST00867,12/08/2025,"7,800.00",NGN585.00,"8,385.00",NGN,unpaid
INV-005216,WO-005901,CUST00814,1755232785000,NGN 904226.95,NGN 67817.02,972043.97,NGN,paid
INV-005217,WO-005902,CUST01038,29/08/2025,"NGN16,888.06",1266.60,18154.66,NGN,UNPAID
INV-005218,WO-005903,CUST00675,2026-01-11 06:25:24,"952,799.13",71459.94,"NGN1,024,259.07",NGN,PAID
INV-005219,WO-005904,CUST00051,1775324611000,6700.00,NGN 502.50,"NGN7,202.50",NGN,partial
INV-005220,WO-005905,CUST00597,2026-06-25 09:11:12,517790.67,"38,834.30","556,624.97",NGN,PAID
INV-005221,WO-005906,CUST00951,2024-12-28 19:37:41,"476,323.32","NGN35,724.25",512047.57,NGN,paid
INV-005222,WO-005907,CUST02326,01/11/2025,"242,425.88","18,181.94",NGN 260607.82,NGN,paid
INV-005223,WO-005908,CUST02389,1775487635000,569082.56,42681.19,NGN 611763.75,NGN,paid
INV-005224,WO-005909,CUST01088,2025-08-26 23:22:31,"NGN282,315.21",NGN 21173.64,303488.85,ngn,unpaid
INV-005225,WO-005910,CUST00674,01/11/2024,NGN 587197.39,NGN 44039.80,631237.19,NGN,written_off
INV-005226,WO-005911,CUST00605,2025-06-03 02:25:17,"153,824.51",11536.84,"165,361.35",NGN,paid
INV-005227,WO-005912,CUST00959,2025-10-22 21:53:34,"181,317.01",13598.78,NGN 194915.79,NGN,paid
INV-005228,WO-005913,CUST01601,2025-02-10 17:36:29,NGN 351007.91,26325.59,"377,333.50",NGN,PAID
INV-005229,WO-005914,CUST00592,24/01/2025,299060.73,"22,429.55","NGN321,490.28",NGN,paid
INV-005230,WO-005915,CUST02389,2024-09-13 18:15:37,"3,430.00",NGN 257.25,3687.25,NGN,paid
INV-005231,WO-005916,CUST01154,2025-06-17 15:26:16,NGN 10150.00,NGN761.25,"NGN10,911.25",NGN,unpaid
INV-005232,WO-005918,CUST00329,1764516072000,"454,644.61",34098.35,488742.96,NGN,PAID
INV-005233,WO-005919,CUST00279,1742528252000,"716,834.85",53762.61,"770,597.46",NGN,paid
INV-005234,WO-005920,CUST00748,2024-10-13 09:39:15,NGN 1855.00,139.12,1994.12,NGN,paid
INV-005235,WO-005921,CUST00056,2025-02-12 18:05:00,NGN 318941.32,"NGN23,920.60","NGN342,861.92",NGN,PAID
INV-005236,WO-005922,CUST00477,11/07/2026,"NGN106,795.49",8009.66,"NGN114,805.15",NGN,PAID
INV-005237,WO-005923,CUST00900,2025-08-18 11:28:37,"161,720.64","12,129.05","NGN173,849.69",NGN,UNPAID
INV-005238,WO-005924,CUST00835,1766621923000,"310,645.91",NGN 23298.44,"333,944.35",NGN,partial
INV-005239,WO-005926,CUST00498,1738010061000,"NGN176,801.34","13,260.10","NGN190,061.44",NGN,paid
INV-005240,WO-005927,CUST00956,2026-05-21 11:02:29,92602.84,"6,945.21","NGN99,548.05",NGN,PAID
INV-005241,WO-005928,CUST00928,05/12/2024,"50,639.10",3797.93,NGN 54437.03,NGN,paid
INV-005242,WO-005929,CUST00876,1738358807000,"187,437.44",14057.81,"201,495.25",NGN,unpaid
INV-005243,WO-005930,CUST00115,16/06/2026,"20,475.00","NGN1,535.62",22010.62,NGN,partial
INV-005244,WO-005931,CUST00607,1737130146000,"NGN83,748.14",6281.11,90029.25,NGN,paid
INV-005245,WO-005932,CUST00929,1738194678000,NGN 525040.31,NGN 39378.02,564418.33,NGN,PAID
INV-005246,WO-005933,CUST01031,1767743938000,NGN 45673.40,"NGN3,425.50",NGN 49098.90,NGN,paid
INV-005247,WO-005934,CUST00083,16/09/2025,NGN 35659.00,"2,674.42",38333.42,NGN,PAID
INV-005248,WO-005935,CUST00210,1777804958000,819117.47,NGN 61433.81,"880,551.28",NGN,unpaid
INV-005249,WO-005936,CUST02386,1760596594000,"494,873.69",NGN 37115.53,"NGN531,989.22",NGN,UNPAID
INV-005250,WO-005937,CUST00338,2025-02-04 01:03:33,NGN 748144.01,"NGN56,110.80","804,254.81",NGN,UNPAID
INV-005251,WO-005938,CUST00115,08/10/2025,NGN 10290.00,NGN771.75,"11,061.75",NGN,partial
INV-005252,WO-005939,CUST00760,1756506073000,NGN 277393.08,"20,804.48","NGN298,197.56",NGN,UNPAID
INV-005253,WO-005941,CUST01131,1786999737000,"1,425,475.54",106910.67,NGN 1532386.21,ngn,paid
INV-005254,WO-005943,CUST01106,2025-02-21 15:40:33,"1,157,391.59","NGN86,804.37",NGN 1244195.96,NGN,PAID
INV-005255,WO-005944,CUST01169,17/05/2025,"NGN84,288.02","NGN6,321.60",90609.62,NGN,paid
INV-005256,WO-005945,CUST00824,2025-03-15 12:15:38,"NGN67,605.78","5,070.43","NGN72,676.21",NGN,paid
INV-005257,WO-005947,CUST00516,11/03/2026,"216,386.55",16228.99,NGN 232615.54,NGN,PAID
INV-005258,WO-005948,CUST00180,19/07/2026,"362,421.68",27181.63,"389,603.31",NGN,paid
INV-005259,WO-005950,CUST00831,09/09/2025,518469.05,38885.18,NGN 557354.23,NGN,PAID
INV-005260,WO-005951,CUST00074,1744815949000,NGN 1550312.55,"NGN116,273.44","1,666,585.99",NGN,paid
INV-005261,WO-005952,CUST00760,2026-03-25 13:03:16,NGN 294873.66,"NGN22,115.52","316,989.18",NGN,PAID
INV-005262,WO-005953,CUST00700,05/09/2025,1275.00,95.62,"1,370.62",NGN,PAID
INV-005263,WO-005954,CUST00076,18/08/2025,NGN 227873.65,17090.52,"NGN244,964.17",NGN,paid
INV-005264,WO-005955,CUST00922,04/06/2026,712352.18,NGN 53426.41,"765,778.59",NGN,unpaid
INV-005265,WO-005956,CUST00158,1758273630000,NGN 195992.15,"14,699.41",210691.56,ngn,paid
INV-005266,WO-005957,CUST00865,30/03/2026,NGN 844275.27,"NGN63,320.64","907,595.91",NGN,partial
INV-005267,WO-005958,CUST00981,1736137402000,"1,078,493.49",80887.01,NGN 1159380.50,NGN,paid
INV-005268,WO-005960,CUST00423,1783348383000,1008563.87,"NGN75,642.29",NGN 1084206.16,ngn,unpaid
INV-005269,WO-005961,CUST00877,02/12/2025,61950.00,"4,646.25",66596.25,NGN,PAID
INV-005270,WO-005962,CUST00954,2024-09-14 14:16:42,136733.09,"NGN10,254.98","NGN146,988.07",NGN,paid
INV-005271,WO-005963,CUST00068,1726760239000,NGN 162740.73,"NGN12,205.56","174,946.29",NGN,paid
INV-005272,WO-005964,CUST00659,1734213808000,NGN 413033.53,"30,977.52",444011.05,NGN,paid
INV-005273,WO-005965,CUST00206,1746360423000,"485,341.83","NGN36,400.64","521,742.47",NGN,paid
INV-005274,WO-005966,CUST00897,1764836825000,"NGN351,963.17",NGN 26397.24,378360.41,NGN,UNPAID
INV-005275,WO-005967,CUST01109,2026-01-20 19:25:25,"355,608.19","26,670.61","NGN382,278.80",NGN,paid
INV-005276,WO-005968,CUST00293,2025-01-15 23:39:24,"NGN77,377.44","NGN5,803.31","NGN83,180.75",NGN,UNPAID
INV-005277,WO-005969,CUST00707,15/08/2025,"1,039,672.49","NGN77,975.44","1,117,647.93",NGN,paid
INV-005278,WO-005972,CUST00833,2025-08-01 10:24:21,1332087.24,99906.54,NGN 1431993.78,NGN,paid
INV-005279,WO-005973,CUST00553,2025-09-10 03:32:43,357828.70,26837.15,NGN 384665.85,NGN,paid
INV-005280,WO-005974,CUST00104,2024-12-13 09:59:11,NGN 819087.99,NGN 61431.60,"880,519.59",NGN,PAID
INV-005281,WO-005975,CUST00885,18/04/2025,"812,668.07","NGN60,950.11","NGN873,618.18",NGN,PAID
INV-005282,WO-005976,CUST01139,2025-10-20 02:19:01,101616.09,"NGN7,621.21",NGN 109237.30,NGN,PAID
INV-005283,WO-005979,CUST00453,1761666481000,"NGN84,709.26","NGN6,353.19","91,062.45",NGN,paid
INV-005284,WO-005980,CUST01192,1757026365000,"1,452,053.18",NGN 108903.99,"NGN1,560,957.17",NGN,PAID
INV-005285,WO-005981,CUST00914,1735074080000,"NGN453,431.36","34,007.35",NGN 487438.71,NGN,written_off
INV-005286,WO-005982,CUST01915,2026-06-21 02:50:44,"1,855.00",NGN139.12,NGN 1994.12,NGN,paid
INV-005287,WO-005983,CUST00052,2025-03-29 04:21:06,"149,186.23",NGN 11188.97,"160,375.20",NGN,partial
INV-005288,WO-005984,CUST00955,2025-05-05 07:20:56,978842.89,"73,413.22",1052256.11,NGN,partial
INV-005289,WO-005985,CUST01154,2024-11-15 16:12:27,"7,830.00",587.25,8417.25,NGN,partial
INV-005290,WO-005986,CUST00929,1776859632000,812384.00,"NGN60,928.80",873312.80,ngn,unpaid
INV-005291,WO-005987,CUST00826,1783901006000,NGN 164445.65,NGN 12333.42,"NGN176,779.07",NGN,PAID
INV-005292,WO-005988,CUST00423,2025-04-28 08:22:19,NGN 98598.81,"NGN7,394.91",NGN 105993.72,NGN,paid
INV-005293,WO-005989,CUST01752,1741917700000,553646.09,"NGN41,523.46",NGN 595169.55,NGN,partial
INV-005294,WO-005990,CUST02301,19/10/2025,"32,273.63","NGN2,420.52",34694.15,NGN,unpaid
INV-005295,WO-005991,CUST00286,2026-03-15 02:33:00,"7,575.00",NGN568.12,8143.12,NGN,PAID
INV-005296,WO-005992,CUST00616,2026-05-20 09:04:49,"341,369.68","25,602.73","366,972.41",NGN,paid
INV-005297,WO-005993,CUST00662,1773665865000,"NGN764,268.70",57320.15,821588.85,NGN,paid
INV-005298,WO-005994,CUST01858,2026-06-18 23:49:12,47428.77,3557.16,NGN 50985.93,NGN,PAID
INV-005299,WO-005995,CUST00415,1781963765000,785178.49,NGN 58888.39,"844,066.88",NGN,paid
INV-005300,WO-005996,CUST00061,20/04/2026,NGN 130846.10,"NGN9,813.46","140,659.56",NGN,PAID
INV-005301,WO-005997,CUST00195,2025-10-24 02:45:32,"NGN562,438.19","42,182.86",604621.05,NGN,paid
INV-005302,WO-005998,CUST01107,2025-04-18 11:08:20,191241.08,"NGN14,343.08",205584.16,NGN,UNPAID
INV-005303,WO-006000,CUST01063,18/12/2025,NGN 2415.00,NGN 181.12,NGN 2596.12,NGN,paid
INV-005304,WO-006001,CUST00391,1782762076000,41852.36,"NGN3,138.93",44991.29,NGN,partial
INV-005305,WO-006002,CUST00882,08/03/2026,"NGN748,696.68","NGN56,152.25","804,848.93",NGN,paid
INV-005306,WO-006005,CUST00999,18/06/2026,NGN 79729.88,5979.74,"NGN85,709.62",NGN,UNPAID
INV-005307,WO-006007,CUST00275,2024-12-22 04:50:08,NGN 317036.72,"NGN23,777.75","340,814.47",NGN,unpaid
INV-005308,WO-006008,CUST02301,2025-02-10 06:46:14,"NGN133,377.44","10,003.31",143380.75,NGN,PAID
INV-005309,WO-006009,CUST00448,2025-10-11 10:57:08,546960.13,"NGN41,022.01","587,982.14",ngn,paid
INV-005310,WO-006010,CUST00152,2025-02-02 05:48:05,NGN 55334.98,NGN 4150.12,"59,485.10",NGN,paid
INV-005311,WO-006011,CUST01094,2026-02-08 22:17:33,NGN 10325.00,NGN774.38,"11,099.38",NGN,paid
INV-005312,WO-006013,CUST01193,1785206331000,714438.71,NGN 53582.90,"NGN768,021.61",NGN,PAID
INV-005313,WO-006014,CUST01149,23/08/2026,NGN 203137.54,NGN 15235.32,218372.86,NGN,paid
INV-005314,WO-006015,CUST00202,1730091734000,NGN 304980.00,"NGN22,873.50","327,853.50",NGN,paid
INV-005315,WO-006017,CUST00352,1733882321000,"578,875.26","43,415.64",622290.90,NGN,unpaid
INV-005316,WO-006018,CUST00253,1786797119000,"4,060.00",304.50,"NGN4,364.50",NGN,paid
INV-005317,WO-006019,CUST00537,20/09/2025,NGN 126248.48,9468.64,"135,717.12",NGN,paid
INV-005318,WO-006020,CUST00009,1765297999000,133760.80,10032.06,NGN 143792.86,NGN,PAID
INV-005319,WO-006021,CUST00699,1777204254000,294804.74,22110.36,316915.10,NGN,paid
INV-005320,WO-006022,CUST00133,09/04/2026,NGN 879930.65,"65,994.80",945925.45,NGN,unpaid
INV-005321,WO-006023,CUST01283,03/03/2026,"NGN137,349.13",NGN 10301.18,"NGN147,650.31",NGN,written_off
INV-005322,WO-006024,CUST00495,2024-12-03 18:22:09,7250.00,NGN543.75,7793.75,NGN,paid
INV-005323,WO-006025,CUST00450,09/11/2025,129195.96,"NGN9,689.70","NGN138,885.66",NGN,partial
INV-005324,WO-006026,CUST00021,22/12/2024,NGN 97910.87,"7,343.32","105,254.19",NGN,PAID
INV-005325,WO-006027,CUST00750,1773967403000,"NGN782,246.64",58668.50,"NGN840,915.14",NGN,UNPAID
INV-005326,WO-006028,CUST00136,2025-12-06 12:20:58,NGN 586740.36,NGN 44005.53,"630,745.89",NGN,paid
INV-005327,WO-006029,CUST00878,2024-12-29 17:24:55,"NGN2,240.00",168.00,"2,408.00",NGN,PAID
INV-005328,WO-006030,CUST00267,2026-01-31 04:57:43,818500.12,61387.51,"NGN879,887.63",NGN,partial
INV-005329,WO-006031,CUST00585,1767938673000,655084.41,"49,131.33",704215.74,NGN,partial
INV-005330,WO-006032,CUST00015,05/09/2025,35370.00,NGN 2652.75,38022.75,NGN,paid
INV-005331,WO-006033,CUST00683,2026-01-20 20:43:21,"11,620.00",NGN871.50,12491.50,ngn,paid
INV-005332,WO-006035,CUST00474,2025-10-09 11:37:43,NGN 2875.00,215.62,NGN 3090.62,NGN,PAID
INV-005333,WO-006036,CUST00105,2025-06-10 12:21:31,372777.66,NGN 27958.32,NGN 400735.98,ngn,unpaid
INV-005334,WO-006037,CUST00151,20/02/2025,NGN 21375.00,"NGN1,603.12","22,978.12",NGN,unpaid
INV-005335,WO-006038,CUST00141,2025-02-23 16:55:42,"NGN794,715.47",59603.66,"NGN854,319.13",NGN,PAID
INV-005336,WO-006039,CUST00976,2025-04-08 12:20:56,NGN 216274.19,16220.56,"232,494.75",NGN,unpaid
INV-005337,WO-006040,CUST00288,2026-08-17 02:06:07,310966.77,23322.51,334289.28,NGN,paid
INV-005338,WO-006041,CUST00462,1743185247000,9660.00,NGN724.50,"NGN10,384.50",NGN,unpaid
INV-005339,WO-006042,CUST00826,05/06/2026,"NGN564,620.10",42346.51,NGN 606966.61,NGN,unpaid
INV-005340,WO-006045,CUST00735,1753666062000,509811.27,38235.84,"NGN548,047.11",ngn,UNPAID
INV-005341,WO-006046,CUST00408,2024-12-18 10:03:58,578672.12,"43,400.41",NGN 622072.53,NGN,paid
INV-005342,WO-006047,CUST01148,01/10/2024,"NGN162,810.35","12,210.78","175,021.13",NGN,paid
INV-005343,WO-006048,CUST00528,11/02/2026,244426.34,"18,331.98",262758.32,NGN,paid
INV-005344,WO-006049,CUST00123,08/03/2025,"NGN1,111,023.48","NGN83,326.76",NGN 1194350.24,NGN,paid
INV-005345,WO-006050,CUST00330,15/11/2024,"318,017.93",NGN 23851.34,"NGN341,869.27",NGN,PAID
INV-005346,WO-006052,CUST00741,2026-04-28 11:13:31,"325,909.28",NGN 24443.20,"350,352.48",NGN,unpaid
INV-005347,WO-006053,CUST02022,1743782961000,756199.13,"56,714.94","812,914.07",NGN,written_off
INV-005348,WO-006055,CUST00424,1733066675000,NGN 168631.49,12647.36,"181,278.85",NGN,written_off
INV-005349,WO-006056,CUST01120,2025-07-18 17:06:29,"132,720.00","NGN9,954.00","142,674.00",NGN,PAID
INV-005350,WO-006057,CUST00893,2026-05-25 01:31:47,8100.00,NGN 607.50,"8,707.50",NGN,paid
INV-005351,WO-006058,CUST01164,2025-08-20 09:04:09,NGN 770789.56,"57,809.22","NGN828,598.78",NGN,PAID
INV-005352,WO-006059,CUST00759,1733017553000,NGN 416732.14,"31,254.91","447,987.05",NGN,paid
INV-005353,WO-006060,CUST01080,2025-10-03 13:49:57,"476,545.66","NGN35,740.92","512,286.58",ngn,unpaid
INV-005354,WO-006061,CUST01103,17/12/2025,"NGN639,592.49","47,969.44",687561.93,NGN,PAID
INV-005355,WO-006063,CUST00496,2026-01-24 17:39:09,"982,827.94",73712.10,"NGN1,056,540.04",NGN,partial
INV-005356,WO-006064,CUST00897,1767365329000,"893,494.90",NGN 67012.12,"960,507.02",NGN,PAID
INV-005357,WO-006065,CUST00443,04/11/2025,"NGN277,931.15",20844.84,NGN 298775.99,NGN,written_off
INV-005358,WO-006066,CUST00961,1758634024000,1134884.03,"85,116.30","1,220,000.33",NGN,PAID
INV-005359,WO-006067,CUST00394,2025-12-28 05:50:50,448803.55,"33,660.27","482,463.82",ngn,paid
INV-005360,WO-006068,CUST01181,23/11/2024,"177,839.61","13,337.97",191177.58,NGN,paid
INV-005361,WO-006069,CUST00470,22/02/2026,22590.00,1694.25,NGN 24284.25,NGN,PAID
INV-005362,WO-006070,CUST00505,2024-11-07 09:25:05,105300.73,"7,897.56","113,198.29",NGN,PAID
INV-005363,WO-006071,CUST00635,2026-06-29 20:24:07,"NGN905,078.91","NGN67,880.92",972959.83,NGN,PAID
INV-005364,WO-006072,CUST00455,2026-05-30 15:06:23,"NGN738,111.34","55,358.35","NGN793,469.69",NGN,paid
INV-005365,WO-006073,CUST00675,1767250169000,474916.68,"35,618.75","510,535.43",NGN,paid
INV-005366,WO-006074,CUST00147,28/10/2025,"NGN56,489.36",NGN 4236.70,60726.06,ngn,UNPAID
INV-005367,WO-006075,CUST00527,01/03/2026,"NGN44,623.99",NGN 3346.80,47970.79,NGN,paid
INV-005368,WO-006076,CUST01883,1779365062000,253535.09,"NGN19,015.13",NGN 272550.22,NGN,paid
INV-005369,WO-006077,CUST00678,24/08/2026,179391.67,NGN 13454.38,NGN 192846.05,NGN,PAID
INV-005370,WO-006078,CUST00352,11/04/2026,"NGN8,120.00",609.00,NGN 8729.00,NGN,unpaid
INV-005371,WO-006079,CUST00109,18/07/2026,"NGN127,488.96",9561.67,"137,050.63",NGN,paid
INV-005372,WO-006080,CUST00841,2025-12-22 01:02:53,"NGN86,298.79",NGN 6472.41,92771.20,NGN,paid
INV-005373,WO-006081,CUST00639,1785965362000,NGN 2905.00,NGN 217.88,NGN 3122.88,NGN,paid
INV-005374,WO-006082,CUST00644,1759062974000,"NGN176,144.51","13,210.84","189,355.35",NGN,paid
INV-005375,WO-006083,CUST00393,20/10/2024,"NGN481,393.25",NGN 36104.49,"NGN517,497.74",NGN,PAID
INV-005376,WO-006084,CUST00669,2025-03-28 20:53:29,"NGN2,425.00",NGN181.88,NGN 2606.88,ngn,paid
INV-005377,WO-006085,CUST01124,1787965875000,100530.00,"7,539.75",108069.75,NGN,paid
INV-005378,WO-006086,CUST00143,1755491039000,6400.00,480.00,"6,880.00",NGN,paid
INV-005379,WO-006087,CUST00065,14/01/2026,607755.87,NGN 45581.69,"653,337.56",NGN,UNPAID
INV-005380,WO-006088,CUST00426,18/06/2026,"229,585.85",NGN 17218.94,"NGN246,804.79",NGN,paid
INV-005381,WO-006089,CUST01193,1781753983000,56430.00,NGN 4232.25,"60,662.25",NGN,partial
INV-005382,WO-006090,CUST01087,1785051372000,"894,879.93","NGN67,116.00",961995.93,ngn,PAID
INV-005383,WO-006091,CUST00762,06/04/2025,"257,528.65","NGN19,314.65",NGN 276843.30,ngn,partial
INV-005384,WO-006092,CUST00867,02/11/2024,"103,761.72","7,782.13",111543.85,NGN,paid
INV-005385,WO-006093,CUST00712,14/04/2026,NGN 9030.00,NGN 677.25,"NGN9,707.25",NGN,PAID
INV-005386,WO-006094,CUST01267,1739640265000,320858.61,24064.40,"NGN344,923.01",NGN,paid
INV-005387,WO-006095,CUST01622,1773392091000,"68,490.00",5136.75,"NGN73,626.75",NGN,unpaid
INV-005388,WO-006096,CUST00302,1786918523000,86223.13,"NGN6,466.74",92689.87,NGN,paid
INV-005389,WO-006097,CUST02389,15/11/2024,1447223.30,"108,541.75","NGN1,555,765.05",NGN,unpaid
INV-005390,WO-006098,CUST01146,1759667232000,"395,844.23",29688.32,"NGN425,532.55",NGN,paid
INV-005391,WO-006099,CUST00727,2025-12-08 10:30:39,394069.12,"NGN29,555.18","NGN423,624.30",NGN,paid
INV-005392,WO-006100,CUST00827,2024-11-16 10:54:06,18810.00,"1,410.75",20220.75,NGN,paid
INV-005393,WO-006101,CUST01012,2024-09-11 01:51:10,"320,244.06",NGN 24018.30,NGN 344262.36,NGN,paid
INV-005394,WO-006102,CUST01046,2026-01-12 17:37:36,NGN 1254390.40,94079.28,1348469.68,NGN,paid
INV-005395,WO-006103,CUST01197,2025-10-04 01:16:51,"782,769.82",NGN 58707.74,"NGN841,477.56",NGN,partial
INV-005396,WO-006104,CUST01110,1771526976000,NGN 11375.00,853.12,"NGN12,228.12",NGN,partial
INV-005397,WO-006105,CUST00254,2025-06-15 21:31:54,NGN 1145542.30,NGN 85915.67,"1,231,457.97",NGN,PAID
INV-005398,WO-006106,CUST00136,10/03/2026,NGN 108295.06,"8,122.13","NGN116,417.19",NGN,paid
INV-005399,WO-006107,CUST00456,21/11/2025,383512.93,NGN 28763.47,412276.40,NGN,paid
INV-005400,WO-006108,CUST00023,21/06/2026,"NGN1,292,390.30","96,929.27",NGN 1389319.57,ngn,paid
INV-005401,WO-006109,CUST00702,02/01/2025,"5,310.00",NGN 398.25,"NGN5,708.25",NGN,paid
INV-005402,WO-006111,CUST00931,22/07/2025,"42,182.42",3163.68,45346.10,NGN,PAID
INV-005403,WO-006112,CUST01001,1751224636000,"4,025.00",NGN 301.87,NGN 4326.87,NGN,PAID
INV-005404,WO-006113,CUST01052,06/04/2025,"344,623.66",NGN 25846.77,"NGN370,470.43",NGN,paid
INV-005405,WO-006114,CUST00636,2026-03-17 17:32:36,"NGN34,920.00",NGN 2619.00,37539.00,NGN,paid
INV-005406,WO-006115,CUST00194,1758112387000,"NGN80,258.79","NGN6,019.41",NGN 86278.20,NGN,paid
INV-005407,WO-006116,CUST00687,2025-03-01 17:32:18,"NGN95,554.90","7,166.62","NGN102,721.52",NGN,paid
INV-005408,WO-006117,CUST00357,1786972150000,NGN 119588.96,"8,969.17","NGN128,558.13",NGN,paid
INV-005409,WO-006118,CUST01109,2024-12-03 18:12:23,"NGN6,925.00",519.38,"7,444.38",NGN,paid
INV-005410,WO-006119,CUST00187,01/07/2025,NGN 754178.12,56563.36,"810,741.48",NGN,paid
INV-005411,WO-006120,CUST00186,2026-05-17 02:16:07,NGN 124435.73,9332.68,"133,768.41",NGN,partial
INV-005412,WO-006121,CUST01124,1760945245000,"NGN467,380.98","35,053.57","502,434.55",NGN,partial
INV-005413,WO-006122,CUST00232,2025-04-09 00:11:39,NGN 256454.55,NGN 19234.09,"275,688.64",NGN,paid
INV-005414,WO-006123,CUST00971,2025-01-07 12:19:27,NGN 1054850.15,"NGN79,113.76",1133963.91,NGN,paid
INV-005415,WO-006125,CUST00453,1757956456000,"581,296.37","NGN43,597.23",624893.60,NGN,paid
INV-005416,WO-006127,CUST00785,01/11/2025,NGN 140722.86,10554.21,151277.07,ngn,unpaid
INV-005417,WO-006128,CUST00196,2025-06-27 01:26:23,NGN 181889.61,"13,641.72",195531.33,NGN,paid
INV-005418,WO-006129,CUST00066,1753244442000,NGN 34838.22,NGN 2612.87,NGN 37451.09,NGN,paid
INV-005419,WO-006130,CUST00255,17/02/2025,"122,945.61","9,220.92",132166.53,NGN,paid
INV-005420,WO-006131,CUST00646,1728740775000,"NGN108,633.66",NGN 8147.52,"116,781.18",NGN,PAID
INV-005421,WO-006132,CUST01187,1776850604000,"NGN45,000.00",3375.00,"NGN48,375.00",NGN,paid
INV-005422,WO-006133,CUST00816,05/07/2025,179576.01,NGN 13468.20,"NGN193,044.21",NGN,unpaid
INV-005423,WO-006134,CUST00721,1781388939000,"NGN2,775.00",208.13,2983.13,NGN,PAID
INV-005424,WO-006135,CUST00635,1733306001000,"1,155,469.80","86,660.23","1,242,130.03",NGN,PAID
INV-005425,WO-006136,CUST00625,2026-05-20 04:02:21,887446.76,NGN 66558.51,NGN 954005.27,NGN,paid
INV-005426,WO-006137,CUST00582,2024-11-13 21:17:30,25471.72,NGN 1910.38,NGN 27382.10,NGN,paid
INV-005427,WO-006138,CUST00136,1776521842000,32850.00,NGN 2463.75,NGN 35313.75,ngn,paid
INV-005428,WO-006139,CUST00423,2026-06-03 12:04:34,"NGN5,925.00",NGN 444.38,"NGN6,369.38",NGN,UNPAID
INV-005429,WO-006140,CUST00896,1786126173000,"NGN615,870.90","NGN46,190.32",NGN 662061.22,NGN,paid
INV-005430,WO-006142,CUST00487,1764303806000,249422.87,18706.71,NGN 268129.58,ngn,PAID
INV-005431,WO-006143,CUST00555,2025-02-06 00:01:39,"134,534.28","NGN10,090.07","144,624.35",NGN,paid
INV-005432,WO-006144,CUST01033,17/06/2025,559170.19,"NGN41,937.76","NGN601,107.95",NGN,paid
INV-005433,WO-006145,CUST01019,2025-02-22 12:41:59,980201.22,NGN 73515.09,1053716.31,NGN,PAID
INV-005434,WO-006146,CUST00401,1769000304000,"367,416.29","NGN27,556.22",NGN 394972.51,NGN,UNPAID
INV-005435,WO-006147,CUST00799,24/03/2025,"116,210.87",NGN 8715.81,"124,926.68",NGN,partial
INV-005436,WO-006148,CUST00713,1748807159000,"NGN181,728.07","13,629.60","NGN195,357.67",NGN,written_off
INV-005437,WO-006149,CUST00320,1769422985000,"NGN108,049.87","8,103.74",NGN 116153.61,ngn,PAID
INV-005438,WO-006150,CUST00487,15/02/2025,7200.00,NGN540.00,"7,740.00",NGN,UNPAID
INV-005439,WO-006151,CUST00456,1780299571000,NGN 428293.38,"32,122.00","460,415.38",NGN,paid
INV-005440,WO-006152,CUST00211,2024-12-06 05:25:58,"NGN25,101.72","1,882.63","NGN26,984.35",ngn,UNPAID
INV-005441,WO-006153,CUST00229,1767167440000,"148,150.70",11111.30,159262.00,ngn,partial
INV-005442,WO-006155,CUST00190,2025-01-16 06:40:11,"NGN6,440.00",483.00,"NGN6,923.00",NGN,paid
INV-005443,WO-006156,CUST00416,11/12/2025,"6,825.00",511.88,7336.88,NGN,PAID
INV-005444,WO-006157,CUST00474,2025-04-21 18:48:30,"NGN665,223.97","NGN49,891.80","715,115.77",NGN,unpaid
INV-005445,WO-006158,CUST00720,1787952339000,250157.72,18761.83,"NGN268,919.55",NGN,PAID
INV-005446,WO-006159,CUST00342,08/09/2025,NGN 271166.07,20337.46,NGN 291503.53,NGN,PAID
INV-005447,WO-006160,CUST01034,06/10/2024,NGN 3100.00,232.50,"3,332.50",NGN,paid
INV-005448,WO-006161,CUST01171,2025-02-15 21:45:10,"760,338.12",57025.36,"817,363.48",NGN,partial
INV-005449,WO-006162,CUST00969,2025-09-06 08:59:48,727522.66,"NGN54,564.20","782,086.86",NGN,paid
INV-005450,WO-006163,CUST00735,2025-12-27 23:11:29,NGN 265230.00,"NGN19,892.25","285,122.25",NGN,unpaid
INV-005451,WO-006164,CUST00737,04/09/2025,335847.98,NGN 25188.60,"NGN361,036.58",NGN,paid
INV-005452,WO-006165,CUST00007,07/04/2025,NGN 1210130.14,"90,759.76","1,300,889.90",NGN,PAID
INV-005453,WO-006166,CUST00830,27/09/2025,"NGN318,163.27",23862.24,"342,025.51",NGN,paid
INV-005454,WO-006167,CUST00860,21/02/2026,"306,875.74",NGN 23015.68,NGN 329891.42,NGN,paid
INV-005455,WO-006168,CUST00237,2024-12-07 11:22:44,681847.88,NGN 51138.59,NGN 732986.47,NGN,paid
INV-005456,WO-006169,CUST00867,1748494943000,NGN 665404.58,"NGN49,905.34",NGN 715309.92,NGN,paid
INV-005457,WO-006170,CUST00450,2026-02-08 00:56:08,"NGN12,565.00",NGN 942.38,"NGN13,507.38",NGN,paid
INV-005458,WO-006172,CUST00355,1765627409000,"NGN1,279,264.18",NGN 95944.81,1375208.99,NGN,paid
INV-005459,WO-006173,CUST00742,2025-11-08 20:18:13,277865.72,NGN 20839.93,"NGN298,705.65",ngn,PAID
INV-005460,WO-006174,CUST00648,1760849187000,NGN 416001.32,"31,200.10",447201.42,NGN,paid
INV-005461,WO-006175,CUST00130,1776724767000,"173,126.33",12984.47,"186,110.80",NGN,paid
INV-005462,WO-006176,CUST01137,2025-02-19 20:01:17,"NGN584,098.55","NGN43,807.39",NGN 627905.94,ngn,partial
INV-005463,WO-006179,CUST00282,2026-04-19 04:32:26,321734.95,"24,130.12","NGN345,865.07",NGN,paid
INV-005464,WO-006180,CUST01114,2025-09-17 06:39:33,6150.00,461.25,"6,611.25",NGN,paid
INV-005465,WO-006181,CUST02300,07/08/2026,NGN 586369.85,"43,977.74","630,347.59",NGN,PAID
INV-005466,WO-006182,CUST00336,02/01/2026,NGN 17730.00,1329.75,"NGN19,059.75",NGN,PAID
INV-005467,WO-006183,CUST00552,07/05/2026,"564,603.12",42345.23,606948.35,NGN,PAID
INV-005468,WO-006184,CUST01717,2025-03-10 15:21:43,459675.43,34475.66,494151.09,NGN,written_off
INV-005469,WO-006185,CUST00236,04/11/2025,"NGN31,500.00",2362.50,"NGN33,862.50",NGN,paid
INV-005470,WO-006186,CUST00248,14/07/2025,8525.00,NGN639.38,"NGN9,164.38",NGN,unpaid
INV-005471,WO-006187,CUST00348,2024-10-04 17:16:21,NGN 188829.83,"14,162.24","NGN202,992.07",NGN,UNPAID
INV-005472,WO-006188,CUST00217,2026-07-15 04:35:23,NGN 24164.70,1812.35,"25,977.05",NGN,partial
INV-005473,WO-006189,CUST00296,2026-04-04 15:27:38,"856,335.17","64,225.14",NGN 920560.31,NGN,paid
INV-005474,WO-006191,CUST01153,1735635789000,"NGN2,870.00",NGN215.25,"NGN3,085.25",NGN,paid
INV-005475,WO-006193,CUST01974,1762536465000,"219,677.54","16,475.82",236153.36,NGN,paid
INV-005476,WO-006194,CUST01124,1745739864000,NGN 163081.75,NGN 12231.13,"NGN175,312.88",NGN,UNPAID
INV-005477,WO-006195,CUST00636,2025-01-27 04:21:31,542811.08,"40,710.83","583,521.91",NGN,paid
INV-005478,WO-006196,CUST02355,2025-01-31 12:06:18,NGN 1052465.93,78934.94,1131400.87,NGN,UNPAID
INV-005479,WO-006197,CUST01018,1784141851000,NGN 240454.81,18034.11,258488.92,NGN,PAID
INV-005480,WO-006198,CUST00411,21/04/2026,"17,150.00","NGN1,286.25","18,436.25",NGN,PAID
INV-005481,WO-006199,CUST01052,14/05/2025,NGN 1142271.31,NGN 85670.35,"1,227,941.66",NGN,written_off
INV-005482,WO-006200,CUST01747,2025-07-27 23:25:06,"NGN513,095.96","NGN38,482.20",551578.16,NGN,paid
INV-005483,WO-006201,CUST00051,1785751953000,349686.58,NGN 26226.49,"375,913.07",NGN,paid
INV-005484,WO-006202,CUST01111,2026-06-23 10:37:07,7000.00,NGN525.00,NGN 7525.00,NGN,unpaid
INV-005485,WO-006203,CUST01275,16/05/2026,NGN 796624.56,"NGN59,746.84",856371.40,NGN,PAID
INV-005486,WO-006205,CUST00075,2026-03-29 14:37:06,"NGN510,305.15","NGN38,272.89","NGN548,578.04",NGN,paid
INV-005487,WO-006206,CUST00239,1758541163000,"3,450.00",258.75,NGN 3708.75,NGN,PAID
INV-005488,WO-006207,CUST00254,30/03/2026,"580,588.93","43,544.17",NGN 624133.10,NGN,PAID
INV-005489,WO-006208,CUST00617,1785356536000,572798.90,"42,959.92","NGN615,758.82",NGN,paid
INV-005490,WO-006209,CUST00323,04/03/2026,368129.26,"27,609.69","395,738.95",NGN,PAID
INV-005491,WO-006210,CUST00721,02/05/2025,NGN 5180.00,388.50,5568.50,NGN,UNPAID
INV-005492,WO-006211,CUST00279,2025-05-18 13:27:50,NGN 1684656.16,"NGN126,349.21",1811005.37,NGN,paid
INV-005493,WO-006212,CUST00454,1770588675000,1447260.18,108544.51,1555804.69,NGN,PAID
INV-005494,WO-006213,CUST01188,2025-10-12 13:30:41,NGN 451697.37,"33,877.30","485,574.67",NGN,UNPAID
INV-005495,WO-006214,CUST00497,2025-04-29 20:02:15,"NGN541,465.05",NGN 40609.88,582074.93,NGN,unpaid
INV-005496,WO-006215,CUST00211,1759428668000,65360.29,"NGN4,902.02",70262.31,NGN,written_off
INV-005497,WO-006216,CUST00694,2024-11-06 19:57:38,"821,138.49",NGN 61585.39,882723.88,NGN,PAID
INV-005498,WO-006217,CUST00240,2026-05-09 11:15:58,NGN 14070.00,"1,055.25","15,125.25",NGN,paid
INV-005499,WO-006218,CUST00355,1739420618000,"3,535.00",NGN265.12,NGN 3800.12,NGN,paid
INV-005500,WO-006219,CUST00755,22/07/2025,"121,563.95","9,117.30","NGN130,681.25",NGN,paid
INV-005501,WO-006220,CUST00275,2025-11-12 05:16:09,NGN 1217591.99,NGN 91319.40,"1,308,911.39",NGN,UNPAID
INV-005502,WO-006221,CUST00098,2026-08-27 04:49:41,"NGN543,767.81",NGN 40782.59,"NGN584,550.40",ngn,unpaid
INV-005503,WO-006223,CUST01001,1760583818000,"108,093.45",NGN 8107.01,116200.46,ngn,PAID
INV-005504,WO-006224,CUST01173,1737006365000,"328,206.04","NGN24,615.45",352821.49,NGN,partial
INV-005505,WO-006225,CUST00896,2025-08-17 08:24:20,"NGN119,044.80","NGN8,928.36",127973.16,NGN,paid
INV-005506,WO-006227,CUST00597,1779920596000,"1,129,705.72",NGN 84727.93,NGN 1214433.65,NGN,written_off
INV-005507,WO-006228,CUST00072,2024-10-18 11:17:26,"142,201.34",NGN 10665.10,"NGN152,866.44",NGN,PAID
INV-005508,WO-006229,CUST01033,04/11/2025,513106.73,NGN 38483.01,NGN 551589.74,NGN,partial
INV-005509,WO-006230,CUST00026,23/09/2025,392187.33,NGN 29414.05,NGN 421601.38,ngn,paid
INV-005510,WO-006231,CUST01025,2024-09-27 20:50:16,"2,625.00",NGN196.88,2821.88,NGN,unpaid
INV-005511,WO-006232,CUST01689,1745590101000,"NGN224,118.13","16,808.86","NGN240,926.99",NGN,partial
INV-005512,WO-006234,CUST00803,2026-03-20 11:04:20,275616.31,"20,671.22",NGN 296287.53,NGN,paid
INV-005513,WO-006235,CUST01111,2025-05-09 11:33:48,"NGN128,444.80",9633.36,NGN 138078.16,NGN,partial
INV-005514,WO-006238,CUST00205,28/12/2025,"55,650.00","4,173.75",59823.75,NGN,paid
INV-005515,WO-006239,CUST01076,2025-09-03 23:36:53,15300.00,"1,147.50","16,447.50",NGN,UNPAID
INV-005516,WO-006240,CUST00453,17/01/2025,"604,435.84",45332.69,649768.53,NGN,UNPAID
INV-005517,WO-006241,CUST00136,31/05/2025,30975.00,2323.12,"NGN33,298.12",NGN,paid
INV-005518,WO-006242,CUST00743,04/09/2025,NGN 337687.65,"25,326.57",NGN 363014.22,NGN,paid
INV-005519,WO-006243,CUST00034,2026-07-10 18:21:07,NGN 162270.32,"NGN12,170.27",174440.59,NGN,paid
INV-005520,WO-006244,CUST00661,2026-01-25 14:00:25,"86,147.31","NGN6,461.05","NGN92,608.36",NGN,paid
INV-005521,WO-006245,CUST00809,2025-04-10 22:01:13,NGN 1648516.41,"NGN123,638.73","1,772,155.14",NGN,paid
INV-005522,WO-006246,CUST01018,28/08/2025,"90,350.00","6,776.25",97126.25,NGN,paid
INV-005523,WO-006247,CUST00254,2025-05-23 14:03:45,"795,401.97","NGN59,655.15",855057.12,NGN,paid
INV-005524,WO-006248,CUST00828,2024-12-26 14:39:32,NGN 223200.00,"16,740.00",239940.00,NGN,unpaid
INV-005525,WO-006249,CUST01161,1761374131000,NGN 120277.20,NGN 9020.79,129297.99,NGN,paid
INV-005526,WO-006250,CUST00523,2025-08-16 04:58:37,NGN 38605.00,"2,895.38",NGN 41500.38,NGN,partial
INV-005527,WO-006251,CUST01051,1776089316000,411509.07,30863.18,NGN 442372.25,NGN,unpaid
INV-005528,WO-006252,CUST00527,2026-05-24 09:41:37,NGN 560494.10,42037.06,602531.16,NGN,PAID
INV-005529,WO-006254,CUST00895,12/01/2026,"NGN205,718.70","NGN15,428.90","221,147.60",NGN,partial
INV-005530,WO-006255,CUST00287,2025-07-27 10:42:44,"602,383.04","45,178.73",NGN 647561.77,NGN,unpaid
INV-005531,WO-006256,CUST00138,2025-10-17 21:48:23,"NGN291,230.41",NGN 21842.28,313072.69,NGN,paid
INV-005532,WO-006257,CUST00465,1771032495000,"NGN42,339.10",NGN 3175.43,45514.53,NGN,PAID
INV-005533,WO-006258,CUST00911,1757719043000,NGN 104057.81,"NGN7,804.34","111,862.15",ngn,partial
INV-005534,WO-006259,CUST00058,2025-03-07 02:28:18,NGN 703724.64,"52,779.35","NGN756,503.99",NGN,paid
INV-005535,WO-006260,CUST00417,2025-12-03 13:45:24,18720.00,"1,404.00","NGN20,124.00",NGN,partial
INV-005536,WO-006261,CUST00258,2025-04-12 13:09:38,"NGN412,358.03","NGN30,926.85","NGN443,284.88",NGN,paid
INV-005537,WO-006262,CUST00147,2025-03-18 21:26:01,NGN 1104332.73,82824.96,NGN 1187157.69,NGN,unpaid
INV-005538,WO-006264,CUST01074,1763678255000,NGN 172639.04,NGN 12947.93,"185,586.97",NGN,PAID
INV-005539,WO-006265,CUST00748,1784936024000,887055.39,NGN 66529.15,"953,584.54",NGN,partial
INV-005540,WO-006266,CUST00663,2026-06-23 06:50:42,"10,550.00",NGN 791.25,NGN 11341.25,NGN,partial
INV-005541,WO-006267,CUST00855,2024-12-30 01:09:04,"126,395.96",NGN 9479.70,NGN 135875.66,NGN,unpaid
INV-005542,WO-006268,CUST00249,2025-05-21 16:31:52,NGN 724254.85,"NGN54,319.11",778573.96,NGN,PAID
INV-005543,WO-006270,CUST00425,1759127078000,"NGN6,225.00",466.88,"6,691.88",NGN,UNPAID
INV-005544,WO-006271,CUST00822,1740611038000,"1,071,397.31","NGN80,354.80",NGN 1151752.11,NGN,written_off
INV-005545,WO-006272,CUST01037,12/11/2025,NGN 506130.82,"37,959.81",NGN 544090.63,NGN,UNPAID
INV-005546,WO-006273,CUST00905,1781794900000,602179.90,"45,163.49","647,343.39",NGN,paid
INV-005547,WO-006274,CUST00490,2025-12-19 16:23:11,NGN 513488.83,"38,511.66","552,000.49",NGN,partial
INV-005548,WO-006275,CUST00282,05/11/2024,"NGN409,162.58","NGN30,687.19","NGN439,849.77",NGN,PAID
INV-005549,WO-006276,CUST00320,17/02/2025,"634,859.91","NGN47,614.49","NGN682,474.40",NGN,PAID
INV-005550,WO-006278,CUST00918,1735012074000,NGN 851093.19,"NGN63,831.99",914925.18,NGN,paid
INV-005551,WO-006279,CUST00722,16/08/2025,"1,275,970.89","95,697.82","NGN1,371,668.71",NGN,partial
INV-005552,WO-006280,CUST00428,2026-03-16 22:45:59,1274965.14,NGN 95622.39,"NGN1,370,587.53",NGN,paid
INV-005553,WO-006281,CUST00787,09/03/2025,358927.30,"NGN26,919.55","NGN385,846.85",NGN,partial
INV-005554,WO-006282,CUST00845,1767988051000,4700.00,352.50,NGN 5052.50,NGN,paid
INV-005555,WO-006283,CUST00010,1759399445000,"195,169.94",14637.75,NGN 209807.69,NGN,paid
INV-005556,WO-006284,CUST00099,2026-06-29 21:03:51,"87,728.20","NGN6,579.61","NGN94,307.81",NGN,paid
INV-005557,WO-006285,CUST01258,27/10/2024,"1,236,664.16",NGN 92749.81,"NGN1,329,413.97",NGN,UNPAID
INV-005558,WO-006286,CUST01272,1765678835000,"252,153.16",18911.49,"NGN271,064.65",ngn,paid
INV-005559,WO-006287,CUST00208,2026-04-06 10:59:44,73228.67,5492.15,"NGN78,720.82",ngn,paid
INV-005560,WO-006288,CUST01862,1732987887000,"29,373.83","2,203.04","NGN31,576.87",NGN,written_off
INV-005561,WO-006289,CUST01119,2025-02-04 06:26:07,"569,372.49",NGN 42702.94,612075.43,NGN,partial
INV-005562,WO-006290,CUST00102,2026-04-02 15:56:21,"NGN236,727.19","NGN17,754.54","254,481.73",NGN,PAID
INV-005563,WO-006291,CUST00295,2026-07-28 00:57:39,"NGN25,110.00","1,883.25","26,993.25",NGN,unpaid
INV-005564,WO-006292,CUST01113,2025-09-23 07:13:23,"NGN266,950.87",NGN 20021.31,"286,972.18",NGN,paid
INV-005565,WO-006293,CUST01058,23/07/2025,"1,050,665.25",78799.89,NGN 1129465.14,NGN,paid
INV-005566,WO-006294,CUST01839,23/08/2025,"NGN913,509.86","NGN68,513.24","NGN982,023.10",NGN,PAID
INV-005567,WO-006295,CUST00165,1731149304000,"NGN976,716.34",NGN 73253.73,1049970.07,NGN,paid
INV-005568,WO-006296,CUST00358,03/05/2025,"530,707.82","NGN39,803.09",NGN 570510.91,NGN,PAID
INV-005569,WO-006297,CUST00086,31/10/2025,"52,447.45",3933.56,"56,381.01",ngn,PAID
INV-005570,WO-006298,CUST00551,09/03/2025,NGN 1200000.83,90000.06,"1,290,000.89",NGN,PAID
INV-005571,WO-006299,CUST00982,28/07/2026,1286200.36,"96,465.03","NGN1,382,665.39",NGN,PAID
INV-005572,WO-006300,CUST00909,2025-01-31 10:07:26,NGN 953855.29,"NGN71,539.15","NGN1,025,394.44",NGN,unpaid
INV-005573,WO-006302,CUST00069,07/12/2025,NGN 144459.04,NGN 10834.43,NGN 155293.47,NGN,partial
INV-005574,WO-006303,CUST00602,12/01/2025,"NGN515,277.15",38645.79,553922.94,NGN,paid
INV-005575,WO-006304,CUST02101,1772974247000,NGN 330779.26,24808.44,"355,587.70",ngn,PAID
INV-005576,WO-006305,CUST00118,2025-08-19 20:41:26,"NGN208,550.08","15,641.26",224191.34,NGN,paid
INV-005577,WO-006306,CUST00638,1782437432000,NGN 331234.69,"NGN24,842.60",NGN 356077.29,NGN,partial
INV-005578,WO-006307,CUST00155,05/02/2026,NGN 288069.38,"NGN21,605.20","309,674.58",NGN,paid
INV-005579,WO-006308,CUST00374,1785389743000,543356.49,NGN 40751.74,"584,108.23",NGN,paid
INV-005580,WO-006309,CUST00840,13/04/2026,32850.00,"2,463.75",NGN 35313.75,NGN,partial
INV-005581,WO-006310,CUST01193,2026-05-18 16:56:20,"NGN2,475.00",185.62,"2,660.62",NGN,UNPAID
INV-005582,WO-006311,CUST00417,2026-07-10 16:52:00,"NGN564,119.90","42,308.99","606,428.89",NGN,paid
INV-005583,WO-006312,CUST00663,2025-07-01 01:24:18,NGN 1110887.19,"NGN83,316.54","1,194,203.73",NGN,PAID
INV-005584,WO-006314,CUST00239,17/06/2025,"429,673.91","32,225.54",NGN 461899.45,NGN,unpaid
INV-005585,WO-006316,CUST01601,13/10/2025,551455.53,41359.16,NGN 592814.69,NGN,partial
INV-005586,WO-006317,CUST00240,13/11/2025,435836.37,32687.73,"NGN468,524.10",NGN,paid
INV-005587,WO-006318,CUST01144,2025-05-21 09:58:17,479856.57,"35,989.24",515845.81,NGN,partial
INV-005588,WO-006319,CUST00458,06/06/2025,NGN 1581798.00,"118,634.85",NGN 1700432.85,NGN,PAID
INV-005589,WO-006320,CUST00116,2025-05-04 22:48:18,714302.08,"NGN53,572.66","767,874.74",NGN,paid
INV-005590,WO-006321,CUST00949,03/08/2026,865198.61,NGN 64889.90,"NGN930,088.51",NGN,paid
INV-005591,WO-006322,CUST00523,2026-08-28 10:34:29,"NGN861,568.73",NGN 64617.66,926186.39,NGN,partial
INV-005592,WO-006323,CUST00765,1762676759000,"NGN27,990.00",NGN 2099.25,"NGN30,089.25",NGN,paid
INV-005593,WO-006324,CUST00186,2026-08-11 05:20:04,NGN 833882.87,"NGN62,541.22",NGN 896424.09,ngn,paid
INV-005594,WO-006325,CUST00240,1745060638000,296590.82,NGN 22244.31,"NGN318,835.13",NGN,UNPAID
INV-005595,WO-006326,CUST00806,1766307947000,NGN 27438.06,2057.85,29495.91,NGN,partial
INV-005596,WO-006329,CUST00023,2024-10-12 23:41:44,"NGN951,295.36","NGN71,347.15",1022642.51,NGN,partial
INV-005597,WO-006330,CUST00194,2026-04-04 18:20:31,NGN 55722.53,"NGN4,179.19",59901.72,NGN,UNPAID
INV-005598,WO-006331,CUST00455,1778203357000,NGN 1006327.07,75474.53,"NGN1,081,801.60",ngn,partial
INV-005599,WO-006332,CUST00562,2026-02-24 05:32:00,"NGN24,675.00",NGN 1850.62,26525.62,NGN,PAID
INV-005600,WO-006333,CUST00046,2026-07-19 21:11:52,"5,950.00",NGN 446.25,NGN 6396.25,NGN,partial
INV-005601,WO-006334,CUST00669,2026-04-18 17:41:25,"795,330.49","59,649.79","NGN854,980.28",NGN,paid
INV-005602,WO-006335,CUST01155,2025-04-08 04:52:57,"NGN776,146.96","58,211.02","NGN834,357.98",NGN,unpaid
INV-005603,WO-006336,CUST00115,21/09/2025,NGN 628016.25,NGN 47101.22,NGN 675117.47,NGN,PAID
INV-005604,WO-006337,CUST01847,2024-10-25 17:27:00,"NGN83,148.38",NGN 6236.13,"89,384.51",NGN,paid
INV-005605,WO-006338,CUST00373,11/10/2024,"NGN128,979.12","9,673.43","138,652.55",NGN,paid
INV-005606,WO-006339,CUST00232,1734666547000,4100.00,NGN 307.50,4407.50,NGN,PAID
INV-005607,WO-006340,CUST00198,1776554958000,NGN 119050.00,NGN 8928.75,NGN 127978.75,NGN,paid
INV-005608,WO-006341,CUST00760,1765064278000,351462.82,26359.71,"377,822.53",NGN,paid
INV-005609,WO-006342,CUST00148,1760333638000,NGN 1737450.91,"130,308.82",NGN 1867759.73,ngn,UNPAID
INV-005610,WO-006343,CUST00931,1729317773000,499211.83,"NGN37,440.89",536652.72,NGN,unpaid
INV-005611,WO-006344,CUST00929,1761963541000,"934,231.62","70,067.37",1004298.99,NGN,paid
INV-005612,WO-006346,CUST00744,2025-09-10 02:02:06,37173.99,NGN 2788.05,"39,962.04",NGN,paid
INV-005613,WO-006348,CUST00390,2025-08-07 02:50:39,"1,651,456.77","123,859.26",1775316.03,NGN,paid
INV-005614,WO-006349,CUST00639,1767310696000,"NGN34,920.00",2619.00,"NGN37,539.00",NGN,UNPAID
INV-005615,WO-006350,CUST00994,21/03/2025,"NGN89,740.00","6,730.50","NGN96,470.50",NGN,paid
INV-005616,WO-006351,CUST00739,1726824293000,"NGN325,776.52","24,433.24",350209.76,ngn,paid
INV-005617,WO-006352,CUST01153,27/05/2026,64158.43,NGN 4811.88,68970.31,NGN,paid
INV-005618,WO-006353,CUST00150,16/01/2026,NGN 3010.00,NGN 225.75,"NGN3,235.75",ngn,PAID
INV-005619,WO-006354,CUST00335,2024-09-16 15:03:05,"143,544.62","NGN10,765.85","154,310.47",NGN,unpaid
INV-005620,WO-006355,CUST00267,1746171599000,NGN 254760.74,19107.06,NGN 273867.80,NGN,paid
INV-005621,WO-006356,CUST00456,24/12/2025,NGN 753298.51,56497.39,"809,795.90",NGN,paid
INV-005622,WO-006357,CUST00974,1779150503000,NGN 490393.24,NGN 36779.49,"NGN527,172.73",NGN,paid
INV-005623,WO-006358,CUST01190,29/12/2025,"NGN64,151.88",4811.39,"NGN68,963.27",NGN,partial
INV-005624,WO-006359,CUST01862,1771499037000,34523.99,"NGN2,589.30","37,113.29",NGN,paid
INV-005625,WO-006360,CUST00886,1754132452000,NGN 344409.42,NGN 25830.71,"370,240.13",NGN,paid
INV-005626,WO-006361,CUST01007,20/09/2025,"NGN9,600.00",NGN 720.00,"10,320.00",NGN,unpaid
INV-005627,WO-006362,CUST00445,25/01/2026,503911.34,37793.35,"541,704.69",ngn,PAID
INV-005628,WO-006363,CUST00636,2025-11-17 19:21:55,37232.89,"NGN2,792.47",NGN 40025.36,NGN,paid
INV-005629,WO-006364,CUST01403,1745796032000,451387.94,"NGN33,854.10",485242.04,NGN,PAID
INV-005630,WO-006366,CUST01267,2025-10-26 01:03:36,105763.78,NGN 7932.28,NGN 113696.06,NGN,paid
INV-005631,WO-006367,CUST00098,1774822067000,4100.00,NGN 307.50,"NGN4,407.50",NGN,UNPAID
INV-005632,WO-006369,CUST00718,2026-04-26 18:50:48,"87,657.39",6574.30,"94,231.69",NGN,unpaid
INV-005633,WO-006370,CUST00057,27/03/2025,NGN 178015.95,NGN 13351.20,191367.15,NGN,paid
INV-005634,WO-006371,CUST00014,26/06/2026,751281.12,"NGN56,346.08","NGN807,627.20",NGN,paid
INV-005635,WO-006372,CUST00859,1775361959000,"NGN133,297.36",NGN 9997.30,143294.66,NGN,partial
INV-005636,WO-006373,CUST00530,1737340628000,292620.76,"21,946.56","NGN314,567.32",NGN,paid
INV-005637,WO-006374,CUST00633,2026-08-28 04:07:54,NGN 663287.03,49746.53,"713,033.56",NGN,partial
INV-005638,WO-006375,CUST01013,1737952210000,"335,406.21",25155.47,"NGN360,561.68",NGN,PAID
INV-005639,WO-006376,CUST01003,1766609216000,411114.58,30833.59,"NGN441,948.17",NGN,PAID
INV-005640,WO-006378,CUST00068,2025-02-13 07:38:54,NGN 176556.12,NGN 13241.71,"NGN189,797.83",NGN,paid
INV-005641,WO-006379,CUST01142,1769508603000,NGN 654696.73,49102.25,NGN 703798.98,NGN,paid
INV-005642,WO-006380,CUST00443,06/06/2026,6500.00,487.50,NGN 6987.50,NGN,UNPAID
INV-005643,WO-006381,CUST01016,19/08/2025,491334.80,"36,850.11",NGN 528184.91,NGN,written_off
INV-005644,WO-006382,CUST02300,2026-07-27 10:05:21,NGN 693232.03,NGN 51992.40,"745,224.43",NGN,paid
INV-005645,WO-006383,CUST01837,24/09/2025,"NGN593,392.38","NGN44,504.43","637,896.81",NGN,paid
INV-005646,WO-006384,CUST00616,05/04/2025,"504,539.93","NGN37,840.50",NGN 542380.43,NGN,paid
INV-005647,WO-006386,CUST00636,2026-02-27 01:26:29,"NGN9,825.00",NGN736.88,NGN 10561.88,NGN,PAID
INV-005648,WO-006388,CUST02334,11/02/2025,"NGN660,489.00","NGN49,536.68","NGN710,025.68",NGN,paid
INV-005649,WO-006390,CUST01044,1754846900000,1274861.47,"NGN95,614.61",1370476.08,ngn,paid
INV-005650,WO-006392,CUST00533,2025-12-15 07:35:00,551500.07,"NGN41,362.50","592,862.57",NGN,partial
INV-005651,WO-006393,CUST00015,14/03/2026,"NGN789,120.06","59,184.00","848,304.06",NGN,unpaid
INV-005652,WO-006394,CUST00573,1764408995000,"250,404.33","NGN18,780.32",NGN 269184.65,NGN,PAID
INV-005653,WO-006395,CUST00978,27/05/2025,NGN 344603.90,"NGN25,845.29","NGN370,449.19",NGN,paid
INV-005654,WO-006396,CUST00460,2025-05-29 00:47:54,"NGN473,786.98",NGN 35534.02,"509,321.00",ngn,partial
INV-005655,WO-006397,CUST00346,2026-07-10 19:57:21,759513.85,"56,963.54","816,477.39",ngn,UNPAID
INV-005656,WO-006398,CUST00047,20/01/2026,NGN 327793.86,NGN 24584.54,352378.40,NGN,partial
INV-005657,WO-006400,CUST01029,2024-10-22 14:14:59,517411.29,"38,805.85","556,217.14",NGN,paid
INV-005658,WO-006402,CUST00260,2024-11-12 13:49:31,NGN 5040.00,NGN378.00,"NGN5,418.00",NGN,paid
INV-005659,WO-006403,CUST00474,06/11/2025,"1,600.00",120.00,1720.00,NGN,paid
INV-005660,WO-006404,CUST00416,1787992014000,"NGN77,775.00","5,833.12",NGN 83608.12,NGN,paid
INV-005661,WO-006407,CUST01128,1781728080000,NGN 545946.96,NGN 40946.02,586892.98,NGN,paid
INV-005662,WO-006408,CUST00731,15/06/2026,4305.00,NGN 322.88,NGN 4627.88,NGN,PAID
INV-005663,WO-006410,CUST01962,2025-02-05 15:38:26,1712581.83,"128,443.64",1841025.47,NGN,paid
INV-005664,WO-006413,CUST00068,1761423379000,NGN 17910.00,"1,343.25",NGN 19253.25,NGN,partial
INV-005665,WO-006414,CUST00409,2025-08-25 00:59:37,"4,590.00",344.25,"4,934.25",ngn,partial
INV-005666,WO-006415,CUST00630,1749167753000,NGN 184476.12,13835.71,"NGN198,311.83",NGN,paid
INV-005667,WO-006417,CUST01082,1766222290000,NGN 357352.86,26801.46,NGN 384154.32,NGN,paid
INV-005668,WO-006418,CUST00118,2026-02-05 22:21:53,"NGN645,203.19",48390.24,"693,593.43",NGN,unpaid
INV-005669,WO-006419,CUST00927,1755810667000,566787.93,42509.09,"NGN609,297.02",NGN,PAID
INV-005670,WO-006420,CUST00635,1744395086000,149232.66,NGN 11192.45,"NGN160,425.11",NGN,partial
INV-005671,WO-006421,CUST00396,1730584899000,114786.20,"NGN8,608.97",123395.17,NGN,PAID
INV-005672,WO-006422,CUST00503,2024-12-23 11:58:48,NGN 3990.00,299.25,NGN 4289.25,NGN,paid
INV-005673,WO-006423,CUST00873,08/04/2026,16575.00,1243.12,17818.12,NGN,PAID
INV-005674,WO-006424,CUST00299,03/07/2026,744977.78,"55,873.33",800851.11,NGN,paid
INV-005675,WO-006425,CUST00352,19/02/2025,177916.74,NGN 13343.76,191260.50,NGN,PAID
INV-005676,WO-006426,CUST01197,1772989566000,13324.35,999.33,NGN 14323.68,NGN,unpaid
INV-005677,WO-006427,CUST01120,21/06/2025,"NGN804,762.60",NGN 60357.20,NGN 865119.80,NGN,paid
INV-005678,WO-006428,CUST00064,2026-03-18 12:11:33,"60,223.80","NGN4,516.78",NGN 64740.58,ngn,unpaid
INV-005679,WO-006429,CUST00305,2025-08-30 11:51:28,"NGN632,805.40",47460.41,"NGN680,265.81",ngn,PAID
INV-005680,WO-006430,CUST00091,1771368225000,NGN 1575.00,118.12,"NGN1,693.12",NGN,paid
INV-005681,WO-006431,CUST01158,24/12/2025,"NGN351,072.61",NGN 26330.45,NGN 377403.06,NGN,PAID
INV-005682,WO-006432,CUST00090,1728658812000,"NGN7,750.00",NGN581.25,"NGN8,331.25",NGN,paid
INV-005683,WO-006433,CUST00729,22/08/2025,NGN 76082.69,5706.20,81788.89,NGN,paid
INV-005684,WO-006434,CUST01114,2025-01-25 14:37:45,"NGN980,556.78","NGN73,541.76",NGN 1054098.54,NGN,PAID
INV-005685,WO-006435,CUST00594,1746248425000,NGN 218337.49,NGN 16375.31,"NGN234,712.80",NGN,PAID
INV-005686,WO-006436,CUST00165,2024-10-13 15:08:10,NGN 730268.68,NGN 54770.15,NGN 785038.83,NGN,paid
INV-005687,WO-006437,CUST00786,1782294712000,"7,470.00",560.25,8030.25,NGN,partial
INV-005688,WO-006438,CUST00960,1748567992000,29775.00,2233.12,32008.12,NGN,unpaid
INV-005689,WO-006439,CUST00742,2025-07-19 02:59:47,"160,950.00",12071.25,"173,021.25",NGN,PAID
INV-005690,WO-006440,CUST01192,2024-11-12 11:20:23,831085.54,"62,331.42",NGN 893416.96,NGN,unpaid
INV-005691,WO-006441,CUST00503,05/04/2026,22571.12,1692.83,24263.95,NGN,paid
INV-005692,WO-006442,CUST01176,1732928815000,"979,162.61","73,437.20",NGN 1052599.81,NGN,paid
INV-005693,WO-006443,CUST00984,1780302295000,NGN 191457.03,14359.28,205816.31,NGN,paid
INV-005694,WO-006444,CUST01272,2024-12-31 19:39:03,"1,090,970.05",NGN 81822.75,"NGN1,172,792.80",NGN,unpaid
INV-005695,WO-006445,CUST00563,2025-01-13 17:26:47,NGN 917835.00,"NGN68,837.63",986672.63,NGN,PAID
INV-005696,WO-006446,CUST00079,30/11/2024,266696.84,"NGN20,002.26","286,699.10",NGN,paid
INV-005697,WO-006448,CUST00207,1762205767000,"840,012.02",63000.90,903012.92,NGN,paid
INV-005698,WO-006449,CUST00615,2026-07-16 02:21:56,"411,387.95",30854.10,442242.05,NGN,UNPAID
INV-005699,WO-006450,CUST00297,2024-11-30 03:21:01,NGN 13860.00,1039.50,"14,899.50",NGN,partial
INV-005700,WO-006451,CUST00128,1729735631000,"784,854.30",58864.07,"NGN843,718.37",NGN,written_off
INV-005701,WO-006452,CUST00255,2025-07-25 14:30:47,"499,957.42",NGN 37496.81,"537,454.23",NGN,paid
INV-005702,WO-006453,CUST00866,2025-01-19 04:20:52,"NGN454,320.27",NGN 34074.02,"488,394.29",NGN,PAID
INV-005703,WO-006454,CUST00806,1731305095000,"NGN19,425.00",NGN 1456.88,NGN 20881.88,NGN,written_off
INV-005704,WO-006455,CUST00797,1759152140000,177159.80,"NGN13,286.98","NGN190,446.78",NGN,paid
INV-005705,WO-006456,CUST00574,2025-03-09 05:32:24,NGN 1140366.78,"85,527.51","NGN1,225,894.29",NGN,unpaid
INV-005706,WO-006457,CUST00415,1771546235000,28800.00,"2,160.00",30960.00,NGN,paid
INV-005707,WO-006458,CUST00133,21/07/2026,"111,117.13",8333.79,NGN 119450.92,NGN,paid
INV-005708,WO-006459,CUST00428,1727691884000,"NGN601,250.73",45093.80,"646,344.53",NGN,paid
INV-005709,WO-006460,CUST00651,26/05/2025,"2,625.00",NGN 196.88,"NGN2,821.88",NGN,PAID
INV-005710,WO-006461,CUST00030,2024-09-19 06:49:00,"442,418.77",NGN 33181.41,"NGN475,600.18",NGN,unpaid
INV-005711,WO-006462,CUST02326,23/12/2025,1093628.78,NGN 82022.16,1175650.94,NGN,paid
INV-005712,WO-006463,CUST00872,2025-07-21 03:18:49,314872.95,NGN 23615.47,NGN 338488.42,NGN,paid
INV-005713,WO-006464,CUST00851,1728354678000,905761.27,"67,932.10",NGN 973693.37,NGN,PAID
INV-005714,WO-006465,CUST00486,1783884908000,"859,331.11","NGN64,449.83","923,780.94",NGN,PAID
INV-005715,WO-006466,CUST00277,2025-02-09 02:01:48,"120,800.00",NGN 9060.00,"129,860.00",NGN,PAID
INV-005716,WO-006467,CUST01087,2025-11-01 21:27:19,"84,771.53",6357.87,"NGN91,129.40",NGN,PAID
INV-005717,WO-006468,CUST01036,1751929821000,10620.00,NGN796.50,11416.50,NGN,partial
INV-005718,WO-006469,CUST01122,2026-05-22 03:54:26,8295.00,622.12,"8,917.12",NGN,paid
INV-005719,WO-006470,CUST00495,13/06/2026,123177.19,"9,238.29",132415.48,NGN,PAID
INV-005720,WO-006471,CUST01102,28/01/2026,"NGN72,381.33","5,428.60",77809.93,NGN,paid
INV-005721,WO-006473,CUST00173,2024-11-22 10:27:22,"NGN424,662.75","31,849.71","NGN456,512.46",NGN,paid
INV-005722,WO-006474,CUST00025,1750202900000,"2,161,061.00","NGN162,079.57",NGN 2323140.57,NGN,unpaid
INV-005723,WO-006475,CUST00982,2025-12-23 01:13:46,NGN 19950.00,"1,496.25",NGN 21446.25,NGN,partial
INV-005724,WO-006476,CUST00294,19/06/2026,"7,455.00",559.12,"NGN8,014.12",NGN,partial
INV-005725,WO-006478,CUST01014,20/09/2024,NGN 1248554.92,NGN 93641.62,NGN 1342196.54,NGN,unpaid
INV-005726,WO-006479,CUST00902,31/07/2025,527628.14,"39,572.11",NGN 567200.25,NGN,paid
INV-005727,WO-006480,CUST01061,2024-10-18 08:59:09,360028.10,NGN 27002.11,"387,030.21",NGN,PAID
INV-005728,WO-006481,CUST00153,1738439075000,"45,868.45","3,440.13",NGN 49308.58,NGN,PAID
INV-005729,WO-006482,CUST00358,08/12/2024,"755,469.57","56,660.22",812129.79,NGN,paid
INV-005730,WO-006484,CUST00136,1759858859000,"NGN480,901.37","36,067.60",516968.97,NGN,PAID
INV-005731,WO-006485,CUST01086,08/03/2025,NGN 1134311.58,"85,073.37",1219384.95,ngn,paid
INV-005732,WO-006487,CUST00538,2026-05-14 06:55:19,NGN 402660.77,NGN 30199.56,NGN 432860.33,NGN,paid
INV-005733,WO-006488,CUST00778,2025-02-06 12:49:01,"1,054,204.43",NGN 79065.33,"1,133,269.76",NGN,partial
INV-005734,WO-006489,CUST01165,07/07/2026,"429,252.75","NGN32,193.96",NGN 461446.71,NGN,paid
INV-005735,WO-006490,CUST00263,1740358403000,NGN 166232.86,12467.46,NGN 178700.32,NGN,paid
INV-005736,WO-006491,CUST02017,05/07/2025,"NGN108,956.20","8,171.72",NGN 117127.92,NGN,partial
INV-005737,WO-006492,CUST00456,07/10/2025,"4,620.00",346.50,4966.50,NGN,UNPAID
INV-005738,WO-006493,CUST00725,1754655676000,"NGN598,237.30","NGN44,867.80","NGN643,105.10",NGN,UNPAID
INV-005739,WO-006494,CUST00375,2024-10-18 07:11:54,NGN 637212.10,47790.91,"685,003.01",ngn,paid
INV-005740,WO-006496,CUST01982,10/11/2025,"224,550.00","NGN16,841.25",241391.25,NGN,paid
INV-005741,WO-006497,CUST00933,2025-01-21 23:13:54,71064.84,"5,329.86",76394.70,NGN,unpaid
INV-005742,WO-006498,CUST00851,2024-12-10 07:41:07,NGN 101459.99,"7,609.50",109069.49,NGN,PAID
INV-005743,WO-006499,CUST00455,1787255066000,NGN 577273.01,43295.48,620568.49,NGN,paid
INV-005744,WO-006500,CUST00113,21/11/2025,"73,811.43","5,535.86",NGN 79347.29,NGN,partial
INV-005745,WO-006501,CUST00302,2024-11-05 10:11:01,"NGN295,766.08",NGN 22182.46,"317,948.54",NGN,unpaid
INV-005746,WO-006502,CUST00300,08/01/2025,503519.87,"NGN37,763.99",541283.86,NGN,paid
INV-005747,WO-006503,CUST00971,2025-08-23 20:56:39,"628,003.80",47100.29,"675,104.09",NGN,paid
INV-005748,WO-006506,CUST01058,2026-06-08 01:33:37,NGN 1815794.97,"136,184.62","1,951,979.59",NGN,paid
INV-005749,WO-006507,CUST00018,17/05/2026,"NGN41,159.26","NGN3,086.94",44246.20,NGN,UNPAID
INV-005750,WO-006508,CUST00098,25/06/2026,22447.31,"1,683.55",24130.86,NGN,paid
INV-005751,WO-006509,CUST01034,19/06/2026,75780.00,"NGN5,683.50","NGN81,463.50",NGN,unpaid
INV-005752,WO-006510,CUST00665,2025-03-11 08:23:59,"1,287,860.85","NGN96,589.56","1,384,450.41",NGN,partial
INV-005753,WO-006512,CUST00518,1746409163000,NGN 603434.64,"NGN45,257.60","NGN648,692.24",NGN,paid
INV-005754,WO-006513,CUST00896,2025-03-10 05:11:57,NGN 10170.00,762.75,"10,932.75",NGN,paid
INV-005755,WO-006514,CUST00115,1767168949000,NGN 376168.32,NGN 28212.62,404380.94,NGN,PAID
INV-005756,WO-006515,CUST00347,1783442471000,"369,609.05","27,720.68","NGN397,329.73",NGN,unpaid
INV-005757,WO-006517,CUST01171,1780283547000,"493,094.82","36,982.11","NGN530,076.93",NGN,UNPAID
INV-005758,WO-006518,CUST00617,2025-07-17 16:06:47,NGN 6250.00,468.75,"NGN6,718.75",NGN,paid
INV-005759,WO-006519,CUST00853,16/11/2024,"451,427.76",NGN 33857.08,"NGN485,284.84",NGN,PAID
INV-005760,WO-006520,CUST00073,2026-04-03 03:14:17,NGN 489308.49,"36,698.14","NGN526,006.63",NGN,PAID
INV-005761,WO-006521,CUST00239,1771131273000,135451.93,"NGN10,158.90","145,610.83",NGN,PAID
INV-005762,WO-006522,CUST00052,1774571310000,"991,740.56",74380.54,"NGN1,066,121.10",NGN,unpaid
INV-005763,WO-006523,CUST01192,2025-01-02 14:35:11,"NGN344,607.29",NGN 25845.55,"370,452.84",NGN,paid
INV-005764,WO-006524,CUST01314,2025-03-05 11:33:07,"52,875.00",3965.62,56840.62,NGN,paid
INV-005765,WO-006526,CUST00412,1767580759000,"NGN7,900.00",NGN 592.50,8492.50,NGN,partial
INV-005766,WO-006527,CUST01193,08/10/2025,727282.85,"NGN54,546.21",781829.06,NGN,paid
INV-005767,WO-006528,CUST00718,2025-03-28 16:20:35,372827.47,NGN 27962.06,"400,789.53",NGN,UNPAID
INV-005768,WO-006529,CUST00500,1750243693000,"NGN613,947.76",46046.08,659993.84,NGN,PAID
INV-005769,WO-006530,CUST00607,2024-10-27 07:22:09,769451.60,NGN 57708.87,827160.47,NGN,unpaid
INV-005770,WO-006531,CUST00209,30/06/2026,"NGN242,868.36","NGN18,215.13","261,083.49",NGN,UNPAID
INV-005771,WO-006533,CUST00900,1728658524000,NGN 618536.43,"NGN46,390.23","NGN664,926.66",NGN,paid
INV-005772,WO-006534,CUST00057,1786028606000,286395.17,"21,479.64","NGN307,874.81",NGN,unpaid
INV-005773,WO-006535,CUST00556,2026-03-11 16:45:37,"1,092,170.07",81912.76,1174082.83,NGN,unpaid
INV-005774,WO-006536,CUST00799,1753571831000,"NGN896,179.43","67,213.46","963,392.89",NGN,paid
INV-005775,WO-006537,CUST00018,17/09/2025,NGN 24075.00,1805.62,NGN 25880.62,NGN,paid
INV-005776,WO-006538,CUST00979,2026-07-20 09:10:13,"NGN179,766.12",NGN 13482.46,"193,248.58",NGN,paid
INV-005777,WO-006539,CUST01077,06/03/2026,"NGN10,080.00",NGN 756.00,NGN 10836.00,NGN,UNPAID
INV-005778,WO-006540,CUST00813,1758305161000,"1,450.00",NGN 108.75,NGN 1558.75,ngn,partial
INV-005779,WO-006541,CUST00069,1748490781000,"9,750.00",731.25,10481.25,NGN,PAID
INV-005780,WO-006542,CUST00610,31/08/2025,407070.93,"NGN30,530.32",437601.25,NGN,paid
INV-005781,WO-006543,CUST00853,2026-02-18 13:05:00,"125,781.16","9,433.59",135214.75,NGN,partial
INV-005782,WO-006545,CUST00822,2026-02-16 16:01:02,"NGN667,849.78",50088.73,"717,938.51",ngn,unpaid
INV-005783,WO-006546,CUST00449,29/01/2025,6200.00,465.00,NGN 6665.00,NGN,paid
INV-005784,WO-006547,CUST02324,2025-12-10 14:07:07,"NGN340,992.86","25,574.46",NGN 366567.32,NGN,paid
INV-005785,WO-006548,CUST00112,1750924127000,"878,159.13","65,861.94",944021.07,NGN,UNPAID
INV-005786,WO-006550,CUST00222,25/10/2024,"NGN223,899.00",16792.42,240691.42,ngn,unpaid
INV-005787,WO-006551,CUST00824,1786608347000,191956.65,14396.75,"NGN206,353.40",NGN,paid
INV-005788,WO-006553,CUST00307,2025-07-31 18:11:25,"NGN26,870.64","NGN2,015.30","28,885.94",NGN,PAID
INV-005789,WO-006554,CUST00951,13/06/2026,38072.32,2855.42,"40,927.74",NGN,PAID
INV-005790,WO-006555,CUST01717,30/08/2025,NGN 4350.00,326.25,4676.25,NGN,partial
INV-005791,WO-006556,CUST01135,1779054363000,19893.51,1492.01,"NGN21,385.52",ngn,paid
INV-005792,WO-006557,CUST02225,2026-06-27 09:25:48,NGN 1255326.44,"NGN94,149.48",1349475.92,NGN,partial
INV-005793,WO-006558,CUST00916,11/08/2026,"429,782.33",NGN 32233.68,"NGN462,016.01",NGN,UNPAID
INV-005794,WO-006559,CUST00564,2026-03-05 18:55:27,NGN 225048.51,"16,878.64","NGN241,927.15",ngn,paid
INV-005795,WO-006560,CUST00128,29/05/2026,"NGN109,511.89",8213.39,117725.28,NGN,paid
INV-005796,WO-006561,CUST01030,2026-01-29 11:44:40,"NGN554,258.38","NGN41,569.38",595827.76,NGN,PAID
INV-005797,WO-006562,CUST00620,2026-05-19 04:03:32,"3,640.00",273.00,"NGN3,913.00",ngn,paid
INV-005798,WO-006564,CUST00262,1782173598000,"NGN108,660.87",NGN 8149.57,NGN 116810.44,NGN,PAID
INV-005799,WO-006565,CUST02032,04/08/2025,NGN 791438.23,"59,357.87",NGN 850796.10,NGN,PAID
INV-005800,WO-006566,CUST01086,2025-06-27 05:57:28,"1,014,508.31",76088.12,"NGN1,090,596.43",NGN,partial
INV-005801,WO-006567,CUST00285,25/06/2026,"12,250.00",918.75,"NGN13,168.75",NGN,paid
INV-005802,WO-006568,CUST00334,1738459916000,NGN 18275.00,NGN 1370.62,NGN 19645.62,NGN,paid
INV-005803,WO-006569,CUST01097,2025-02-03 04:05:27,"NGN1,419,660.98",NGN 106474.57,NGN 1526135.55,NGN,unpaid
INV-005804,WO-006570,CUST00023,1748605969000,NGN 253897.30,NGN 19042.30,"NGN272,939.60",NGN,paid
INV-005805,WO-006571,CUST01178,1741130089000,693206.51,51990.49,745197.00,NGN,paid
INV-005806,WO-006572,CUST00262,26/02/2025,4750.00,356.25,"5,106.25",NGN,unpaid
INV-005807,WO-006573,CUST00253,2025-04-30 19:54:51,1373505.06,NGN 103012.88,"NGN1,476,517.94",NGN,unpaid
INV-005808,WO-006574,CUST00614,22/11/2025,"NGN5,250.00",393.75,"5,643.75",NGN,UNPAID
INV-005809,WO-006575,CUST00634,1743994366000,"366,967.32",27522.55,NGN 394489.87,NGN,PAID
INV-005810,WO-006576,CUST00645,1736799719000,NGN 12150.00,NGN911.25,13061.25,NGN,paid
INV-005811,WO-006577,CUST00394,2025-05-19 18:19:38,"4,200.00",315.00,"4,515.00",NGN,unpaid
INV-005812,WO-006578,CUST00477,28/02/2025,190467.03,NGN 14285.03,NGN 204752.06,NGN,PAID
INV-005813,WO-006579,CUST00507,1727968235000,"61,329.87",NGN 4599.74,65929.61,NGN,partial
INV-005814,WO-006580,CUST00156,24/07/2026,"NGN369,217.07",NGN 27691.28,"396,908.35",NGN,paid
INV-005815,WO-006581,CUST00530,1729419782000,"NGN6,475.00",NGN 485.62,6960.62,NGN,unpaid
INV-005816,WO-006582,CUST00231,1773881639000,"NGN49,700.00",NGN 3727.50,"53,427.50",NGN,partial
INV-005817,WO-006583,CUST00407,20/08/2026,"17,294.32",1297.07,NGN 18591.39,NGN,PAID
INV-005818,WO-006584,CUST00988,1780244208000,"NGN138,250.00",NGN 10368.75,"148,618.75",NGN,paid
INV-005819,WO-006585,CUST00500,2025-06-02 09:02:33,"NGN145,464.08","10,909.81","156,373.89",NGN,partial
INV-005820,WO-006586,CUST00655,31/12/2025,7380.00,NGN 553.50,"NGN7,933.50",NGN,PAID
INV-005821,WO-006587,CUST00825,1748815104000,168412.09,NGN 12630.91,NGN 181043.00,NGN,UNPAID
INV-005822,WO-006588,CUST00161,1763034661000,817719.66,61328.97,"879,048.63",NGN,UNPAID
INV-005823,WO-006589,CUST01107,1781972277000,NGN 1064069.43,"79,805.21",NGN 1143874.64,ngn,paid
INV-005824,WO-006590,CUST02325,2026-04-12 10:05:53,"341,406.99",25605.52,NGN 367012.51,NGN,unpaid
INV-005825,WO-006591,CUST00126,1781039189000,108700.00,NGN 8152.50,116852.50,NGN,UNPAID
INV-005826,WO-006592,CUST00683,2026-02-26 17:14:12,NGN 76200.00,"5,715.00",NGN 81915.00,NGN,UNPAID
INV-005827,WO-006593,CUST00353,2025-03-15 08:32:47,"384,351.74",NGN 28826.38,"NGN413,178.12",NGN,paid
INV-005828,WO-006594,CUST00806,26/05/2026,380322.48,"28,524.19","408,846.67",NGN,paid
INV-005829,WO-006595,CUST01092,1753191920000,4575.00,343.12,"NGN4,918.12",NGN,paid
INV-005830,WO-006596,CUST00282,1757601527000,221197.23,NGN 16589.79,"237,787.02",NGN,paid
INV-005831,WO-006597,CUST00242,17/12/2025,"NGN863,356.73",NGN 64751.76,NGN 928108.49,NGN,paid
INV-005832,WO-006598,CUST00922,11/08/2026,591350.04,"NGN44,351.25","635,701.29",NGN,unpaid
INV-005833,WO-006599,CUST00651,1750879949000,"NGN696,904.91","NGN52,267.87","NGN749,172.78",NGN,UNPAID
INV-005834,WO-006600,CUST01040,05/10/2025,"2,870.00",NGN 215.25,3085.25,NGN,paid
INV-005835,WO-006601,CUST00158,2025-10-14 17:21:15,103788.73,7784.16,NGN 111572.89,ngn,partial
INV-005836,WO-006602,CUST00741,2025-07-15 09:12:18,NGN 161847.73,12138.58,"173,986.31",NGN,partial
INV-005837,WO-006603,CUST01109,1784868615000,837481.98,62811.15,900293.13,NGN,UNPAID
INV-005838,WO-006604,CUST00086,04/04/2025,"NGN150,738.32",NGN 11305.37,"NGN162,043.69",NGN,paid
INV-005839,WO-006605,CUST00580,2025-07-30 03:06:30,"NGN250,941.14","NGN18,820.59",NGN 269761.73,NGN,PAID
INV-005840,WO-006606,CUST00804,27/03/2026,NGN 26100.00,1957.50,"28,057.50",NGN,UNPAID
INV-005841,WO-006607,CUST01915,2026-05-22 00:46:03,"30,675.00",2300.62,"NGN32,975.62",NGN,unpaid
INV-005842,WO-006609,CUST01055,1771604836000,NGN 973613.13,73020.99,NGN 1046634.12,NGN,partial
INV-005843,WO-006611,CUST00456,2025-01-09 20:24:23,769220.09,"NGN57,691.51","826,911.60",NGN,paid
INV-005844,WO-006612,CUST00306,25/05/2025,1932458.73,"NGN144,934.40","NGN2,077,393.13",ngn,paid
INV-005845,WO-006614,CUST00060,2024-09-30 00:22:55,35220.29,"NGN2,641.52",37861.81,NGN,paid
INV-005846,WO-006615,CUST00680,26/03/2026,"NGN354,210.97",NGN 26565.82,NGN 380776.79,NGN,written_off
INV-005847,WO-006616,CUST01200,1757486538000,337394.93,NGN 25304.62,362699.55,NGN,paid
INV-005848,WO-006617,CUST01143,02/07/2025,"NGN283,020.18",21226.51,304246.69,NGN,unpaid
INV-005849,WO-006618,CUST00965,27/06/2025,"NGN1,867,993.13",140099.48,"2,008,092.61",NGN,partial
INV-005850,WO-006620,CUST01040,1762050356000,"NGN167,846.28","NGN12,588.47",NGN 180434.75,NGN,PAID
INV-005851,WO-006621,CUST00710,2024-10-10 20:37:43,NGN 544045.36,"40,803.40",NGN 584848.76,NGN,PAID
INV-005852,WO-006622,CUST00458,29/04/2026,"NGN126,800.70","9,510.05","NGN136,310.75",NGN,partial
INV-005853,WO-006623,CUST00901,1750935186000,NGN 197237.26,"NGN14,792.79",212030.05,NGN,paid
INV-005854,WO-006624,CUST00943,1755044320000,"9,810.00",735.75,10545.75,NGN,UNPAID
INV-005855,WO-006625,CUST01105,22/07/2025,"305,836.94","22,937.77","328,774.71",NGN,paid
INV-005856,WO-006626,CUST00733,31/05/2025,"396,068.74","NGN29,705.16","NGN425,773.90",NGN,paid
INV-005857,WO-006627,CUST00007,2024-10-04 08:25:11,"NGN6,000.00",450.00,6450.00,NGN,paid
INV-005858,WO-006628,CUST00109,1731812287000,NGN 124123.99,"9,309.30",NGN 133433.29,NGN,paid
INV-005859,WO-006629,CUST00507,1759004643000,35280.00,"2,646.00",37926.00,NGN,paid
INV-005860,WO-006630,CUST00257,1744932033000,"NGN550,425.76","NGN41,281.93",591707.69,NGN,PAID
INV-005861,WO-006631,CUST00687,1774589279000,NGN 582935.67,"43,720.17",626655.84,NGN,paid
INV-005862,WO-006632,CUST00583,1742705332000,363166.87,NGN 27237.52,390404.39,NGN,partial
INV-005863,WO-006633,CUST00460,2025-09-01 14:05:43,NGN 1079264.57,"NGN80,944.84",1160209.41,NGN,unpaid
INV-005864,WO-006634,CUST01161,17/07/2025,"NGN10,729.26",NGN804.69,"NGN11,533.95",NGN,partial
INV-005865,WO-006635,CUST00365,16/07/2026,NGN 244235.19,18317.64,262552.83,NGN,partial
INV-005866,WO-006636,CUST00395,2025-12-29 04:13:24,NGN 174666.12,"NGN13,099.96",187766.08,NGN,PAID
INV-005867,WO-006637,CUST00316,2024-10-31 02:43:42,NGN 527222.60,39541.70,"NGN566,764.30",NGN,partial
INV-005868,WO-006638,CUST00972,24/01/2026,NGN 1038916.18,"77,918.71","NGN1,116,834.89",ngn,written_off
INV-005869,WO-006639,CUST00481,02/01/2026,765228.57,"NGN57,392.14",822620.71,NGN,partial
INV-005870,WO-006640,CUST01929,2024-09-26 14:40:48,469120.86,NGN 35184.06,NGN 504304.92,NGN,PAID
INV-005871,WO-006642,CUST01097,1782684760000,NGN 404947.61,"NGN30,371.07",NGN 435318.68,ngn,PAID
INV-005872,WO-006643,CUST00160,2024-11-28 21:46:03,518664.19,NGN 38899.81,"NGN557,564.00",NGN,UNPAID
INV-005873,WO-006644,CUST00390,1776479645000,788521.10,NGN 59139.08,NGN 847660.18,ngn,UNPAID
INV-005874,WO-006645,CUST00676,2026-08-01 21:42:55,NGN 333109.65,"NGN24,983.22",358092.87,NGN,unpaid
INV-005875,WO-006646,CUST00509,2024-11-16 16:07:59,"NGN444,057.80",NGN 33304.33,"NGN477,362.13",NGN,UNPAID
INV-005876,WO-006647,CUST00255,29/10/2025,"4,445.00",NGN333.38,"4,778.38",NGN,paid
INV-005877,WO-006648,CUST00905,2026-06-25 16:52:45,456284.36,"34,221.33","NGN490,505.69",NGN,paid
INV-005878,WO-006649,CUST01717,1782958012000,"251,032.10","NGN18,827.41",NGN 269859.51,ngn,PAID
INV-005879,WO-006650,CUST00107,2026-05-31 18:21:12,"856,590.20","64,244.26",920834.46,NGN,paid
INV-005880,WO-006651,CUST00709,2024-10-16 10:36:19,"174,631.53","13,097.36",187728.89,NGN,partial
INV-005881,WO-006652,CUST01982,1738036915000,"NGN406,113.43","NGN30,458.51","436,571.94",NGN,paid
INV-005882,WO-006653,CUST00105,28/11/2024,"508,342.58","38,125.69",NGN 546468.27,NGN,unpaid
INV-005883,WO-006654,CUST00513,1737084824000,"NGN373,199.48","27,989.96",401189.44,NGN,unpaid
INV-005884,WO-006655,CUST00531,09/05/2026,NGN 759254.54,"56,944.09","816,198.63",NGN,unpaid
INV-005885,WO-006657,CUST00240,1772563034000,"NGN926,874.31",69515.57,996389.88,NGN,paid
INV-005886,WO-006658,CUST00259,2025-09-30 17:25:56,NGN 264865.42,"NGN19,864.91",NGN 284730.33,NGN,unpaid
INV-005887,WO-006659,CUST00585,1776257606000,NGN 39928.07,NGN 2994.61,NGN 42922.68,ngn,partial
INV-005888,WO-006660,CUST00107,05/01/2025,4950.00,371.25,"5,321.25",NGN,unpaid
INV-005889,WO-006661,CUST00415,21/09/2025,"NGN559,488.45","41,961.63",601450.08,NGN,paid
INV-005890,WO-006662,CUST00748,1766337454000,NGN 600750.10,NGN 45056.26,"645,806.36",NGN,partial
INV-005891,WO-006663,CUST00051,1783078159000,"11,990.81",899.31,NGN 12890.12,NGN,paid
INV-005892,WO-006665,CUST01097,1773741013000,"NGN397,799.24",29834.94,427634.18,NGN,paid
INV-005893,WO-006666,CUST00386,2024-11-03 22:19:18,"NGN162,521.16",12189.09,"NGN174,710.25",NGN,paid
INV-005894,WO-006667,CUST01066,13/10/2025,"18,200.00",1365.00,"19,565.00",NGN,paid
INV-005895,WO-006668,CUST00053,1782310516000,"NGN316,670.86",23750.31,NGN 340421.17,NGN,paid
INV-005896,WO-006669,CUST00525,1767931189000,NGN 966222.23,"72,466.67","1,038,688.90",NGN,paid
INV-005897,WO-006670,CUST00612,1765620657000,"NGN6,275.00",NGN470.62,NGN 6745.62,NGN,paid
INV-005898,WO-006671,CUST00321,1785510975000,"NGN538,882.84","NGN40,416.21","NGN579,299.05",NGN,PAID
INV-005899,WO-006672,CUST02378,2025-04-27 15:37:26,86168.06,"NGN6,462.60",92630.66,NGN,partial
INV-005900,WO-006673,CUST01086,2026-05-26 11:48:37,"5,000.00",NGN375.00,"5,375.00",NGN,paid
INV-005901,WO-006674,CUST00487,2025-04-07 02:36:28,NGN 217838.43,"NGN16,337.88","NGN234,176.31",ngn,PAID
INV-005902,WO-006675,CUST00609,1777832271000,12240.00,918.00,"13,158.00",NGN,PAID
INV-005903,WO-006677,CUST01096,29/04/2025,"NGN61,605.28","NGN4,620.40","66,225.68",NGN,paid
INV-005904,WO-006678,CUST00709,29/07/2026,NGN 75225.00,"5,641.88","NGN80,866.88",NGN,PAID
INV-005905,WO-006679,CUST00449,26/12/2024,260654.17,19549.06,NGN 280203.23,NGN,PAID
INV-005906,WO-006682,CUST00873,04/06/2025,"NGN78,194.66","5,864.60","NGN84,059.26",NGN,UNPAID
INV-005907,WO-006684,CUST01027,2026-07-19 14:00:51,"513,057.56","38,479.32",NGN 551536.88,NGN,paid
INV-005908,WO-006685,CUST00706,29/08/2026,"1,361,902.04",NGN 102142.65,1464044.69,NGN,paid
INV-005909,WO-006686,CUST01011,1785621521000,NGN 76972.10,5772.91,NGN 82745.01,NGN,paid
INV-005910,WO-006687,CUST01089,24/09/2024,"35,550.00","2,666.25","NGN38,216.25",NGN,unpaid
INV-005911,WO-006688,CUST00854,13/03/2026,NGN 56520.00,"4,239.00",60759.00,NGN,paid
INV-005912,WO-006689,CUST00383,1760774622000,"NGN969,032.08","72,677.41",NGN 1041709.49,NGN,paid
INV-005913,WO-006692,CUST00447,1780830213000,NGN 734641.94,55098.15,"789,740.09",NGN,PAID
INV-005914,WO-006693,CUST00150,1747062959000,225172.41,"16,887.93","242,060.34",ngn,partial
INV-005915,WO-006694,CUST00351,1767570334000,"284,175.80","NGN21,313.19",NGN 305488.99,NGN,paid
INV-005916,WO-006695,CUST01880,16/12/2024,"NGN28,710.00","NGN2,153.25",30863.25,ngn,PAID
INV-005917,WO-006696,CUST01063,1750671071000,"NGN1,232,412.56","NGN92,430.94","1,324,843.50",NGN,PAID
INV-005918,WO-006697,CUST00252,1756158167000,"502,479.88",NGN 37685.99,NGN 540165.87,NGN,UNPAID
INV-005919,WO-006698,CUST00653,1728974430000,NGN 458205.41,"34,365.41","NGN492,570.82",ngn,paid
INV-005920,WO-006699,CUST00045,2026-08-11 22:28:47,2425.00,181.88,NGN 2606.88,NGN,partial
INV-005921,WO-006700,CUST01198,1765509119000,NGN 166542.95,NGN 12490.72,"NGN179,033.67",NGN,partial
INV-005922,WO-006701,CUST00494,1730708252000,"NGN36,540.00",2740.50,"39,280.50",NGN,paid
INV-005923,WO-006702,CUST01029,2026-01-25 14:31:41,99092.25,7431.92,"NGN106,524.17",NGN,paid
INV-005924,WO-006703,CUST00108,13/12/2024,137757.08,"NGN10,331.78","148,088.86",NGN,unpaid
INV-005925,WO-006704,CUST01283,2026-06-08 10:27:28,"NGN461,476.01","NGN34,610.70","496,086.71",NGN,paid
INV-005926,WO-006708,CUST01168,2024-11-05 17:25:07,NGN 407893.76,30592.03,438485.79,NGN,PAID
INV-005927,WO-006710,CUST01076,18/11/2025,"NGN218,931.64",16419.87,235351.51,NGN,partial
INV-005928,WO-006711,CUST00269,1746103911000,"151,550.00",11366.25,NGN 162916.25,NGN,paid
INV-005929,WO-006712,CUST02041,17/05/2026,NGN 9025.00,NGN 676.88,NGN 9701.88,NGN,PAID
INV-005930,WO-006713,CUST00747,19/03/2025,"NGN875,061.00",65629.57,NGN 940690.57,NGN,PAID
INV-005931,WO-006714,CUST00679,25/12/2025,"NGN1,003,703.79",75277.78,NGN 1078981.57,NGN,unpaid
INV-005932,WO-006715,CUST00491,2024-10-15 04:52:52,6030.00,452.25,NGN 6482.25,NGN,paid
INV-005933,WO-006716,CUST00028,23/01/2026,"NGN930,239.26","NGN69,767.94",NGN 1000007.20,NGN,paid
INV-005934,WO-006717,CUST00259,1742757552000,"NGN234,204.13","17,565.31",251769.44,NGN,paid
INV-005935,WO-006718,CUST00938,1743977581000,NGN 957416.96,NGN 71806.27,"NGN1,029,223.23",ngn,PAID
INV-005936,WO-006720,CUST00087,2025-06-24 01:11:44,NGN 118144.93,NGN 8860.87,"NGN127,005.80",ngn,paid
INV-005937,WO-006721,CUST00165,1772923178000,21975.00,1648.12,"23,623.12",NGN,unpaid
INV-005938,WO-006722,CUST00642,1771266938000,NGN 395334.06,29650.05,424984.11,NGN,paid
INV-005939,WO-006723,CUST01018,1745966593000,"NGN490,705.43",NGN 36802.91,"NGN527,508.34",NGN,PAID
INV-005940,WO-006724,CUST00775,30/03/2025,NGN 235272.70,"NGN17,645.45",252918.15,NGN,paid
INV-005941,WO-006725,CUST01049,24/03/2025,"NGN170,362.74",12777.21,183139.95,NGN,paid
INV-005942,WO-006726,CUST01000,2025-12-05 10:05:29,NGN 867708.03,65078.10,NGN 932786.13,NGN,paid
INV-005943,WO-006727,CUST00146,1767604680000,"304,092.59",NGN 22806.94,NGN 326899.53,ngn,paid
INV-005944,WO-006728,CUST00314,2025-09-09 02:38:32,"455,779.94",NGN 34183.50,489963.44,NGN,PAID
INV-005945,WO-006729,CUST00620,1780576223000,271445.80,20358.43,NGN 291804.23,NGN,paid
INV-005946,WO-006730,CUST00723,2025-04-08 23:58:39,"NGN107,987.59","NGN8,099.07",NGN 116086.66,NGN,paid
INV-005947,WO-006731,CUST00553,1784405554000,"NGN5,130.00",NGN384.75,"NGN5,514.75",NGN,paid
INV-005948,WO-006732,CUST00944,2024-11-28 01:36:17,"430,167.37","NGN32,262.55","462,429.92",NGN,paid
INV-005949,WO-006734,CUST00477,1746892062000,"5,100.00",NGN382.50,"5,482.50",NGN,paid
INV-005950,WO-006735,CUST00850,1764093347000,26175.00,"1,963.12","28,138.12",NGN,paid
INV-005951,WO-006736,CUST00035,2025-09-11 13:11:25,"703,317.49",52748.81,NGN 756066.30,NGN,paid
INV-005952,WO-006737,CUST01045,2025-07-24 19:26:47,NGN 181134.80,NGN 13585.11,194719.91,ngn,partial
INV-005953,WO-006738,CUST00502,30/03/2026,NGN 489683.55,"NGN36,726.27","NGN526,409.82",NGN,paid
INV-005954,WO-006740,CUST00508,1730161313000,228941.53,NGN 17170.62,"NGN246,112.15",NGN,paid
INV-005955,WO-006741,CUST00836,1764887762000,104396.49,"NGN7,829.74",NGN 112226.23,NGN,paid
INV-005956,WO-006742,CUST00893,2025-10-20 18:59:18,385336.19,"28,900.21","414,236.40",NGN,paid
INV-005957,WO-006743,CUST00461,1749125556000,"149,990.80","11,249.31","NGN161,240.11",NGN,partial
INV-005958,WO-006744,CUST00251,12/06/2026,NGN 656409.13,"NGN49,230.69","705,639.82",NGN,paid
INV-005959,WO-006745,CUST00104,2025-06-04 09:37:07,467235.27,NGN 35042.65,"502,277.92",ngn,paid
INV-005960,WO-006747,CUST01496,24/04/2025,9650.00,NGN723.75,10373.75,NGN,paid
INV-005961,WO-006748,CUST00995,1747397583000,602834.64,"NGN45,212.60","NGN648,047.24",NGN,partial
INV-005962,WO-006749,CUST00780,23/09/2024,"NGN769,683.32","57,726.25",NGN 827409.57,NGN,paid
INV-005963,WO-006750,CUST00155,16/03/2025,"1,243,490.47","NGN93,261.78","NGN1,336,752.25",NGN,unpaid
INV-005964,WO-006751,CUST00207,21/03/2026,"NGN3,600.00",NGN270.00,"NGN3,870.00",NGN,written_off
INV-005965,WO-006752,CUST00377,1771656130000,"1,761,752.29",132131.42,NGN 1893883.71,NGN,partial
INV-005966,WO-006753,CUST02274,1786748878000,"453,375.60",NGN 34003.17,"487,378.77",NGN,partial
INV-005967,WO-006754,CUST01250,2026-01-31 07:02:43,"NGN509,584.11",NGN 38218.81,"NGN547,802.92",NGN,PAID
INV-005968,WO-006755,CUST00489,1752419848000,200432.58,NGN 15032.44,"215,465.02",NGN,paid
INV-005969,WO-006756,CUST00093,1775540199000,"NGN117,361.75","8,802.13",126163.88,NGN,paid
INV-005970,WO-006757,CUST00076,16/10/2025,"NGN1,161,209.80","87,090.74",NGN 1248300.54,NGN,UNPAID
INV-005971,WO-006758,CUST00844,20/03/2026,"NGN209,475.00","15,710.62","NGN225,185.62",NGN,written_off
INV-005972,WO-006759,CUST00892,17/05/2026,NGN 59501.70,"NGN4,462.63","NGN63,964.33",NGN,paid
INV-005973,WO-006760,CUST00084,1746685860000,566236.57,"NGN42,467.74","608,704.31",NGN,PAID
INV-005974,WO-006762,CUST01112,1778866929000,"390,379.82",NGN 29278.49,"419,658.31",NGN,paid
INV-005975,WO-006763,CUST00395,1730172357000,854417.61,"NGN64,081.32",NGN 918498.93,NGN,partial
INV-005976,WO-006764,CUST00680,2024-09-26 03:23:51,"NGN5,600.00",420.00,6020.00,NGN,PAID
INV-005977,WO-006765,CUST01118,26/09/2024,850437.09,"63,782.78","914,219.87",NGN,partial
INV-005978,WO-006767,CUST00686,1735716653000,316119.97,23709.00,"NGN339,828.97",NGN,paid
INV-005979,WO-006768,CUST00828,1783585431000,"614,730.48","NGN46,104.79",NGN 660835.27,NGN,partial
INV-005980,WO-006769,CUST00979,10/09/2025,74787.78,"NGN5,609.08","80,396.86",NGN,PAID
INV-005981,WO-006770,CUST00891,25/04/2026,NGN 988816.56,74161.24,NGN 1062977.80,NGN,PAID
INV-005982,WO-006771,CUST01119,21/01/2026,"79,500.00",NGN 5962.50,NGN 85462.50,NGN,paid
INV-005983,WO-006772,CUST00586,2025-09-11 22:27:30,26751.70,"NGN2,006.38",28758.08,NGN,paid
INV-005984,WO-006773,CUST00004,2025-12-22 12:35:12,"51,204.03","3,840.30",NGN 55044.33,NGN,PAID
INV-005985,WO-006774,CUST00425,25/07/2026,"NGN784,811.69",NGN 58860.88,843672.57,NGN,paid
INV-005986,WO-006775,CUST01109,30/10/2025,NGN 822010.34,"61,650.78","883,661.12",NGN,paid
INV-005987,WO-006777,CUST00654,1765945647000,"NGN6,900.00",NGN517.50,"NGN7,417.50",NGN,PAID
INV-005988,WO-006779,CUST00942,1778670085000,NGN 259367.92,NGN 19452.59,"NGN278,820.51",ngn,partial
INV-005989,WO-006780,CUST01576,2026-01-09 02:53:46,NGN 475240.78,35643.06,510883.84,NGN,paid
INV-005990,WO-006781,CUST00188,1762570815000,NGN 1052933.53,"78,970.02",NGN 1131903.55,NGN,paid
INV-005991,WO-006782,CUST00127,1768236514000,"NGN41,777.31","3,133.30",44910.61,NGN,paid
INV-005992,WO-006783,CUST01099,2025-01-13 23:17:29,"307,604.92","NGN23,070.37",NGN 330675.29,NGN,PAID
INV-005993,WO-006785,CUST00799,09/01/2025,"NGN902,632.43","NGN67,697.43","970,329.86",NGN,PAID
INV-005994,WO-006786,CUST00509,22/06/2025,"114,107.20",8558.04,"122,665.24",ngn,unpaid
INV-005995,WO-006787,CUST01124,1757242099000,NGN 484180.41,"NGN36,313.53",NGN 520493.94,NGN,paid
INV-005996,WO-006788,CUST00914,04/01/2025,"NGN776,287.38",58221.55,834508.93,NGN,paid
INV-005997,WO-006789,CUST00475,1729103250000,"NGN343,210.93",NGN 25740.82,"368,951.75",NGN,paid
INV-005998,WO-006790,CUST00433,1784035866000,"146,038.56",NGN 10952.89,"156,991.45",NGN,paid
INV-005999,WO-006791,CUST02033,2025-05-12 07:07:12,NGN 6075.00,NGN455.62,"6,530.62",NGN,PAID
INV-006000,WO-006792,CUST00681,24/09/2025,305741.32,22930.60,328671.92,NGN,PAID
INV-006001,WO-006793,CUST00760,24/03/2026,"430,679.54","32,300.97",NGN 462980.51,NGN,unpaid
INV-006002,WO-006794,CUST00996,1726881693000,NGN 125838.41,9437.88,"135,276.29",NGN,paid
INV-006003,WO-006795,CUST00834,1745237760000,15800.00,1185.00,NGN 16985.00,NGN,paid
INV-006004,WO-006796,CUST00202,2026-01-08 22:36:11,"NGN503,559.31",NGN 37766.95,NGN 541326.26,NGN,PAID
INV-006005,WO-006797,CUST01194,2025-07-31 15:51:36,"6,975.00",NGN523.12,7498.12,NGN,partial
INV-006006,WO-006799,CUST00700,28/12/2024,"424,770.95","31,857.82",456628.77,NGN,paid
INV-006007,WO-006800,CUST01173,2026-06-09 18:19:24,"NGN689,830.11",NGN 51737.26,741567.37,NGN,UNPAID
INV-006008,WO-006802,CUST00201,2026-04-14 04:08:20,250734.99,"NGN18,805.12","269,540.11",NGN,PAID
INV-006009,WO-006803,CUST00972,1727954324000,NGN 601957.38,"NGN45,146.80","647,104.18",NGN,PAID
INV-006010,WO-006805,CUST00957,1739650618000,NGN 86278.87,NGN 6470.92,92749.79,NGN,PAID
INV-006011,WO-006806,CUST00870,2025-11-07 18:15:55,NGN 324436.94,NGN 24332.77,NGN 348769.71,NGN,paid
INV-006012,WO-006807,CUST01915,08/06/2026,NGN 20325.00,1524.38,NGN 21849.38,NGN,partial
INV-006013,WO-006808,CUST01041,04/06/2025,NGN 419910.57,31493.29,"NGN451,403.86",NGN,unpaid
INV-006014,WO-006809,CUST00424,1776052094000,"21,900.00","NGN1,642.50",23542.50,NGN,PAID
INV-006015,WO-006811,CUST00456,1778284538000,NGN 40727.42,"NGN3,054.56",43781.98,NGN,written_off
INV-006016,WO-006812,CUST01063,24/02/2026,"184,624.79",13846.86,"198,471.65",NGN,paid
INV-006017,WO-006813,CUST00978,2026-07-19 23:59:55,"617,617.99",NGN 46321.35,NGN 663939.34,NGN,unpaid
INV-006018,WO-006815,CUST00366,23/07/2026,316152.98,23711.47,NGN 339864.45,NGN,unpaid
INV-006019,WO-006816,CUST00455,01/03/2026,"363,214.12",NGN 27241.06,390455.18,NGN,PAID
INV-006020,WO-006817,CUST00741,2025-04-24 10:25:42,"653,066.73",48980.01,NGN 702046.74,NGN,paid
INV-006021,WO-006818,CUST00480,2026-04-16 07:29:00,772287.90,"57,921.59","830,209.49",NGN,paid
INV-006022,WO-006819,CUST02139,1776356269000,NGN 242925.00,"NGN18,219.38",NGN 261144.38,NGN,paid
INV-006023,WO-006820,CUST00782,31/10/2024,NGN 150030.33,NGN 11252.27,"NGN161,282.60",NGN,paid
INV-006024,WO-006821,CUST00371,1728593603000,"338,331.83",NGN 25374.89,"363,706.72",NGN,paid
INV-006025,WO-006823,CUST01057,25/07/2025,43937.01,"NGN3,295.28","NGN47,232.29",NGN,unpaid
INV-006026,WO-006824,CUST00151,22/05/2025,"1,322,087.69",NGN 99156.58,1421244.27,NGN,paid
INV-006027,WO-006826,CUST01105,1780597754000,288107.59,21608.07,"309,715.66",NGN,paid
INV-006028,WO-006827,CUST00613,2025-09-21 20:00:56,NGN 250807.45,"18,810.56",269618.01,NGN,partial
INV-006029,WO-006828,CUST00356,12/06/2025,"NGN5,310.00",NGN 398.25,"5,708.25",NGN,paid
INV-006030,WO-006829,CUST01193,1744141522000,"NGN686,137.12",NGN 51460.28,737597.40,NGN,partial
INV-006031,WO-006830,CUST00160,2025-09-07 23:26:30,NGN 62925.00,NGN 4719.38,67644.38,NGN,PAID
INV-006032,WO-006831,CUST01175,1751572617000,"NGN1,293,330.53",NGN 96999.79,NGN 1390330.32,NGN,paid
INV-006033,WO-006832,CUST00887,2025-10-02 17:37:49,"973,998.76",73049.91,"1,047,048.67",NGN,paid
INV-006034,WO-006833,CUST00369,2025-03-10 08:55:43,602975.63,45223.17,NGN 648198.80,NGN,PAID
INV-006035,WO-006834,CUST01043,2024-12-12 03:51:40,NGN 4515.00,NGN338.62,"4,853.62",NGN,paid
INV-006036,WO-006835,CUST00412,1768294980000,505203.21,37890.24,"NGN543,093.45",NGN,paid
INV-006037,WO-006836,CUST00369,03/05/2025,"NGN52,122.65","NGN3,909.20","NGN56,031.85",NGN,paid
INV-006038,WO-006837,CUST00186,1741735574000,"1,034,198.20","NGN77,564.86",1111763.06,ngn,partial
INV-006039,WO-006838,CUST00422,2024-10-10 11:05:15,"NGN326,377.53",24478.32,"NGN350,855.85",NGN,paid
INV-006040,WO-006839,CUST00499,1777891395000,"794,198.07",NGN 59564.85,"853,762.92",NGN,PAID
INV-006041,WO-006840,CUST00630,2025-10-25 03:14:51,NGN 929121.93,69684.15,"NGN998,806.08",NGN,paid
INV-006042,WO-006841,CUST00306,2025-01-14 14:31:08,NGN 664302.18,"49,822.66","714,124.84",NGN,partial
INV-006043,WO-006842,CUST00925,13/12/2024,"168,325.09","12,624.38","180,949.47",NGN,unpaid
INV-006044,WO-006843,CUST00745,2026-04-02 21:58:23,"NGN812,286.37","60,921.48","NGN873,207.85",NGN,paid
INV-006045,WO-006844,CUST00377,08/11/2024,"NGN266,680.48",20001.04,286681.52,NGN,PAID
INV-006046,WO-006845,CUST00205,1787907063000,"NGN579,327.51","43,449.56",622777.07,NGN,partial
INV-006047,WO-006847,CUST00471,2026-01-11 23:20:32,34889.17,"2,616.69","37,505.86",NGN,unpaid
INV-006048,WO-006848,CUST02022,2026-06-28 07:19:48,"307,006.38",23025.48,"NGN330,031.86",NGN,PAID
INV-006049,WO-006849,CUST00043,1760631785000,NGN 185992.86,NGN 13949.46,"199,942.32",NGN,paid
INV-006050,WO-006850,CUST01125,1774168709000,13250.00,NGN993.75,14243.75,ngn,partial
INV-006051,WO-006851,CUST00662,1749191562000,"NGN153,803.67","11,535.28","NGN165,338.95",NGN,partial
INV-006052,WO-006853,CUST00127,30/03/2025,855852.65,"64,188.95","NGN920,041.60",NGN,PAID
INV-006053,WO-006854,CUST00747,02/05/2026,NGN 3185.00,NGN 238.88,3423.88,NGN,UNPAID
INV-006054,WO-006855,CUST01017,07/08/2025,"5,985.00",NGN 448.88,"NGN6,433.88",NGN,paid
INV-006055,WO-006856,CUST00768,1734599025000,167977.72,NGN 12598.33,180576.05,NGN,paid
INV-006056,WO-006857,CUST00774,2024-12-01 21:56:33,"683,553.26",51266.49,"NGN734,819.75",NGN,paid
INV-006057,WO-006859,CUST00313,2025-02-17 11:59:39,"NGN893,308.53",NGN 66998.14,"960,306.67",NGN,PAID
INV-006058,WO-006861,CUST00563,2025-05-14 13:57:51,142257.13,"10,669.28","152,926.41",NGN,paid
INV-006059,WO-006862,CUST00569,13/03/2025,"NGN671,960.77",NGN 50397.06,NGN 722357.83,NGN,PAID
INV-006060,WO-006863,CUST00664,1755296756000,"NGN15,000.00","NGN1,125.00",16125.00,NGN,UNPAID
INV-006061,WO-006864,CUST00109,20/10/2025,NGN 301812.32,"NGN22,635.92",324448.24,NGN,paid
INV-006062,WO-006865,CUST00381,2025-12-27 13:01:18,"187,542.66",NGN 14065.70,NGN 201608.36,NGN,partial
INV-006063,WO-006866,CUST00620,1757874743000,"184,668.83",NGN 13850.16,"NGN198,518.99",NGN,unpaid
INV-006064,WO-006867,CUST01192,2025-03-15 23:18:59,"619,665.83",NGN 46474.94,NGN 666140.77,NGN,PAID
INV-006065,WO-006868,CUST00278,1750703688000,"106,751.34","8,006.35","114,757.69",NGN,paid
INV-006066,WO-006869,CUST00157,2024-12-30 07:53:19,128626.33,"NGN9,646.98","NGN138,273.31",NGN,unpaid
INV-006067,WO-006870,CUST00624,2026-01-01 15:41:53,"734,043.62","NGN55,053.27","NGN789,096.89",NGN,partial
INV-006068,WO-006871,CUST00238,31/05/2026,NGN 465478.93,"34,910.92",500389.85,NGN,PAID
INV-006069,WO-006872,CUST00835,2024-12-22 07:27:13,NGN 242413.29,NGN 18181.00,"NGN260,594.29",NGN,unpaid
INV-006070,WO-006873,CUST01649,11/12/2025,NGN 276278.24,NGN 20720.87,"NGN296,999.11",NGN,paid
INV-006071,WO-006874,CUST01083,04/05/2026,"NGN160,234.05",NGN 12017.55,NGN 172251.60,NGN,UNPAID
INV-006072,WO-006875,CUST02375,20/11/2025,22150.64,"NGN1,661.30","NGN23,811.94",NGN,paid
INV-006073,WO-006877,CUST00838,2025-12-31 00:25:17,NGN 16950.00,NGN 1271.25,NGN 18221.25,NGN,paid
INV-006074,WO-006878,CUST00823,1732672304000,NGN 122674.55,"NGN9,200.59","NGN131,875.14",NGN,paid
INV-006075,WO-006879,CUST01019,29/11/2024,186622.20,13996.67,NGN 200618.87,NGN,paid
INV-006076,WO-006880,CUST00419,2024-10-02 15:18:17,NGN 191284.73,"NGN14,346.36",205631.09,NGN,unpaid
INV-006077,WO-006882,CUST00151,01/09/2026,"NGN236,797.50","17,759.81","NGN254,557.31",NGN,paid
INV-006078,WO-006883,CUST00489,05/05/2026,1095556.04,"NGN82,166.70","NGN1,177,722.74",NGN,written_off
INV-006079,WO-006885,CUST00248,2026-08-10 10:41:36,6790.00,NGN 509.25,NGN 7299.25,NGN,paid
INV-006080,WO-006886,CUST00830,2025-11-26 03:51:22,"612,384.64",NGN 45928.85,NGN 658313.49,NGN,PAID
INV-006081,WO-006887,CUST02366,2026-02-26 14:27:46,232591.96,"NGN17,444.40","250,036.36",NGN,paid
INV-006082,WO-006888,CUST01108,2025-10-25 07:58:57,315064.77,"NGN23,629.86",NGN 338694.63,NGN,unpaid
INV-006083,WO-006889,CUST00029,1780445591000,NGN 1213944.60,"91,045.85",NGN 1304990.45,NGN,paid
INV-006084,WO-006891,CUST01001,01/10/2025,NGN 1495875.01,"112,190.63","NGN1,608,065.64",NGN,paid
INV-006085,WO-006892,CUST01011,06/06/2025,"NGN24,600.00",1845.00,"26,445.00",NGN,PAID
INV-006086,WO-006893,CUST00658,16/07/2026,NGN 227286.64,17046.50,"NGN244,333.14",NGN,UNPAID
INV-006087,WO-006894,CUST00759,1732935056000,200373.56,15028.02,NGN 215401.58,NGN,unpaid
INV-006088,WO-006896,CUST01053,21/04/2025,12460.00,934.50,"NGN13,394.50",NGN,PAID
INV-006089,WO-006897,CUST01019,1757989495000,160239.12,"NGN12,017.93",NGN 172257.05,NGN,PAID
INV-006090,WO-006898,CUST00533,1734754988000,NGN 447318.13,33548.86,"480,866.99",NGN,paid
INV-006091,WO-006899,CUST00037,2026-04-17 07:20:09,469418.15,"NGN35,206.36",504624.51,NGN,PAID
INV-006092,WO-006900,CUST01164,2026-07-03 04:09:32,"529,850.53",NGN 39738.79,"NGN569,589.32",NGN,unpaid
INV-006093,WO-006901,CUST00545,1733618653000,"NGN41,550.00",3116.25,44666.25,NGN,UNPAID
INV-006094,WO-006902,CUST00347,2025-10-21 23:00:16,1244707.10,"93,353.03",1338060.13,NGN,PAID
INV-006095,WO-006903,CUST00523,1746080219000,1672526.37,"125,439.48",NGN 1797965.85,NGN,paid
INV-006096,WO-006904,CUST00598,2025-04-23 15:21:27,"355,971.19",26697.84,NGN 382669.03,ngn,PAID
INV-006097,WO-006905,CUST00823,1733401273000,"28,440.00",2133.00,"30,573.00",NGN,UNPAID
INV-006098,WO-006906,CUST00888,27/06/2026,"124,945.61",9370.92,134316.53,NGN,PAID
INV-006099,WO-006908,CUST00500,1756378908000,NGN 271633.83,20372.54,"292,006.37",NGN,paid
INV-006100,WO-006909,CUST00056,2025-03-15 07:01:48,"NGN654,934.95","49,120.12",NGN 704055.07,ngn,paid
INV-006101,WO-006911,CUST00952,1744591426000,"252,291.51","18,921.86",NGN 271213.37,NGN,PAID
INV-006102,WO-006912,CUST00904,17/08/2026,"NGN1,323,020.33",99226.52,1422246.85,ngn,PAID
INV-006103,WO-006913,CUST00180,1760193139000,NGN 971065.46,"72,829.91","1,043,895.37",NGN,partial
INV-006104,WO-006914,CUST00878,1772478444000,"491,603.63","36,870.27","528,473.90",NGN,PAID
INV-006105,WO-006915,CUST01128,2025-03-06 03:05:02,NGN 404326.76,NGN 30324.51,"NGN434,651.27",NGN,PAID
INV-006106,WO-006916,CUST00680,18/12/2024,"NGN166,486.21",12486.47,178972.68,NGN,paid
INV-006107,WO-006917,CUST00520,1771567797000,NGN 510953.07,"NGN38,321.48",NGN 549274.55,NGN,paid
INV-006108,WO-006918,CUST00941,2026-07-18 03:47:05,"11,340.00",850.50,NGN 12190.50,NGN,paid
INV-006109,WO-006919,CUST00537,2026-08-05 12:28:54,"6,950.00",521.25,"7,471.25",NGN,PAID
INV-006110,WO-006920,CUST00015,05/12/2024,6100.00,457.50,"6,557.50",ngn,paid
INV-006111,WO-006921,CUST00447,1750610072000,"9,975.00",NGN 748.12,NGN 10723.12,NGN,PAID
INV-006112,WO-006922,CUST00717,17/09/2025,"2,850.00",NGN213.75,3063.75,NGN,paid
INV-006113,WO-006924,CUST00621,2025-01-12 22:31:03,NGN 131112.09,9833.41,"140,945.50",NGN,partial
INV-006114,WO-006925,CUST00138,1770468646000,2150.00,161.25,2311.25,NGN,paid
INV-006115,WO-006926,CUST00388,06/11/2024,"82,598.70","6,194.90",88793.60,NGN,partial
INV-006116,WO-006928,CUST01000,2025-11-26 21:18:29,"615,760.41",46182.03,NGN 661942.44,NGN,paid
INV-006117,WO-006929,CUST01092,1753981682000,"276,451.63","20,733.87",297185.50,ngn,paid
INV-006118,WO-006930,CUST00961,2024-11-30 04:32:24,116137.73,8710.33,"NGN124,848.06",NGN,unpaid
INV-006119,WO-006931,CUST00881,23/05/2025,"193,597.66",NGN 14519.82,NGN 208117.48,NGN,written_off
INV-006120,WO-006932,CUST00730,1728065535000,"NGN84,980.00",6373.50,"91,353.50",NGN,paid
INV-006121,WO-006933,CUST00828,23/07/2025,1202326.74,"90,174.51","NGN1,292,501.25",NGN,paid
INV-006122,WO-006934,CUST00999,1747814855000,"NGN13,850.00","NGN1,038.75","14,888.75",NGN,paid
INV-006123,WO-006935,CUST00538,2025-05-04 16:52:33,"119,830.92",8987.32,"NGN128,818.24",NGN,PAID
INV-006124,WO-006936,CUST00319,1744235340000,73961.43,"NGN5,547.11",NGN 79508.54,NGN,PAID
INV-006125,WO-006938,CUST00532,26/08/2026,"5,500.00",412.50,"5,912.50",NGN,partial
INV-006126,WO-006939,CUST00610,2024-10-21 17:54:06,130813.44,"NGN9,811.01",NGN 140624.45,NGN,PAID
INV-006127,WO-006940,CUST00900,2025-09-03 23:16:51,"NGN203,063.13","NGN15,229.73","218,292.86",NGN,unpaid
INV-006128,WO-006941,CUST00590,21/02/2025,"NGN1,318,780.32",NGN 98908.52,"NGN1,417,688.84",NGN,partial
INV-006129,WO-006942,CUST00918,1751176243000,449969.85,33747.74,NGN 483717.59,NGN,paid
INV-006130,WO-006943,CUST00485,2026-07-26 18:14:55,"145,302.54","10,897.69",156200.23,NGN,paid
INV-006131,WO-006944,CUST00168,10/05/2026,"NGN136,064.79","NGN10,204.86","NGN146,269.65",NGN,partial
INV-006132,WO-006945,CUST02326,1730548722000,"324,959.26","24,371.94","NGN349,331.20",NGN,UNPAID
INV-006133,WO-006946,CUST00485,2025-05-31 18:31:31,"981,201.56","73,590.12","1,054,791.68",NGN,PAID
INV-006134,WO-006947,CUST00814,29/07/2026,"281,023.66",21076.77,NGN 302100.43,ngn,partial
INV-006135,WO-006948,CUST00257,2025-08-01 22:08:35,"NGN368,174.07",27613.06,"395,787.13",ngn,partial
INV-006136,WO-006949,CUST01143,18/03/2025,"830,036.21","62,252.72","NGN892,288.93",NGN,paid
INV-006137,WO-006950,CUST00474,30/04/2025,NGN 11070.00,NGN830.25,"11,900.25",NGN,PAID
INV-006138,WO-006951,CUST00675,29/09/2024,"NGN375,145.72","NGN28,135.93",NGN 403281.65,NGN,paid
INV-006139,WO-006953,CUST00423,1732001453000,"295,521.93","NGN22,164.15","317,686.08",NGN,PAID
INV-006140,WO-006954,CUST00095,15/04/2025,NGN 524098.87,39307.41,"563,406.28",NGN,unpaid
INV-006141,WO-006956,CUST00206,2026-08-22 01:03:35,"NGN835,686.63","62,676.50","898,363.13",NGN,written_off
INV-006142,WO-006957,CUST00549,1788364865000,NGN 976144.79,"73,210.86",NGN 1049355.65,ngn,paid
INV-006143,WO-006958,CUST01172,2026-08-17 15:43:15,"NGN97,821.97","7,336.65",NGN 105158.62,NGN,partial
INV-006144,WO-006960,CUST00946,2025-11-26 03:58:10,"NGN751,179.67",NGN 56338.47,NGN 807518.14,NGN,paid
INV-006145,WO-006961,CUST00017,1776601426000,"NGN317,104.65","23,782.85",NGN 340887.50,NGN,paid
INV-006146,WO-006962,CUST00179,23/03/2025,"NGN30,525.00","2,289.38",NGN 32814.38,NGN,partial
INV-006147,WO-006963,CUST00846,23/03/2026,"NGN136,811.36",NGN 10260.85,NGN 147072.21,NGN,paid
INV-006148,WO-006965,CUST00548,1761282667000,"NGN1,244,862.14",93364.66,1338226.80,NGN,UNPAID
INV-006149,WO-006966,CUST00968,2026-08-28 14:49:19,"813,648.74",NGN 61023.66,"874,672.40",NGN,paid
INV-006150,WO-006968,CUST00670,2026-03-21 06:04:18,"NGN24,120.00","NGN1,809.00","25,929.00",ngn,paid
INV-006151,WO-006969,CUST00209,2026-05-30 00:11:53,966670.51,"72,500.29","NGN1,039,170.80",ngn,PAID
INV-006152,WO-006970,CUST00751,2025-02-21 22:07:03,"NGN75,800.00",NGN 5685.00,81485.00,ngn,paid
INV-006153,WO-006972,CUST00686,1752921563000,4275.00,320.62,4595.62,NGN,unpaid
INV-006154,WO-006973,CUST01020,04/07/2026,"565,299.88","NGN42,397.49",NGN 607697.37,NGN,paid
INV-006155,WO-006974,CUST01091,21/01/2026,NGN 952181.67,"NGN71,413.63","1,023,595.30",ngn,PAID
INV-006156,WO-006975,CUST00031,2025-07-16 06:34:53,"1,332,141.77",NGN 99910.63,"NGN1,432,052.40",NGN,paid
INV-006157,WO-006976,CUST00880,2026-02-06 23:01:17,NGN 74561.43,"5,592.11",NGN 80153.54,NGN,paid
INV-006158,WO-006977,CUST00150,15/02/2025,4340.00,325.50,"NGN4,665.50",NGN,written_off
INV-006159,WO-006978,CUST00065,20/12/2025,46440.00,3483.00,NGN 49923.00,NGN,paid
INV-006160,WO-006979,CUST00071,1785611900000,98110.23,NGN 7358.27,"NGN105,468.50",NGN,paid
INV-006161,WO-006980,CUST00736,12/11/2024,"371,994.13",NGN 27899.56,"399,893.69",NGN,partial
INV-006162,WO-006981,CUST00427,31/05/2025,"NGN881,172.44","66,087.93",NGN 947260.37,NGN,paid
INV-006163,WO-006982,CUST01137,2026-04-14 21:49:45,16650.00,NGN 1248.75,17898.75,ngn,paid
INV-006164,WO-006983,CUST00297,2025-09-22 16:25:22,"769,770.47","NGN57,732.79",NGN 827503.26,ngn,paid
INV-006165,WO-006984,CUST00454,2025-01-19 06:18:57,NGN 551801.56,41385.12,"NGN593,186.68",NGN,paid
INV-006166,WO-006985,CUST00875,1780899511000,NGN 813345.42,"61,000.91","874,346.33",NGN,paid
INV-006167,WO-006986,CUST01056,2025-03-16 12:15:16,NGN 5250.00,393.75,"NGN5,643.75",NGN,paid
INV-006168,WO-006988,CUST02060,2025-03-25 11:04:25,"NGN114,206.75",8565.51,"122,772.26",NGN,paid
INV-006169,WO-006989,CUST00210,1774899033000,"NGN1,177,633.45",NGN 88322.51,1265955.96,ngn,paid
INV-006170,WO-006990,CUST00617,2025-08-26 10:13:59,NGN 301246.11,"22,593.46","323,839.57",ngn,paid
INV-006171,WO-006991,CUST00664,2025-11-17 17:35:21,"NGN4,950.00",NGN 371.25,NGN 5321.25,NGN,paid
INV-006172,WO-006992,CUST00194,1737877142000,959013.96,NGN 71926.05,"NGN1,030,940.01",NGN,paid
INV-006173,WO-006993,CUST00388,16/05/2026,176868.83,13265.16,"NGN190,133.99",NGN,unpaid
INV-006174,WO-006994,CUST00628,1728718203000,"NGN791,924.85",NGN 59394.36,"NGN851,319.21",NGN,PAID
INV-006175,WO-006995,CUST00384,2025-06-10 19:00:48,"NGN633,228.63",47492.15,680720.78,NGN,PAID
INV-006176,WO-006996,CUST00087,1773643825000,953717.47,NGN 71528.81,1025246.28,NGN,partial
INV-006177,WO-006997,CUST00074,2024-09-30 06:21:53,"24,375.00","1,828.12","NGN26,203.12",NGN,PAID
INV-006178,WO-006998,CUST00086,14/08/2025,"NGN129,322.09",NGN 9699.16,"NGN139,021.25",NGN,paid
INV-006179,WO-007001,CUST00251,2026-06-19 05:56:59,NGN 4550.00,NGN341.25,4891.25,NGN,paid
INV-006180,WO-007002,CUST01192,01/12/2025,6450.00,NGN483.75,"NGN6,933.75",NGN,PAID
INV-006181,WO-007003,CUST00093,04/12/2025,NGN 364589.64,"27,344.22",391933.86,NGN,paid
INV-006182,WO-007004,CUST00935,1747596867000,"94,778.20","7,108.36",NGN 101886.56,NGN,PAID
INV-006183,WO-007005,CUST00291,1775551105000,"26,750.00",NGN 2006.25,NGN 28756.25,NGN,PAID
INV-006184,WO-007006,CUST01036,09/10/2025,"18,270.00","1,370.25",19640.25,NGN,unpaid
INV-006185,WO-007007,CUST00812,1753018016000,877131.89,NGN 65784.89,"NGN942,916.78",NGN,PAID
INV-006186,WO-007008,CUST00757,19/02/2025,"NGN934,598.14",NGN 70094.86,"NGN1,004,693.00",NGN,paid
INV-006187,WO-007009,CUST00789,1754279330000,781441.71,NGN 58608.13,NGN 840049.84,NGN,paid
INV-006188,WO-007010,CUST00335,1763433296000,"595,135.81",44635.19,"NGN639,771.00",NGN,paid
INV-006189,WO-007011,CUST00365,1748815903000,"NGN131,866.23","NGN9,889.97","141,756.20",NGN,unpaid
INV-006190,WO-007012,CUST00675,1766192096000,12787.18,NGN959.04,NGN 13746.22,NGN,paid
INV-006191,WO-007013,CUST00084,1769566724000,NGN 312408.83,23430.66,"NGN335,839.49",NGN,paid
INV-006192,WO-007015,CUST01188,1783868195000,"NGN100,819.98",7561.50,108381.48,NGN,paid
INV-006193,WO-007016,CUST00421,2025-10-31 22:47:57,"NGN15,000.00","NGN1,125.00","NGN16,125.00",NGN,paid
INV-006194,WO-007017,CUST00106,1753558772000,460727.83,34554.59,495282.42,NGN,PAID
INV-006195,WO-007019,CUST02225,2025-12-01 16:06:36,"NGN754,644.70","56,598.35",NGN 811243.05,NGN,unpaid
INV-006196,WO-007020,CUST00384,2026-03-22 21:21:32,432439.06,32432.93,"NGN464,871.99",NGN,paid
INV-006197,WO-007021,CUST00170,2025-09-15 07:49:33,"NGN610,389.50",NGN 45779.21,"656,168.71",NGN,paid
INV-006198,WO-007022,CUST00838,13/12/2025,632629.96,47447.25,"680,077.21",NGN,paid
INV-006199,WO-007023,CUST00112,2025-07-23 21:11:06,"216,309.80","16,223.23","232,533.03",NGN,paid
INV-006200,WO-007024,CUST00913,2025-03-20 23:33:14,NGN 488804.92,"36,660.37",NGN 525465.29,NGN,unpaid
INV-006201,WO-007025,CUST01144,26/05/2026,"685,885.29",51441.40,NGN 737326.69,NGN,paid
INV-006202,WO-007026,CUST00020,1755126321000,"759,710.29","NGN56,978.27",816688.56,NGN,paid
INV-006203,WO-007027,CUST01064,1727500045000,"21,845.64","NGN1,638.42","NGN23,484.06",NGN,paid
INV-006204,WO-007028,CUST00569,2025-07-01 04:40:34,"NGN302,667.32","NGN22,700.05",325367.37,NGN,paid
INV-006205,WO-007029,CUST00002,18/09/2025,298605.56,NGN 22395.42,321000.98,NGN,unpaid
INV-006206,WO-007031,CUST00543,2024-12-27 09:38:52,252019.48,18901.46,"270,920.94",NGN,UNPAID
INV-006207,WO-007032,CUST00627,2025-08-03 01:47:07,NGN 272991.72,NGN 20474.38,"293,466.10",NGN,paid
INV-006208,WO-007033,CUST00007,2025-10-13 19:34:59,296932.05,"22,269.90","NGN319,201.95",NGN,paid
INV-006209,WO-007034,CUST01883,1779276205000,68390.00,NGN 5129.25,"NGN73,519.25",NGN,paid
INV-006210,WO-007035,CUST01107,2025-03-29 18:27:52,"NGN182,166.28","13,662.47","195,828.75",NGN,PAID
INV-006211,WO-007036,CUST00138,2026-07-30 01:46:53,"10,475.00",785.63,"11,260.63",NGN,unpaid
INV-006212,WO-007037,CUST00399,1758839867000,699993.43,52499.51,752492.94,NGN,PAID
INV-006213,WO-007038,CUST01125,2025-12-15 11:59:52,"1,137,173.27","85,287.99","1,222,461.26",NGN,paid
INV-006214,WO-007039,CUST02324,27/01/2025,"387,980.10","29,098.51",417078.61,NGN,partial
INV-006215,WO-007040,CUST00930,29/09/2025,"NGN62,065.58",NGN 4654.92,"NGN66,720.50",NGN,UNPAID
INV-006216,WO-007041,CUST01113,2025-03-23 12:35:00,NGN 429999.82,"NGN32,249.99",462249.81,NGN,unpaid
INV-006217,WO-007042,CUST00411,16/07/2025,NGN 280512.98,NGN 21038.47,"301,551.45",NGN,paid
INV-006218,WO-007043,CUST01011,2026-02-15 01:32:08,"194,602.07","14,595.16",209197.23,NGN,unpaid
INV-006219,WO-007044,CUST00925,27/09/2025,"NGN16,850.00",NGN 1263.75,18113.75,NGN,paid
INV-006220,WO-007045,CUST01175,28/11/2025,"NGN358,788.07",NGN 26909.11,385697.18,NGN,paid
INV-006221,WO-007046,CUST00933,1759299878000,"NGN1,037,786.91","77,834.02","1,115,620.93",NGN,paid
INV-006222,WO-007047,CUST00123,05/06/2026,"NGN449,313.63","33,698.52",NGN 483012.15,NGN,paid
INV-006223,WO-007048,CUST00458,23/05/2025,NGN 965002.73,"72,375.21","NGN1,037,377.94",NGN,UNPAID
INV-006224,WO-007050,CUST00441,2025-06-28 01:27:25,"266,277.24","NGN19,970.79",286248.03,NGN,unpaid
INV-006225,WO-007051,CUST00823,21/12/2024,"615,818.36",46186.38,"662,004.74",NGN,UNPAID
INV-006226,WO-007053,CUST00686,01/09/2025,"127,270.96",9545.32,NGN 136816.28,NGN,PAID
INV-006227,WO-007054,CUST01159,1732464695000,"NGN1,242,628.07","NGN93,197.11","NGN1,335,825.18",NGN,paid
INV-006228,WO-007055,CUST00153,1784213471000,707097.14,"NGN53,032.29",760129.43,NGN,partial
INV-006229,WO-007056,CUST00015,2025-02-06 12:40:49,NGN 392228.83,"NGN29,417.16","421,645.99",NGN,paid
INV-006230,WO-007057,CUST00911,01/07/2025,"45,327.45","NGN3,399.56","48,727.01",NGN,unpaid
INV-006231,WO-007058,CUST00506,1779598300000,NGN 63465.58,"4,759.92",NGN 68225.50,ngn,PAID
INV-006232,WO-007059,CUST00098,1732123738000,484143.46,36310.76,"520,454.22",NGN,paid
INV-006233,WO-007061,CUST00335,24/10/2025,"NGN1,083,641.01","NGN81,273.08","1,164,914.09",NGN,PAID
INV-006234,WO-007062,CUST00707,1737868658000,273908.47,NGN 20543.14,"294,451.61",NGN,paid
INV-006235,WO-007063,CUST00698,03/04/2026,"968,403.13",NGN 72630.24,"NGN1,041,033.37",NGN,paid
INV-006236,WO-007064,CUST00193,2025-11-03 07:03:04,"235,017.75","17,626.33","NGN252,644.08",NGN,PAID
INV-006237,WO-007065,CUST00253,2025-07-30 12:14:37,"11,550.00",NGN 866.25,12416.25,NGN,PAID
INV-006238,WO-007067,CUST01157,1749145767000,430703.18,"NGN32,302.74","NGN463,005.92",NGN,paid
INV-006239,WO-007068,CUST01604,2026-02-27 22:02:56,"26,700.00","NGN2,002.50","28,702.50",NGN,PAID
INV-006240,WO-007069,CUST00387,2026-08-22 08:58:15,"NGN496,328.17","NGN37,224.61",533552.78,NGN,PAID
INV-006241,WO-007070,CUST00136,1769295956000,5600.00,NGN420.00,"6,020.00",NGN,partial
INV-006242,WO-007071,CUST02017,1766951206000,348280.24,"NGN26,121.02",NGN 374401.26,NGN,paid
INV-006243,WO-007072,CUST00474,1770069212000,"NGN135,864.08","NGN10,189.81",NGN 146053.89,NGN,paid
INV-006244,WO-007073,CUST00264,29/11/2025,"NGN18,249.39","NGN1,368.70",19618.09,NGN,UNPAID
INV-006245,WO-007074,CUST00241,2026-01-30 17:30:00,NGN 1078604.50,80895.34,"1,159,499.84",NGN,partial
INV-006246,WO-007075,CUST01013,2026-04-20 07:38:29,"1,021,757.55",76631.82,"NGN1,098,389.37",NGN,PAID
INV-006247,WO-007076,CUST00742,2024-12-19 20:22:59,"NGN382,160.06",NGN 28662.00,410822.06,NGN,UNPAID
INV-006248,WO-007078,CUST00558,2025-09-07 12:51:04,NGN 1381924.03,NGN 103644.30,1485568.33,ngn,paid
INV-006249,WO-007079,CUST00511,1785735006000,NGN 705770.91,NGN 52932.82,758703.73,NGN,paid
INV-006250,WO-007080,CUST01148,2026-03-02 03:18:14,NGN 319698.06,"23,977.35","343,675.41",NGN,paid
INV-006251,WO-007081,CUST00544,18/08/2026,"535,707.25","40,178.04",575885.29,ngn,PAID
INV-006252,WO-007082,CUST00572,03/07/2025,37533.41,"NGN2,815.01",40348.42,NGN,paid
INV-006253,WO-007083,CUST00760,01/09/2026,"594,802.17","44,610.16",NGN 639412.33,NGN,paid
INV-006254,WO-007084,CUST01135,2026-03-17 02:54:29,NGN 141704.99,"NGN10,627.87",NGN 152332.86,NGN,PAID
INV-006255,WO-007085,CUST00946,2025-08-18 19:17:14,NGN 301047.18,22578.54,NGN 323625.72,NGN,paid
INV-006256,WO-007086,CUST00072,04/11/2024,"282,120.72",21159.05,"303,279.77",NGN,paid
INV-006257,WO-007087,CUST00395,2024-09-15 22:24:38,NGN 3400.00,NGN255.00,"NGN3,655.00",NGN,written_off
INV-006258,WO-007088,CUST00427,1770494660000,"NGN812,763.77",NGN 60957.28,"873,721.05",NGN,partial
INV-006259,WO-007089,CUST00119,1761452285000,NGN 896703.32,"NGN67,252.75",963956.07,NGN,paid
INV-006260,WO-007091,CUST00268,18/05/2026,"174,712.84","13,103.46",NGN 187816.30,NGN,paid
INV-006261,WO-007092,CUST00241,2026-01-05 06:47:35,"NGN112,905.06",8467.88,NGN 121372.94,ngn,partial
INV-006262,WO-007093,CUST01064,14/02/2026,"19,350.00",NGN 1451.25,20801.25,NGN,PAID
INV-006263,WO-007094,CUST00078,10/06/2025,74949.96,NGN 5621.25,"NGN80,571.21",ngn,partial
INV-006264,WO-007096,CUST00173,28/04/2025,"736,139.77",55210.48,"NGN791,350.25",NGN,paid
INV-006265,WO-007097,CUST00725,2024-10-11 03:57:34,487141.95,"36,535.65","523,677.60",ngn,paid
INV-006266,WO-007098,CUST00085,1753069017000,425416.33,31906.23,"NGN457,322.56",ngn,paid
INV-006267,WO-007099,CUST00557,1773074724000,"940,443.67","NGN70,533.27",1010976.94,ngn,unpaid
INV-006268,WO-007100,CUST00629,16/08/2026,"281,517.08","21,113.78","NGN302,630.86",NGN,PAID
INV-006269,WO-007101,CUST00128,2026-04-29 06:33:12,NGN 235639.90,NGN 17672.99,NGN 253312.89,NGN,unpaid
INV-006270,WO-007102,CUST00066,2026-08-02 17:47:31,"388,428.04",29132.10,NGN 417560.14,NGN,UNPAID
INV-006271,WO-007103,CUST00245,1786926783000,278555.62,NGN 20891.67,"NGN299,447.29",NGN,paid
INV-006272,WO-007104,CUST00120,13/12/2025,"537,816.66","40,336.25",NGN 578152.91,NGN,PAID
INV-006273,WO-007105,CUST00053,2025-05-15 03:20:15,596458.65,NGN 44734.40,"NGN641,193.05",NGN,written_off
INV-006274,WO-007106,CUST01113,1781520890000,"NGN62,289.36","NGN4,671.70",NGN 66961.06,NGN,paid
INV-006275,WO-007107,CUST01054,05/07/2025,617261.92,"46,294.64",663556.56,NGN,paid
INV-006276,WO-007108,CUST00802,1749230606000,"NGN326,318.60",24473.89,"350,792.49",NGN,unpaid
INV-006277,WO-007109,CUST01837,2025-11-22 13:55:23,978156.16,NGN 73361.71,"1,051,517.87",NGN,partial
INV-006278,WO-007110,CUST02324,2025-08-13 22:56:06,"NGN245,331.36","18,399.85",NGN 263731.21,ngn,PAID
INV-006279,WO-007111,CUST00748,1760011613000,NGN 591715.57,"44,378.67",NGN 636094.24,NGN,paid
INV-006280,WO-007112,CUST00748,1759123097000,"9,345.00",700.88,10045.88,NGN,unpaid
INV-006281,WO-007113,CUST00098,1756211834000,"NGN349,682.27",26226.17,375908.44,NGN,paid
INV-006282,WO-007114,CUST00002,2025-02-15 13:22:14,NGN 185865.52,"NGN13,939.91",199805.43,NGN,PAID
INV-006283,WO-007115,CUST00676,14/11/2024,NGN 632992.79,NGN 47474.46,NGN 680467.25,NGN,paid
INV-006284,WO-007116,CUST00157,2026-08-06 07:26:11,"NGN688,068.75","NGN51,605.16","739,673.91",NGN,UNPAID
INV-006285,WO-007117,CUST01027,1774966502000,"NGN2,325.00",NGN174.38,2499.38,NGN,partial
INV-006286,WO-007118,CUST00902,2025-11-27 23:37:30,"NGN431,718.48",NGN 32378.89,"NGN464,097.37",NGN,UNPAID
INV-006287,WO-007119,CUST00622,08/11/2025,"NGN281,827.33","21,137.05","302,964.38",NGN,paid
INV-006288,WO-007120,CUST01267,2026-06-09 18:01:05,2700.00,NGN202.50,2902.50,NGN,paid
INV-006289,WO-007122,CUST00267,1766409148000,NGN 33840.00,"NGN2,538.00","36,378.00",NGN,partial
INV-006290,WO-007123,CUST00649,1774842701000,"221,417.34","16,606.30","238,023.64",NGN,paid
INV-006291,WO-007124,CUST00660,2025-07-30 10:53:00,218540.26,NGN 16390.52,234930.78,NGN,PAID
INV-006292,WO-007126,CUST00705,2025-12-20 15:56:01,"NGN511,820.44",38386.53,"NGN550,206.97",NGN,PAID
INV-006293,WO-007127,CUST01086,1729377476000,"221,056.91",16579.27,237636.18,NGN,unpaid
INV-006294,WO-007128,CUST00691,18/03/2026,NGN 588000.13,"NGN44,100.01","NGN632,100.14",NGN,PAID
INV-006295,WO-007129,CUST01173,1767973376000,"NGN9,125.00",684.38,NGN 9809.38,NGN,paid
INV-006296,WO-007130,CUST00311,2026-07-11 17:50:30,"NGN1,012,368.31",NGN 75927.62,"NGN1,088,295.93",NGN,paid
INV-006297,WO-007131,CUST00445,11/09/2025,NGN 725435.39,NGN 54407.65,779843.04,NGN,paid
INV-006298,WO-007132,CUST00876,2025-10-22 03:46:55,NGN 192620.11,14446.51,NGN 207066.62,NGN,paid
INV-006299,WO-007133,CUST00337,1726394625000,22860.00,"1,714.50",24574.50,NGN,UNPAID
INV-006300,WO-007134,CUST00563,1733995363000,"941,342.81",NGN 70600.71,NGN 1011943.52,NGN,partial
INV-006301,WO-007135,CUST00917,1742518204000,NGN 4450.00,333.75,"4,783.75",NGN,unpaid
INV-006302,WO-007136,CUST00561,1783987811000,17250.00,"NGN1,293.75","NGN18,543.75",NGN,PAID
INV-006303,WO-007137,CUST00797,1759985531000,NGN 352722.12,NGN 26454.16,NGN 379176.28,NGN,partial
INV-006304,WO-007138,CUST00690,2025-05-29 07:49:31,"491,104.02",36832.80,"527,936.82",NGN,unpaid
INV-006305,WO-007139,CUST01110,1745276075000,"NGN34,983.06",NGN 2623.73,NGN 37606.79,NGN,written_off
INV-006306,WO-007140,CUST00054,1750002832000,"NGN215,006.79","NGN16,125.51",231132.30,NGN,PAID
INV-006307,WO-007141,CUST00162,24/12/2024,"285,420.72","NGN21,406.55","306,827.27",NGN,paid
INV-006308,WO-007142,CUST01005,2024-11-13 11:47:53,681649.13,51123.69,"732,772.82",NGN,PAID
INV-006309,WO-007143,CUST00296,2024-10-24 08:03:15,"960,570.02",72042.75,1032612.77,NGN,PAID
INV-006310,WO-007144,CUST00654,03/12/2024,"1,134,447.66",NGN 85083.57,"NGN1,219,531.23",NGN,paid
INV-006311,WO-007145,CUST00217,1747826315000,"NGN1,017,354.40",76301.58,NGN 1093655.98,NGN,paid
INV-006312,WO-007146,CUST00236,26/01/2025,NGN 30780.00,NGN 2308.50,33088.50,NGN,partial
INV-006313,WO-007148,CUST00971,24/05/2025,NGN 254844.90,19113.37,NGN 273958.27,NGN,unpaid
INV-006314,WO-007149,CUST00086,1745310579000,1421908.90,"NGN106,643.17",NGN 1528552.07,NGN,partial
INV-006315,WO-007150,CUST00066,2024-09-29 19:16:42,NGN 536346.75,NGN 40226.01,NGN 576572.76,NGN,partial
INV-006316,WO-007151,CUST01039,1770880746000,5700.00,427.50,6127.50,NGN,paid
INV-006317,WO-007152,CUST00677,2024-12-27 19:13:04,NGN 538421.74,"NGN40,381.63",NGN 578803.37,NGN,PAID
INV-006318,WO-007153,CUST01848,2025-05-31 09:51:41,NGN 33120.97,"NGN2,484.07",NGN 35605.04,NGN,PAID
INV-006319,WO-007154,CUST00138,05/08/2025,"NGN437,444.49",32808.34,470252.83,NGN,paid
INV-006320,WO-007155,CUST00556,2024-11-28 10:04:39,"NGN304,212.57","22,815.94","327,028.51",NGN,unpaid
INV-006321,WO-007156,CUST00780,25/01/2025,"NGN1,208,099.93",90607.49,"1,298,707.42",NGN,PAID
INV-006322,WO-007157,CUST00099,08/01/2025,"96,213.21","NGN7,215.99",NGN 103429.20,NGN,paid
INV-006323,WO-007158,CUST00687,2025-04-28 13:24:34,"30,594.68","NGN2,294.60","32,889.28",NGN,unpaid
INV-006324,WO-007159,CUST00418,2025-04-15 07:26:35,"NGN5,450.00",408.75,NGN 5858.75,NGN,paid
INV-006325,WO-007160,CUST01165,15/11/2025,1375.00,103.12,NGN 1478.12,NGN,PAID
INV-006326,WO-007161,CUST00242,1785984885000,NGN 559511.42,NGN 41963.36,"NGN601,474.78",NGN,partial
INV-006327,WO-007162,CUST00342,2025-01-26 18:42:27,NGN 481112.97,36083.47,517196.44,NGN,paid
INV-006328,WO-007163,CUST00241,2025-05-02 18:17:48,391996.41,29399.73,421396.14,NGN,PAID
INV-006329,WO-007165,CUST00292,04/03/2026,68668.45,"5,150.13","NGN73,818.58",NGN,UNPAID
INV-006330,WO-007166,CUST01126,2025-02-25 14:19:32,NGN 708103.34,53107.75,"NGN761,211.09",ngn,partial
INV-006331,WO-007167,CUST01960,2026-03-18 15:38:21,"259,767.42","19,482.56","NGN279,249.98",NGN,UNPAID
INV-006332,WO-007168,CUST00232,1726968349000,1007404.38,75555.33,NGN 1082959.71,NGN,written_off
INV-006333,WO-007170,CUST00420,2026-04-09 03:00:15,27150.00,"NGN2,036.25",29186.25,ngn,partial
INV-006334,WO-007171,CUST00010,2026-01-14 06:59:44,NGN 691400.58,"51,855.04",743255.62,NGN,partial
INV-006335,WO-007172,CUST00353,1771141534000,"491,598.64","36,869.90",NGN 528468.54,NGN,paid
INV-006336,WO-007173,CUST01012,2025-12-30 19:59:30,"NGN27,750.00",2081.25,"29,831.25",NGN,partial
INV-006337,WO-007174,CUST00183,06/07/2025,NGN 314098.84,"NGN23,557.41",NGN 337656.25,NGN,paid
INV-006338,WO-007175,CUST02334,30/09/2024,"155,803.85",11685.29,"167,489.14",NGN,UNPAID
INV-006339,WO-007176,CUST01283,1737652888000,NGN 286871.90,"21,515.39","308,387.29",NGN,paid
INV-006340,WO-007178,CUST00253,2024-10-24 03:03:12,NGN 265532.70,NGN 19914.95,"285,447.65",NGN,PAID
INV-006341,WO-007179,CUST00086,2025-01-07 23:36:00,303389.93,"NGN22,754.24","326,144.17",NGN,unpaid
INV-006342,WO-007180,CUST00828,20/07/2025,NGN 936088.55,70206.64,NGN 1006295.19,NGN,paid
INV-006343,WO-007181,CUST00911,2025-10-02 14:33:28,22046.73,NGN 1653.50,23700.23,NGN,UNPAID
INV-006344,WO-007182,CUST00744,17/04/2025,"NGN13,500.00",1012.50,"14,512.50",NGN,PAID
INV-006345,WO-007183,CUST00474,1760919494000,"184,922.39",13869.18,NGN 198791.57,NGN,paid
INV-006346,WO-007184,CUST00749,2025-11-06 01:06:42,"NGN756,118.76","56,708.91",NGN 812827.67,NGN,paid
INV-006347,WO-007185,CUST01111,06/05/2026,NGN 144950.00,"10,871.25","155,821.25",NGN,paid
INV-006348,WO-007186,CUST00525,19/09/2025,948917.75,"NGN71,168.83",1020086.58,NGN,unpaid
INV-006349,WO-007188,CUST01122,28/12/2025,"NGN11,850.00",NGN 888.75,NGN 12738.75,NGN,UNPAID
INV-006350,WO-007189,CUST02225,1745890138000,NGN 708611.35,53145.85,"761,757.20",ngn,paid
INV-006351,WO-007190,CUST00096,1755566155000,NGN 179907.33,NGN 13493.05,NGN 193400.38,NGN,paid
INV-006352,WO-007191,CUST00167,1756621043000,"694,970.56",52122.79,NGN 747093.35,NGN,PAID
INV-006353,WO-007192,CUST00587,2024-09-14 09:03:30,NGN 78977.82,"5,923.34","NGN84,901.16",NGN,paid
INV-006354,WO-007193,CUST01115,1728593660000,NGN 52924.08,"3,969.31","NGN56,893.39",NGN,PAID
INV-006355,WO-007194,CUST00093,1740969491000,"NGN9,350.00",NGN 701.25,10051.25,NGN,paid
INV-006356,WO-007196,CUST00456,11/11/2025,NGN 2032093.12,NGN 152406.98,"2,184,500.10",NGN,paid
INV-006357,WO-007198,CUST00339,16/11/2024,38815.00,2911.12,41726.12,ngn,PAID
INV-006358,WO-007199,CUST00209,28/04/2025,NGN 1058369.43,"NGN79,377.71",1137747.14,NGN,written_off
INV-006359,WO-007200,CUST00494,2026-08-28 13:27:42,131973.40,"9,898.00",141871.40,ngn,paid
INV-006360,WO-007201,CUST00311,1746125845000,NGN 577569.64,43317.72,"NGN620,887.36",NGN,paid
INV-006361,WO-007202,CUST00027,04/07/2025,NGN 94310.29,"NGN7,073.27","NGN101,383.56",NGN,paid
INV-006362,WO-007203,CUST00335,17/03/2025,"NGN171,974.12",12898.06,"184,872.18",NGN,paid
INV-006363,WO-007205,CUST00659,02/05/2025,"NGN1,792,266.68","NGN134,420.00","NGN1,926,686.68",NGN,PAID
INV-006364,WO-007206,CUST01076,1768862466000,345020.54,25876.54,"NGN370,897.08",NGN,unpaid
INV-006365,WO-007207,CUST01114,06/11/2024,"NGN425,485.54","NGN31,911.42",NGN 457396.96,NGN,partial
INV-006366,WO-007209,CUST00913,1756496987000,"NGN557,105.27",41782.89,"NGN598,888.16",NGN,paid
INV-006367,WO-007210,CUST00263,1743641895000,NGN 159782.20,"11,983.66","NGN171,765.86",NGN,PAID
INV-006368,WO-007211,CUST00852,1764933857000,NGN 453600.89,34020.07,NGN 487620.96,NGN,UNPAID
INV-006369,WO-007212,CUST00860,2026-07-07 19:59:13,"NGN962,512.60",72188.45,NGN 1034701.05,NGN,partial
INV-006370,WO-007213,CUST00714,1732538454000,NGN 575218.64,43141.40,"618,360.04",NGN,PAID
INV-006371,WO-007214,CUST00109,11/10/2025,"NGN7,380.00",NGN553.50,7933.50,NGN,partial
INV-006372,WO-007215,CUST00289,02/11/2025,79715.16,5978.64,"85,693.80",NGN,paid
INV-006373,WO-007217,CUST00941,1738639058000,NGN 794964.05,"NGN59,622.30",NGN 854586.35,NGN,unpaid
INV-006374,WO-007218,CUST00547,1783589640000,NGN 468127.89,35109.59,"503,237.48",NGN,UNPAID
INV-006375,WO-007219,CUST00746,2025-12-05 03:03:34,"NGN1,261,096.42",NGN 94582.23,1355678.65,NGN,paid
INV-006376,WO-007220,CUST00119,17/02/2025,147940.73,NGN 11095.56,159036.29,NGN,PAID
INV-006377,WO-007222,CUST00838,07/11/2024,"NGN199,507.57",14963.07,NGN 214470.64,NGN,unpaid
INV-006378,WO-007223,CUST00851,07/03/2026,202581.53,NGN 15193.62,217775.15,NGN,unpaid
INV-006379,WO-007224,CUST01090,23/02/2026,"NGN1,018,726.66",76404.50,"1,095,131.16",NGN,paid
INV-006380,WO-007225,CUST00639,2025-02-24 00:43:57,"NGN139,174.33","10,438.08",NGN 149612.41,NGN,paid
INV-006381,WO-007226,CUST00146,16/07/2025,NGN 616627.64,"46,247.07","NGN662,874.71",NGN,paid
INV-006382,WO-007227,CUST00081,2025-05-04 15:59:38,"NGN11,500.00",862.50,12362.50,NGN,unpaid
INV-006383,WO-007228,CUST00104,2026-02-18 18:44:04,"NGN886,299.30",66472.45,952771.75,ngn,paid
INV-006384,WO-007229,CUST00610,2025-10-29 17:48:21,NGN 1774365.71,"NGN133,077.43","NGN1,907,443.14",ngn,partial
INV-006385,WO-007230,CUST01178,1728311907000,"155,672.42",NGN 11675.43,"167,347.85",NGN,paid
INV-006386,WO-007231,CUST01071,1742009202000,"185,114.07","13,883.56",198997.63,NGN,partial
INV-006387,WO-007232,CUST00881,2026-03-10 11:46:15,75961.43,"NGN5,697.11","81,658.54",NGN,PAID
INV-006388,WO-007233,CUST00735,1760715209000,"812,284.49","60,921.34","873,205.83",NGN,paid
INV-006389,WO-007235,CUST01283,24/08/2025,NGN 139250.00,10443.75,NGN 149693.75,NGN,PAID
INV-006390,WO-007237,CUST00335,2024-11-21 07:31:44,"NGN610,749.27",45806.19,"NGN656,555.46",NGN,UNPAID
INV-006391,WO-007239,CUST00889,2024-11-17 12:30:54,128699.33,9652.45,"NGN138,351.78",ngn,unpaid
INV-006392,WO-007240,CUST00154,1730256316000,NGN 576717.19,"NGN43,253.79","NGN619,970.98",NGN,paid
INV-006393,WO-007241,CUST00114,1742001701000,NGN 315149.31,23636.20,NGN 338785.51,NGN,paid
INV-006394,WO-007242,CUST00380,1782976611000,NGN 40230.00,NGN 3017.25,"43,247.25",NGN,paid
INV-006395,WO-007243,CUST00150,2025-10-07 21:56:43,"53,350.00",4001.25,"NGN57,351.25",NGN,unpaid
INV-006396,WO-007244,CUST00257,2026-05-14 21:23:28,1350.00,101.25,NGN 1451.25,NGN,paid
INV-006397,WO-007245,CUST00503,24/03/2026,544178.72,40813.40,584992.12,NGN,paid
INV-006398,WO-007248,CUST00671,2024-11-21 02:57:17,452054.62,NGN 33904.10,485958.72,NGN,paid
INV-006399,WO-007249,CUST00223,2026-08-21 12:05:55,282081.74,NGN 21156.13,303237.87,NGN,UNPAID
INV-006400,WO-007250,CUST00850,1758290976000,NGN 52850.00,NGN 3963.75,56813.75,ngn,unpaid
INV-006401,WO-007251,CUST00919,24/06/2025,"NGN118,857.27",8914.29,"127,771.56",NGN,paid
INV-006402,WO-007252,CUST01538,1732025354000,116975.70,NGN 8773.18,125748.88,NGN,unpaid
INV-006403,WO-007253,CUST00786,2026-04-15 07:58:28,1600.00,NGN120.00,"NGN1,720.00",ngn,paid
INV-006404,WO-007254,CUST01069,20/01/2025,495066.86,37130.01,"532,196.87",NGN,PAID
INV-006405,WO-007255,CUST00278,1776380368000,"1,057,284.28","79,296.32",NGN 1136580.60,ngn,UNPAID
INV-006406,WO-007256,CUST00754,2026-04-23 16:19:02,"750,704.47",56302.83,"807,007.30",ngn,paid
INV-006407,WO-007257,CUST00338,2025-02-06 13:24:17,NGN 600437.05,"45,032.78","NGN645,469.83",ngn,PAID
INV-006408,WO-007258,CUST00761,1757765277000,"NGN264,322.22",19824.17,"NGN284,146.39",NGN,paid
INV-006409,WO-007259,CUST00483,1783667476000,NGN 907899.07,68092.43,"975,991.50",NGN,paid
INV-006410,WO-007260,CUST01060,05/09/2025,NGN 620093.57,46507.02,NGN 666600.59,ngn,paid
INV-006411,WO-007261,CUST00628,1750024578000,"NGN8,050.00",NGN 603.75,8653.75,NGN,unpaid
INV-006412,WO-007262,CUST01060,1754475109000,5040.00,378.00,5418.00,ngn,PAID
INV-006413,WO-007263,CUST00752,1763346630000,4650.00,NGN348.75,NGN 4998.75,NGN,written_off
INV-006414,WO-007264,CUST01689,09/07/2026,714592.93,"NGN53,594.47","768,187.40",ngn,paid
INV-006415,WO-007265,CUST01189,2024-11-25 16:48:22,NGN 913225.22,68491.89,981717.11,NGN,paid
INV-006416,WO-007266,CUST00214,2025-04-28 14:55:27,"NGN470,449.80","35,283.73",NGN 505733.53,NGN,unpaid
INV-006417,WO-007267,CUST00428,2026-07-09 15:39:36,NGN 247878.73,18590.91,266469.64,NGN,partial
INV-006418,WO-007268,CUST01037,19/05/2026,"NGN490,219.69","NGN36,766.48","526,986.17",NGN,UNPAID
INV-006419,WO-007269,CUST02301,1766765309000,NGN 6850.00,NGN 513.75,NGN 7363.75,NGN,partial
INV-006420,WO-007270,CUST00199,2026-05-02 03:37:37,"NGN6,075.00",455.62,"NGN6,530.62",NGN,unpaid
INV-006421,WO-007271,CUST00870,2026-05-09 10:52:26,"NGN922,448.12",69183.61,NGN 991631.73,NGN,paid
INV-006422,WO-007272,CUST01036,1729461113000,12040.00,NGN903.00,"NGN12,943.00",NGN,paid
INV-006423,WO-007273,CUST00746,1772556527000,NGN 42477.76,"NGN3,185.83","45,663.59",NGN,paid
INV-006424,WO-007274,CUST00828,1758719897000,NGN 111481.72,"8,361.13",119842.85,NGN,partial
INV-006425,WO-007275,CUST00666,1737606132000,"448,920.97","33,669.07","NGN482,590.04",NGN,partial
INV-006426,WO-007276,CUST02307,2025-12-12 04:43:56,202567.01,NGN 15192.53,217759.54,NGN,paid
INV-006427,WO-007277,CUST00704,2024-10-22 02:25:47,NGN 141750.00,"NGN10,631.25","NGN152,381.25",NGN,paid
INV-006428,WO-007278,CUST00603,2025-05-09 22:48:58,"NGN1,195,978.38","NGN89,698.38",1285676.76,NGN,unpaid
INV-006429,WO-007280,CUST00395,1787240865000,"NGN388,888.02","NGN29,166.60","418,054.62",NGN,paid
INV-006430,WO-007281,CUST01974,02/08/2025,NGN 1122431.91,NGN 84182.39,1206614.30,NGN,paid
INV-006431,WO-007282,CUST00656,15/01/2026,NGN 916234.29,"68,717.57","NGN984,951.86",NGN,paid
INV-006432,WO-007284,CUST00312,2025-05-10 11:54:14,NGN 2870.00,215.25,3085.25,ngn,paid
INV-006433,WO-007285,CUST00981,1762831666000,NGN 147785.86,11083.94,"NGN158,869.80",NGN,written_off
INV-006434,WO-007287,CUST01142,1741754866000,29700.00,"NGN2,227.50",NGN 31927.50,NGN,paid
INV-006435,WO-007289,CUST01140,2025-09-26 20:23:20,NGN 1417390.29,"106,304.27","NGN1,523,694.56",NGN,paid
INV-006436,WO-007291,CUST01074,2025-11-15 06:48:24,"NGN19,350.00",NGN 1451.25,NGN 20801.25,NGN,paid
INV-006437,WO-007292,CUST00664,2025-03-17 23:16:00,217750.89,16331.32,234082.21,NGN,PAID
INV-006438,WO-007293,CUST01036,09/08/2025,"128,970.42","NGN9,672.78",138643.20,NGN,written_off
INV-006439,WO-007294,CUST00016,2025-05-03 05:26:50,"668,223.09",50116.73,NGN 718339.82,NGN,unpaid
INV-006440,WO-007295,CUST00763,11/11/2024,"NGN138,846.11","10,413.46",149259.57,NGN,paid
INV-006441,WO-007296,CUST00721,21/09/2024,"373,327.68","27,999.58","NGN401,327.26",NGN,PAID
INV-006442,WO-007297,CUST01075,05/03/2026,247119.41,NGN 18533.96,"NGN265,653.37",NGN,PAID
INV-006443,WO-007298,CUST00087,2025-07-24 03:28:46,"NGN92,643.05",NGN 6948.23,99591.28,NGN,partial
INV-006444,WO-007300,CUST00068,1739758624000,NGN 270525.75,"20,289.43",NGN 290815.18,NGN,paid
INV-006445,WO-007301,CUST01103,10/03/2025,"242,060.69","NGN18,154.55","260,215.24",NGN,paid
INV-006446,WO-007302,CUST00914,18/10/2025,NGN 39150.00,2936.25,42086.25,NGN,paid
INV-006447,WO-007303,CUST00539,2024-12-03 16:53:43,"741,224.38",55591.83,796816.21,NGN,paid
INV-006448,WO-007304,CUST00672,2025-03-22 01:27:33,205905.20,"NGN15,442.89","221,348.09",NGN,partial
INV-006449,WO-007305,CUST00618,2024-12-30 06:22:19,"NGN830,455.51",62284.16,NGN 892739.67,NGN,UNPAID
INV-006450,WO-007306,CUST01979,2024-10-30 11:38:41,"NGN356,556.85",NGN 26741.76,383298.61,NGN,unpaid
INV-006451,WO-007307,CUST00607,1731763901000,"677,348.67","NGN50,801.15","NGN728,149.82",NGN,unpaid
INV-006452,WO-007309,CUST00161,19/07/2026,NGN 7920.00,NGN 594.00,NGN 8514.00,NGN,paid
INV-006453,WO-007310,CUST00953,1743378493000,NGN 69779.84,5233.49,75013.33,NGN,unpaid
INV-006454,WO-007311,CUST00459,20/01/2025,"NGN183,198.45",13739.88,"196,938.33",NGN,paid
INV-006455,WO-007312,CUST00312,1774670160000,"724,487.56",NGN 54336.57,"NGN778,824.13",NGN,paid
INV-006456,WO-007313,CUST00860,1747323657000,"4,725.00",NGN354.38,"5,079.38",NGN,unpaid
INV-006457,WO-007314,CUST00520,2025-04-26 13:34:50,"36,026.12","2,701.96","NGN38,728.08",NGN,paid
INV-006458,WO-007315,CUST00983,05/03/2026,NGN 557451.09,NGN 41808.83,NGN 599259.92,NGN,unpaid
INV-006459,WO-007316,CUST01067,2024-09-16 16:52:00,NGN 629546.51,"NGN47,215.99",NGN 676762.50,NGN,paid
INV-006460,WO-007317,CUST00760,2026-03-27 06:04:41,22200.00,NGN 1665.00,"NGN23,865.00",NGN,paid
INV-006461,WO-007318,CUST00381,1776957117000,"NGN177,459.80","13,309.48",190769.28,NGN,paid
INV-006462,WO-007319,CUST00788,16/05/2025,NGN 571737.38,"NGN42,880.30","NGN614,617.68",NGN,UNPAID
INV-006463,WO-007320,CUST00910,1734611319000,"NGN691,015.17","NGN51,826.14","NGN742,841.31",NGN,partial
INV-006464,WO-007322,CUST00059,04/11/2025,NGN 88211.43,6615.86,"NGN94,827.29",NGN,paid
INV-006465,WO-007323,CUST00103,20/06/2025,581804.17,NGN 43635.31,NGN 625439.48,NGN,paid
INV-006466,WO-007324,CUST00073,1749386847000,508965.05,"NGN38,172.38",NGN 547137.43,NGN,paid
INV-006467,WO-007325,CUST00230,19/04/2026,"NGN183,385.59","NGN13,753.92",197139.51,NGN,UNPAID
INV-006468,WO-007326,CUST01100,20/07/2025,NGN 580605.92,43545.44,"NGN624,151.36",ngn,paid
INV-006469,WO-007327,CUST00465,11/11/2024,"NGN488,390.84","36,629.31","525,020.15",ngn,PAID
INV-006470,WO-007328,CUST00894,27/01/2026,"497,681.32","37,326.10",535007.42,NGN,paid
INV-006471,WO-007329,CUST00421,2024-10-27 12:03:46,"NGN184,331.53","NGN13,824.86","NGN198,156.39",NGN,paid
INV-006472,WO-007330,CUST02041,2025-12-30 23:40:17,"NGN5,220.00",NGN391.50,"5,611.50",NGN,partial
INV-006473,WO-007331,CUST00415,10/02/2025,"NGN472,836.22","35,462.72",508298.94,NGN,paid
INV-006474,WO-007332,CUST01066,1733714453000,"NGN531,153.41",NGN 39836.51,"570,989.92",ngn,paid
INV-006475,WO-007333,CUST01064,29/08/2025,"NGN726,931.87",NGN 54519.89,"NGN781,451.76",NGN,UNPAID
INV-006476,WO-007334,CUST01024,1750125247000,"477,649.80",NGN 35823.73,NGN 513473.53,NGN,unpaid
INV-006477,WO-007335,CUST01093,08/09/2025,"NGN152,092.01",11406.90,"NGN163,498.91",NGN,partial
INV-006478,WO-007336,CUST00689,1748918698000,"107,186.33",NGN 8038.98,NGN 115225.31,NGN,PAID
INV-006479,WO-007337,CUST00951,2026-05-08 15:32:30,NGN 522991.03,39224.33,562215.36,NGN,paid
INV-006480,WO-007338,CUST00330,24/06/2026,1003981.26,NGN 75298.59,1079279.85,NGN,paid
INV-006481,WO-007339,CUST00456,1738349019000,"715,717.90","53,678.84",NGN 769396.74,NGN,paid
INV-006482,WO-007340,CUST00556,2026-04-12 01:50:37,"770,567.69",57792.58,"NGN828,360.27",NGN,paid
INV-006483,WO-007341,CUST01106,16/07/2026,NGN 203931.81,NGN 15294.89,219226.70,NGN,PAID
INV-006484,WO-007343,CUST00271,2026-04-08 06:21:30,NGN 30205.00,"2,265.38","NGN32,470.38",NGN,unpaid
INV-006485,WO-007344,CUST01151,1782376585000,187201.88,"NGN14,040.14","NGN201,242.02",NGN,paid
INV-006486,WO-007345,CUST00139,1749860923000,"NGN2,700.00",NGN 202.50,"NGN2,902.50",NGN,paid
INV-006487,WO-007346,CUST00491,2024-09-29 20:01:45,"NGN34,791.60","NGN2,609.37","37,400.97",NGN,unpaid
INV-006488,WO-007347,CUST00037,2025-12-11 05:17:59,"404,654.00",30349.05,435003.05,ngn,UNPAID
INV-006489,WO-007348,CUST00374,1764119791000,"NGN138,689.04",10401.68,149090.72,NGN,PAID
INV-006490,WO-007349,CUST00469,05/02/2025,"10,550.00",NGN791.25,11341.25,NGN,paid
INV-006491,WO-007350,CUST00196,1743512253000,"112,850.00",8463.75,"121,313.75",NGN,paid
INV-006492,WO-007351,CUST00628,10/02/2026,"NGN402,530.25","30,189.77","NGN432,720.02",NGN,paid
INV-006493,WO-007352,CUST00573,06/06/2025,NGN 1099063.00,"82,429.73","1,181,492.73",NGN,paid
INV-006494,WO-007353,CUST01055,1756445824000,NGN 9540.00,NGN715.50,"10,255.50",NGN,PAID
INV-006495,WO-007354,CUST00252,13/08/2025,1800.00,135.00,"1,935.00",NGN,written_off
INV-006496,WO-007355,CUST00829,2024-10-21 02:46:07,"NGN600,263.71",NGN 45019.78,"NGN645,283.49",NGN,paid
INV-006497,WO-007356,CUST01166,13/07/2026,"NGN34,977.42","NGN2,623.31",NGN 37600.73,NGN,paid
INV-006498,WO-007357,CUST00365,1759539926000,"NGN270,972.50",NGN 20322.94,291295.44,NGN,paid
INV-006499,WO-007358,CUST00071,28/04/2025,405777.13,"30,433.29","NGN436,210.42",NGN,partial
INV-006500,WO-007359,CUST00697,1775402769000,NGN 537807.83,40335.59,"578,143.42",NGN,written_off
INV-006501,WO-007360,CUST01195,1777010630000,86147.98,"6,461.10","NGN92,609.08",NGN,partial
INV-006502,WO-007362,CUST01082,1751876908000,"1,294,306.74",NGN 97073.01,"NGN1,391,379.75",NGN,unpaid
INV-006503,WO-007364,CUST00144,1738799174000,216551.76,16241.38,"NGN232,793.14",NGN,paid
INV-006504,WO-007365,CUST00969,1756716366000,"NGN299,122.53","NGN22,434.19","NGN321,556.72",NGN,paid
INV-006505,WO-007367,CUST00006,2025-04-21 13:31:51,"NGN516,680.77","NGN38,751.06","555,431.83",ngn,written_off
INV-006506,WO-007368,CUST01155,2025-08-22 11:20:05,NGN 920740.81,"69,055.56","989,796.37",ngn,PAID
INV-006507,WO-007369,CUST00600,18/11/2025,"NGN824,558.38",NGN 61841.88,NGN 886400.26,NGN,paid
INV-006508,WO-007370,CUST01074,1733322689000,"NGN772,832.09","57,962.41",NGN 830794.50,NGN,paid
INV-006509,WO-007371,CUST00633,1755637011000,NGN 775305.85,58147.94,"833,453.79",NGN,PAID
INV-006510,WO-007372,CUST00089,1758458872000,"NGN551,405.40",41355.40,NGN 592760.80,NGN,UNPAID
INV-006511,WO-007373,CUST00587,2026-02-04 17:36:29,"54,804.03",4110.30,NGN 58914.33,NGN,partial
INV-006512,WO-007374,CUST00093,01/07/2026,"NGN291,899.56",NGN 21892.47,NGN 313792.03,NGN,UNPAID
INV-006513,WO-007375,CUST00832,1778086636000,NGN 314751.83,NGN 23606.39,338358.22,NGN,paid
INV-006514,WO-007376,CUST00807,28/05/2026,"NGN16,050.00","1,203.75","17,253.75",NGN,PAID
INV-006515,WO-007377,CUST00915,1761733347000,18150.00,"1,361.25",19511.25,NGN,paid
INV-006516,WO-007378,CUST00439,2025-05-17 11:59:08,380439.53,"NGN28,532.97","NGN408,972.50",NGN,partial
INV-006517,WO-007379,CUST01178,2026-08-07 05:58:10,"NGN780,059.55","58,504.47",NGN 838564.02,NGN,PAID
INV-006518,WO-007381,CUST00625,2026-03-22 21:30:27,"NGN6,525.00",NGN 489.38,"7,014.38",NGN,paid
INV-006519,WO-007382,CUST01046,23/06/2026,"194,510.44",14588.28,"NGN209,098.72",NGN,unpaid
INV-006520,WO-007383,CUST00287,19/11/2025,"36,970.97","NGN2,772.82","39,743.79",NGN,paid
INV-006521,WO-007384,CUST00404,30/08/2026,"8,550.00",NGN641.25,NGN 9191.25,NGN,paid
INV-006522,WO-007385,CUST00444,02/03/2026,"NGN765,370.25","NGN57,402.77","NGN822,773.02",NGN,paid
INV-006523,WO-007386,CUST00797,20/11/2024,1097213.46,82291.01,NGN 1179504.47,NGN,paid
INV-006524,WO-007387,CUST00544,1768654210000,"NGN729,519.66",NGN 54713.97,"784,233.63",NGN,unpaid
INV-006525,WO-007388,CUST01175,1776517524000,112568.51,"NGN8,442.64",NGN 121011.15,NGN,UNPAID
INV-006526,WO-007389,CUST01591,2025-02-19 12:17:31,"493,399.92",37004.99,NGN 530404.91,ngn,UNPAID
INV-006527,WO-007390,CUST00531,2026-08-08 01:09:52,775731.23,NGN 58179.84,NGN 833911.07,ngn,PAID
INV-006528,WO-007391,CUST00643,2025-12-01 10:01:38,581931.42,NGN 43644.86,NGN 625576.28,NGN,paid
INV-006529,WO-007392,CUST00669,2026-02-26 05:55:01,693574.87,"NGN52,018.12","NGN745,592.99",ngn,PAID
INV-006530,WO-007393,CUST00212,1756353713000,"NGN761,824.95",NGN 57136.87,818961.82,NGN,PAID
INV-006531,WO-007394,CUST00402,2026-02-13 19:31:44,NGN 70274.84,NGN 5270.61,75545.45,NGN,UNPAID
INV-006532,WO-007395,CUST01148,1769724076000,NGN 120213.77,NGN 9016.03,"129,229.80",NGN,paid
INV-006533,WO-007396,CUST01837,1727486046000,"387,012.37","NGN29,025.93","416,038.30",NGN,paid
INV-006534,WO-007397,CUST00281,18/07/2025,"321,032.44",24077.43,345109.87,NGN,paid
INV-006535,WO-007398,CUST00405,1784500580000,NGN 616580.78,"NGN46,243.56",NGN 662824.34,NGN,paid
INV-006536,WO-007399,CUST00754,2025-01-10 01:44:40,1142363.26,"NGN85,677.24","1,228,040.50",NGN,UNPAID
INV-006537,WO-007400,CUST00423,24/11/2024,NGN 588212.76,44115.96,"632,328.72",NGN,PAID
INV-006538,WO-007401,CUST00669,1732768347000,"NGN611,559.64",NGN 45866.97,NGN 657426.61,NGN,PAID
INV-006539,WO-007402,CUST00035,2025-04-05 15:51:35,"4,795.00",359.62,5154.62,NGN,UNPAID
INV-006540,WO-007403,CUST00192,18/12/2025,NGN 8820.00,661.50,"NGN9,481.50",NGN,paid
INV-006541,WO-007404,CUST01169,1770564962000,NGN 388999.40,29174.96,418174.36,NGN,UNPAID
INV-006542,WO-007405,CUST00957,2025-06-14 20:10:17,"NGN1,517,032.92","NGN113,777.47",1630810.39,NGN,UNPAID
INV-006543,WO-007406,CUST01091,1731458273000,NGN 397518.47,NGN 29813.89,"427,332.36",NGN,paid
INV-006544,WO-007407,CUST01848,1726827056000,"NGN447,415.53","33,556.16","NGN480,971.69",NGN,PAID
INV-006545,WO-007408,CUST00427,04/11/2025,"2,800.00",NGN 210.00,"NGN3,010.00",NGN,partial
INV-006546,WO-007409,CUST00624,2026-03-11 16:46:16,"436,913.93",NGN 32768.55,469682.48,NGN,paid
INV-006547,WO-007410,CUST00178,1758521656000,"61,817.53","NGN4,636.32",66453.85,NGN,PAID
INV-006548,WO-007411,CUST00069,2025-01-10 04:50:41,NGN 204508.63,NGN 15338.15,"219,846.78",NGN,paid
INV-006549,WO-007412,CUST00524,20/06/2026,NGN 312808.12,"23,460.61","336,268.73",NGN,unpaid
INV-006550,WO-007414,CUST00682,2025-04-09 03:41:04,NGN 326765.25,24507.39,NGN 351272.64,NGN,paid
INV-006551,WO-007415,CUST02326,2025-10-10 08:34:20,583102.02,"43,732.65","NGN626,834.67",NGN,partial
INV-006552,WO-007416,CUST00490,07/09/2025,"402,669.60","NGN30,200.22","432,869.82",NGN,paid
INV-006553,WO-007417,CUST00009,1753306993000,"NGN811,167.80",60837.58,872005.38,NGN,written_off
INV-006554,WO-007418,CUST00695,1744673747000,"NGN326,787.13",24509.04,351296.17,NGN,PAID
INV-006555,WO-007419,CUST00534,2025-01-30 04:05:26,"NGN609,164.49","NGN45,687.34","654,851.83",ngn,UNPAID
INV-006556,WO-007420,CUST02244,2025-10-25 06:21:47,"5,400.00",NGN405.00,5805.00,NGN,partial
INV-006557,WO-007421,CUST00192,2025-11-04 05:51:11,"176,132.62",13209.95,"NGN189,342.57",NGN,paid
INV-006558,WO-007423,CUST00369,2026-07-03 09:00:51,133988.91,"10,049.17",144038.08,NGN,partial
INV-006559,WO-007424,CUST00238,2025-01-08 15:45:53,"19,050.00","NGN1,428.75",20478.75,NGN,partial
INV-006560,WO-007428,CUST00003,2026-02-22 23:02:06,"546,734.26","NGN41,005.07",NGN 587739.33,NGN,paid
INV-006561,WO-007429,CUST00927,19/06/2025,"NGN549,826.73",41237.01,"NGN591,063.74",NGN,paid
INV-006562,WO-007430,CUST01073,22/02/2026,1466853.93,"NGN110,014.04",NGN 1576867.97,NGN,paid
INV-006563,WO-007431,CUST01001,1773482972000,NGN 5275.00,395.62,"NGN5,670.62",NGN,partial
INV-006564,WO-007432,CUST01689,2026-03-01 01:44:16,"NGN499,803.86",37485.29,537289.15,NGN,partial
INV-006565,WO-007433,CUST01029,1740147644000,NGN 840617.56,"NGN63,046.32","903,663.88",NGN,paid
INV-006566,WO-007434,CUST00222,2026-03-12 02:37:01,218822.81,16411.71,"235,234.52",NGN,unpaid
INV-006567,WO-007435,CUST00747,1787489107000,"NGN629,154.06","NGN47,186.55",NGN 676340.61,NGN,paid
INV-006568,WO-007436,CUST00586,1744952110000,NGN 325042.60,24378.19,349420.79,NGN,PAID
INV-006569,WO-007437,CUST00663,04/05/2026,53895.64,"4,042.17",NGN 57937.81,NGN,paid
INV-006570,WO-007438,CUST00963,1785843496000,140026.05,"NGN10,501.95",150528.00,NGN,paid
INV-006571,WO-007439,CUST00061,23/02/2025,10710.00,NGN803.25,11513.25,NGN,PAID
INV-006572,WO-007440,CUST00613,30/03/2025,966244.55,"NGN72,468.34","NGN1,038,712.89",NGN,PAID
INV-006573,WO-007441,CUST00855,1765185452000,"9,375.00",NGN 703.12,10078.12,NGN,partial
INV-006574,WO-007442,CUST00852,04/10/2024,"9,450.00",708.75,"NGN10,158.75",NGN,PAID
INV-006575,WO-007443,CUST00620,1772580901000,"NGN175,777.78","NGN13,183.33","NGN188,961.11",NGN,partial
INV-006576,WO-007445,CUST00922,27/03/2025,"286,879.14","21,515.94","308,395.08",NGN,paid
INV-006577,WO-007446,CUST01115,1737980496000,"NGN951,015.91","NGN71,326.19","1,022,342.10",NGN,unpaid
INV-006578,WO-007447,CUST00469,2025-11-15 10:40:34,"284,876.45",21365.73,306242.18,NGN,PAID
INV-006579,WO-007448,CUST00394,2024-12-15 05:42:49,"NGN278,283.88","NGN20,871.29","299,155.17",NGN,paid
INV-006580,WO-007449,CUST00075,1761169435000,NGN 1113757.98,"83,531.85",NGN 1197289.83,NGN,unpaid
INV-006581,WO-007450,CUST00452,19/06/2025,"NGN877,107.61",NGN 65783.07,942890.68,NGN,PAID
INV-006582,WO-007452,CUST00136,19/09/2024,183262.83,NGN 13744.71,197007.54,NGN,partial
INV-006583,WO-007453,CUST00855,11/07/2026,95685.88,"NGN7,176.44","102,862.32",NGN,PAID
INV-006584,WO-007454,CUST00044,1758523717000,"503,124.31","NGN37,734.32",540858.63,NGN,paid
INV-006585,WO-007456,CUST01111,1739683500000,"NGN878,907.05",65918.03,NGN 944825.08,NGN,PAID
INV-006586,WO-007458,CUST00738,09/07/2026,"1,727,347.57",NGN 129551.07,"1,856,898.64",NGN,PAID
INV-006587,WO-007461,CUST00889,30/10/2025,"NGN530,118.04",NGN 39758.85,"NGN569,876.89",NGN,paid
INV-006588,WO-007462,CUST01083,05/03/2025,"603,852.30",45288.92,"NGN649,141.22",NGN,paid
INV-006589,WO-007463,CUST00773,1765910588000,"NGN334,809.29",25110.70,NGN 359919.99,NGN,written_off
INV-006590,WO-007464,CUST02225,2025-04-14 20:59:40,1150.00,86.25,"NGN1,236.25",NGN,PAID
INV-006591,WO-007465,CUST00107,2024-10-18 03:17:17,"NGN478,882.51","NGN35,916.19","514,798.70",NGN,partial
INV-006592,WO-007466,CUST00124,03/09/2025,NGN 297198.45,"22,289.88","NGN319,488.33",NGN,paid
INV-006593,WO-007467,CUST00085,2026-08-27 14:03:57,"NGN553,614.02",41521.05,595135.07,NGN,PAID
INV-006594,WO-007468,CUST00774,12/10/2024,"NGN195,096.28","NGN14,632.22",209728.50,NGN,unpaid
INV-006595,WO-007469,CUST00587,19/12/2024,NGN 276682.20,"20,751.16","297,433.36",NGN,UNPAID
INV-006596,WO-007470,CUST00730,11/03/2025,"NGN781,493.94","NGN58,612.05",NGN 840105.99,ngn,paid
INV-006597,WO-007471,CUST00558,14/03/2026,"989,565.40","NGN74,217.40",NGN 1063782.80,NGN,PAID
INV-006598,WO-007472,CUST00938,05/04/2025,"NGN5,050.00",NGN378.75,NGN 5428.75,NGN,paid
INV-006599,WO-007473,CUST00588,2024-12-30 20:32:20,"1,047,768.31","78,582.62",NGN 1126350.93,NGN,paid
INV-006600,WO-007474,CUST00133,20/04/2026,NGN 35500.00,NGN 2662.50,"38,162.50",NGN,paid
INV-006601,WO-007475,CUST00098,02/10/2025,NGN 64265.16,4819.89,NGN 69085.05,NGN,PAID
INV-006602,WO-007476,CUST00289,2024-11-27 15:30:39,"NGN324,909.86",24368.24,NGN 349278.10,NGN,paid
INV-006603,WO-007477,CUST00416,1772766320000,NGN 511714.15,NGN 38378.56,"550,092.71",NGN,paid
INV-006604,WO-007478,CUST00780,01/06/2025,276206.70,"NGN20,715.50","296,922.20",NGN,paid
INV-006605,WO-007479,CUST00675,2025-01-17 18:33:30,NGN 464923.72,"34,869.28",499793.00,NGN,paid
INV-006606,WO-007480,CUST00475,22/09/2024,"NGN91,584.97","6,868.87","NGN98,453.84",NGN,partial
INV-006607,WO-007481,CUST00609,1739170469000,"536,806.14","40,260.46",NGN 577066.60,NGN,paid
INV-006608,WO-007482,CUST00414,05/03/2025,"NGN277,700.24",20827.52,"NGN298,527.76",NGN,partial
INV-006609,WO-007483,CUST00850,1752402804000,"NGN527,048.34",39528.63,566576.97,NGN,paid
INV-006610,WO-007484,CUST00423,2026-01-30 18:14:44,"886,835.48","NGN66,512.66",953348.14,NGN,UNPAID
INV-006611,WO-007485,CUST00121,25/03/2026,41287.01,"NGN3,096.53",44383.54,NGN,partial
INV-006612,WO-007486,CUST01052,1736732096000,"NGN411,585.55","30,868.92",NGN 442454.47,NGN,paid
INV-006613,WO-007487,CUST00086,1755307788000,"1,055,660.25",79174.52,"NGN1,134,834.77",NGN,paid
INV-006614,WO-007488,CUST01588,08/07/2025,NGN 1038526.02,"NGN77,889.45",NGN 1116415.47,NGN,PAID
INV-006615,WO-007489,CUST00136,16/06/2025,NGN 304534.01,"NGN22,840.05","327,374.06",NGN,UNPAID
INV-006616,WO-007490,CUST01044,09/03/2025,NGN 224833.25,16862.49,241695.74,NGN,paid
INV-006617,WO-007491,CUST01837,2025-06-02 18:53:11,"NGN448,461.93","33,634.64","NGN482,096.57",ngn,UNPAID
INV-006618,WO-007492,CUST00242,1751042240000,"176,916.20",13268.72,NGN 190184.92,NGN,paid
INV-006619,WO-007493,CUST02225,13/12/2025,"NGN161,612.17","12,120.91","NGN173,733.08",ngn,PAID
INV-006620,WO-007494,CUST00047,2025-03-18 02:14:11,"535,378.95",NGN 40153.42,"NGN575,532.37",ngn,UNPAID
INV-006621,WO-007495,CUST00456,1737495883000,"NGN39,928.40",NGN 2994.63,"42,923.03",NGN,partial
INV-006622,WO-007497,CUST02033,2025-11-30 07:55:58,"990,011.38","74,250.85",1064262.23,NGN,paid
INV-006623,WO-007498,CUST00951,2025-09-05 20:38:47,"391,818.27",29386.37,"NGN421,204.64",ngn,PAID
INV-006624,WO-007499,CUST00962,2026-07-04 04:45:26,343569.80,NGN 25767.73,"NGN369,337.53",NGN,PAID
INV-006625,WO-007500,CUST00392,09/12/2025,NGN 9810.00,735.75,10545.75,NGN,paid
INV-006626,WO-007501,CUST00792,2026-02-09 14:32:39,"NGN451,881.98",NGN 33891.15,"NGN485,773.13",NGN,paid
INV-006627,WO-007502,CUST02212,1774076913000,"NGN605,081.67","NGN45,381.13","NGN650,462.80",NGN,paid
INV-006628,WO-007503,CUST01496,2025-08-28 05:43:40,570109.22,"42,758.19","NGN612,867.41",NGN,PAID
INV-006629,WO-007504,CUST00709,17/04/2025,NGN 285845.47,21438.41,307283.88,NGN,PAID
INV-006630,WO-007506,CUST01028,2025-02-08 16:34:14,812296.52,60922.24,873218.76,NGN,unpaid
INV-006631,WO-007507,CUST01097,1748029261000,"NGN17,025.00",NGN 1276.88,18301.88,NGN,unpaid
INV-006632,WO-007508,CUST00633,22/06/2026,"526,786.94","39,509.02","566,295.96",NGN,PAID
INV-006633,WO-007509,CUST00014,04/09/2025,"795,645.54","59,673.42",NGN 855318.96,NGN,paid
INV-006634,WO-007510,CUST00789,1760778623000,"142,300.00","10,672.50","152,972.50",NGN,paid
INV-006635,WO-007511,CUST00276,1771759084000,NGN 637321.88,NGN 47799.14,"685,121.02",NGN,unpaid
INV-006636,WO-007512,CUST00814,2024-11-05 17:52:25,"NGN65,176.90","4,888.27","70,065.17",ngn,paid
INV-006637,WO-007515,CUST00407,2025-07-21 23:10:06,"936,468.19",NGN 70235.11,NGN 1006703.30,NGN,paid
INV-006638,WO-007516,CUST00925,06/07/2026,NGN 347397.42,"26,054.81","NGN373,452.23",NGN,paid
INV-006639,WO-007517,CUST00799,1784905260000,NGN 810528.33,"NGN60,789.63",NGN 871317.96,NGN,paid
INV-006640,WO-007518,CUST00362,2026-04-04 08:48:18,"NGN928,121.89",69609.14,"997,731.03",ngn,paid
INV-006641,WO-007519,CUST00241,2026-07-20 14:31:16,NGN 201114.48,NGN 15083.59,216198.07,NGN,paid
INV-006642,WO-007520,CUST00362,1773021840000,NGN 253562.46,"NGN19,017.18","NGN272,579.64",NGN,paid
INV-006643,WO-007521,CUST02334,2026-01-02 23:26:10,"582,624.69","43,696.85",626321.54,NGN,partial
INV-006644,WO-007522,CUST00037,1746397727000,"NGN720,270.20",54020.26,774290.46,NGN,partial
INV-006645,WO-007523,CUST00431,1784412203000,"NGN196,368.07",14727.60,211095.67,NGN,partial
INV-006646,WO-007524,CUST00384,14/09/2025,"981,294.02","NGN73,597.05","1,054,891.07",ngn,paid
INV-006647,WO-007525,CUST00747,1729814267000,"330,706.16",24802.96,NGN 355509.12,NGN,unpaid
INV-006648,WO-007526,CUST00454,1779246985000,808659.47,"60,649.46",869308.93,NGN,PAID
INV-006649,WO-007527,CUST00329,1735273682000,552772.42,41457.93,"594,230.35",NGN,PAID
INV-006650,WO-007528,CUST00942,2025-03-06 23:03:20,NGN 88282.15,6621.16,NGN 94903.31,NGN,paid
INV-006651,WO-007529,CUST00415,1731766626000,8100.00,607.50,"8,707.50",NGN,paid
INV-006652,WO-007530,CUST00928,1746895357000,"NGN141,601.91","NGN10,620.14","NGN152,222.05",NGN,written_off
INV-006653,WO-007531,CUST00514,1731460722000,NGN 320853.45,24064.01,"344,917.46",NGN,PAID
INV-006654,WO-007532,CUST00305,1782469504000,NGN 27086.53,2031.49,NGN 29118.02,NGN,unpaid
INV-006655,WO-007533,CUST01068,2025-03-24 23:18:19,"99,708.06","7,478.10","NGN107,186.16",NGN,paid
INV-006656,WO-007534,CUST00699,03/08/2025,100669.89,7550.24,108220.13,ngn,paid
INV-006657,WO-007535,CUST01010,1740321255000,103758.02,"7,781.85","111,539.87",NGN,paid
INV-006658,WO-007536,CUST01159,2025-11-29 02:21:05,1357281.27,"101,796.09",NGN 1459077.36,NGN,paid
INV-006659,WO-007538,CUST00109,1745135870000,"NGN214,372.68","NGN16,077.95","230,450.63",NGN,partial
INV-006660,WO-007539,CUST00149,02/10/2025,"NGN3,900.00",NGN 292.50,"4,192.50",NGN,PAID
INV-006661,WO-007540,CUST00397,01/01/2026,821135.02,"61,585.13",882720.15,NGN,written_off
INV-006662,WO-007541,CUST00353,1729393011000,"356,513.24",NGN 26738.49,"383,251.73",NGN,PAID
INV-006663,WO-007542,CUST00961,2025-09-15 15:53:12,"952,128.04","71,409.60",NGN 1023537.64,NGN,PAID
INV-006664,WO-007543,CUST00451,09/03/2026,617015.49,46276.16,"NGN663,291.65",NGN,paid
INV-006665,WO-007544,CUST01180,1729189191000,NGN 1579630.54,"118,472.29",1698102.83,NGN,UNPAID
INV-006666,WO-007546,CUST00540,2024-10-23 15:15:08,NGN 703653.04,"NGN52,773.98","756,427.02",NGN,unpaid
INV-006667,WO-007547,CUST00508,2026-01-29 11:59:38,"667,351.67",NGN 50051.37,NGN 717403.04,NGN,unpaid
INV-006668,WO-007548,CUST00186,2025-02-12 21:37:00,102009.07,"NGN7,650.68",NGN 109659.75,NGN,paid
INV-006669,WO-007550,CUST00002,1726475154000,NGN 435448.58,NGN 32658.64,468107.22,NGN,paid
INV-006670,WO-007552,CUST00938,1765870679000,"NGN607,905.27",NGN 45592.90,653498.17,NGN,partial
INV-006671,WO-007553,CUST00936,2025-12-16 02:48:57,"667,005.67",50025.42,"NGN717,031.09",NGN,PAID
INV-006672,WO-007554,CUST00039,05/11/2024,"NGN641,534.51","48,115.09",689649.60,NGN,written_off
INV-006673,WO-007555,CUST00066,1773905885000,"NGN1,085,048.46",NGN 81378.63,NGN 1166427.09,NGN,PAID
INV-006674,WO-007556,CUST00249,15/06/2025,NGN 451807.57,NGN 33885.57,NGN 485693.14,NGN,PAID
INV-006675,WO-007557,CUST01098,19/10/2024,"NGN11,850.00",888.75,"NGN12,738.75",NGN,paid
INV-006676,WO-007558,CUST00583,1762788766000,"NGN19,300.00","1,447.50","20,747.50",NGN,paid
INV-006677,WO-007559,CUST02400,1753656838000,638598.07,NGN 47894.85,NGN 686492.92,NGN,paid
INV-006678,WO-007560,CUST00887,2026-07-04 19:57:46,61740.16,"4,630.51","66,370.67",NGN,PAID
INV-006679,WO-007561,CUST00193,2026-07-15 16:39:25,"416,884.63","31,266.35",448150.98,NGN,unpaid
INV-006680,WO-007562,CUST00327,2025-09-27 19:22:18,"97,626.92","7,322.02","104,948.94",NGN,PAID
INV-006681,WO-007563,CUST00121,02/09/2025,"NGN206,407.58",NGN 15480.57,221888.15,NGN,paid
INV-006682,WO-007566,CUST01033,1779186470000,"516,387.79","NGN38,729.08",NGN 555116.87,NGN,partial
INV-006683,WO-007567,CUST00288,1743705234000,"5,025.00",NGN 376.88,5401.88,NGN,paid
INV-006684,WO-007568,CUST00373,18/04/2025,"562,423.50",42181.76,"604,605.26",NGN,paid
INV-006685,WO-007569,CUST00842,20/07/2026,"3,975.00",298.12,"4,273.12",NGN,paid
INV-006686,WO-007570,CUST00362,10/09/2025,NGN 570172.07,NGN 42762.90,"NGN612,934.97",NGN,paid
INV-006687,WO-007571,CUST00097,2024-10-20 08:22:23,"NGN33,300.29","NGN2,497.52",NGN 35797.81,NGN,paid
INV-006688,WO-007572,CUST01314,2024-09-22 22:33:17,"503,468.08","37,760.11",NGN 541228.19,NGN,paid
INV-006689,WO-007573,CUST01006,2026-07-16 11:28:21,NGN 258262.08,"NGN19,369.66",277631.74,NGN,UNPAID
INV-006690,WO-007574,CUST01122,1781947810000,"138,833.38","NGN10,412.50","NGN149,245.88",NGN,PAID
INV-006691,WO-007575,CUST01123,2025-01-30 15:58:03,NGN 6700.00,NGN 502.50,"NGN7,202.50",NGN,paid
INV-006692,WO-007576,CUST00295,17/11/2024,106610.00,"NGN7,995.75",NGN 114605.75,NGN,paid
INV-006693,WO-007577,CUST00813,2025-06-05 09:40:33,"462,733.18",NGN 34704.99,497438.17,NGN,paid
INV-006694,WO-007578,CUST00019,1777971202000,"NGN326,471.36",NGN 24485.35,"350,956.71",NGN,PAID
INV-006695,WO-007579,CUST00682,21/10/2024,NGN 1029661.02,"77,224.58","1,106,885.60",NGN,paid
INV-006696,WO-007580,CUST00376,03/12/2025,784947.76,NGN 58871.08,"NGN843,818.84",NGN,paid
INV-006697,WO-007581,CUST00733,30/09/2025,"309,347.95",NGN 23201.10,"332,549.05",NGN,written_off
INV-006698,WO-007582,CUST00182,2024-10-04 17:58:57,NGN 30060.00,"2,254.50","32,314.50",NGN,paid
INV-006699,WO-007583,CUST00531,2024-09-17 13:35:39,NGN 831888.92,62391.67,894280.59,NGN,unpaid
INV-006700,WO-007584,CUST01258,09/12/2024,"NGN667,507.73","50,063.08","717,570.81",NGN,PAID
INV-006701,WO-007586,CUST00225,2025-03-29 17:04:08,NGN 697048.92,"NGN52,278.67","NGN749,327.59",NGN,paid
INV-006702,WO-007587,CUST00348,15/01/2026,"234,921.56",NGN 17619.12,"NGN252,540.68",NGN,paid
INV-006703,WO-007588,CUST00042,09/07/2026,NGN 421257.90,"NGN31,594.34",452852.24,NGN,PAID
INV-006704,WO-007589,CUST00645,18/05/2026,NGN 6850.00,513.75,"7,363.75",NGN,paid
INV-006705,WO-007590,CUST01014,2024-12-09 20:37:46,"NGN647,175.05","NGN48,538.13",695713.18,NGN,paid
INV-006706,WO-007591,CUST00380,02/11/2025,"40,848.70",NGN 3063.65,NGN 43912.35,NGN,paid
INV-006707,WO-007592,CUST00729,2026-02-27 05:28:20,280245.18,NGN 21018.39,"NGN301,263.57",ngn,paid
INV-006708,WO-007593,CUST01193,16/03/2025,"1,028,632.48",NGN 77147.44,"1,105,779.92",NGN,PAID
INV-006709,WO-007594,CUST00060,22/07/2025,NGN 16740.00,NGN 1255.50,17995.50,NGN,partial
INV-006710,WO-007595,CUST00973,01/02/2026,"NGN16,650.00",1248.75,NGN 17898.75,NGN,paid
INV-006711,WO-007597,CUST00029,31/01/2026,1283893.20,96291.99,1380185.19,NGN,paid
INV-006712,WO-007598,CUST00980,2026-08-17 06:38:33,629514.50,NGN 47213.59,"NGN676,728.09",NGN,paid
INV-006713,WO-007599,CUST00174,1769983759000,"NGN156,593.86",NGN 11744.54,"NGN168,338.40",NGN,PAID
INV-006714,WO-007600,CUST00985,06/12/2024,NGN 15750.00,1181.25,NGN 16931.25,NGN,paid
INV-006715,WO-007601,CUST01047,1734501630000,"234,596.41","17,594.73",NGN 252191.14,NGN,paid
INV-006716,WO-007602,CUST00132,1745371804000,"NGN1,061,373.48","79,603.01",1140976.49,NGN,paid
INV-006717,WO-007603,CUST00992,1729375889000,230610.91,17295.82,"NGN247,906.73",NGN,unpaid
INV-006718,WO-007604,CUST00582,2025-07-31 07:48:50,NGN 527871.83,39590.39,"NGN567,462.22",NGN,paid
INV-006719,WO-007605,CUST00022,2026-05-24 20:00:12,"NGN704,765.02",52857.38,"NGN757,622.40",NGN,paid
INV-006720,WO-007606,CUST00663,1728216125000,NGN 197845.89,"NGN14,838.44",212684.33,NGN,unpaid
INV-006721,WO-007607,CUST00579,02/12/2025,"NGN3,255.00",NGN 244.12,NGN 3499.12,NGN,paid
INV-006722,WO-007608,CUST00893,09/02/2026,"59,382.20","4,453.67",NGN 63835.87,NGN,unpaid
INV-006723,WO-007609,CUST00579,30/06/2026,66600.00,4995.00,NGN 71595.00,NGN,paid
INV-006724,WO-007610,CUST00829,1778659928000,NGN 26640.00,1998.00,NGN 28638.00,NGN,partial
INV-006725,WO-007611,CUST01014,1762457572000,"NGN60,088.43",NGN 4506.63,NGN 64595.06,NGN,paid
INV-006726,WO-007613,CUST01115,2025-05-06 04:21:32,"152,647.62","11,448.57",NGN 164096.19,NGN,paid
INV-006727,WO-007614,CUST01576,1728259541000,38613.41,"2,896.01",41509.42,NGN,partial
INV-006728,WO-007616,CUST00357,2026-05-26 01:56:01,"NGN520,895.37",39067.15,"NGN559,962.52",NGN,partial
INV-006729,WO-007617,CUST00741,1775303415000,391447.64,"NGN29,358.57",420806.21,NGN,paid
INV-006730,WO-007618,CUST00953,30/08/2025,"56,098.28","4,207.37","NGN60,305.65",ngn,paid
INV-006731,WO-007619,CUST00909,1762813461000,NGN 55941.13,NGN 4195.58,"60,136.71",NGN,paid
INV-006732,WO-007620,CUST00872,1767610379000,"NGN336,673.42","25,250.51","361,923.93",NGN,paid
INV-006733,WO-007621,CUST00221,1750894336000,NGN 774499.10,"58,087.43",832586.53,NGN,paid
INV-006734,WO-007622,CUST02307,1776827930000,181986.47,13648.99,"195,635.46",NGN,partial
INV-006735,WO-007623,CUST01591,2025-04-21 23:36:25,685328.17,"NGN51,399.61",NGN 736727.78,NGN,paid
INV-006736,WO-007624,CUST02300,1737608320000,77637.76,NGN 5822.83,"NGN83,460.59",ngn,paid
INV-006737,WO-007625,CUST00900,22/01/2026,NGN 539714.71,NGN 40478.60,"580,193.31",NGN,paid
INV-006738,WO-007626,CUST00848,2025-01-26 01:50:59,1675.00,NGN125.62,1800.62,NGN,PAID
INV-006739,WO-007627,CUST00521,1781462569000,546123.85,40959.29,587083.14,NGN,paid
INV-006740,WO-007628,CUST00341,2026-05-31 09:03:57,"NGN915,947.11",NGN 68696.03,984643.14,NGN,PAID
INV-006741,WO-007630,CUST00330,2025-03-16 20:49:13,NGN 531756.61,"39,881.75","NGN571,638.36",NGN,paid
INV-006742,WO-007631,CUST00225,25/08/2025,"NGN168,738.83",NGN 12655.41,"NGN181,394.24",NGN,unpaid
INV-006743,WO-007632,CUST00608,13/01/2025,35010.00,"2,625.75","NGN37,635.75",NGN,paid
INV-006744,WO-007633,CUST00007,30/09/2025,NGN 2765.00,NGN207.38,2972.38,NGN,partial
INV-006745,WO-007634,CUST00842,2025-05-10 18:48:16,NGN 345610.98,NGN 25920.82,"NGN371,531.80",NGN,paid
INV-006746,WO-007637,CUST00648,1730313364000,"163,042.02",NGN 12228.15,NGN 175270.17,NGN,paid
INV-006747,WO-007638,CUST00523,2025-01-20 02:35:07,NGN 173751.47,"NGN13,031.36","NGN186,782.83",NGN,unpaid
INV-006748,WO-007639,CUST01798,1787352700000,"NGN84,802.15","6,360.16",NGN 91162.31,NGN,unpaid
INV-006749,WO-007641,CUST00090,22/09/2024,670836.34,50312.73,"721,149.07",NGN,PAID
INV-006750,WO-007643,CUST00908,2024-09-29 20:24:57,1343112.26,"100,733.42","NGN1,443,845.68",ngn,paid
INV-006751,WO-007644,CUST00494,14/08/2026,174459.80,"13,084.48",NGN 187544.28,NGN,paid
INV-006752,WO-007645,CUST00149,2026-05-23 23:18:56,"571,717.06","NGN42,878.78","NGN614,595.84",NGN,PAID
INV-006753,WO-007647,CUST00008,1753802882000,NGN 282284.94,"NGN21,171.37","NGN303,456.31",NGN,unpaid
INV-006754,WO-007648,CUST01067,08/05/2026,"NGN177,238.09","NGN13,292.86","190,530.95",NGN,PAID
INV-006755,WO-007649,CUST00640,2025-08-14 11:43:21,"481,829.56","36,137.22",517966.78,NGN,paid
INV-006756,WO-007650,CUST00914,1776369179000,"NGN196,962.09","14,772.16","211,734.25",NGN,UNPAID
INV-006757,WO-007651,CUST02378,1754100978000,"895,920.24",NGN 67194.02,"NGN963,114.26",NGN,unpaid
INV-006758,WO-007653,CUST00579,2026-05-20 01:35:46,"NGN346,333.37","25,975.00",NGN 372308.37,NGN,paid
INV-006759,WO-007654,CUST00786,1743655763000,76908.11,"NGN5,768.11",82676.22,NGN,unpaid
INV-006760,WO-007655,CUST00977,2026-04-01 16:40:45,225398.90,16904.92,"NGN242,303.82",NGN,partial
INV-006761,WO-007656,CUST00680,2026-08-04 23:05:16,426280.27,"NGN31,971.02","NGN458,251.29",NGN,PAID
INV-006762,WO-007657,CUST01156,2025-06-01 23:07:30,"NGN206,077.16","15,455.79",221532.95,NGN,PAID
INV-006763,WO-007658,CUST00680,2025-09-10 02:17:23,"8,125.00",NGN 609.38,8734.38,NGN,PAID
INV-006764,WO-007660,CUST01100,15/08/2025,437992.58,"32,849.44","470,842.02",NGN,unpaid
INV-006765,WO-007661,CUST01163,2025-03-26 15:30:22,"NGN492,265.59",NGN 36919.92,529185.51,NGN,PAID
INV-006766,WO-007662,CUST00596,1737257815000,363027.57,"NGN27,227.07",NGN 390254.64,NGN,PAID
INV-006767,WO-007664,CUST00094,1768350372000,"NGN1,228,447.92","NGN92,133.59",1320581.51,NGN,paid
INV-006768,WO-007666,CUST00574,1765700233000,"NGN56,654.07","4,249.06","60,903.13",NGN,paid
INV-006769,WO-007667,CUST01055,2025-09-04 03:31:45,"NGN1,462,714.67","109,703.60","NGN1,572,418.27",NGN,PAID
INV-006770,WO-007669,CUST00066,1755338328000,NGN 4100.00,307.50,"4,407.50",NGN,paid
INV-006771,WO-007670,CUST00891,2025-11-07 14:30:26,"NGN311,520.18",23364.01,"334,884.19",NGN,paid
INV-006772,WO-007671,CUST01096,1729315469000,200120.07,"NGN15,009.01",NGN 215129.08,NGN,paid
INV-006773,WO-007672,CUST00275,1762733462000,NGN 519233.13,38942.49,"NGN558,175.62",NGN,UNPAID
INV-006774,WO-007673,CUST00627,2025-01-27 22:37:38,148196.20,NGN 11114.72,"NGN159,310.92",NGN,PAID
INV-006775,WO-007674,CUST00822,1775654616000,"NGN6,000.00",450.00,NGN 6450.00,NGN,unpaid
INV-006776,WO-007675,CUST00138,2026-03-31 04:42:28,"NGN1,166,304.47",87472.84,NGN 1253777.31,NGN,paid
INV-006777,WO-007676,CUST00606,22/09/2024,NGN 865988.82,"NGN64,949.16","930,937.98",NGN,paid
INV-006778,WO-007677,CUST01155,21/12/2024,558370.07,"41,877.75","600,247.82",NGN,written_off
INV-006779,WO-007678,CUST00827,06/10/2025,229719.06,"NGN17,228.93",246947.99,NGN,UNPAID
INV-006780,WO-007679,CUST00628,1758583031000,54225.00,"NGN4,066.88",58291.88,NGN,paid
INV-006781,WO-007680,CUST00093,10/02/2026,NGN 9650.00,723.75,NGN 10373.75,NGN,paid
INV-006782,WO-007682,CUST00671,29/11/2025,"NGN1,625.00",121.88,1746.88,NGN,PAID
INV-006783,WO-007683,CUST02326,2025-12-06 13:23:49,196514.15,"NGN14,738.56","211,252.71",NGN,written_off
INV-006784,WO-007684,CUST00736,10/03/2025,90858.14,6814.36,"NGN97,672.50",NGN,paid
INV-006785,WO-007685,CUST00704,1758055160000,"NGN820,288.47","61,521.63",881810.10,ngn,PAID
INV-006786,WO-007686,CUST01105,2026-01-16 04:01:19,NGN 169606.12,"12,720.46",182326.58,NGN,partial
INV-006787,WO-007687,CUST00088,2025-07-22 18:57:54,NGN 1018831.89,"76,412.39",1095244.28,NGN,paid
INV-006788,WO-007688,CUST00710,1729541879000,"21,825.00","NGN1,636.88",NGN 23461.88,NGN,paid
INV-006789,WO-007689,CUST01115,11/04/2026,"NGN267,693.43","NGN20,077.01","NGN287,770.44",NGN,paid
INV-006790,WO-007690,CUST00260,1774858455000,"200,953.52","15,071.51","216,025.03",NGN,paid
INV-006791,WO-007691,CUST01107,1734016182000,69300.00,5197.50,74497.50,NGN,paid
INV-006792,WO-007692,CUST00681,2026-02-22 03:10:14,NGN 737643.12,NGN 55323.23,"792,966.35",NGN,paid
INV-006793,WO-007693,CUST00475,08/11/2024,322290.75,"NGN24,171.81",346462.56,NGN,PAID
INV-006794,WO-007694,CUST01135,29/03/2025,NGN 40551.27,"NGN3,041.35","NGN43,592.62",NGN,partial
INV-006795,WO-007696,CUST02225,2025-05-10 05:14:33,"NGN790,775.69",NGN 59308.18,"850,083.87",NGN,paid
INV-006796,WO-007698,CUST00979,2026-07-03 11:48:48,"NGN747,554.20","56,066.56","NGN803,620.76",NGN,paid
INV-006797,WO-007699,CUST00788,2025-09-18 21:42:14,"86,223.57",NGN 6466.77,"NGN92,690.34",ngn,paid
INV-006798,WO-007701,CUST00479,2025-01-11 10:50:02,NGN 204157.58,15311.82,"NGN219,469.40",NGN,paid
INV-006799,WO-007702,CUST00858,2025-06-30 12:12:05,"27,990.00",NGN 2099.25,"30,089.25",NGN,partial
INV-006800,WO-007703,CUST00157,1768272973000,"200,903.61",NGN 15067.77,"215,971.38",NGN,paid
INV-006801,WO-007704,CUST00554,10/12/2025,847300.38,"63,547.53","NGN910,847.91",NGN,paid
INV-006802,WO-007705,CUST01049,15/02/2025,NGN 151100.00,"NGN11,332.50",162432.50,NGN,paid
INV-006803,WO-007706,CUST00953,07/10/2025,"NGN385,478.35","NGN28,910.88",414389.23,NGN,UNPAID
INV-006804,WO-007707,CUST01373,23/01/2025,"600,954.57",NGN 45071.59,"646,026.16",NGN,PAID
INV-006805,WO-007708,CUST00362,2025-11-21 01:40:00,653516.71,49013.75,"702,530.46",NGN,unpaid
INV-006806,WO-007709,CUST00951,05/11/2025,NGN 1300.00,97.50,NGN 1397.50,NGN,unpaid
INV-006807,WO-007710,CUST01090,18/06/2026,"NGN898,299.32","NGN67,372.45","NGN965,671.77",NGN,paid
INV-006808,WO-007711,CUST00921,1764514056000,"NGN427,755.36",32081.65,"NGN459,837.01",NGN,unpaid
INV-006809,WO-007712,CUST00157,04/08/2025,"NGN2,625.00",196.88,NGN 2821.88,NGN,unpaid
INV-006810,WO-007715,CUST00425,16/11/2024,29700.00,"NGN2,227.50","NGN31,927.50",NGN,paid
INV-006811,WO-007717,CUST00850,03/02/2026,"104,826.47","NGN7,861.99",NGN 112688.46,NGN,paid
INV-006812,WO-007718,CUST00329,25/11/2024,"1,025.00",NGN76.88,"1,101.88",NGN,paid
INV-006813,WO-007719,CUST00269,2025-09-20 11:23:10,NGN 419955.55,31496.67,"451,452.22",NGN,paid
INV-006814,WO-007720,CUST00477,2025-11-22 23:06:51,"NGN897,673.53","67,325.52","964,999.05",NGN,paid
INV-006815,WO-007721,CUST00823,1736354702000,445079.07,NGN 33380.93,"NGN478,460.00",NGN,unpaid
INV-006816,WO-007722,CUST00076,2026-02-11 13:36:20,"3,395.00",NGN 254.62,"3,649.62",ngn,partial
INV-006817,WO-007723,CUST02101,24/04/2025,455802.76,"NGN34,185.21",489987.97,NGN,paid
INV-006818,WO-007724,CUST00114,1775763193000,"NGN303,526.32",22764.47,"326,290.79",NGN,PAID
INV-006819,WO-007726,CUST00848,1731553250000,"250,801.46","18,810.11","NGN269,611.57",NGN,paid
INV-006820,WO-007727,CUST00119,2025-10-28 19:44:09,"NGN1,287,986.21","96,598.97",NGN 1384585.18,NGN,UNPAID
INV-006821,WO-007729,CUST00987,2026-04-02 21:00:01,558823.87,NGN 41911.79,"600,735.66",NGN,written_off
INV-006822,WO-007730,CUST00855,1773181750000,"NGN1,492,931.98",111969.90,"NGN1,604,901.88",NGN,PAID
INV-006823,WO-007732,CUST00648,1787872347000,"43,470.00","NGN3,260.25","46,730.25",NGN,partial
INV-006824,WO-007733,CUST00736,1739151020000,"NGN456,269.03","34,220.18","NGN490,489.21",NGN,paid
INV-006825,WO-007734,CUST00257,2026-08-14 14:48:39,568850.96,42663.82,"611,514.78",NGN,UNPAID
INV-006826,WO-007735,CUST00538,1770229622000,NGN 275741.25,"NGN20,680.59",296421.84,NGN,paid
INV-006827,WO-007737,CUST01068,2026-03-06 19:37:35,NGN 308551.42,"23,141.36","331,692.78",ngn,paid
INV-006828,WO-007738,CUST00426,04/05/2026,"NGN97,915.29","7,343.65","105,258.94",NGN,UNPAID
INV-006829,WO-007739,CUST00598,01/09/2025,8025.00,601.88,"NGN8,626.88",ngn,paid
INV-006830,WO-007740,CUST00458,1730707479000,241136.30,NGN 18085.22,NGN 259221.52,NGN,paid
INV-006831,WO-007741,CUST00520,1753592562000,59300.00,"NGN4,447.50","NGN63,747.50",NGN,unpaid
INV-006832,WO-007742,CUST01100,29/03/2025,NGN 383743.89,"NGN28,780.79","412,524.68",NGN,paid
INV-006833,WO-007744,CUST00206,06/07/2026,NGN 127106.85,"NGN9,533.01","136,639.86",NGN,PAID
INV-006834,WO-007745,CUST00440,1732481367000,"NGN241,164.90","18,087.37",NGN 259252.27,NGN,partial
INV-006835,WO-007746,CUST01031,03/01/2025,"NGN224,323.66","16,824.27",241147.93,NGN,paid
INV-006836,WO-007747,CUST00817,1770819285000,"NGN21,213.71",1591.03,"22,804.74",NGN,paid
INV-006837,WO-007749,CUST00289,2025-10-05 15:33:11,"NGN361,255.14","NGN27,094.14",NGN 388349.28,NGN,PAID
INV-006838,WO-007750,CUST00228,1732930587000,15030.00,"1,127.25","16,157.25",NGN,paid
INV-006839,WO-007752,CUST00096,09/07/2026,568340.41,42625.53,"610,965.94",NGN,paid
INV-006840,WO-007753,CUST00893,2025-07-13 17:03:29,210154.38,NGN 15761.58,225915.96,NGN,UNPAID
INV-006841,WO-007754,CUST00077,19/03/2025,86254.95,"NGN6,469.12",92724.07,NGN,paid
INV-006842,WO-007755,CUST01717,23/04/2025,NGN 281471.26,NGN 21110.34,302581.60,NGN,paid
INV-006843,WO-007756,CUST00533,2026-04-23 03:39:46,"726,122.78",54459.21,"780,581.99",NGN,paid
INV-006844,WO-007757,CUST00702,2026-08-22 14:45:16,"NGN412,960.73",NGN 30972.06,NGN 443932.79,NGN,PAID
INV-006845,WO-007758,CUST00278,2026-05-18 14:58:07,NGN 285803.95,"NGN21,435.30",NGN 307239.25,NGN,paid
INV-006846,WO-007759,CUST01042,2025-11-17 09:11:28,NGN 357621.10,NGN 26821.58,"NGN384,442.68",NGN,PAID
INV-006847,WO-007760,CUST00520,10/05/2026,"231,037.20",NGN 17327.79,"248,364.99",NGN,partial
INV-006848,WO-007761,CUST00363,2024-09-12 17:08:58,335054.02,NGN 25129.05,"NGN360,183.07",NGN,unpaid
INV-006849,WO-007762,CUST00200,1748119109000,5700.00,NGN 427.50,6127.50,NGN,UNPAID
INV-006850,WO-007763,CUST00266,2024-11-13 08:40:15,1277547.37,"NGN95,816.05","NGN1,373,363.42",NGN,paid
INV-006851,WO-007764,CUST00460,1731250912000,"NGN1,134,375.89",85078.19,"1,219,454.08",NGN,partial
INV-006852,WO-007765,CUST00909,2026-05-12 13:00:40,"NGN1,498,876.67",112415.75,"NGN1,611,292.42",NGN,paid
INV-006853,WO-007766,CUST00586,20/03/2025,74995.68,"5,624.68",NGN 80620.36,NGN,partial
INV-006854,WO-007767,CUST00088,1730441661000,1611136.72,NGN 120835.25,1731971.97,NGN,PAID
INV-006855,WO-007768,CUST00995,21/02/2025,"NGN691,016.37","51,826.23",NGN 742842.60,NGN,paid
INV-006856,WO-007769,CUST00971,2026-06-25 15:00:56,"NGN366,246.36","27,468.48",NGN 393714.84,NGN,paid
INV-006857,WO-007770,CUST01162,1738635712000,"1,235,430.54",NGN 92657.29,"NGN1,328,087.83",NGN,UNPAID
INV-006858,WO-007771,CUST01798,1765159553000,NGN 634638.50,"47,597.89","NGN682,236.39",NGN,paid
INV-006859,WO-007772,CUST00894,1781062674000,"455,278.26","NGN34,145.87",NGN 489424.13,NGN,PAID
INV-006860,WO-007774,CUST00096,2024-11-18 09:29:00,NGN 420339.13,"31,525.44",NGN 451864.57,NGN,UNPAID
INV-006861,WO-007776,CUST00946,1783436532000,"249,024.90",NGN 18676.87,"267,701.77",NGN,paid
INV-006862,WO-007777,CUST02237,09/05/2026,"861,879.63",64640.97,"926,520.60",ngn,paid
INV-006863,WO-007778,CUST01107,13/08/2026,NGN 869096.93,NGN 65182.27,NGN 934279.20,ngn,paid
INV-006864,WO-007779,CUST00875,1748312034000,"NGN5,500.00",NGN 412.50,NGN 5912.50,NGN,paid
INV-006865,WO-007780,CUST00035,2025-05-21 00:08:41,678458.98,NGN 50884.42,"NGN729,343.40",NGN,paid
INV-006866,WO-007781,CUST00594,1734946546000,NGN 111595.61,8369.67,"NGN119,965.28",ngn,paid
INV-006867,WO-007782,CUST00303,2025-03-31 06:34:25,"NGN2,400.00",NGN180.00,2580.00,NGN,UNPAID
INV-006868,WO-007783,CUST00614,1769683554000,"3,750.00",NGN 281.25,"4,031.25",NGN,paid
INV-006869,WO-007784,CUST00225,09/03/2025,"NGN559,883.45",NGN 41991.26,"601,874.71",NGN,unpaid
INV-006870,WO-007785,CUST00286,1729303496000,1097335.07,"NGN82,300.13",NGN 1179635.20,NGN,partial
INV-006871,WO-007787,CUST00582,1749732103000,NGN 9825.00,736.88,10561.88,ngn,PAID
INV-006872,WO-007788,CUST00193,06/06/2025,3430.00,NGN 257.25,3687.25,ngn,UNPAID
INV-006873,WO-007789,CUST00207,1772002579000,NGN 1065579.02,"79,918.43","NGN1,145,497.45",NGN,unpaid
INV-006874,WO-007790,CUST00724,2025-05-30 16:41:15,"NGN2,350.00",NGN 176.25,2526.25,NGN,paid
INV-006875,WO-007792,CUST01178,2026-04-01 08:02:27,NGN 759695.08,"NGN56,977.13",816672.21,NGN,paid
INV-006876,WO-007793,CUST00895,1740861060000,"NGN986,654.32",NGN 73999.07,"1,060,653.39",NGN,PAID
INV-006877,WO-007794,CUST01013,2026-08-26 15:20:05,221602.11,NGN 16620.16,"NGN238,222.27",NGN,PAID
INV-006878,WO-007795,CUST01033,11/03/2026,"NGN25,865.00",NGN 1939.88,NGN 27804.88,ngn,paid
INV-006879,WO-007797,CUST00016,2025-11-04 14:50:19,1239044.38,92928.33,1331972.71,NGN,paid
INV-006880,WO-007798,CUST00604,23/03/2025,"NGN10,450.00",NGN 783.75,"11,233.75",NGN,paid
INV-006881,WO-007799,CUST00292,12/05/2026,NGN 481504.84,NGN 36112.86,"517,617.70",NGN,PAID
INV-006882,WO-007801,CUST00447,24/05/2026,"NGN5,100.00",NGN382.50,"NGN5,482.50",NGN,PAID
INV-006883,WO-007802,CUST01016,2026-02-02 03:30:56,1463488.33,NGN 109761.62,"NGN1,573,249.95",NGN,partial
INV-006884,WO-007803,CUST00590,2026-04-24 14:57:22,"NGN404,962.29","NGN30,372.17",435334.46,ngn,PAID
INV-006885,WO-007804,CUST00245,2024-09-17 03:43:36,315808.61,23685.65,NGN 339494.26,NGN,paid
INV-006886,WO-007805,CUST00044,1758353972000,"10,700.00",802.50,"NGN11,502.50",NGN,UNPAID
INV-006887,WO-007806,CUST00499,1749965782000,"1,068,272.45",80120.43,"1,148,392.88",ngn,paid
INV-006888,WO-007807,CUST00823,28/04/2025,NGN 41461.53,"3,109.61",NGN 44571.14,NGN,PAID
INV-006889,WO-007808,CUST00906,2025-09-01 23:25:15,"NGN1,831,454.44","137,359.08",1968813.52,ngn,PAID
INV-006890,WO-007810,CUST00633,1738545898000,664817.42,"49,861.31","NGN714,678.73",NGN,unpaid
INV-006891,WO-007811,CUST00011,1747095583000,"NGN24,475.00","1,835.62",26310.62,ngn,paid
INV-006892,WO-007812,CUST00159,1785643402000,NGN 200325.00,15024.38,"215,349.38",NGN,paid
INV-006893,WO-007813,CUST01055,17/09/2025,525366.93,"NGN39,402.52",564769.45,NGN,paid
INV-006894,WO-007814,CUST00954,2026-01-06 18:54:35,2450.00,NGN183.75,"NGN2,633.75",NGN,paid
INV-006895,WO-007815,CUST00751,2024-12-09 20:45:04,NGN 292014.78,21901.11,313915.89,NGN,paid
INV-006896,WO-007816,CUST01150,2025-11-13 07:55:11,"6,150.00",461.25,NGN 6611.25,NGN,paid
INV-006897,WO-007817,CUST00621,21/02/2025,NGN 728940.63,NGN 54670.55,NGN 783611.18,NGN,UNPAID
INV-006898,WO-007818,CUST01068,29/10/2024,96618.43,NGN 7246.38,"103,864.81",NGN,UNPAID
INV-006899,WO-007819,CUST00900,1742552397000,"141,385.88",NGN 10603.94,"151,989.82",NGN,UNPAID
INV-006900,WO-007820,CUST00429,1727459712000,NGN 649118.49,"48,683.89","697,802.38",NGN,PAID
INV-006901,WO-007821,CUST00407,22/07/2025,"472,180.14","NGN35,413.51","NGN507,593.65",ngn,unpaid
INV-006902,WO-007822,CUST00414,2025-10-31 12:20:39,49438.59,NGN 3707.89,"53,146.48",NGN,paid
INV-006903,WO-007823,CUST00531,2025-02-22 14:51:48,"NGN378,624.24",28396.82,407021.06,NGN,PAID
INV-006904,WO-007825,CUST00164,12/02/2025,70918.43,5318.88,"76,237.31",NGN,paid
INV-006905,WO-007826,CUST01122,07/12/2024,"NGN30,459.22","NGN2,284.44",32743.66,NGN,paid
INV-006906,WO-007827,CUST00695,1782560560000,"573,711.34",NGN 43028.35,"NGN616,739.69",NGN,unpaid
INV-006907,WO-007828,CUST00954,1780977080000,414133.25,"NGN31,059.99",NGN 445193.24,NGN,partial
INV-006908,WO-007829,CUST00509,1758322914000,"NGN546,729.74","41,004.73",NGN 587734.47,NGN,unpaid
INV-006909,WO-007830,CUST00096,08/08/2025,NGN 11400.00,NGN 855.00,NGN 12255.00,NGN,paid
INV-006910,WO-007831,CUST00485,03/06/2026,NGN 53831.62,"NGN4,037.37",NGN 57868.99,NGN,UNPAID
INV-006911,WO-007832,CUST00987,08/04/2025,NGN 112764.28,NGN 8457.32,"121,221.60",NGN,unpaid
INV-006912,WO-007834,CUST00754,30/08/2025,"NGN50,700.00",NGN 3802.50,"54,502.50",NGN,unpaid
INV-006913,WO-007836,CUST00946,2024-12-15 06:26:22,484658.86,36349.41,"NGN521,008.27",NGN,PAID
INV-006914,WO-007837,CUST01065,1742805039000,"336,342.56",25225.69,NGN 361568.25,NGN,PAID
INV-006915,WO-007839,CUST00818,1740066933000,NGN 446254.26,"NGN33,469.07",479723.33,NGN,paid
INV-006916,WO-007840,CUST00252,2025-06-23 08:46:24,NGN 135511.75,"10,163.38","NGN145,675.13",ngn,unpaid
INV-006917,WO-007841,CUST00544,21/02/2025,NGN 553850.18,"NGN41,538.76","NGN595,388.94",NGN,paid
INV-006918,WO-007842,CUST00960,2025-01-16 20:13:30,"NGN1,479,610.56","110,970.79",1590581.35,NGN,partial
INV-006919,WO-007843,CUST01039,12/09/2025,"NGN2,300.00",NGN 172.50,"NGN2,472.50",ngn,paid
INV-006920,WO-007844,CUST00086,2024-09-25 03:59:10,NGN 878844.67,"NGN65,913.35","NGN944,758.02",NGN,UNPAID
INV-006921,WO-007845,CUST00018,1753920174000,"NGN858,954.83","NGN64,421.61",923376.44,ngn,unpaid
INV-006922,WO-007846,CUST01062,24/11/2024,"NGN678,305.90",50872.94,"NGN729,178.84",NGN,paid
INV-006923,WO-007847,CUST00115,23/01/2025,"207,108.07",15533.10,NGN 222641.17,NGN,PAID
INV-006924,WO-007848,CUST00537,2025-07-13 10:28:12,"8,100.00",607.50,"8,707.50",NGN,paid
INV-006925,WO-007849,CUST00929,06/01/2025,"333,832.15","25,037.41","NGN358,869.56",NGN,PAID
INV-006926,WO-007851,CUST00904,1777655618000,652481.79,"NGN48,936.13",701417.92,ngn,partial
INV-006927,WO-007852,CUST00426,1772091371000,NGN 774423.23,NGN 58081.74,832504.97,NGN,unpaid
INV-006928,WO-007853,CUST00653,2025-12-06 02:31:40,"162,820.36",NGN 12211.53,175031.89,NGN,partial
INV-006929,WO-007854,CUST01116,2025-04-13 22:08:42,"NGN514,735.27","NGN38,605.15",553340.42,NGN,paid
INV-006930,WO-007855,CUST02212,08/03/2026,"449,781.50",33733.61,483515.11,NGN,PAID
INV-006931,WO-007856,CUST00740,1785735605000,NGN 485666.93,NGN 36425.02,522091.95,NGN,UNPAID
INV-006932,WO-007857,CUST01283,15/12/2025,NGN 408106.75,"30,608.01",NGN 438714.76,NGN,written_off
INV-006933,WO-007858,CUST00631,2026-02-02 12:38:07,140503.64,"10,537.77",NGN 151041.41,NGN,paid
INV-006934,WO-007859,CUST00765,19/05/2025,187650.00,14073.75,"201,723.75",NGN,unpaid
INV-006935,WO-007860,CUST00946,2025-05-08 00:46:23,NGN 15500.00,"1,162.50",NGN 16662.50,NGN,paid
INV-006936,WO-007861,CUST00904,2026-02-28 07:16:09,"338,082.69",25356.20,"363,438.89",NGN,unpaid
INV-006937,WO-007862,CUST00718,05/11/2025,"NGN315,374.14",23653.06,"NGN339,027.20",NGN,written_off
INV-006938,WO-007863,CUST01283,1777447640000,"NGN614,881.18",NGN 46116.09,"660,997.27",NGN,unpaid
INV-006939,WO-007864,CUST01023,1781167669000,333646.71,"25,023.50","NGN358,670.21",ngn,PAID
INV-006940,WO-007865,CUST02123,2025-07-09 23:38:21,"NGN135,145.78",10135.93,"145,281.71",NGN,paid
INV-006941,WO-007866,CUST00992,1738384643000,"NGN242,985.99","18,223.95",261209.94,NGN,paid
INV-006942,WO-007867,CUST00392,1779442211000,"257,877.46",19340.81,"NGN277,218.27",NGN,PAID
INV-006943,WO-007868,CUST00428,1756162728000,NGN 996419.81,NGN 74731.49,"NGN1,071,151.30",NGN,PAID
INV-006944,WO-007869,CUST00881,2025-07-24 17:26:28,4050.00,NGN303.75,NGN 4353.75,NGN,unpaid
INV-006945,WO-007870,CUST01125,1739690256000,"42,394.63",3179.60,NGN 45574.23,NGN,PAID
INV-006946,WO-007871,CUST00815,29/10/2024,NGN 87792.24,"NGN6,584.42",NGN 94376.66,ngn,partial
INV-006947,WO-007872,CUST01043,2024-11-28 05:38:25,"142,244.23",NGN 10668.32,"NGN152,912.55",NGN,PAID
INV-006948,WO-007873,CUST00922,13/07/2026,NGN 806481.23,NGN 60486.09,"NGN866,967.32",NGN,paid
INV-006949,WO-007874,CUST00662,1759136371000,"92,037.15","6,902.79","NGN98,939.94",NGN,paid
INV-006950,WO-007875,CUST00620,25/08/2025,562035.96,"42,152.70","NGN604,188.66",NGN,PAID
INV-006951,WO-007876,CUST00656,2025-12-16 02:22:52,"NGN176,731.23","NGN13,254.84",NGN 189986.07,NGN,paid
INV-006952,WO-007877,CUST00727,1743385820000,"NGN805,017.47",60376.31,"NGN865,393.78",NGN,PAID
INV-006953,WO-007878,CUST00086,2025-10-03 19:51:33,NGN 856950.28,NGN 64271.27,921221.55,NGN,UNPAID
INV-006954,WO-007879,CUST01134,21/12/2024,"NGN516,247.07",NGN 38718.53,NGN 554965.60,NGN,unpaid
INV-006955,WO-007880,CUST01954,1753913290000,NGN 177791.80,NGN 13334.39,"NGN191,126.19",NGN,PAID
INV-006956,WO-007881,CUST00633,1757246540000,"331,417.90","NGN24,856.34",NGN 356274.24,NGN,PAID
INV-006957,WO-007882,CUST01192,19/06/2025,335527.65,NGN 25164.57,"NGN360,692.22",NGN,paid
INV-006958,WO-007883,CUST01199,2025-02-01 01:09:06,"NGN1,329,698.07","NGN99,727.35","NGN1,429,425.42",NGN,paid
INV-006959,WO-007884,CUST01120,2025-05-27 11:56:39,"NGN270,513.74",20288.53,NGN 290802.27,ngn,PAID
INV-006960,WO-007885,CUST00891,2024-11-07 12:48:54,NGN 1083222.92,"81,241.72",1164464.64,NGN,partial
INV-006961,WO-007886,CUST00671,2026-02-10 08:36:12,NGN 235729.32,"NGN17,679.70",253409.02,NGN,paid
INV-006962,WO-007887,CUST00592,2025-07-01 11:40:01,NGN 451863.48,"33,889.76",NGN 485753.24,NGN,PAID
INV-006963,WO-007889,CUST01035,2024-09-15 00:41:40,"NGN636,614.68",47746.10,684360.78,NGN,paid
INV-006964,WO-007890,CUST00421,1736871194000,"NGN384,354.09",NGN 28826.56,413180.65,NGN,unpaid
INV-006965,WO-007891,CUST00362,02/02/2026,416482.92,NGN 31236.22,447719.14,NGN,PAID
INV-006966,WO-007892,CUST00823,1770754305000,"579,883.07","43,491.23",623374.30,NGN,paid
INV-006967,WO-007893,CUST00378,1779812384000,"233,903.11","NGN17,542.73","251,445.84",NGN,paid
INV-006968,WO-007894,CUST00797,2024-11-28 23:31:55,NGN 334636.82,NGN 25097.76,359734.58,NGN,PAID
INV-006969,WO-007895,CUST00105,2025-09-19 14:50:03,NGN 59062.53,4429.69,"NGN63,492.22",NGN,paid
INV-006970,WO-007896,CUST00929,10/02/2025,NGN 342355.29,NGN 25676.65,NGN 368031.94,ngn,PAID
INV-006971,WO-007897,CUST00491,2025-11-28 23:35:35,5700.00,NGN 427.50,"NGN6,127.50",NGN,paid
INV-006972,WO-007898,CUST00924,18/03/2025,108290.00,"NGN8,121.75",NGN 116411.75,ngn,unpaid
INV-006973,WO-007899,CUST00925,1739594991000,"NGN569,131.01",42684.83,611815.84,NGN,PAID
INV-006974,WO-007901,CUST00533,10/06/2025,NGN 11375.00,853.12,NGN 12228.12,NGN,UNPAID
INV-006975,WO-007902,CUST00381,2024-09-27 12:56:19,"50,941.13","3,820.58","NGN54,761.71",NGN,paid
INV-006976,WO-007903,CUST00747,11/06/2025,NGN 450378.21,"33,778.37","NGN484,156.58",ngn,PAID
INV-006977,WO-007904,CUST00554,25/07/2026,459540.32,NGN 34465.52,"NGN494,005.84",NGN,PAID
INV-006978,WO-007905,CUST00054,2025-03-10 21:25:11,NGN 644023.88,NGN 48301.79,"NGN692,325.67",NGN,paid
INV-006979,WO-007906,CUST00172,16/04/2025,688905.31,NGN 51667.90,NGN 740573.21,NGN,unpaid
INV-006980,WO-007907,CUST01085,13/06/2025,"486,490.75",NGN 36486.81,522977.56,NGN,written_off
INV-006981,WO-007908,CUST00311,04/05/2026,1728334.15,"129,625.06",NGN 1857959.21,NGN,paid
INV-006982,WO-007909,CUST00183,1762349166000,NGN 407350.29,"30,551.27",437901.56,NGN,paid
INV-006983,WO-007910,CUST01545,25/01/2025,68850.00,5163.75,"74,013.75",NGN,paid
INV-006984,WO-007911,CUST01158,2026-02-20 20:36:22,"3,710.00",278.25,NGN 3988.25,NGN,paid
INV-006985,WO-007912,CUST00975,29/07/2026,4950.00,NGN371.25,"NGN5,321.25",NGN,paid
INV-006986,WO-007913,CUST01007,1784248992000,NGN 65217.13,"4,891.29","70,108.42",NGN,UNPAID
INV-006987,WO-007915,CUST00763,31/05/2026,NGN 93950.73,7046.31,100997.04,ngn,unpaid
INV-006988,WO-007916,CUST00509,2025-09-30 12:49:40,"NGN24,400.00",1830.00,26230.00,NGN,paid
INV-006989,WO-007917,CUST01591,1728654937000,226912.45,"NGN17,018.43",NGN 243930.88,NGN,PAID
INV-006990,WO-007918,CUST00527,05/06/2025,13300.00,997.50,14297.50,NGN,partial
INV-006991,WO-007919,CUST00306,1766175838000,NGN 581667.58,"43,625.07",625292.65,NGN,paid
INV-006992,WO-007920,CUST01051,2025-06-14 04:58:47,NGN 426304.74,NGN 31972.86,NGN 458277.60,NGN,PAID
INV-006993,WO-007921,CUST00172,2026-03-22 17:02:29,NGN 1164816.53,"NGN87,361.24",NGN 1252177.77,NGN,unpaid
INV-006994,WO-007922,CUST01146,2024-11-28 14:59:40,NGN 237819.48,NGN 17836.46,"255,655.94",NGN,paid
INV-006995,WO-007923,CUST00854,2025-06-20 17:11:19,"NGN479,892.56",NGN 35991.94,515884.50,ngn,unpaid
INV-006996,WO-007924,CUST00423,2025-12-05 01:53:36,"NGN555,980.55","41,698.54","NGN597,679.09",NGN,paid
INV-006997,WO-007925,CUST00059,01/06/2026,NGN 581437.27,NGN 43607.80,"625,045.07",NGN,UNPAID
INV-006998,WO-007926,CUST00518,21/09/2024,NGN 1055157.96,"NGN79,136.85","NGN1,134,294.81",NGN,paid
INV-006999,WO-007927,CUST00401,2025-04-11 13:20:36,4050.00,NGN 303.75,NGN 4353.75,NGN,PAID
INV-007000,WO-007928,CUST00086,1748678725000,NGN 5950.00,446.25,6396.25,NGN,paid
INV-007001,WO-007929,CUST00612,2026-01-04 09:25:41,705543.41,52915.76,NGN 758459.17,NGN,paid
INV-007002,WO-007931,CUST00174,28/05/2025,NGN 6400.00,NGN 480.00,6880.00,NGN,partial
INV-007003,WO-007932,CUST01036,2025-11-10 23:52:25,81224.42,"NGN6,091.83","87,316.25",NGN,paid
INV-007004,WO-007933,CUST00552,1777250096000,697777.63,52333.32,NGN 750110.95,NGN,unpaid
INV-007005,WO-007934,CUST00147,2026-06-25 06:55:28,"485,593.58",NGN 36419.52,"NGN522,013.10",NGN,UNPAID
INV-007006,WO-007935,CUST00519,2025-11-03 22:04:13,82450.65,"6,183.80","NGN88,634.45",NGN,paid
INV-007007,WO-007936,CUST00361,1727491760000,"4,130.00",309.75,"4,439.75",NGN,partial
INV-007008,WO-007937,CUST00142,1750482391000,"73,193.23","5,489.49","78,682.72",NGN,written_off
INV-007009,WO-007938,CUST00995,1729131805000,"1,219,660.54","91,474.54",NGN 1311135.08,NGN,paid
INV-007010,WO-007940,CUST00523,09/01/2025,"NGN101,134.90",NGN 7585.12,NGN 108720.02,NGN,paid
INV-007011,WO-007941,CUST00338,30/04/2025,NGN 63633.18,NGN 4772.49,"NGN68,405.67",NGN,unpaid
INV-007012,WO-007943,CUST00456,1768044880000,807461.55,"NGN60,559.62",NGN 868021.17,NGN,paid
INV-007013,WO-007944,CUST00962,1735968678000,NGN 230679.14,17300.94,"247,980.08",NGN,PAID
INV-007014,WO-007945,CUST00240,02/03/2026,"4,875.00",NGN 365.62,5240.62,NGN,paid
INV-007015,WO-007947,CUST00679,1779487003000,"550,451.48",41283.86,"NGN591,735.34",NGN,written_off
INV-007016,WO-007948,CUST00141,1777830323000,NGN 496248.05,"37,218.60",533466.65,NGN,paid
INV-007017,WO-007949,CUST00539,2025-08-14 22:41:48,"NGN385,687.35","NGN28,926.55","414,613.90",NGN,paid
INV-007018,WO-007950,CUST00622,20/08/2026,"61,800.00",NGN 4635.00,NGN 66435.00,NGN,paid
INV-007019,WO-007951,CUST00281,2026-05-28 23:35:24,NGN 458380.41,NGN 34378.53,"492,758.94",NGN,paid
INV-007020,WO-007952,CUST00705,22/09/2025,129075.00,"9,680.62",138755.62,NGN,paid
INV-007021,WO-007953,CUST01061,2025-10-10 01:58:01,"NGN156,239.91","11,717.99","NGN167,957.90",NGN,paid
INV-007022,WO-007954,CUST00947,2026-09-02 02:20:02,NGN 1099572.00,NGN 82467.90,"NGN1,182,039.90",NGN,paid
INV-007023,WO-007956,CUST01317,1753207074000,83085.73,"6,231.43",89317.16,NGN,unpaid
INV-007024,WO-007957,CUST00068,2026-05-21 05:25:07,"90,245.16",NGN 6768.39,"97,013.55",NGN,paid
INV-007025,WO-007958,CUST00889,06/12/2024,"16,110.00",1208.25,"NGN17,318.25",NGN,PAID
INV-007026,WO-007959,CUST00043,1767114764000,"NGN306,988.20",23024.11,NGN 330012.31,NGN,written_off
INV-007027,WO-007960,CUST00870,1762162141000,"NGN1,161,374.60","NGN87,103.10","1,248,477.70",NGN,paid
INV-007028,WO-007961,CUST00073,2025-12-02 14:27:45,"NGN35,870.75",2690.31,NGN 38561.06,NGN,paid
INV-007029,WO-007962,CUST00615,2026-08-16 18:55:43,NGN 5125.00,NGN384.38,5509.38,NGN,paid
INV-007030,WO-007963,CUST00042,08/05/2025,"NGN738,728.12","NGN55,404.61","794,132.73",NGN,unpaid
INV-007031,WO-007964,CUST00333,29/10/2025,"NGN34,110.00",2558.25,36668.25,NGN,paid
INV-007032,WO-007966,CUST01010,1787458237000,NGN 837327.54,"62,799.57","NGN900,127.11",NGN,partial
INV-007033,WO-007968,CUST00893,21/08/2026,"137,345.96","NGN10,300.95","147,646.91",NGN,paid
INV-007034,WO-007970,CUST00768,01/03/2026,"NGN295,370.07",NGN 22152.76,317522.83,NGN,UNPAID
INV-007035,WO-007971,CUST00666,1753030112000,6500.00,NGN487.50,"NGN6,987.50",ngn,partial
INV-007036,WO-007972,CUST00249,27/03/2026,NGN 27975.00,"2,098.12",NGN 30073.12,ngn,PAID
INV-007037,WO-007973,CUST01168,2025-04-09 08:17:14,861520.77,64614.06,"NGN926,134.83",NGN,UNPAID
INV-007038,WO-007974,CUST01133,1767445769000,"NGN1,152,513.77",NGN 86438.53,"1,238,952.30",NGN,unpaid
INV-007039,WO-007975,CUST00083,2025-06-01 10:15:01,"25,625.00",1921.88,"NGN27,546.88",NGN,UNPAID
INV-007040,WO-007976,CUST00499,1773762176000,"NGN5,215.00",391.12,NGN 5606.12,NGN,UNPAID
INV-007041,WO-007977,CUST00149,19/05/2026,907002.00,"68,025.15","NGN975,027.15",NGN,PAID
INV-007042,WO-007978,CUST01155,1781546756000,91163.02,"6,837.23","98,000.25",NGN,UNPAID
INV-007043,WO-007979,CUST01200,1764062163000,664524.66,49839.35,"714,364.01",NGN,paid
INV-007044,WO-007980,CUST00562,01/01/2025,NGN 12495.00,937.12,NGN 13432.12,NGN,partial
INV-007045,WO-007981,CUST00367,18/02/2026,"7,950.00",NGN596.25,"8,546.25",ngn,paid
INV-007046,WO-007982,CUST00523,23/05/2025,"NGN344,253.57",NGN 25819.02,"NGN370,072.59",NGN,paid
INV-007047,WO-007983,CUST01118,1727205284000,"NGN3,420.00",256.50,3676.50,NGN,paid
INV-007048,WO-007984,CUST01072,2026-08-22 04:18:37,235212.73,17640.96,"NGN252,853.69",NGN,PAID
INV-007049,WO-007986,CUST00300,1743689333000,NGN 472272.58,"35,420.44","507,693.02",NGN,unpaid
INV-007050,WO-007987,CUST01140,11/03/2026,184539.80,"NGN13,840.48",NGN 198380.28,NGN,unpaid
INV-007051,WO-007989,CUST00528,1732785368000,10890.00,816.75,NGN 11706.75,NGN,PAID
INV-007052,WO-007990,CUST00930,1749601379000,"8,100.00",607.50,NGN 8707.50,NGN,paid
INV-007053,WO-007991,CUST00551,28/02/2025,118949.12,"8,921.18",127870.30,NGN,paid
INV-007054,WO-007992,CUST00396,2025-11-07 04:29:45,NGN 539734.87,40480.12,"NGN580,214.99",NGN,PAID
INV-007055,WO-007993,CUST00072,2024-11-18 10:21:28,290540.20,"NGN21,790.52",NGN 312330.72,NGN,paid
INV-007056,WO-007994,CUST00233,26/12/2024,"489,593.28","36,719.50",NGN 526312.78,NGN,paid
INV-007057,WO-007995,CUST00385,2026-03-06 19:45:39,241957.27,NGN 18146.79,"260,104.06",NGN,partial
INV-007058,WO-007996,CUST01272,2025-01-31 12:36:37,"NGN563,158.12","42,236.86","NGN605,394.98",ngn,paid
INV-007059,WO-007997,CUST00682,23/06/2026,NGN 431848.03,32388.60,"464,236.63",NGN,unpaid
INV-007060,WO-007999,CUST00766,1751822722000,NGN 367638.48,27572.89,395211.37,NGN,paid
INV-007061,WO-008000,CUST00107,19/04/2026,"1,749,451.98","NGN131,208.90","NGN1,880,660.88",NGN,PAID
INV-007062,WO-008001,CUST01327,1741884388000,NGN 107670.07,8075.25,NGN 115745.32,NGN,partial
INV-007063,WO-008002,CUST01073,2026-01-20 04:33:12,"1,207,680.78","90,576.06","NGN1,298,256.84",NGN,unpaid
INV-007064,WO-008003,CUST00539,25/09/2025,"NGN286,827.14",21512.04,308339.18,ngn,paid
INV-007065,WO-008004,CUST00676,2025-04-24 15:10:33,364055.29,"27,304.15",391359.44,NGN,paid
INV-007066,WO-008005,CUST01110,30/10/2025,"NGN228,818.65","NGN17,161.40","NGN245,980.05",NGN,UNPAID
INV-007067,WO-008006,CUST00480,1753204082000,"1,288,820.16",96661.51,"NGN1,385,481.67",NGN,PAID
INV-007068,WO-008008,CUST00674,1776087618000,"97,174.70","7,288.10",104462.80,NGN,paid
INV-007069,WO-008009,CUST01641,09/12/2024,NGN 616147.59,"46,211.07","662,358.66",NGN,paid
INV-007070,WO-008010,CUST01102,2025-05-31 09:43:36,NGN 368624.30,27646.82,"NGN396,271.12",NGN,UNPAID
INV-007071,WO-008011,CUST00208,2025-07-22 15:07:56,"NGN1,900.00",NGN142.50,"2,042.50",NGN,partial
INV-007072,WO-008012,CUST01061,21/02/2025,"364,280.72","NGN27,321.05","NGN391,601.77",NGN,unpaid
INV-007073,WO-008013,CUST00018,2025-09-07 08:23:27,"NGN294,251.28",22068.85,316320.13,NGN,PAID
INV-007074,WO-008014,CUST00324,23/05/2026,"NGN2,350.00",176.25,"2,526.25",NGN,PAID
INV-007075,WO-008015,CUST01858,09/07/2025,458759.36,"NGN34,406.95",NGN 493166.31,ngn,PAID
INV-007076,WO-008016,CUST01023,2025-02-20 19:17:23,"NGN461,853.79","34,639.03",NGN 496492.82,NGN,unpaid
INV-007077,WO-008017,CUST00225,1727571183000,"NGN157,355.12",NGN 11801.63,"NGN169,156.75",ngn,paid
INV-007078,WO-008018,CUST01075,2024-10-01 04:44:29,165891.27,"12,441.85",NGN 178333.12,NGN,paid
INV-007079,WO-008019,CUST00074,28/05/2026,"NGN265,386.85","NGN19,904.01",285290.86,NGN,unpaid
INV-007080,WO-008020,CUST00694,2026-07-14 22:22:18,"NGN582,921.09","NGN43,719.08","NGN626,640.17",NGN,paid
INV-007081,WO-008021,CUST00279,21/09/2025,"1,113,916.33",NGN 83543.72,"NGN1,197,460.05",NGN,PAID
INV-007082,WO-008023,CUST00894,1752957767000,NGN 7200.00,NGN540.00,7740.00,NGN,UNPAID
INV-007083,WO-008024,CUST00140,16/05/2025,607843.23,NGN 45588.24,"653,431.47",NGN,PAID
INV-007084,WO-008025,CUST00241,2026-06-03 20:31:18,"NGN575,115.18",NGN 43133.64,"618,248.82",NGN,paid
INV-007085,WO-008028,CUST00597,1763929018000,"222,809.98","16,710.75",239520.73,NGN,paid
INV-007086,WO-008030,CUST01178,2025-04-18 17:21:30,"NGN550,888.63","41,316.65",592205.28,NGN,paid
INV-007087,WO-008031,CUST00744,1785980848000,"NGN555,321.09","41,649.08","NGN596,970.17",ngn,paid
INV-007088,WO-008032,CUST00240,2026-02-11 11:24:08,701671.80,"NGN52,625.39","754,297.19",NGN,partial
INV-007089,WO-008033,CUST02041,2026-04-23 02:07:27,"90,900.76",NGN 6817.56,NGN 97718.32,NGN,paid
INV-007090,WO-008034,CUST00901,1728704538000,"6,615.00",496.12,NGN 7111.12,NGN,paid
INV-007091,WO-008035,CUST00246,29/10/2024,"NGN5,450.00",408.75,5858.75,NGN,UNPAID
INV-007092,WO-008037,CUST00318,23/07/2026,1239015.33,NGN 92926.15,"NGN1,331,941.48",NGN,paid
INV-007093,WO-008038,CUST00791,2026-04-20 20:50:01,"314,846.57","23,613.49","NGN338,460.06",ngn,partial
INV-007094,WO-008039,CUST00726,2026-04-27 09:52:47,684471.29,"51,335.35","735,806.64",NGN,UNPAID
INV-007095,WO-008040,CUST00519,2026-02-28 00:39:47,"NGN110,973.21","8,322.99","119,296.20",NGN,paid
INV-007096,WO-008041,CUST01157,2026-02-27 02:33:21,468263.90,"NGN35,119.79",NGN 503383.69,NGN,PAID
INV-007097,WO-008044,CUST00410,2026-04-13 05:26:38,"NGN875,131.76","NGN65,634.88","NGN940,766.64",NGN,paid
INV-007098,WO-008045,CUST00023,1730834641000,NGN 15030.00,NGN 1127.25,"16,157.25",NGN,partial
INV-007099,WO-008046,CUST00134,25/12/2024,1340076.35,100505.73,NGN 1440582.08,NGN,PAID
INV-007100,WO-008047,CUST00169,2025-03-21 16:52:01,"NGN578,119.56",NGN 43358.97,621478.53,NGN,paid
INV-007101,WO-008048,CUST00006,2025-07-16 11:45:50,"109,700.00","8,227.50","117,927.50",ngn,paid
INV-007102,WO-008049,CUST00708,31/10/2025,"984,594.61",NGN 73844.60,1058439.21,NGN,UNPAID
INV-007103,WO-008050,CUST00523,19/04/2026,"1,025,306.27",76897.97,"NGN1,102,204.24",ngn,unpaid
INV-007104,WO-008051,CUST00720,2025-05-07 05:55:34,NGN 945092.76,70881.96,"NGN1,015,974.72",ngn,PAID
INV-007105,WO-008052,CUST00618,2025-06-27 03:12:17,"NGN81,736.90",NGN 6130.27,"NGN87,867.17",NGN,PAID
INV-007106,WO-008053,CUST01145,12/10/2025,"NGN314,018.08","NGN23,551.36",NGN 337569.44,NGN,written_off
INV-007107,WO-008054,CUST00681,31/10/2024,"NGN23,150.00","NGN1,736.25",NGN 24886.25,NGN,unpaid
INV-007108,WO-008055,CUST02343,20/11/2024,"320,092.69","24,006.95","344,099.64",NGN,paid
INV-007109,WO-008056,CUST00074,23/07/2025,13000.00,975.00,NGN 13975.00,NGN,PAID
INV-007110,WO-008057,CUST00114,2025-11-29 05:50:25,35613.23,2670.99,"38,284.22",NGN,unpaid
INV-007111,WO-008058,CUST00467,2026-04-11 18:46:02,5670.00,425.25,"6,095.25",NGN,paid
INV-007112,WO-008059,CUST00703,1749957429000,"NGN628,082.29","NGN47,106.17",675188.46,NGN,paid
INV-007113,WO-008060,CUST00362,21/10/2024,"NGN321,579.02",NGN 24118.43,NGN 345697.45,ngn,PAID
INV-007114,WO-008061,CUST00409,2025-12-22 11:47:06,1174695.78,"NGN88,102.18",1262797.96,NGN,unpaid
INV-007115,WO-008062,CUST00258,2025-07-05 22:38:19,"NGN464,125.66","NGN34,809.42","498,935.08",NGN,paid
INV-007116,WO-008063,CUST00718,1772521765000,"NGN546,295.41",NGN 40972.16,"587,267.57",NGN,paid
INV-007117,WO-008064,CUST00490,06/12/2024,"36,948.99","NGN2,771.17",NGN 39720.16,NGN,unpaid
INV-007118,WO-008067,CUST01096,2025-01-20 00:03:00,10850.00,813.75,"11,663.75",NGN,written_off
INV-007119,WO-008068,CUST00241,1739590016000,"788,394.46",NGN 59129.58,847524.04,NGN,paid
INV-007120,WO-008069,CUST01074,2026-05-21 07:38:08,"3,000.00",NGN 225.00,NGN 3225.00,NGN,paid
INV-007121,WO-008071,CUST00312,30/01/2025,"44,002.24","3,300.17",NGN 47302.41,NGN,unpaid
INV-007122,WO-008072,CUST00368,16/12/2025,"NGN169,835.11","NGN12,737.63",182572.74,NGN,paid
INV-007123,WO-008073,CUST00712,04/08/2026,"129,874.80",9740.61,NGN 139615.41,NGN,UNPAID
INV-007124,WO-008074,CUST00530,1775782864000,"119,545.61",8965.92,NGN 128511.53,NGN,UNPAID
INV-007125,WO-008075,CUST00157,25/05/2026,NGN 65695.00,"NGN4,927.12",NGN 70622.12,NGN,paid
INV-007126,WO-008076,CUST00950,28/07/2026,720920.85,"NGN54,069.06","NGN774,989.91",NGN,partial
INV-007127,WO-008077,CUST01164,02/06/2025,NGN 658620.83,NGN 49396.56,NGN 708017.39,NGN,UNPAID
INV-007128,WO-008079,CUST01546,1753950069000,425797.66,31934.82,"NGN457,732.48",NGN,PAID
INV-007129,WO-008080,CUST00897,2025-06-10 10:37:10,636884.08,47766.31,684650.39,NGN,partial
INV-007130,WO-008081,CUST01188,1754382107000,489216.33,36691.22,525907.55,NGN,paid
INV-007131,WO-008082,CUST00446,1786697833000,NGN 947431.71,"71,057.38","NGN1,018,489.09",NGN,UNPAID
INV-007132,WO-008083,CUST01098,1770642247000,NGN 197192.41,NGN 14789.43,"211,981.84",NGN,unpaid
INV-007133,WO-008086,CUST00319,25/07/2026,882120.03,NGN 66159.00,948279.03,NGN,paid
INV-007134,WO-008087,CUST00942,10/04/2026,"NGN767,288.16","NGN57,546.61","NGN824,834.77",NGN,partial
INV-007135,WO-008088,CUST00460,25/12/2024,"829,526.23",62214.47,"891,740.70",NGN,PAID
INV-007136,WO-008089,CUST00279,1734572363000,1061378.47,"NGN79,603.39","1,140,981.86",NGN,paid
INV-007137,WO-008090,CUST00276,1763254909000,"364,853.42","NGN27,364.01","NGN392,217.43",ngn,paid
INV-007138,WO-008091,CUST00193,2024-09-18 17:02:00,"309,128.00","NGN23,184.60",NGN 332312.60,NGN,PAID
INV-007139,WO-008092,CUST01050,2024-09-26 04:56:22,"NGN860,191.84",64514.39,924706.23,NGN,paid
INV-007140,WO-008093,CUST01054,01/03/2025,"NGN6,750.00",NGN 506.25,7256.25,ngn,paid
INV-007141,WO-008094,CUST00752,2025-10-20 11:21:30,8820.00,661.50,"9,481.50",NGN,paid
INV-007142,WO-008095,CUST01132,02/11/2024,"NGN64,201.50",4815.11,NGN 69016.61,NGN,partial
INV-007143,WO-008099,CUST01145,1749059769000,"689,196.11","51,689.71",NGN 740885.82,NGN,paid
INV-007144,WO-008100,CUST00427,1766318845000,1178716.91,"88,403.77",1267120.68,NGN,paid
INV-007145,WO-008101,CUST00034,30/07/2025,"568,497.62",42637.32,"611,134.94",NGN,paid
INV-007146,WO-008102,CUST00829,14/04/2026,1671958.53,"125,396.89","NGN1,797,355.42",NGN,partial
INV-007147,WO-008103,CUST00033,2025-11-30 12:45:23,NGN 814943.00,"61,120.73","876,063.73",NGN,paid
INV-007148,WO-008104,CUST01195,01/11/2024,"559,584.48",41968.84,"601,553.32",NGN,unpaid
INV-007149,WO-008105,CUST00002,1729346657000,NGN 3375.00,NGN 253.12,"3,628.12",NGN,paid
INV-007150,WO-008106,CUST00295,1774307162000,"210,167.85","NGN15,762.59","NGN225,930.44",NGN,PAID
INV-007151,WO-008107,CUST01001,2025-09-26 07:17:31,"NGN5,350.00",NGN401.25,"NGN5,751.25",NGN,paid
INV-007152,WO-008108,CUST00045,25/02/2025,NGN 140114.84,"10,508.61",NGN 150623.45,NGN,unpaid
INV-007153,WO-008110,CUST01689,19/07/2026,NGN 1097300.52,82297.54,NGN 1179598.06,NGN,PAID
INV-007154,WO-008111,CUST00423,1755685920000,9000.00,NGN 675.00,9675.00,NGN,paid
INV-007155,WO-008112,CUST00863,1774730888000,NGN 614263.80,"NGN46,069.78","NGN660,333.58",NGN,PAID
INV-007156,WO-008113,CUST01195,28/04/2026,"NGN55,854.25","NGN4,189.07",NGN 60043.32,NGN,PAID
INV-007157,WO-008114,CUST00189,14/09/2025,630252.87,"47,268.96",677521.83,NGN,PAID
INV-007158,WO-008115,CUST00751,2025-04-23 09:34:32,20676.70,"NGN1,550.75","NGN22,227.45",NGN,paid
INV-007159,WO-008116,CUST02324,27/02/2026,1026989.86,"NGN77,024.24","NGN1,104,014.10",NGN,PAID
INV-007160,WO-008118,CUST00402,1759281001000,"NGN392,861.26",29464.59,"NGN422,325.85",NGN,paid
INV-007161,WO-008119,CUST00576,1754793161000,"NGN10,350.00",776.25,"NGN11,126.25",ngn,paid
INV-007162,WO-008120,CUST01131,2026-02-25 07:01:18,NGN 40500.00,"NGN3,037.50","43,537.50",ngn,paid
INV-007163,WO-008122,CUST00467,18/03/2026,"393,581.97","NGN29,518.65",423100.62,NGN,UNPAID
INV-007164,WO-008123,CUST00810,29/06/2025,NGN 1700.00,127.50,"NGN1,827.50",NGN,partial
INV-007165,WO-008124,CUST00497,1742474639000,"NGN340,613.42",NGN 25546.01,"NGN366,159.43",NGN,PAID
INV-007166,WO-008125,CUST00747,10/11/2025,3950.00,296.25,4246.25,NGN,PAID
INV-007167,WO-008126,CUST01184,2025-05-25 12:59:33,NGN 1436533.38,107740.00,"NGN1,544,273.38",NGN,paid
INV-007168,WO-008127,CUST00463,1753657632000,"22,590.00",1694.25,"NGN24,284.25",NGN,UNPAID
INV-007169,WO-008128,CUST01200,1752123555000,NGN 688392.72,"51,629.45",NGN 740022.17,NGN,PAID
INV-007170,WO-008129,CUST00855,2025-12-14 22:52:42,"NGN274,845.87","20,613.44","NGN295,459.31",NGN,paid
INV-007171,WO-008130,CUST00535,1769660441000,173079.31,12980.95,"186,060.26",NGN,paid
INV-007172,WO-008131,CUST00758,1751339230000,234552.20,"17,591.41","252,143.61",NGN,partial
INV-007173,WO-008132,CUST00348,2025-01-02 01:40:49,NGN 658258.72,49369.40,707628.12,NGN,paid
INV-007174,WO-008133,CUST00666,1779319836000,"524,639.27",NGN 39347.94,NGN 563987.21,ngn,paid
INV-007175,WO-008134,CUST00848,1760054341000,116494.80,"8,737.11",125231.91,NGN,paid
INV-007176,WO-008135,CUST00399,02/07/2025,89723.02,"6,729.23",96452.25,NGN,paid
INV-007177,WO-008136,CUST02386,27/09/2024,NGN 510199.64,38264.97,"548,464.61",NGN,paid
INV-007178,WO-008137,CUST00375,30/10/2024,"390,402.43","NGN29,280.18","NGN419,682.61",NGN,partial
INV-007179,WO-008138,CUST00279,2024-12-23 19:41:36,570744.80,NGN 42805.86,"NGN613,550.66",NGN,PAID
INV-007180,WO-008139,CUST02301,14/11/2024,NGN 183080.60,"NGN13,731.04","196,811.64",NGN,partial
INV-007181,WO-008140,CUST00721,1778137689000,"669,334.39",NGN 50200.08,"719,534.47",NGN,paid
INV-007182,WO-008141,CUST01447,1730970946000,NGN 2375.00,NGN 178.12,2553.12,NGN,PAID
INV-007183,WO-008142,CUST01545,2025-09-16 08:33:07,"279,555.72","NGN20,966.68","300,522.40",ngn,UNPAID
INV-007184,WO-008143,CUST00729,1727162277000,"22,247.31","1,668.55","23,915.86",NGN,paid
INV-007185,WO-008144,CUST00829,30/07/2026,"214,652.68","NGN16,098.95",230751.63,NGN,UNPAID
INV-007186,WO-008145,CUST00869,1738450378000,NGN 27150.00,NGN 2036.25,29186.25,NGN,paid
INV-007187,WO-008146,CUST00004,18/02/2025,"5,775.00",NGN433.12,6208.12,NGN,paid
INV-007188,WO-008147,CUST00494,24/05/2026,251419.41,"18,856.46",270275.87,NGN,paid
INV-007189,WO-008148,CUST00348,2024-11-19 08:02:10,236241.34,NGN 17718.10,"NGN253,959.44",NGN,PAID
INV-007190,WO-008150,CUST00066,2025-09-28 20:41:39,NGN 745883.00,"NGN55,941.23","801,824.23",NGN,paid
INV-007191,WO-008151,CUST00836,02/07/2026,NGN 303316.94,"NGN22,748.77",NGN 326065.71,NGN,PAID
INV-007192,WO-008152,CUST00038,2025-06-23 14:13:02,"213,576.26","NGN16,018.22","NGN229,594.48",NGN,paid
INV-007193,WO-008153,CUST02307,2025-08-16 10:08:03,NGN 1135058.10,NGN 85129.36,1220187.46,NGN,unpaid
INV-007194,WO-008154,CUST00705,2024-11-23 12:45:07,483926.03,NGN 36294.45,520220.48,NGN,paid
INV-007195,WO-008155,CUST00916,2024-12-18 15:13:49,165829.95,NGN 12437.25,"178,267.20",NGN,partial
INV-007196,WO-008156,CUST00594,16/11/2024,"7,175.00",538.12,"7,713.12",ngn,paid
INV-007197,WO-008158,CUST00458,1774315741000,1460602.77,"NGN109,545.21","1,570,147.98",NGN,paid
INV-007198,WO-008159,CUST00886,1751922985000,8000.00,600.00,"NGN8,600.00",NGN,paid
INV-007199,WO-008160,CUST00702,2025-06-08 15:32:43,"NGN216,056.05",16204.20,"232,260.25",NGN,paid
INV-007200,WO-008161,CUST00155,2025-07-26 20:36:38,"6,930.00",NGN 519.75,NGN 7449.75,NGN,paid
INV-007201,WO-008162,CUST00064,1784470704000,"213,359.58",NGN 16001.97,NGN 229361.55,NGN,paid
INV-007202,WO-008163,CUST01283,06/02/2025,798326.67,"NGN59,874.50",NGN 858201.17,NGN,partial
INV-007203,WO-008164,CUST00561,2026-06-06 23:25:22,NGN 4900.00,367.50,"NGN5,267.50",NGN,PAID
INV-007204,WO-008165,CUST00121,2025-03-03 06:35:27,"NGN12,150.00",NGN911.25,13061.25,NGN,unpaid
INV-007205,WO-008166,CUST00352,01/03/2025,NGN 148726.98,11154.52,159881.50,ngn,PAID
INV-007206,WO-008167,CUST00746,2025-11-21 12:29:08,NGN 521309.26,39098.19,"NGN560,407.45",NGN,paid
INV-007207,WO-008168,CUST00441,1726579070000,"NGN393,303.31",NGN 29497.75,422801.06,NGN,PAID
INV-007208,WO-008169,CUST00883,15/02/2026,NGN 277425.00,"20,806.88","NGN298,231.88",NGN,PAID
INV-007209,WO-008171,CUST00047,2024-09-28 08:09:37,"NGN165,845.65",12438.42,NGN 178284.07,ngn,paid
INV-007210,WO-008172,CUST00886,17/04/2026,"655,879.67","49,190.97","705,070.64",NGN,paid
INV-007211,WO-008173,CUST00751,1749286691000,"NGN350,595.91",26294.69,"376,890.60",NGN,paid
INV-007212,WO-008174,CUST00373,1777362488000,NGN 71267.53,"5,345.06",76612.59,NGN,paid
INV-007213,WO-008175,CUST00615,31/05/2025,"NGN614,794.62","NGN46,109.60",NGN 660904.22,ngn,paid
INV-007214,WO-008176,CUST00186,1770091443000,"NGN853,865.03",NGN 64039.88,NGN 917904.91,NGN,PAID
INV-007215,WO-008178,CUST00906,2025-05-14 03:24:52,NGN 398314.48,"29,873.59","428,188.07",ngn,UNPAID
INV-007216,WO-008179,CUST00600,1786827632000,"20,730.76",1554.81,NGN 22285.57,NGN,unpaid
INV-007217,WO-008180,CUST01839,2026-07-27 08:29:08,NGN 316157.59,"23,711.82","339,869.41",NGN,partial
INV-007218,WO-008181,CUST01373,2026-08-01 18:41:09,"NGN380,167.06",28512.53,408679.59,NGN,paid
INV-007219,WO-008182,CUST00329,29/03/2026,301341.08,NGN 22600.58,"323,941.66",NGN,paid
INV-007220,WO-008183,CUST00767,30/09/2024,"NGN508,112.37","NGN38,108.43",546220.80,NGN,unpaid
INV-007221,WO-008185,CUST00851,2026-03-11 22:09:23,NGN 568638.84,NGN 42647.91,"NGN611,286.75",NGN,partial
INV-007222,WO-008186,CUST02334,1768818321000,NGN 7550.00,NGN 566.25,8116.25,NGN,paid
INV-007223,WO-008187,CUST01317,1729366996000,"NGN599,478.48","NGN44,960.89","644,439.37",NGN,partial
INV-007224,WO-008188,CUST02172,2025-03-16 23:37:36,197356.42,"NGN14,801.73",NGN 212158.15,NGN,paid
INV-007225,WO-008189,CUST01960,1762424246000,770112.68,"NGN57,758.45","827,871.13",NGN,PAID
INV-007226,WO-008190,CUST01089,2025-12-23 12:56:05,487462.29,NGN 36559.67,524021.96,NGN,PAID
INV-007227,WO-008191,CUST00155,2026-05-23 17:24:03,NGN 601667.56,"45,125.07","646,792.63",NGN,PAID
INV-007228,WO-008192,CUST01200,2026-05-25 00:49:14,"NGN236,831.54","17,762.37",254593.91,NGN,written_off
INV-007229,WO-008193,CUST00363,2024-09-24 07:40:32,368652.93,27648.97,"396,301.90",ngn,partial
INV-007230,WO-008194,CUST00578,2025-12-31 07:30:14,"NGN179,200.70","13,440.05","NGN192,640.75",ngn,PAID
INV-007231,WO-008195,CUST00581,2026-05-24 08:35:05,"NGN448,047.31","33,603.55",481650.86,ngn,PAID
INV-007232,WO-008196,CUST00782,1751882522000,NGN 13800.00,"1,035.00","14,835.00",NGN,UNPAID
INV-007233,WO-008197,CUST00676,1734702648000,"18,750.00","NGN1,406.25","NGN20,156.25",NGN,UNPAID
INV-007234,WO-008198,CUST01184,1731990404000,"1,185,238.29","88,892.87",1274131.16,NGN,unpaid
INV-007235,WO-008199,CUST00336,1782891863000,NGN 1022792.31,NGN 76709.42,"NGN1,099,501.73",NGN,UNPAID
INV-007236,WO-008200,CUST00115,1755472831000,565449.39,"NGN42,408.70",607858.09,NGN,PAID
INV-007237,WO-008201,CUST00033,2026-02-10 20:47:41,"NGN874,578.20","65,593.37","NGN940,171.57",NGN,unpaid
INV-007238,WO-008202,CUST00685,2025-02-25 21:25:05,"93,791.42","NGN7,034.36","NGN100,825.78",NGN,unpaid
INV-007239,WO-008203,CUST00654,1777906620000,"NGN339,109.28","25,433.20",364542.48,NGN,paid
INV-007240,WO-008204,CUST00120,1771047992000,"121,793.64",NGN 9134.52,"NGN130,928.16",NGN,paid
INV-007241,WO-008205,CUST00073,08/02/2026,"NGN391,648.28",29373.62,"421,021.90",NGN,paid
INV-007242,WO-008206,CUST00625,04/01/2025,"1,311,793.39",NGN 98384.50,"NGN1,410,177.89",NGN,unpaid
INV-007243,WO-008207,CUST00693,2026-07-20 04:49:43,39507.18,NGN 2963.04,NGN 42470.22,NGN,paid
INV-007244,WO-008208,CUST00483,2026-05-02 05:30:52,"3,450.00",NGN258.75,3708.75,NGN,PAID
INV-007245,WO-008209,CUST00376,20/02/2026,NGN 223603.15,16770.24,"240,373.39",NGN,paid
INV-007246,WO-008210,CUST00211,22/05/2025,"NGN734,392.80","55,079.46","NGN789,472.26",NGN,PAID
INV-007247,WO-008211,CUST00082,10/01/2026,"2,380.00",178.50,"2,558.50",NGN,partial
INV-007248,WO-008212,CUST01051,11/01/2025,"1,070,252.21",80268.92,"NGN1,150,521.13",NGN,PAID
INV-007249,WO-008213,CUST00837,09/12/2024,97142.57,7285.69,"NGN104,428.26",NGN,partial
INV-007250,WO-008214,CUST00146,13/12/2025,"NGN10,890.00",816.75,"NGN11,706.75",NGN,paid
INV-007251,WO-008215,CUST00059,1744449440000,96771.07,7257.83,"NGN104,028.90",NGN,paid
INV-007252,WO-008216,CUST00051,27/08/2025,"NGN761,431.23",NGN 57107.34,NGN 818538.57,NGN,PAID
INV-007253,WO-008217,CUST00465,2025-07-25 09:36:58,NGN 1065431.91,NGN 79907.39,"1,145,339.30",NGN,paid
INV-007254,WO-008218,CUST01001,1737941010000,"NGN27,990.00",NGN 2099.25,NGN 30089.25,NGN,paid
INV-007255,WO-008219,CUST00660,01/11/2025,NGN 33623.65,2521.77,"NGN36,145.42",NGN,partial
INV-007256,WO-008220,CUST00827,1736019474000,"6,750.00",506.25,"7,256.25",NGN,unpaid
INV-007257,WO-008221,CUST00436,1774332753000,915969.64,NGN 68697.72,"984,667.36",NGN,paid
INV-007258,WO-008222,CUST00957,1763614294000,"NGN169,028.82",NGN 12677.16,181705.98,NGN,paid
INV-007259,WO-008223,CUST00239,1772321289000,NGN 141404.71,"NGN10,605.35","NGN152,010.06",NGN,paid
INV-007260,WO-008224,CUST00581,2026-07-07 04:52:15,322124.50,24159.34,"346,283.84",NGN,paid
INV-007261,WO-008225,CUST01003,2025-06-19 16:50:16,"94,300.06",7072.50,101372.56,NGN,UNPAID
INV-007262,WO-008226,CUST00282,2026-06-04 21:30:44,"NGN442,577.42",NGN 33193.31,"475,770.73",NGN,written_off
INV-007263,WO-008227,CUST00741,2025-07-01 08:21:43,"18,165.00",1362.38,"19,527.38",NGN,UNPAID
INV-007264,WO-008228,CUST00869,2025-05-06 09:11:07,609853.60,45739.02,"655,592.62",ngn,PAID
INV-007265,WO-008229,CUST00178,2026-03-14 02:53:33,"656,293.06","49,221.98","NGN705,515.04",NGN,paid
INV-007266,WO-008230,CUST00834,2025-08-02 06:56:59,321139.02,NGN 24085.43,"345,224.45",NGN,paid
INV-007267,WO-008231,CUST01167,1744239441000,"850,693.67","NGN63,802.03",914495.70,NGN,paid
INV-007268,WO-008232,CUST00812,2025-07-15 10:34:50,2275.00,170.62,"2,445.62",NGN,partial
INV-007269,WO-008233,CUST00295,1752812778000,140085.68,"NGN10,506.43","150,592.11",NGN,paid
INV-007270,WO-008234,CUST00430,2026-07-17 03:53:11,NGN 195173.26,"NGN14,637.99",NGN 209811.25,NGN,paid
INV-007271,WO-008235,CUST00108,07/10/2025,970115.55,NGN 72758.67,NGN 1042874.22,NGN,paid
INV-007272,WO-008236,CUST01125,19/09/2025,"379,585.12",NGN 28468.88,"NGN408,054.00",NGN,PAID
INV-007273,WO-008237,CUST00207,02/06/2026,"NGN1,814,869.21","NGN136,115.19","1,950,984.40",NGN,paid
INV-007274,WO-008239,CUST00489,1741512255000,NGN 2175.00,NGN 163.12,"2,338.12",NGN,paid
INV-007275,WO-008240,CUST00768,1747841776000,912303.06,"NGN68,422.73",NGN 980725.79,NGN,unpaid
INV-007276,WO-008241,CUST00115,31/03/2026,700770.23,"52,557.77",NGN 753328.00,NGN,paid
INV-007277,WO-008242,CUST01021,30/10/2024,NGN 162845.65,12213.42,"NGN175,059.07",NGN,partial
INV-007278,WO-008244,CUST00287,20/04/2025,NGN 250023.34,"18,751.75",NGN 268775.09,NGN,paid
INV-007279,WO-008245,CUST01535,2025-03-01 06:43:37,"NGN87,210.00",6540.75,93750.75,ngn,partial
INV-007280,WO-008249,CUST00898,1730652653000,7920.00,NGN594.00,"8,514.00",NGN,paid
INV-007281,WO-008250,CUST00900,2025-08-30 19:11:35,NGN 9075.00,NGN 680.62,9755.62,NGN,paid
INV-007282,WO-008251,CUST00702,1739426001000,NGN 420387.88,NGN 31529.09,"NGN451,916.97",NGN,paid
INV-007283,WO-008252,CUST01156,1782444592000,NGN 503362.69,37752.20,"541,114.89",NGN,UNPAID
INV-007284,WO-008253,CUST00876,1761446308000,NGN 21525.00,NGN 1614.38,"NGN23,139.38",NGN,paid
INV-007285,WO-008254,CUST00989,2025-01-02 10:50:48,139507.35,10463.05,"149,970.40",NGN,UNPAID
INV-007286,WO-008255,CUST00661,1743064379000,NGN 31457.42,"NGN2,359.31","NGN33,816.73",NGN,PAID
INV-007287,WO-008256,CUST00244,1784979862000,NGN 758937.35,NGN 56920.30,NGN 815857.65,NGN,written_off
INV-007288,WO-008257,CUST01160,1761975970000,154132.35,"11,559.93","165,692.28",NGN,paid
INV-007289,WO-008258,CUST00473,2026-06-11 07:59:56,"252,351.58","18,926.37","271,277.95",NGN,partial
INV-007290,WO-008259,CUST00413,2025-06-09 01:42:10,237916.93,17843.77,"255,760.70",NGN,PAID
INV-007291,WO-008260,CUST00982,03/01/2026,"NGN136,957.09",NGN 10271.78,147228.87,NGN,paid
INV-007292,WO-008261,CUST00618,2024-12-20 04:08:14,NGN 288943.04,"21,670.73",310613.77,ngn,partial
INV-007293,WO-008262,CUST00734,2026-08-29 07:20:22,NGN 623580.79,"46,768.56","670,349.35",NGN,unpaid
INV-007294,WO-008263,CUST00083,1732828913000,"23,040.00",1728.00,24768.00,NGN,partial
INV-007295,WO-008264,CUST01118,2026-06-28 11:18:11,NGN 571356.13,42851.71,NGN 614207.84,NGN,paid
INV-007296,WO-008266,CUST00725,08/04/2026,160634.38,"12,047.58",NGN 172681.96,NGN,partial
INV-007297,WO-008267,CUST00542,03/01/2025,"755,594.11",56669.56,NGN 812263.67,ngn,paid
INV-007298,WO-008268,CUST00325,1752007591000,"546,359.20",NGN 40976.94,NGN 587336.14,NGN,paid
INV-007299,WO-008269,CUST00936,1762297715000,NGN 65272.99,NGN 4895.47,NGN 70168.46,NGN,PAID
INV-007300,WO-008270,CUST00028,2024-10-19 02:01:24,"NGN1,062,539.80",NGN 79690.49,"1,142,230.29",ngn,paid
INV-007301,WO-008271,CUST00850,2025-02-23 12:35:32,NGN 376506.06,28237.95,NGN 404744.01,NGN,paid
INV-007302,WO-008272,CUST00154,1762240023000,"50,748.42","3,806.13","54,554.55",NGN,partial
INV-007303,WO-008273,CUST00627,1768438747000,"NGN512,278.67","38,420.90","NGN550,699.57",NGN,paid
INV-007304,WO-008274,CUST01055,21/07/2026,"NGN175,579.11","13,168.43",188747.54,NGN,paid
INV-007305,WO-008275,CUST00746,1772474793000,"11,160.00",837.00,"11,997.00",NGN,PAID
INV-007306,WO-008276,CUST00215,2026-03-21 20:34:55,"NGN468,840.72",NGN 35163.05,"NGN504,003.77",NGN,UNPAID
INV-007307,WO-008277,CUST00811,2025-01-05 02:35:28,"547,484.65",NGN 41061.35,"588,546.00",NGN,partial
INV-007308,WO-008278,CUST00705,03/04/2026,NGN 222214.19,"16,666.06",238880.25,ngn,written_off
INV-007309,WO-008279,CUST00782,1787726251000,"NGN703,436.72","NGN52,757.75",NGN 756194.47,NGN,PAID
INV-007310,WO-008280,CUST00116,1749972552000,185777.87,13933.34,NGN 199711.21,NGN,paid
INV-007311,WO-008281,CUST00410,29/04/2026,NGN 423448.69,"31,758.65","NGN455,207.34",ngn,PAID
INV-007312,WO-008282,CUST01098,1769199192000,"1,960.00",NGN 147.00,"NGN2,107.00",NGN,UNPAID
INV-007313,WO-008283,CUST00192,2026-04-17 12:28:56,"5,200.00",NGN 390.00,"5,590.00",NGN,PAID
INV-007314,WO-008284,CUST00161,1778407476000,"865,714.00",64928.55,"930,642.55",NGN,paid
INV-007315,WO-008285,CUST00165,1754373478000,NGN 953786.98,"71,534.02",1025321.00,ngn,paid
INV-007316,WO-008286,CUST00782,1762775801000,"NGN671,010.80","50,325.81","NGN721,336.61",NGN,paid
INV-007317,WO-008287,CUST01037,1786280859000,"NGN140,766.96",NGN 10557.52,NGN 151324.48,NGN,partial
INV-007318,WO-008288,CUST01091,2024-11-05 05:18:03,591993.79,"NGN44,399.53",636393.32,ngn,PAID
INV-007319,WO-008289,CUST00098,11/11/2024,"NGN426,754.29","NGN32,006.57","458,760.86",NGN,PAID
INV-007320,WO-008290,CUST00792,1729886422000,NGN 331172.24,24837.92,"356,010.16",ngn,unpaid
INV-007321,WO-008291,CUST00349,26/08/2025,2437142.17,182785.66,"NGN2,619,927.83",NGN,partial
INV-007322,WO-008292,CUST00666,1762157992000,"173,670.82","13,025.31","186,696.13",NGN,unpaid
INV-007323,WO-008293,CUST00678,08/06/2025,"NGN15,375.00",1153.12,16528.12,NGN,paid
INV-007324,WO-008294,CUST01155,17/07/2026,"39,461.26",NGN 2959.59,42420.85,NGN,paid
INV-007325,WO-008296,CUST00058,2026-04-20 18:52:03,NGN 508264.29,38119.82,NGN 546384.11,NGN,paid
INV-007326,WO-008297,CUST00513,1770710942000,187464.15,"NGN14,059.81","NGN201,523.96",NGN,PAID
INV-007327,WO-008298,CUST01649,2025-03-09 18:37:10,"NGN359,796.46",NGN 26984.73,"NGN386,781.19",NGN,paid
INV-007328,WO-008299,CUST00973,2026-01-26 16:21:36,"3,500.00",262.50,3762.50,NGN,partial
INV-007329,WO-008300,CUST00826,2025-01-26 20:49:59,"NGN384,379.82","NGN28,828.49","NGN413,208.31",NGN,paid
INV-007330,WO-008301,CUST00941,2025-12-27 19:58:43,63350.00,"NGN4,751.25",68101.25,NGN,paid
INV-007331,WO-008303,CUST00387,20/01/2025,46969.63,3522.72,50492.35,NGN,UNPAID
INV-007332,WO-008304,CUST00699,1727672320000,"NGN7,595.00",NGN 569.62,"NGN8,164.62",NGN,paid
INV-007333,WO-008305,CUST00108,27/03/2025,127181.01,9538.58,"NGN136,719.59",NGN,paid
INV-007334,WO-008306,CUST01185,20/03/2025,NGN 2025.00,NGN151.88,NGN 2176.88,NGN,partial
INV-007335,WO-008308,CUST01166,28/02/2025,NGN 317596.01,"23,819.70",341415.71,NGN,PAID
INV-007336,WO-008309,CUST00186,1737406632000,"NGN600,986.26","NGN45,073.97",646060.23,NGN,paid
INV-007337,WO-008310,CUST00098,2026-02-02 21:56:21,NGN 614053.88,NGN 46054.04,"NGN660,107.92",NGN,UNPAID
INV-007338,WO-008311,CUST01314,15/05/2026,87638.24,"6,572.87","NGN94,211.11",NGN,unpaid
INV-007339,WO-008312,CUST00458,2025-09-02 10:35:51,268049.46,"20,103.71","288,153.17",NGN,unpaid
INV-007340,WO-008313,CUST00238,03/12/2025,"4,250.00",318.75,4568.75,NGN,paid
INV-007341,WO-008314,CUST00383,1756692263000,342650.73,NGN 25698.80,368349.53,NGN,partial
INV-007342,WO-008315,CUST00527,2025-06-22 15:07:27,202279.67,"NGN15,170.98",217450.65,ngn,PAID
INV-007343,WO-008316,CUST00198,07/08/2025,"1,367,974.34","102,598.08","NGN1,470,572.42",NGN,paid
INV-007344,WO-008317,CUST00295,1745040757000,"NGN417,951.26","31,346.34","449,297.60",NGN,paid
INV-007345,WO-008318,CUST01143,04/12/2024,643568.11,NGN 48267.61,691835.72,NGN,paid
INV-007346,WO-008319,CUST00702,2024-12-12 04:08:47,594412.97,"44,580.97",638993.94,NGN,paid
INV-007347,WO-008320,CUST01039,2026-07-02 20:29:16,NGN 544691.02,40851.83,"NGN585,542.85",NGN,paid
INV-007348,WO-008321,CUST00223,29/11/2024,NGN 452510.64,"33,938.30","486,448.94",NGN,paid
INV-007349,WO-008322,CUST01154,1737445153000,NGN 10000.00,NGN750.00,"NGN10,750.00",NGN,unpaid
INV-007350,WO-008323,CUST00154,26/04/2026,"51,510.74","NGN3,863.31","55,374.05",NGN,unpaid
INV-007351,WO-008324,CUST00136,2026-01-24 04:19:38,NGN 41140.02,NGN 3085.50,NGN 44225.52,NGN,paid
INV-007352,WO-008325,CUST00100,1783250689000,"NGN9,502.80",712.71,"NGN10,215.51",NGN,PAID
INV-007353,WO-008326,CUST00752,2025-10-30 15:46:57,NGN 519595.71,"38,969.68",558565.39,NGN,unpaid
INV-007354,WO-008328,CUST01327,1772162832000,268395.96,"20,129.70","NGN288,525.66",NGN,paid
INV-007355,WO-008329,CUST00015,1727217511000,NGN 1223206.19,"NGN91,740.46",1314946.65,NGN,PAID
INV-007356,WO-008331,CUST00411,2024-12-08 00:16:05,"NGN179,441.28",13458.10,"NGN192,899.38",NGN,partial
INV-007357,WO-008332,CUST00840,1760195441000,"NGN17,820.00","NGN1,336.50",19156.50,NGN,paid
INV-007358,WO-008333,CUST01165,2025-10-14 13:14:46,5650.00,NGN423.75,6073.75,NGN,paid
INV-007359,WO-008334,CUST00745,1742861519000,"NGN4,575.00",NGN 343.12,NGN 4918.12,ngn,unpaid
INV-007360,WO-008335,CUST00185,2024-11-24 12:36:50,80943.42,"6,070.76",87014.18,NGN,paid
INV-007361,WO-008336,CUST00706,1762114528000,"311,528.21",23364.62,334892.83,ngn,PAID
INV-007362,WO-008337,CUST00596,17/08/2026,"NGN341,776.04",NGN 25633.20,"NGN367,409.24",NGN,written_off
INV-007363,WO-008338,CUST00043,02/10/2024,"NGN6,675.00",NGN 500.62,"7,175.62",NGN,paid
INV-007364,WO-008339,CUST00922,1779835505000,526333.63,"NGN39,475.02",565808.65,NGN,paid
INV-007365,WO-008340,CUST01364,1768696476000,NGN 33909.18,"2,543.19","NGN36,452.37",NGN,PAID
INV-007366,WO-008341,CUST00606,1769785732000,"360,843.41",NGN 27063.26,"NGN387,906.67",ngn,paid
INV-007367,WO-008342,CUST00510,1756975751000,"1,541,119.07",115583.93,NGN 1656703.00,ngn,UNPAID
INV-007368,WO-008344,CUST00821,2024-11-13 15:29:34,"NGN481,705.27","36,127.90",517833.17,ngn,PAID
INV-007369,WO-008345,CUST01765,03/10/2024,NGN 277830.00,NGN 20837.25,"298,667.25",NGN,PAID
INV-007370,WO-008347,CUST00670,1735030082000,1855.00,139.12,NGN 1994.12,NGN,UNPAID
INV-007371,WO-008348,CUST00679,01/01/2026,NGN 867749.12,NGN 65081.18,932830.30,NGN,partial
INV-007372,WO-008349,CUST01200,26/06/2025,"NGN99,633.06","7,472.48","NGN107,105.54",NGN,partial
INV-007373,WO-008350,CUST00894,2024-11-11 11:27:24,"NGN14,350.00",NGN 1076.25,NGN 15426.25,NGN,written_off
INV-007374,WO-008351,CUST00424,15/12/2024,"483,886.57","NGN36,291.49","NGN520,178.06",NGN,paid
INV-007375,WO-008352,CUST01022,10/08/2026,"NGN899,978.16","67,498.36","967,476.52",NGN,partial
INV-007376,WO-008353,CUST00156,1756730253000,"1,014,778.85","76,108.41",1090887.26,NGN,PAID
INV-007377,WO-008354,CUST01283,2026-05-16 23:48:27,546032.17,NGN 40952.41,"NGN586,984.58",ngn,paid
INV-007378,WO-008355,CUST00207,1744136198000,NGN 269511.58,"20,213.37","NGN289,724.95",NGN,PAID
INV-007379,WO-008356,CUST00011,27/11/2025,"NGN101,575.60",NGN 7618.17,"109,193.77",NGN,unpaid
INV-007380,WO-008357,CUST00529,1748776971000,"62,441.27","NGN4,683.09",NGN 67124.36,NGN,paid
INV-007381,WO-008358,CUST00015,2025-02-14 23:02:05,"NGN317,741.16","23,830.59",NGN 341571.75,ngn,paid
INV-007382,WO-008359,CUST00707,1772878722000,"NGN1,137,489.13",85311.68,NGN 1222800.81,ngn,paid
INV-007383,WO-008360,CUST00110,1783972595000,NGN 2025.00,NGN151.88,"2,176.88",NGN,UNPAID
INV-007384,WO-008361,CUST01157,2026-07-26 14:55:52,"16,100.00",NGN 1207.50,NGN 17307.50,NGN,partial
INV-007385,WO-008362,CUST00448,2026-06-04 07:55:44,"34,709.21",2603.19,"37,312.40",NGN,paid
INV-007386,WO-008363,CUST01116,23/09/2025,NGN 226482.79,"NGN16,986.21","243,469.00",NGN,PAID
INV-007387,WO-008364,CUST01120,2026-01-27 15:16:15,"629,224.70",47191.85,676416.55,NGN,paid
INV-007388,WO-008365,CUST01880,28/09/2025,"21,163.97",1587.30,"NGN22,751.27",NGN,paid
INV-007389,WO-008366,CUST01000,1730362362000,"670,931.35",NGN 50319.85,721251.20,ngn,paid
INV-007390,WO-008367,CUST00306,1769479683000,1123407.72,84255.58,"NGN1,207,663.30",NGN,PAID
INV-007391,WO-008368,CUST00862,1772855411000,199455.27,"14,959.15","214,414.42",ngn,unpaid
INV-007392,WO-008369,CUST00431,1754601463000,"NGN558,110.26","41,858.27",599968.53,NGN,paid
INV-007393,WO-008370,CUST00636,1729505972000,26813.71,2011.03,NGN 28824.74,NGN,PAID
INV-007394,WO-008371,CUST00630,12/11/2024,"NGN529,556.89",39716.77,NGN 569273.66,NGN,paid
INV-007395,WO-008372,CUST01105,1762378389000,"NGN371,878.82",27890.91,399769.73,NGN,paid
INV-007396,WO-008373,CUST00341,17/12/2024,"560,617.16",42046.29,NGN 602663.45,NGN,paid
INV-007397,WO-008374,CUST00589,17/10/2025,"148,519.84","11,138.99",159658.83,NGN,paid
INV-007398,WO-008375,CUST01116,2025-02-24 04:36:38,397404.85,NGN 29805.36,427210.21,NGN,paid
INV-007399,WO-008377,CUST00434,2025-08-25 06:17:35,"NGN396,513.95","NGN29,738.55","NGN426,252.50",NGN,paid
INV-007400,WO-008378,CUST01016,1748268482000,521141.92,"39,085.64",560227.56,NGN,unpaid
INV-007401,WO-008379,CUST00211,2026-04-16 23:37:17,NGN 165150.00,"12,386.25","NGN177,536.25",NGN,written_off
INV-007402,WO-008380,CUST01283,2026-05-17 05:47:33,201009.80,15075.73,216085.53,NGN,paid
INV-007403,WO-008381,CUST00465,2026-06-08 19:17:38,NGN 653040.04,NGN 48978.00,702018.04,NGN,UNPAID
INV-007404,WO-008382,CUST01049,1734974322000,"810,410.17","NGN60,780.76",NGN 871190.93,NGN,unpaid
INV-007405,WO-008383,CUST01145,2025-03-01 10:03:41,NGN 1009632.17,75722.41,NGN 1085354.58,NGN,PAID
INV-007406,WO-008385,CUST00546,1765842627000,"NGN369,885.11","27,741.38",397626.49,NGN,paid
INV-007407,WO-008386,CUST01169,15/12/2024,"NGN17,000.00","1,275.00",18275.00,NGN,unpaid
INV-007408,WO-008387,CUST02386,1739934433000,NGN 3500.00,262.50,NGN 3762.50,NGN,paid
INV-007409,WO-008388,CUST00629,31/10/2025,"112,492.75","8,436.96",NGN 120929.71,NGN,paid
INV-007410,WO-008390,CUST00164,2025-02-05 09:17:48,NGN 268461.70,"20,134.63",NGN 288596.33,NGN,paid
INV-007411,WO-008391,CUST00722,2026-06-09 03:33:24,"1,348,024.23",101101.82,NGN 1449126.05,NGN,paid
INV-007412,WO-008392,CUST00667,2026-02-18 06:46:20,349543.04,"NGN26,215.73","NGN375,758.77",NGN,PAID
INV-007413,WO-008393,CUST00003,2025-06-10 06:21:15,97685.00,NGN 7326.38,"105,011.38",NGN,paid
INV-007414,WO-008394,CUST00641,2025-08-17 11:30:40,"22,501.53","1,687.61","24,189.14",NGN,PAID
INV-007415,WO-008395,CUST01193,2024-11-19 05:25:47,"NGN440,199.09",NGN 33014.93,473214.02,NGN,paid
INV-007416,WO-008397,CUST00229,1786208775000,NGN 11175.00,838.12,"12,013.12",NGN,partial
INV-007417,WO-008398,CUST00708,2025-07-11 12:57:17,"589,608.88",NGN 44220.67,"NGN633,829.55",NGN,PAID
INV-007418,WO-008399,CUST01186,1747974914000,"65,790.00",NGN 4934.25,"70,724.25",ngn,paid
INV-007419,WO-008400,CUST00792,05/09/2025,"716,283.13",53721.23,770004.36,NGN,paid
INV-007420,WO-008402,CUST00959,09/11/2024,170597.04,12794.78,NGN 183391.82,NGN,paid
INV-007421,WO-008403,CUST00252,1762383260000,1505.00,112.88,1617.88,NGN,paid
INV-007422,WO-008405,CUST00177,2025-04-05 08:06:31,3100.00,232.50,"NGN3,332.50",NGN,partial
INV-007423,WO-008406,CUST00279,1761404065000,271182.56,NGN 20338.69,"291,521.25",NGN,paid
INV-007424,WO-008407,CUST00966,2026-05-01 23:00:30,"NGN79,240.20","NGN5,943.02",NGN 85183.22,NGN,partial
INV-007425,WO-008408,CUST02334,2026-06-22 09:31:00,"NGN76,953.33","5,771.50","NGN82,724.83",NGN,paid
INV-007426,WO-008409,CUST01133,16/01/2025,127600.00,"9,570.00",137170.00,NGN,paid
INV-007427,WO-008410,CUST02032,1761683036000,"494,699.31",37102.45,531801.76,NGN,paid
INV-007428,WO-008411,CUST00372,1748403494000,827407.77,62055.58,889463.35,NGN,partial
INV-007429,WO-008412,CUST01082,1737632567000,"NGN885,231.75","NGN66,392.38","NGN951,624.13",NGN,paid
INV-007430,WO-008413,CUST00029,2025-07-10 19:03:56,NGN 1537109.62,NGN 115283.22,NGN 1652392.84,NGN,unpaid
INV-007431,WO-008414,CUST00343,1739183582000,"NGN239,646.07","17,973.46","NGN257,619.53",ngn,paid
INV-007432,WO-008415,CUST00011,2025-02-05 08:21:21,"272,897.71",20467.33,NGN 293365.04,NGN,paid
INV-007433,WO-008416,CUST00312,13/05/2026,"553,699.55",NGN 41527.47,"NGN595,227.02",NGN,paid
INV-007434,WO-008417,CUST00339,10/06/2025,"NGN350,563.36","NGN26,292.25","376,855.61",NGN,unpaid
INV-007435,WO-008418,CUST01109,23/01/2026,NGN 19650.00,1473.75,21123.75,NGN,paid
INV-007436,WO-008419,CUST00019,2025-11-04 09:47:35,65025.00,NGN 4876.88,"69,901.88",NGN,paid
INV-007437,WO-008422,CUST00565,08/10/2025,"NGN554,644.51",NGN 41598.34,596242.85,NGN,paid
INV-007438,WO-008423,CUST01024,1748602963000,"NGN389,950.69","NGN29,246.30","419,196.99",NGN,paid
INV-007439,WO-008424,CUST00199,1740640281000,456253.93,NGN 34219.05,"NGN490,472.98",NGN,partial
INV-007440,WO-008425,CUST00501,1751118135000,NGN 289751.11,"21,731.33","NGN311,482.44",NGN,PAID
INV-007441,WO-008426,CUST00461,2025-07-06 19:15:32,NGN 1453083.27,108981.24,1562064.51,NGN,PAID
INV-007442,WO-008427,CUST00079,2026-06-14 19:23:35,"NGN371,788.37","NGN27,884.13","NGN399,672.50",NGN,unpaid
INV-007443,WO-008428,CUST00900,1756316272000,"268,116.33",20108.73,NGN 288225.06,NGN,paid
INV-007444,WO-008429,CUST01028,09/07/2025,"NGN708,421.70",NGN 53131.63,"761,553.33",ngn,unpaid
INV-007445,WO-008430,CUST00636,2025-06-22 10:26:17,"476,383.94",35728.80,"NGN512,112.74",NGN,paid
INV-007446,WO-008431,CUST00586,1753076365000,"39,420.00",NGN 2956.50,"NGN42,376.50",ngn,PAID
INV-007447,WO-008432,CUST01000,2025-05-19 17:47:27,"113,510.50","NGN8,513.29",122023.79,NGN,partial
INV-007448,WO-008433,CUST00212,26/08/2026,"69,610.89",5220.82,NGN 74831.71,NGN,paid
INV-007449,WO-008434,CUST00239,2025-12-27 08:31:07,30891.93,2316.90,"NGN33,208.83",NGN,written_off
INV-007450,WO-008435,CUST01915,15/06/2026,51843.44,NGN 3888.26,NGN 55731.70,NGN,unpaid
INV-007451,WO-008436,CUST01181,1786827142000,"NGN157,818.47","11,836.39",169654.86,NGN,PAID
INV-007452,WO-008437,CUST01165,1764453541000,"645,279.63",NGN 48395.97,693675.60,NGN,PAID
INV-007453,WO-008438,CUST00520,2025-02-16 15:41:07,"266,030.39",19952.28,"285,982.67",NGN,paid
INV-007454,WO-008440,CUST00880,2026-04-03 22:25:55,"NGN792,534.30","NGN59,440.07","NGN851,974.37",NGN,UNPAID
INV-007455,WO-008441,CUST02237,2025-08-07 14:01:51,565949.80,NGN 42446.23,"NGN608,396.03",ngn,partial
INV-007456,WO-008442,CUST00262,1743928240000,"382,903.54",NGN 28717.77,"NGN411,621.31",NGN,PAID
INV-007457,WO-008443,CUST00922,23/09/2025,NGN 256242.80,19218.21,NGN 275461.01,NGN,UNPAID
INV-007458,WO-008444,CUST00671,17/01/2026,NGN 200018.86,"NGN15,001.41","215,020.27",NGN,PAID
INV-007459,WO-008445,CUST02400,11/02/2025,"1,025.00",76.88,"NGN1,101.88",ngn,paid
INV-007460,WO-008446,CUST01154,2025-12-01 19:28:44,"357,732.04","NGN26,829.90",NGN 384561.94,NGN,paid
INV-007461,WO-008447,CUST00481,2025-03-25 00:27:40,"NGN22,200.00","1,665.00",NGN 23865.00,ngn,UNPAID
INV-007462,WO-008448,CUST00642,2025-11-04 18:44:07,453580.41,34018.53,"487,598.94",NGN,unpaid
INV-007463,WO-008449,CUST00221,1734388690000,"NGN19,100.00",NGN 1432.50,"20,532.50",NGN,PAID
INV-007464,WO-008450,CUST00021,2025-06-24 08:32:45,NGN 665461.56,49909.62,715371.18,NGN,UNPAID
INV-007465,WO-008451,CUST00608,2025-07-01 19:37:12,NGN 23975.00,1798.12,25773.12,NGN,paid
INV-007466,WO-008452,CUST02032,1756565295000,81048.62,NGN 6078.65,"NGN87,127.27",ngn,paid
INV-007467,WO-008453,CUST00441,23/02/2025,917900.38,68842.53,NGN 986742.91,NGN,paid
INV-007468,WO-008454,CUST01103,1748449852000,"226,499.31","16,987.45",243486.76,ngn,unpaid
INV-007469,WO-008455,CUST00144,03/07/2025,"NGN21,385.00",NGN 1603.88,22988.88,NGN,unpaid
INV-007470,WO-008456,CUST00114,2026-07-06 18:10:31,"1,000,387.02",NGN 75029.03,1075416.05,NGN,unpaid
INV-007471,WO-008457,CUST00091,2026-06-22 09:15:41,31640.00,"2,373.00",NGN 34013.00,NGN,unpaid
INV-007472,WO-008458,CUST00395,1741636195000,"113,347.09",NGN 8501.03,NGN 121848.12,NGN,paid
INV-007473,WO-008460,CUST00863,2026-04-01 00:52:21,1465791.61,"109,934.37","NGN1,575,725.98",NGN,paid
INV-007474,WO-008461,CUST00504,2026-01-23 22:14:08,"NGN583,516.89",NGN 43763.77,627280.66,NGN,paid
INV-007475,WO-008462,CUST00792,17/01/2025,"210,269.81",NGN 15770.24,"226,040.05",NGN,PAID
INV-007476,WO-008463,CUST00537,1734989644000,"NGN70,684.63",NGN 5301.35,"NGN75,985.98",ngn,paid
INV-007477,WO-008464,CUST00449,2025-04-15 02:32:11,"410,193.15","30,764.49",440957.64,NGN,paid
INV-007478,WO-008465,CUST01314,2024-12-21 01:27:12,"NGN748,340.73","56,125.56",804466.29,NGN,unpaid
INV-007479,WO-008466,CUST00087,2025-07-21 16:15:42,12975.00,973.12,13948.12,NGN,paid
INV-007480,WO-008467,CUST00302,10/02/2025,NGN 1186569.60,88992.72,"1,275,562.32",NGN,paid
INV-007481,WO-008468,CUST00018,1781705728000,"NGN57,734.21",4330.07,62064.28,NGN,paid
INV-007482,WO-008469,CUST00747,2025-04-17 23:01:15,"169,842.63","12,738.20","NGN182,580.83",NGN,written_off
INV-007483,WO-008470,CUST00264,1729083144000,"279,811.90","20,985.89","300,797.79",NGN,unpaid
INV-007484,WO-008471,CUST01183,2026-02-03 14:20:27,"NGN224,258.18","NGN16,819.36",NGN 241077.54,NGN,PAID
INV-007485,WO-008473,CUST00984,1751461412000,NGN 401545.67,"30,115.93","431,661.60",NGN,paid
INV-007486,WO-008474,CUST00360,1770411684000,"NGN59,097.40",NGN 4432.31,"NGN63,529.71",NGN,PAID
INV-007487,WO-008475,CUST00450,2025-01-26 20:37:05,NGN 5000.00,375.00,"5,375.00",NGN,UNPAID
INV-007488,WO-008476,CUST00630,03/09/2025,"NGN50,648.64","3,798.65","NGN54,447.29",NGN,paid
INV-007489,WO-008477,CUST01005,1771212044000,68186.50,5113.99,73300.49,ngn,paid
INV-007490,WO-008478,CUST00129,05/06/2025,NGN 154543.43,11590.76,"NGN166,134.19",NGN,paid
INV-007491,WO-008479,CUST00236,1746240252000,NGN 355967.29,26697.55,382664.84,NGN,partial
INV-007492,WO-008480,CUST00506,2025-02-03 19:34:05,NGN 223684.66,16776.35,NGN 240461.01,NGN,paid
INV-007493,WO-008481,CUST01962,22/07/2026,"106,449.70","7,983.73",NGN 114433.43,NGN,unpaid
INV-007494,WO-008482,CUST00726,26/08/2025,"140,290.58",NGN 10521.79,"150,812.37",NGN,PAID
INV-007495,WO-008483,CUST00981,1730993009000,"NGN647,978.10","48,598.36",696576.46,NGN,paid
INV-007496,WO-008484,CUST01848,2025-07-25 17:54:05,"NGN6,600.00",495.00,"7,095.00",NGN,PAID
INV-007497,WO-008485,CUST00249,1733320678000,NGN 369373.85,27703.04,"397,076.89",NGN,PAID
INV-007498,WO-008486,CUST00257,22/08/2025,"46,894.33","3,517.07",50411.40,NGN,PAID
INV-007499,WO-008488,CUST00157,1769316185000,"NGN514,138.73","NGN38,560.40","552,699.13",NGN,unpaid
INV-007500,WO-008490,CUST01146,05/12/2025,"NGN737,728.12","55,329.61",793057.73,NGN,PAID
INV-007501,WO-008491,CUST00856,19/06/2025,NGN 851854.09,63889.06,"915,743.15",NGN,paid
INV-007502,WO-008494,CUST00023,03/02/2025,NGN 7175.00,538.12,"NGN7,713.12",NGN,unpaid
INV-007503,WO-008495,CUST00859,2025-12-23 08:18:25,"NGN638,433.09","47,882.48","NGN686,315.57",NGN,paid
INV-007504,WO-008496,CUST02237,07/08/2026,"NGN949,705.84",71227.94,"1,020,933.78",NGN,partial
INV-007505,WO-008497,CUST00126,04/03/2026,"70,636.90",NGN 5297.77,75934.67,NGN,paid
INV-007506,WO-008498,CUST01112,1774113796000,"NGN574,096.43","43,057.23","NGN617,153.66",NGN,UNPAID
INV-007507,WO-008499,CUST00536,2025-09-22 06:32:57,"412,930.52",NGN 30969.79,NGN 443900.31,NGN,partial
INV-007508,WO-008500,CUST00914,31/05/2026,"NGN186,945.67","NGN14,020.93",200966.60,ngn,paid
INV-007509,WO-008501,CUST00411,16/07/2025,NGN 6100.00,457.50,6557.50,NGN,paid
INV-007510,WO-008502,CUST01112,07/03/2025,NGN 208744.87,15655.86,224400.73,ngn,PAID
INV-007511,WO-008503,CUST01185,23/07/2025,796447.18,"NGN59,733.54","NGN856,180.72",NGN,paid
INV-007512,WO-008504,CUST00712,13/12/2025,NGN 26800.00,2010.00,NGN 28810.00,NGN,unpaid
INV-007513,WO-008505,CUST00448,1782840284000,"NGN91,598.14",6869.86,"NGN98,468.00",NGN,paid
INV-007514,WO-008506,CUST00550,1770781017000,2415.00,NGN181.12,2596.12,NGN,PAID
INV-007515,WO-008507,CUST00270,1736771024000,524131.66,"NGN39,309.87",NGN 563441.53,NGN,paid
INV-007516,WO-008508,CUST00529,2024-12-29 17:57:21,"NGN688,889.19","NGN51,666.69","NGN740,555.88",NGN,partial
INV-007517,WO-008509,CUST00732,1739841115000,"22,295.64","1,672.17",NGN 23967.81,NGN,paid
INV-007518,WO-008510,CUST00978,2025-09-30 23:41:05,"130,309.74",9773.23,NGN 140082.97,NGN,PAID
INV-007519,WO-008511,CUST00841,2025-04-18 07:31:58,23350.00,"1,751.25","NGN25,101.25",NGN,PAID
INV-007520,WO-008512,CUST00450,2025-05-02 23:15:56,NGN 526370.06,"NGN39,477.75",NGN 565847.81,NGN,paid
INV-007521,WO-008514,CUST00138,12/10/2024,"NGN365,903.15",NGN 27442.74,NGN 393345.89,NGN,PAID
INV-007522,WO-008515,CUST00023,2025-07-26 13:01:48,"NGN10,000.00",NGN750.00,10750.00,NGN,unpaid
INV-007523,WO-008516,CUST01954,06/01/2026,1041823.82,"NGN78,136.79","1,119,960.61",NGN,paid
INV-007524,WO-008517,CUST00948,2025-12-06 11:57:00,"1,106,765.88",83007.44,1189773.32,NGN,UNPAID
INV-007525,WO-008518,CUST00717,1753746078000,"NGN1,229,364.89","92,202.37",1321567.26,NGN,paid
INV-007526,WO-008519,CUST00678,1769131333000,745896.05,"55,942.20",NGN 801838.25,NGN,paid
INV-007527,WO-008520,CUST00501,01/07/2025,"661,304.19","49,597.81",NGN 710902.00,NGN,paid
INV-007528,WO-008521,CUST00351,2025-07-03 19:42:11,"NGN1,361,693.29","102,127.00",NGN 1463820.29,NGN,paid
INV-007529,WO-008522,CUST00647,06/11/2024,1890.00,NGN141.75,"NGN2,031.75",NGN,partial
INV-007530,WO-008523,CUST02033,13/03/2026,NGN 133045.23,"9,978.39","NGN143,023.62",NGN,paid
INV-007531,WO-008524,CUST00814,2025-03-21 19:45:24,NGN 702491.02,"52,686.83","755,177.85",NGN,partial
INV-007532,WO-008525,CUST00802,06/08/2026,"NGN149,457.50","NGN11,209.31","NGN160,666.81",NGN,PAID
INV-007533,WO-008526,CUST01066,27/10/2024,"91,570.87","NGN6,867.82","98,438.69",NGN,unpaid
INV-007534,WO-008527,CUST00992,2024-09-28 00:26:52,"NGN1,235,871.19","92,690.34","1,328,561.53",NGN,partial
INV-007535,WO-008528,CUST01132,15/09/2025,3075.00,NGN 230.62,3305.62,NGN,partial
INV-007536,WO-008530,CUST00942,1757468364000,NGN 171240.90,12843.07,"NGN184,083.97",NGN,unpaid
INV-007537,WO-008531,CUST00516,14/05/2025,608048.87,"45,603.67",653652.54,NGN,paid
INV-007538,WO-008532,CUST01189,2025-03-31 05:52:43,"NGN4,350.00",NGN326.25,NGN 4676.25,NGN,unpaid
INV-007539,WO-008533,CUST00393,1785388498000,NGN 750855.13,"56,314.13",NGN 807169.26,NGN,PAID
INV-007540,WO-008534,CUST00390,2025-05-17 09:33:14,509165.94,"NGN38,187.45","547,353.39",NGN,paid
INV-007541,WO-008535,CUST00991,2025-08-28 17:19:20,NGN 127622.78,NGN 9571.71,137194.49,NGN,paid
INV-007542,WO-008536,CUST00835,1775723190000,NGN 118596.34,"8,894.73",NGN 127491.07,NGN,written_off
INV-007543,WO-008537,CUST01193,2025-08-28 21:03:19,"806,143.93","NGN60,460.80",NGN 866604.73,NGN,partial
INV-007544,WO-008538,CUST00134,21/06/2026,1396318.54,104723.89,1501042.43,NGN,partial
INV-007545,WO-008539,CUST00370,2025-05-07 19:24:15,"NGN244,828.62",NGN 18362.15,"NGN263,190.77",NGN,partial
INV-007546,WO-008540,CUST00356,2026-04-19 08:35:03,622959.20,NGN 46721.94,"NGN669,681.14",NGN,paid
INV-007547,WO-008541,CUST00252,2025-03-17 10:22:24,"586,375.81",NGN 43978.19,NGN 630354.00,NGN,PAID
INV-007548,WO-008542,CUST00422,1752908041000,"1,144,625.46",NGN 85846.91,"NGN1,230,472.37",NGN,paid
INV-007549,WO-008543,CUST01154,2024-11-04 16:03:43,"353,191.84",NGN 26489.39,"NGN379,681.23",NGN,PAID
INV-007550,WO-008545,CUST00813,1758786503000,"1,053,541.58",79015.62,"1,132,557.20",NGN,paid
INV-007551,WO-008546,CUST00389,09/12/2025,NGN 121422.22,"NGN9,106.67",NGN 130528.89,NGN,unpaid
INV-007552,WO-008547,CUST00856,06/10/2024,706585.63,"NGN52,993.92",NGN 759579.55,ngn,PAID
INV-007553,WO-008548,CUST01066,17/03/2026,"412,802.59","NGN30,960.19",443762.78,ngn,unpaid
INV-007554,WO-008549,CUST01111,2024-11-29 04:39:27,"6,800.00",NGN510.00,7310.00,NGN,paid
INV-007555,WO-008550,CUST00807,1761275201000,"NGN8,325.00",NGN624.38,"8,949.38",NGN,PAID
INV-007556,WO-008551,CUST01028,1730829035000,NGN 587922.03,44094.15,"NGN632,016.18",ngn,unpaid
INV-007557,WO-008552,CUST01066,16/08/2026,"NGN8,910.00",668.25,"9,578.25",NGN,PAID
INV-007558,WO-008554,CUST00976,21/07/2025,"1,256,430.79","94,232.31","NGN1,350,663.10",NGN,paid
INV-007559,WO-008555,CUST01883,1733458748000,691223.10,"NGN51,841.73",743064.83,NGN,unpaid
INV-007560,WO-008556,CUST01157,10/10/2024,665616.20,49921.22,"NGN715,537.42",NGN,paid
INV-007561,WO-008557,CUST00369,1746920288000,"5,150.00",NGN386.25,"5,536.25",NGN,paid
INV-007562,WO-008558,CUST00582,2025-09-12 01:22:59,"NGN1,145,674.31","85,925.57",NGN 1231599.88,NGN,partial
INV-007563,WO-008559,CUST00124,20/02/2026,NGN 6580.00,NGN493.50,NGN 7073.50,NGN,UNPAID
INV-007564,WO-008560,CUST00868,2026-06-14 07:06:48,"322,326.42","NGN24,174.48","NGN346,500.90",NGN,paid
INV-007565,WO-008561,CUST00225,2025-09-20 04:54:50,NGN 359656.82,26974.26,NGN 386631.08,NGN,paid
INV-007566,WO-008562,CUST01172,2025-11-07 06:51:34,"NGN2,000.00",NGN150.00,NGN 2150.00,NGN,paid
INV-007567,WO-008563,CUST01172,2026-01-02 19:55:07,NGN 168591.12,NGN 12644.33,"181,235.45",NGN,paid
INV-007568,WO-008564,CUST00460,2025-11-08 06:42:12,NGN 415855.27,NGN 31189.14,NGN 447044.41,NGN,unpaid
INV-007569,WO-008565,CUST00290,15/12/2024,NGN 312990.82,"NGN23,474.31",336465.13,ngn,unpaid
INV-007570,WO-008566,CUST00755,14/11/2025,"991,387.77","74,354.08","1,065,741.85",NGN,UNPAID
INV-007571,WO-008567,CUST00235,1784987793000,"8,250.00",NGN 618.75,"8,868.75",NGN,paid
INV-007572,WO-008568,CUST00593,2026-06-17 13:50:13,"NGN868,726.20","NGN65,154.46","933,880.66",NGN,paid
INV-007573,WO-008569,CUST00830,02/07/2026,"NGN8,700.00",NGN652.50,NGN 9352.50,NGN,paid
INV-007574,WO-008570,CUST00800,2026-01-15 11:31:00,140822.86,10561.71,"NGN151,384.57",NGN,partial
INV-007575,WO-008571,CUST01097,1767844865000,"NGN271,638.08","20,372.86","292,010.94",NGN,paid
INV-007576,WO-008572,CUST00511,10/01/2025,"NGN637,759.88",NGN 47831.99,"685,591.87",ngn,partial
INV-007577,WO-008574,CUST00433,14/02/2026,"12,250.00",918.75,NGN 13168.75,NGN,PAID
INV-007578,WO-008575,CUST00525,27/11/2024,"1,291,378.09","96,853.36",NGN 1388231.45,NGN,paid
INV-007579,WO-008576,CUST00308,08/01/2025,"NGN3,400.00",NGN 255.00,3655.00,NGN,written_off
INV-007580,WO-008577,CUST00107,1760842350000,434763.76,"NGN32,607.28","NGN467,371.04",NGN,partial
INV-007581,WO-008578,CUST00592,1755579732000,"NGN463,847.37","NGN34,788.55",498635.92,NGN,PAID
INV-007582,WO-008579,CUST00554,2025-06-26 17:13:12,"NGN461,076.85",34580.76,NGN 495657.61,NGN,unpaid
INV-007583,WO-008581,CUST00992,07/06/2026,"NGN164,815.31","12,361.15",NGN 177176.46,NGN,paid
INV-007584,WO-008582,CUST00266,1740158512000,1248643.33,93648.25,1342291.58,NGN,UNPAID
INV-007585,WO-008583,CUST00441,1740307492000,"NGN812,798.90","NGN60,959.92","873,758.82",NGN,paid
INV-007586,WO-008584,CUST00760,21/05/2025,"NGN248,551.49","NGN18,641.36","NGN267,192.85",NGN,written_off
INV-007587,WO-008585,CUST00881,1735956788000,"NGN570,650.80",NGN 42798.81,613449.61,NGN,paid
INV-007588,WO-008586,CUST00468,2026-01-23 12:04:17,182772.14,"13,707.91","196,480.05",NGN,paid
INV-007589,WO-008587,CUST01180,1734909197000,"NGN37,660.00","2,824.50",NGN 40484.50,ngn,paid
INV-007590,WO-008588,CUST01157,1773295560000,"NGN375,299.55",NGN 28147.47,NGN 403447.02,NGN,UNPAID
INV-007591,WO-008589,CUST00261,1780353403000,466519.80,NGN 34988.98,"NGN501,508.78",ngn,paid
INV-007592,WO-008590,CUST00171,2025-01-19 00:03:12,"NGN557,542.67","41,815.70","NGN599,358.37",NGN,UNPAID
INV-007593,WO-008591,CUST01982,1736052445000,652150.60,"NGN48,911.30","NGN701,061.90",NGN,UNPAID
INV-007594,WO-008592,CUST00459,26/01/2025,NGN 318441.79,"NGN23,883.13",NGN 342324.92,NGN,PAID
INV-007595,WO-008593,CUST00496,2025-10-01 07:01:02,25275.00,NGN 1895.62,27170.62,NGN,UNPAID
INV-007596,WO-008594,CUST00323,1745387596000,NGN 483448.60,"NGN36,258.64",519707.24,NGN,unpaid
INV-007597,WO-008595,CUST00893,04/11/2025,28800.00,"2,160.00",30960.00,NGN,PAID
INV-007598,WO-008596,CUST00684,1750643957000,"1,041,679.01","NGN78,125.93","NGN1,119,804.94",NGN,unpaid
INV-007599,WO-008597,CUST01036,01/07/2025,58444.47,"NGN4,383.34","NGN62,827.81",NGN,partial
INV-007600,WO-008598,CUST00169,26/03/2025,13580.00,"1,018.50",NGN 14598.50,NGN,paid
INV-007601,WO-008599,CUST00427,1768663453000,"NGN11,050.00",828.75,"11,878.75",NGN,paid
INV-007602,WO-008600,CUST00609,2026-06-18 18:48:49,NGN 1072229.22,80417.19,"NGN1,152,646.41",NGN,paid
INV-007603,WO-008601,CUST01012,2026-02-20 01:01:38,"93,796.12",NGN 7034.71,100830.83,NGN,unpaid
INV-007604,WO-008602,CUST00502,31/03/2025,122036.88,"NGN9,152.77","131,189.65",NGN,paid
INV-007605,WO-008603,CUST01012,30/08/2026,"NGN41,250.00",3093.75,44343.75,NGN,unpaid
INV-007606,WO-008604,CUST00230,1761879654000,NGN 1452461.69,"NGN108,934.63",NGN 1561396.32,NGN,paid
INV-007607,WO-008605,CUST00517,12/10/2025,13140.00,985.50,NGN 14125.50,NGN,paid
INV-007608,WO-008606,CUST00738,1735726058000,"NGN1,306,313.53",97973.52,"1,404,287.05",NGN,PAID
INV-007609,WO-008607,CUST01042,1727632389000,135124.20,"NGN10,134.31","145,258.51",NGN,written_off
INV-007610,WO-008608,CUST00979,10/03/2026,NGN 118895.06,"8,917.13",NGN 127812.19,NGN,partial
INV-007611,WO-008609,CUST00867,18/05/2026,"NGN745,836.45","NGN55,937.73","NGN801,774.18",NGN,paid
INV-007612,WO-008610,CUST00034,25/11/2025,NGN 65504.63,"4,912.85","NGN70,417.48",NGN,paid
INV-007613,WO-008611,CUST00712,2024-12-13 20:08:42,92410.73,NGN 6930.81,99341.54,NGN,unpaid
INV-007614,WO-008612,CUST00412,1770329891000,"452,457.74",33934.33,"486,392.07",NGN,paid
INV-007615,WO-008613,CUST01137,2025-06-05 21:10:07,NGN 478221.57,NGN 35866.62,514088.19,NGN,paid
INV-007616,WO-008614,CUST01058,1731763760000,"NGN230,353.97",NGN 17276.55,247630.52,NGN,UNPAID
INV-007617,WO-008615,CUST02225,1740721021000,529250.04,"39,693.75","568,943.79",NGN,partial
INV-007618,WO-008616,CUST00522,1743584253000,"NGN42,350.00","NGN3,176.25","NGN45,526.25",NGN,PAID
INV-007619,WO-008617,CUST00600,25/12/2025,"NGN913,969.00","NGN68,547.68","982,516.68",NGN,partial
INV-007620,WO-008618,CUST00952,1752986133000,7275.00,545.62,"NGN7,820.62",NGN,unpaid
INV-007621,WO-008620,CUST00569,1740752016000,"NGN218,961.70","16,422.13","235,383.83",NGN,unpaid
INV-007622,WO-008622,CUST00864,2026-02-25 19:15:14,"NGN1,084,514.33",NGN 81338.58,1165852.91,NGN,paid
INV-007623,WO-008623,CUST00237,18/04/2025,NGN 602662.72,45199.70,"647,862.42",NGN,paid
INV-007624,WO-008624,CUST00505,14/05/2025,"289,537.74","21,715.33","311,253.07",ngn,paid
INV-007625,WO-008625,CUST00750,1782237893000,123794.42,NGN 9284.58,"NGN133,079.00",NGN,partial
INV-007626,WO-008626,CUST00652,25/09/2024,"977,207.97","NGN73,290.60","1,050,498.57",NGN,UNPAID
INV-007627,WO-008628,CUST00097,2026-06-14 08:07:13,"62,521.50",4689.11,"67,210.61",NGN,paid
INV-007628,WO-008629,CUST01161,2025-04-29 03:06:22,1012308.31,"NGN75,923.12",1088231.43,NGN,UNPAID
INV-007629,WO-008630,CUST01577,1745898047000,41007.95,"NGN3,075.60",NGN 44083.55,NGN,paid
INV-007630,WO-008631,CUST01142,1729593198000,"NGN277,450.87","NGN20,808.81",NGN 298259.68,NGN,paid
INV-007631,WO-008634,CUST01364,2024-12-05 01:43:23,"NGN447,211.30",NGN 33540.85,480752.15,ngn,partial
INV-007632,WO-008635,CUST00112,2026-02-15 00:51:31,302595.38,"22,694.65",NGN 325290.03,NGN,paid
INV-007633,WO-008637,CUST00678,1741775953000,"194,759.23",NGN 14606.94,"209,366.17",NGN,paid
INV-007634,WO-008638,CUST01604,1777488689000,"NGN283,579.81",NGN 21268.49,NGN 304848.30,NGN,paid
INV-007635,WO-008639,CUST01747,11/09/2024,NGN 223234.29,"16,742.57",239976.86,NGN,written_off
INV-007636,WO-008640,CUST00693,2024-11-12 05:03:35,458605.41,NGN 34395.41,"NGN493,000.82",NGN,paid
INV-007637,WO-008641,CUST00222,2025-02-10 06:40:06,"763,933.39",57295.00,NGN 821228.39,NGN,PAID
INV-007638,WO-008643,CUST00507,08/07/2025,136250.70,NGN 10218.80,"NGN146,469.50",NGN,PAID
INV-007639,WO-008644,CUST00375,1764651110000,780763.00,"NGN58,557.23","839,320.23",NGN,unpaid
INV-007640,WO-008645,CUST00282,1763254888000,"NGN196,253.18",NGN 14718.99,NGN 210972.17,NGN,UNPAID
INV-007641,WO-008646,CUST00866,16/09/2025,533692.89,"40,026.97","573,719.86",NGN,partial
INV-007642,WO-008647,CUST00051,2024-11-30 10:39:03,"NGN587,307.19","NGN44,048.04",631355.23,NGN,paid
INV-007643,WO-008648,CUST00946,01/11/2025,183715.34,13778.65,"NGN197,493.99",NGN,paid
INV-007644,WO-008649,CUST00549,1778937208000,NGN 1209328.78,"90,699.66","1,300,028.44",NGN,paid
INV-007645,WO-008650,CUST00615,1755307585000,NGN 4800.00,NGN 360.00,"5,160.00",NGN,paid
INV-007646,WO-008651,CUST00177,1780301868000,178601.13,13395.08,"NGN191,996.21",NGN,PAID
INV-007647,WO-008652,CUST00288,2025-06-06 05:41:49,8350.00,626.25,NGN 8976.25,NGN,paid
INV-007648,WO-008653,CUST00044,1784809011000,"NGN391,348.80",29351.16,420699.96,NGN,partial
INV-007649,WO-008654,CUST00687,2026-02-17 04:08:26,"NGN138,025.92","NGN10,351.94","148,377.86",NGN,PAID
INV-007650,WO-008657,CUST02389,25/05/2026,"NGN233,815.54",17536.17,NGN 251351.71,NGN,PAID
INV-007651,WO-008659,CUST00235,2025-10-09 12:55:29,"NGN1,490,743.40",NGN 111805.76,NGN 1602549.16,NGN,PAID
INV-007652,WO-008660,CUST00081,2025-02-09 07:40:44,"302,495.87","22,687.19","325,183.06",NGN,paid
INV-007653,WO-008661,CUST00384,2025-03-02 19:16:11,"740,132.64",55509.95,795642.59,NGN,PAID
INV-007654,WO-008662,CUST00860,25/12/2025,206967.33,NGN 15522.55,NGN 222489.88,NGN,paid
INV-007655,WO-008663,CUST01135,2026-08-30 04:51:18,NGN 499542.51,"37,465.69","NGN537,008.20",NGN,partial
INV-007656,WO-008664,CUST00686,1726514537000,101380.98,"7,603.57","NGN108,984.55",NGN,paid
INV-007657,WO-008665,CUST00739,2024-12-31 21:51:04,NGN 1264034.54,"94,802.59","NGN1,358,837.13",NGN,PAID
INV-007658,WO-008666,CUST01591,2024-11-04 11:36:19,407154.25,30536.57,NGN 437690.82,NGN,PAID
INV-007659,WO-008668,CUST00101,1737734192000,"552,395.28","NGN41,429.65",593824.93,NGN,partial
INV-007660,WO-008669,CUST01058,1782737109000,"34,560.00",2592.00,37152.00,NGN,UNPAID
INV-007661,WO-008670,CUST00442,1739577045000,"570,089.39",NGN 42756.70,"NGN612,846.09",NGN,paid
INV-007662,WO-008672,CUST01044,1750124016000,"NGN457,285.41",34296.41,491581.82,NGN,unpaid
INV-007663,WO-008673,CUST00916,15/05/2026,NGN 415505.95,"NGN31,162.95","NGN446,668.90",NGN,paid
INV-007664,WO-008674,CUST00490,2025-06-10 20:04:48,"3,350.00",251.25,3601.25,NGN,partial
INV-007665,WO-008675,CUST00769,2025-07-05 02:36:36,138123.91,10359.29,148483.20,ngn,UNPAID
INV-007666,WO-008677,CUST00335,14/10/2025,NGN 24360.84,"NGN1,827.06",26187.90,NGN,paid
INV-007667,WO-008678,CUST00488,2025-01-28 20:02:01,"NGN869,392.91","65,204.47",NGN 934597.38,NGN,paid
INV-007668,WO-008679,CUST00023,1768047967000,NGN 67250.00,NGN 5043.75,NGN 72293.75,NGN,partial
INV-007669,WO-008681,CUST00038,2025-02-14 12:29:39,"NGN334,405.18","25,080.39",359485.57,NGN,PAID
INV-007670,WO-008682,CUST00847,1750039028000,NGN 56358.77,NGN 4226.91,NGN 60585.68,NGN,paid
INV-007671,WO-008683,CUST01166,25/01/2025,"537,664.30",NGN 40324.82,"577,989.12",NGN,unpaid
INV-007672,WO-008685,CUST01115,2025-06-06 22:20:32,"541,252.96",NGN 40593.97,581846.93,NGN,paid
INV-007673,WO-008686,CUST00236,1785467228000,305962.12,"NGN22,947.16","328,909.28",NGN,paid
INV-007674,WO-008687,CUST00276,1739652019000,188902.24,NGN 14167.67,"203,069.91",NGN,paid
INV-007675,WO-008688,CUST00356,1765018495000,2425.00,NGN181.88,NGN 2606.88,NGN,paid
INV-007676,WO-008690,CUST00508,18/06/2026,"250,722.95",NGN 18804.22,"269,527.17",NGN,paid
INV-007677,WO-008691,CUST00969,27/05/2025,"NGN4,480.00",336.00,NGN 4816.00,NGN,paid
INV-007678,WO-008692,CUST01979,2026-03-02 19:42:33,NGN 165725.84,12429.44,"178,155.28",NGN,PAID
INV-007679,WO-008693,CUST00304,2026-01-27 13:00:15,522974.55,39223.09,562197.64,ngn,unpaid
INV-007680,WO-008694,CUST00922,03/03/2025,"225,425.75","NGN16,906.93",NGN 242332.68,NGN,partial
INV-007681,WO-008695,CUST00204,07/05/2026,"763,285.38","NGN57,246.40","820,531.78",ngn,paid
INV-007682,WO-008696,CUST00987,1754220945000,NGN 949086.58,NGN 71181.49,"NGN1,020,268.07",NGN,paid
INV-007683,WO-008698,CUST01189,2025-07-13 05:39:49,"494,516.36",NGN 37088.73,"NGN531,605.09",NGN,partial
INV-007684,WO-008700,CUST01090,1732702131000,10815.00,NGN 811.12,"NGN11,626.12",NGN,paid
INV-007685,WO-008702,CUST00866,1783071390000,NGN 817053.97,NGN 61279.05,"NGN878,333.02",NGN,paid
INV-007686,WO-008704,CUST00888,28/12/2024,"NGN586,551.08",43991.33,"NGN630,542.41",ngn,UNPAID
INV-007687,WO-008705,CUST00716,1747739559000,"821,319.98",NGN 61599.00,"NGN882,918.98",NGN,partial
INV-007688,WO-008706,CUST01172,2025-11-18 07:38:21,"369,618.69",27721.40,NGN 397340.09,NGN,paid
INV-007689,WO-008707,CUST00900,2026-04-15 09:32:32,"NGN187,132.04",14034.90,201166.94,NGN,PAID
INV-007690,WO-008708,CUST00823,2025-04-30 23:19:24,NGN 114014.16,NGN 8551.06,"NGN122,565.22",NGN,written_off
INV-007691,WO-008709,CUST00748,2026-06-29 17:03:08,1276437.13,"95,732.79","1,372,169.92",NGN,paid
INV-007692,WO-008710,CUST00168,1780240216000,NGN 338995.31,"25,424.65","364,419.96",ngn,PAID
INV-007693,WO-008711,CUST00891,2025-02-18 01:09:25,"864,244.91","NGN64,818.37","NGN929,063.28",NGN,unpaid
INV-007694,WO-008713,CUST00203,2025-12-20 04:39:43,NGN 219933.66,"NGN16,495.02","236,428.68",NGN,partial
INV-007695,WO-008714,CUST00558,2025-08-01 14:58:51,NGN 396613.97,29746.05,"NGN426,360.02",NGN,partial
INV-007696,WO-008715,CUST00006,1733481636000,NGN 512548.04,"NGN38,441.10","550,989.14",NGN,unpaid
INV-007697,WO-008716,CUST00935,1760045899000,"19,845.00",1488.38,NGN 21333.38,NGN,partial
INV-007698,WO-008717,CUST00389,1744851514000,439115.36,NGN 32933.65,"472,049.01",NGN,paid
INV-007699,WO-008718,CUST00706,20/07/2025,"845,846.66","63,438.50",909285.16,NGN,paid
INV-007700,WO-008719,CUST01156,1733581875000,"NGN8,350.00",626.25,"NGN8,976.25",NGN,paid
INV-007701,WO-008720,CUST00827,2025-02-21 12:49:57,"110,581.34","NGN8,293.60",118874.94,NGN,PAID
INV-007702,WO-008721,CUST00308,19/04/2026,"NGN8,050.00",NGN603.75,NGN 8653.75,ngn,partial
INV-007703,WO-008722,CUST01104,29/06/2025,695160.26,52137.02,NGN 747297.28,NGN,paid
INV-007704,WO-008723,CUST00790,2025-11-07 11:03:55,NGN 1179543.32,"88,465.75","1,268,009.07",NGN,PAID
INV-007705,WO-008724,CUST00241,02/10/2025,6550.00,NGN 491.25,"NGN7,041.25",NGN,unpaid
INV-007706,WO-008725,CUST00822,1749304355000,"753,341.35",56500.60,809841.95,NGN,unpaid
INV-007707,WO-008726,CUST00874,2026-08-20 18:09:10,151571.16,11367.84,"NGN162,939.00",NGN,unpaid
INV-007708,WO-008727,CUST00127,1775756476000,NGN 962011.80,72150.88,"1,034,162.68",NGN,paid
INV-007709,WO-008728,CUST00931,1758827938000,NGN 72911.13,"5,468.33","78,379.46",NGN,paid
INV-007710,WO-008729,CUST01099,2024-12-07 19:59:55,"NGN9,125.00",NGN 684.38,"NGN9,809.38",NGN,paid
INV-007711,WO-008730,CUST00799,1736164286000,"279,171.00",NGN 20937.82,"300,108.82",ngn,PAID
INV-007712,WO-008732,CUST00839,2025-05-28 04:54:36,"NGN34,623.41","2,596.76","NGN37,220.17",NGN,PAID
INV-007713,WO-008733,CUST00614,09/06/2026,5825.00,NGN436.88,NGN 6261.88,NGN,PAID
INV-007714,WO-008734,CUST00519,1738823671000,"765,392.40",57404.43,822796.83,ngn,unpaid
INV-007715,WO-008735,CUST00428,2025-10-30 08:05:11,472847.31,35463.55,"508,310.86",ngn,paid
INV-007716,WO-008736,CUST01029,1765281601000,NGN 716181.18,53713.59,769894.77,NGN,paid
INV-007717,WO-008737,CUST00831,2024-10-28 18:25:06,474560.07,"NGN35,592.00",NGN 510152.07,NGN,PAID
INV-007718,WO-008738,CUST00273,2026-07-31 12:30:48,1409150.43,105686.28,NGN 1514836.71,ngn,paid
INV-007719,WO-008739,CUST01292,1761515777000,"NGN615,066.51",NGN 46129.99,661196.50,NGN,paid
INV-007720,WO-008740,CUST00186,11/07/2025,102158.66,NGN 7661.90,"NGN109,820.56",NGN,PAID
INV-007721,WO-008742,CUST00468,2024-09-20 16:25:34,793690.57,NGN 59526.79,853217.36,NGN,PAID
INV-007722,WO-008743,CUST00581,2025-01-11 13:16:30,"NGN715,296.72",NGN 53647.25,"768,943.97",NGN,unpaid
INV-007723,WO-008744,CUST00115,2025-08-19 13:47:04,"NGN213,930.00","NGN16,044.75",NGN 229974.75,NGN,partial
INV-007724,WO-008745,CUST01170,2025-10-26 05:01:38,"502,521.80",37689.13,"540,210.93",NGN,unpaid
INV-007725,WO-008746,CUST01063,1737305322000,NGN 354529.87,"NGN26,589.74","NGN381,119.61",NGN,paid
INV-007726,WO-008747,CUST00011,2025-04-14 21:05:46,"NGN87,654.71","NGN6,574.10",NGN 94228.81,NGN,PAID
INV-007727,WO-008748,CUST00780,2026-08-09 02:38:16,NGN 2050.00,NGN 153.75,2203.75,NGN,paid
INV-007728,WO-008749,CUST00394,2024-12-10 14:07:51,"NGN211,476.19","NGN15,860.71",NGN 227336.90,NGN,PAID
INV-007729,WO-008750,CUST00465,28/12/2024,NGN 397319.83,"29,798.99",NGN 427118.82,NGN,paid
INV-007730,WO-008751,CUST00126,31/01/2025,"NGN3,990.00",NGN299.25,NGN 4289.25,NGN,paid
INV-007731,WO-008752,CUST00589,1743582235000,"3,255.00",NGN244.12,3499.12,NGN,partial
INV-007732,WO-008753,CUST00322,1761232743000,NGN 784496.85,"NGN58,837.26",843334.11,ngn,paid
INV-007733,WO-008754,CUST00550,1769651302000,"NGN1,193,235.03","89,492.63","1,282,727.66",NGN,PAID
INV-007734,WO-008755,CUST01151,2025-08-29 00:44:14,"NGN170,058.17",12754.36,"NGN182,812.53",NGN,PAID
INV-007735,WO-008756,CUST02022,2025-09-21 04:35:17,NGN 10249.66,NGN 768.72,"NGN11,018.38",NGN,paid
INV-007736,WO-008757,CUST00794,1740154453000,"11,095.00",832.12,11927.12,NGN,PAID
INV-007737,WO-008758,CUST00608,05/07/2026,159845.74,NGN 11988.43,NGN 171834.17,NGN,paid
INV-007738,WO-008759,CUST00080,12/03/2025,157369.56,11802.72,169172.28,NGN,unpaid
INV-007739,WO-008760,CUST00823,2025-03-27 17:09:04,532250.04,39918.75,"NGN572,168.79",NGN,paid
INV-007740,WO-008761,CUST01258,1727028040000,757279.38,NGN 56795.95,"814,075.33",NGN,PAID
INV-007741,WO-008762,CUST01096,23/02/2026,"NGN285,340.47","NGN21,400.53",306741.00,NGN,partial
INV-007742,WO-008763,CUST00685,26/11/2025,"NGN11,225.00",841.88,"NGN12,066.88",ngn,written_off
INV-007743,WO-008766,CUST00572,1767917082000,603262.19,45244.66,NGN 648506.85,NGN,unpaid
INV-007744,WO-008767,CUST00688,02/03/2026,NGN 241713.92,18128.54,"259,842.46",ngn,paid
INV-007745,WO-008768,CUST00352,1731708696000,"1,084,953.62","81,371.52","NGN1,166,325.14",NGN,paid
INV-007746,WO-008769,CUST00097,20/03/2025,"1,540.00",115.50,"1,655.50",NGN,paid
INV-007747,WO-008771,CUST00875,1751819269000,NGN 15525.00,NGN 1164.37,16689.37,NGN,partial
INV-007748,WO-008772,CUST00695,2025-02-16 02:56:40,356146.22,26710.97,382857.19,NGN,PAID
INV-007749,WO-008773,CUST00556,04/11/2025,"NGN552,508.81","NGN41,438.16",593946.97,NGN,PAID
INV-007750,WO-008774,CUST00137,2025-11-20 02:21:41,"217,688.50",16326.64,"234,015.14",ngn,UNPAID
INV-007751,WO-008776,CUST00523,1730096457000,"NGN534,338.29",NGN 40075.37,"574,413.66",NGN,paid
INV-007752,WO-008777,CUST00375,07/11/2025,"578,092.03",43356.90,621448.93,NGN,paid
INV-007753,WO-008778,CUST00722,1758236784000,"147,922.86",NGN 11094.21,"159,017.07",NGN,unpaid
INV-007754,WO-008779,CUST00447,2024-11-04 10:42:11,"268,783.01",20158.73,"NGN288,941.74",NGN,unpaid
INV-007755,WO-008780,CUST00082,1780241872000,NGN 1208810.13,NGN 90660.76,"1,299,470.89",NGN,paid
INV-007756,WO-008781,CUST00176,2026-04-23 07:12:23,"NGN803,251.12","60,243.83",NGN 863494.95,NGN,paid
INV-007757,WO-008782,CUST00876,30/07/2025,NGN 1108539.59,"83,140.47",NGN 1191680.06,NGN,partial
INV-007758,WO-008783,CUST00258,30/06/2025,NGN 235002.20,17625.16,NGN 252627.36,NGN,paid
INV-007759,WO-008784,CUST00482,2024-12-02 14:39:45,297546.60,NGN 22315.99,"319,862.59",NGN,partial
INV-007760,WO-008785,CUST00581,1755330019000,NGN 1137906.40,85342.98,"1,223,249.38",NGN,unpaid
INV-007761,WO-008786,CUST00784,13/02/2026,"NGN795,481.64",NGN 59661.12,855142.76,NGN,paid
INV-007762,WO-008787,CUST00615,1726033238000,"NGN17,010.00",NGN 1275.75,"18,285.75",NGN,paid
INV-007763,WO-008788,CUST01049,1771080355000,NGN 743509.31,"55,763.20","799,272.51",NGN,paid
INV-007764,WO-008791,CUST01535,1766688738000,"NGN220,042.86",16503.21,236546.07,NGN,paid
INV-007765,WO-008792,CUST00279,25/12/2024,"172,357.51",NGN 12926.81,185284.32,ngn,paid
INV-007766,WO-008793,CUST00254,2026-04-04 20:14:11,5550.00,NGN 416.25,NGN 5966.25,ngn,PAID
INV-007767,WO-008794,CUST02400,1779054760000,"751,794.98","NGN56,384.62","808,179.60",NGN,partial
INV-007768,WO-008795,CUST00313,1736298372000,NGN 2000.00,NGN 150.00,"NGN2,150.00",NGN,written_off
INV-007769,WO-008796,CUST00253,19/06/2026,332776.30,NGN 24958.22,"357,734.52",NGN,paid
INV-007770,WO-008797,CUST00046,2025-09-18 01:17:23,"NGN614,639.27","46,097.94","NGN660,737.21",NGN,paid
INV-007771,WO-008799,CUST00673,2025-06-26 12:50:43,"8,387.18",629.04,NGN 9016.22,ngn,unpaid
INV-007772,WO-008800,CUST00337,2026-09-03 04:11:01,"383,398.34","NGN28,754.88","NGN412,153.22",NGN,paid
INV-007773,WO-008801,CUST00607,2025-06-02 10:48:19,NGN 274264.29,NGN 20569.82,"NGN294,834.11",NGN,paid
INV-007774,WO-008802,CUST00059,1773730197000,"78,521.20","5,889.09",NGN 84410.29,NGN,UNPAID
INV-007775,WO-008803,CUST01158,2026-02-09 16:39:06,"360,852.74","NGN27,063.96",387916.70,NGN,PAID
INV-007776,WO-008805,CUST00687,1785308731000,6000.00,450.00,"6,450.00",NGN,paid
INV-007777,WO-008806,CUST00444,1762683576000,NGN 895403.89,67155.29,NGN 962559.18,ngn,paid
INV-007778,WO-008807,CUST00066,21/08/2026,"319,814.30",NGN 23986.07,NGN 343800.37,ngn,paid
INV-007779,WO-008808,CUST01097,1773295999000,"NGN69,186.90","5,189.02","NGN74,375.92",NGN,paid
INV-007780,WO-008810,CUST00747,08/06/2025,84735.00,6355.12,"91,090.12",NGN,paid
INV-007781,WO-008811,CUST01083,2025-04-10 18:34:10,"721,661.72",54124.63,775786.35,ngn,paid
INV-007782,WO-008812,CUST00456,1734301210000,"NGN592,741.58",44455.62,"637,197.20",NGN,paid
INV-007783,WO-008813,CUST00034,2025-02-27 11:41:39,NGN 23580.00,"1,768.50",NGN 25348.50,NGN,partial
INV-007784,WO-008814,CUST01218,03/02/2026,"NGN694,470.63","52,085.30","NGN746,555.93",NGN,unpaid
INV-007785,WO-008816,CUST00623,09/04/2026,"NGN310,005.92","23,250.44","NGN333,256.36",NGN,paid
INV-007786,WO-008817,CUST00861,05/09/2025,NGN 728956.54,"NGN54,671.74","NGN783,628.28",ngn,PAID
INV-007787,WO-008818,CUST00126,2025-01-28 12:14:45,2200.00,NGN 165.00,2365.00,ngn,UNPAID
INV-007788,WO-008819,CUST00759,1754820638000,"10,350.00",776.25,NGN 11126.25,NGN,unpaid
INV-007789,WO-008820,CUST02301,1784196284000,NGN 683681.75,51276.13,NGN 734957.88,NGN,written_off
INV-007790,WO-008821,CUST00756,2025-07-27 09:25:57,"NGN135,320.58","10,149.04",145469.62,NGN,paid
INV-007791,WO-008822,CUST00154,17/07/2026,"NGN700,576.23","NGN52,543.22","753,119.45",NGN,paid
INV-007792,WO-008823,CUST00768,2026-04-16 10:45:55,NGN 441005.36,"NGN33,075.40","474,080.76",NGN,partial
INV-007793,WO-008824,CUST00064,10/12/2025,NGN 220150.08,"16,511.26","NGN236,661.34",NGN,paid
INV-007794,WO-008825,CUST00246,24/08/2025,"354,227.72",26567.08,380794.80,NGN,PAID
INV-007795,WO-008826,CUST00614,25/01/2026,NGN 1137277.69,"NGN85,295.83","1,222,573.52",NGN,UNPAID
INV-007796,WO-008827,CUST00921,2025-02-08 21:36:38,NGN 65036.49,"4,877.74","NGN69,914.23",NGN,partial
INV-007797,WO-008828,CUST00611,1784778949000,"171,894.89",NGN 12892.12,NGN 184787.01,NGN,written_off
INV-007798,WO-008830,CUST00131,05/11/2024,"5,670.00",425.25,NGN 6095.25,NGN,unpaid
INV-007799,WO-008831,CUST00867,2024-10-27 20:11:44,"NGN363,875.07",27290.63,"391,165.70",NGN,paid
INV-007800,WO-008832,CUST00164,1774643443000,NGN 58050.00,4353.75,62403.75,ngn,written_off
INV-007801,WO-008833,CUST00590,1771821556000,409311.45,NGN 30698.36,440009.81,ngn,paid
INV-007802,WO-008834,CUST00987,26/04/2025,"NGN666,308.50","49,973.14","716,281.64",NGN,partial
INV-007803,WO-008835,CUST00978,1770147051000,NGN 1253811.93,"94,035.90","NGN1,347,847.83",ngn,partial
INV-007804,WO-008836,CUST00675,2026-08-28 18:31:12,1040719.08,"NGN78,053.93",1118773.01,NGN,paid
INV-007805,WO-008837,CUST00345,1754400960000,"NGN806,077.61",NGN 60455.82,866533.43,NGN,UNPAID
INV-007806,WO-008838,CUST01098,1770619676000,103653.73,7774.03,"111,427.76",NGN,partial
INV-007807,WO-008839,CUST00229,07/06/2026,544393.47,"NGN40,829.51",NGN 585222.98,NGN,paid
INV-007808,WO-008840,CUST01037,2026-01-09 15:34:25,"1,250,315.67",93773.68,NGN 1344089.35,NGN,PAID
INV-007809,WO-008841,CUST00208,23/01/2026,229729.91,"NGN17,229.74",246959.65,NGN,paid
INV-007810,WO-008842,CUST00599,2025-02-14 00:04:23,"1,334,512.76","NGN100,088.46","1,434,601.22",NGN,paid
INV-007811,WO-008843,CUST00708,1734838823000,"NGN96,146.88","NGN7,211.02","103,357.90",NGN,paid
INV-007812,WO-008844,CUST01094,24/10/2024,754209.82,NGN 56565.74,"810,775.56",NGN,partial
INV-007813,WO-008845,CUST00534,1761715156000,NGN 87707.15,6578.04,"NGN94,285.19",NGN,paid
INV-007814,WO-008846,CUST00314,1756667304000,"9,450.00",NGN708.75,"NGN10,158.75",NGN,paid
INV-007815,WO-008847,CUST01025,1760570664000,"NGN3,600.00",270.00,3870.00,NGN,paid
INV-007816,WO-008848,CUST00308,27/01/2025,20610.00,NGN 1545.75,NGN 22155.75,ngn,UNPAID
INV-007817,WO-008849,CUST01054,06/03/2025,"NGN4,130.00",309.75,NGN 4439.75,NGN,paid
INV-007818,WO-008850,CUST00873,2026-04-20 12:21:33,NGN 15030.00,NGN 1127.25,NGN 16157.25,NGN,paid
INV-007819,WO-008851,CUST00065,26/09/2025,"588,215.45","NGN44,116.16",NGN 632331.61,NGN,unpaid
INV-007820,WO-008852,CUST00576,12/08/2026,"517,016.47","38,776.24",555792.71,NGN,paid
INV-007821,WO-008853,CUST00829,2025-06-16 19:39:01,NGN 98985.88,"NGN7,423.94","106,409.82",NGN,paid
INV-007822,WO-008854,CUST00730,2024-11-10 13:38:07,NGN 715406.44,"NGN53,655.48",NGN 769061.92,ngn,paid
INV-007823,WO-008855,CUST00921,20/02/2026,NGN 656119.67,NGN 49208.97,"NGN705,328.64",NGN,paid
INV-007824,WO-008856,CUST01200,25/10/2025,NGN 483312.47,"36,248.43",519560.90,NGN,unpaid
INV-007825,WO-008857,CUST01069,1763930690000,560157.55,42011.82,"602,169.37",NGN,unpaid
INV-007826,WO-008859,CUST00567,2025-04-05 02:06:36,9090.00,681.75,9771.75,NGN,unpaid
INV-007827,WO-008860,CUST00006,2025-09-23 05:07:08,1540.00,NGN 115.50,"1,655.50",NGN,paid
INV-007828,WO-008861,CUST00681,2026-03-31 05:27:41,NGN 143960.09,"10,797.01","NGN154,757.10",NGN,paid
INV-007829,WO-008862,CUST00977,2025-04-15 03:46:57,4450.00,NGN 333.75,NGN 4783.75,NGN,paid
INV-007830,WO-008863,CUST00678,29/04/2025,NGN 251476.90,18860.77,"NGN270,337.67",NGN,paid
INV-007831,WO-008864,CUST00156,1768138871000,"NGN747,377.08","56,053.28","NGN803,430.36",NGN,written_off
INV-007832,WO-008865,CUST00316,07/03/2026,"NGN1,062,528.48",NGN 79689.64,1142218.12,NGN,paid
INV-007833,WO-008866,CUST00943,1744289729000,NGN 180351.47,"NGN13,526.36",193877.83,NGN,paid
INV-007834,WO-008867,CUST00186,2024-12-06 17:00:24,5880.00,441.00,NGN 6321.00,NGN,paid
INV-007835,WO-008868,CUST00099,1758296745000,3000.00,NGN 225.00,3225.00,NGN,partial
INV-007836,WO-008869,CUST00487,09/05/2026,"NGN686,330.87","NGN51,474.81","737,805.68",NGN,partial
INV-007837,WO-008871,CUST00311,02/11/2024,3775.00,283.12,NGN 4058.12,NGN,paid
INV-007838,WO-008872,CUST00826,1732876309000,"NGN105,814.79",NGN 7936.11,113750.90,NGN,paid
INV-007839,WO-008873,CUST00773,2026-03-05 23:19:09,"656,910.68","49,268.30",706178.98,NGN,UNPAID
INV-007840,WO-008874,CUST00208,1738149547000,NGN 62214.43,NGN 4666.08,"NGN66,880.51",NGN,PAID
INV-007841,WO-008875,CUST00727,2024-11-06 01:03:55,1385240.16,"103,893.01",NGN 1489133.17,NGN,unpaid
INV-007842,WO-008876,CUST01127,31/10/2024,"NGN28,170.00","2,112.75",30282.75,NGN,PAID
INV-007843,WO-008878,CUST00112,2025-06-25 23:16:20,NGN 1135905.03,NGN 85192.88,NGN 1221097.91,NGN,PAID
INV-007844,WO-008879,CUST00450,05/04/2026,"NGN1,148,267.49","86,120.06",1234387.55,NGN,paid
INV-007845,WO-008880,CUST00715,18/07/2025,"3,225.00",241.88,NGN 3466.88,NGN,UNPAID
INV-007846,WO-008881,CUST00735,23/12/2024,19530.00,NGN 1464.75,"20,994.75",NGN,PAID
INV-007847,WO-008882,CUST00900,2026-01-01 12:00:02,"1,184,133.50",NGN 88810.01,NGN 1272943.51,ngn,unpaid
INV-007848,WO-008883,CUST01029,16/12/2024,"NGN40,595.30","3,044.65",NGN 43639.95,NGN,unpaid
INV-007849,WO-008884,CUST00239,1760808378000,19650.00,1473.75,"NGN21,123.75",NGN,PAID
INV-007850,WO-008885,CUST01151,22/01/2026,NGN 126066.12,"9,454.96",NGN 135521.08,ngn,UNPAID
INV-007851,WO-008886,CUST00458,2025-09-28 15:39:45,"NGN28,624.35",NGN 2146.83,30771.18,NGN,paid
INV-007852,WO-008887,CUST01193,30/11/2025,NGN 279895.72,"NGN20,992.18",NGN 300887.90,NGN,paid
INV-007853,WO-008888,CUST01193,2025-07-06 06:18:50,1012097.27,NGN 75907.30,"1,088,004.57",ngn,written_off
INV-007854,WO-008890,CUST00104,22/01/2025,8250.00,618.75,NGN 8868.75,NGN,PAID
INV-007855,WO-008891,CUST00018,2024-11-12 12:47:12,510405.13,NGN 38280.39,"NGN548,685.52",NGN,partial
INV-007856,WO-008892,CUST01894,23/10/2025,NGN 661231.46,49592.36,"NGN710,823.82",NGN,paid
INV-007857,WO-008893,CUST00953,29/07/2025,"710,297.56",NGN 53272.32,"763,569.88",NGN,paid
INV-007858,WO-008894,CUST00388,2026-05-01 11:57:28,"NGN353,582.34",26518.68,"380,101.02",ngn,partial
INV-007859,WO-008895,CUST01007,1782217203000,"414,458.11",NGN 31084.36,NGN 445542.47,NGN,PAID
INV-007860,WO-008896,CUST00907,2025-01-27 19:06:13,"NGN1,086,072.78","NGN81,455.46","1,167,528.24",NGN,paid
INV-007861,WO-008897,CUST00056,1782447074000,1041360.38,"78,102.03","NGN1,119,462.41",NGN,PAID
INV-007862,WO-008898,CUST00615,26/05/2025,479754.52,35981.59,NGN 515736.11,NGN,paid
INV-007863,WO-008899,CUST00726,1767380770000,"142,370.96",10677.82,"153,048.78",NGN,PAID
INV-007864,WO-008900,CUST01090,2025-10-30 07:34:14,NGN 984464.76,NGN 73834.86,NGN 1058299.62,NGN,paid
INV-007865,WO-008901,CUST00145,1755402683000,NGN 520300.94,"39,022.57","NGN559,323.51",NGN,PAID
INV-007866,WO-008902,CUST01169,1764104382000,"NGN624,436.94","46,832.77","NGN671,269.71",NGN,PAID
INV-007867,WO-008903,CUST01847,2025-10-28 11:57:53,"608,468.78","45,635.16",654103.94,NGN,written_off
INV-007868,WO-008904,CUST00113,13/09/2025,"208,865.77","15,664.93",224530.70,NGN,PAID
INV-007869,WO-008905,CUST00895,1763389777000,"456,759.06",34256.93,"NGN491,015.99",NGN,unpaid
INV-007870,WO-008908,CUST02386,1729703663000,NGN 482868.25,NGN 36215.12,"NGN519,083.37",NGN,paid
INV-007871,WO-008909,CUST00378,26/10/2025,"131,881.23","9,891.09","NGN141,772.32",NGN,unpaid
INV-007872,WO-008910,CUST00193,1764480665000,289515.17,NGN 21713.64,"NGN311,228.81",NGN,paid
INV-007873,WO-008911,CUST00618,21/02/2025,NGN 626848.36,"NGN47,013.63","NGN673,861.99",NGN,paid
INV-007874,WO-008913,CUST00637,1753580798000,"146,603.43",NGN 10995.26,NGN 157598.69,NGN,paid
INV-007875,WO-008914,CUST00856,2025-01-24 14:20:38,NGN 180354.79,13526.61,"NGN193,881.40",NGN,unpaid
INV-007876,WO-008915,CUST00652,21/08/2025,"2,170.00",NGN 162.75,2332.75,NGN,paid
INV-007877,WO-008916,CUST00033,31/05/2026,NGN 1820.00,NGN 136.50,"NGN1,956.50",NGN,paid
INV-007878,WO-008917,CUST00234,1752270069000,"136,331.69",NGN 10224.88,NGN 146556.57,NGN,paid
INV-007879,WO-008919,CUST02033,1776215888000,NGN 386928.94,NGN 29019.67,NGN 415948.61,NGN,PAID
INV-007880,WO-008920,CUST00972,2025-10-10 05:20:48,1450.00,108.75,"1,558.75",ngn,partial
INV-007881,WO-008921,CUST00115,17/06/2026,NGN 546876.37,41015.73,587892.10,NGN,paid
INV-007882,WO-008922,CUST00154,08/05/2025,161773.00,"12,132.97",NGN 173905.97,NGN,partial
INV-007883,WO-008923,CUST01192,2025-10-04 02:56:37,"167,039.71","NGN12,527.98",179567.69,NGN,paid
INV-007884,WO-008925,CUST00090,1743473739000,"NGN3,675.00",275.62,"NGN3,950.62",ngn,unpaid
INV-007885,WO-008927,CUST00860,2025-12-02 01:35:41,NGN 169929.31,12744.70,182674.01,NGN,paid
INV-007886,WO-008928,CUST00882,13/02/2026,"NGN30,600.00","NGN2,295.00",32895.00,NGN,paid
INV-007887,WO-008929,CUST00654,20/08/2026,"NGN672,589.51","NGN50,444.21",NGN 723033.72,NGN,paid
INV-007888,WO-008930,CUST00464,07/12/2025,65958.43,4946.88,"70,905.31",NGN,paid
INV-007889,WO-008931,CUST00811,09/07/2026,68165.16,"5,112.39",73277.55,NGN,partial
INV-007890,WO-008932,CUST00855,2026-03-28 17:02:40,"42,091.26","NGN3,156.84","45,248.10",NGN,paid
INV-007891,WO-008933,CUST01292,01/04/2026,NGN 933658.94,"70,024.42",NGN 1003683.36,NGN,paid
INV-007892,WO-008934,CUST00453,1778835832000,"805,017.10","60,376.28","NGN865,393.38",NGN,paid
INV-007893,WO-008935,CUST00458,2025-08-06 04:41:07,572602.07,"NGN42,945.15","615,547.22",NGN,paid
INV-007894,WO-008936,CUST00530,03/04/2025,"NGN317,097.49",23782.31,"NGN340,879.80",NGN,PAID
INV-007895,WO-008937,CUST00241,19/07/2026,NGN 243213.93,18241.04,261454.97,NGN,unpaid
INV-007896,WO-008938,CUST01403,1781970066000,6480.00,NGN 486.00,NGN 6966.00,NGN,partial
INV-007897,WO-008939,CUST00404,20/05/2025,"NGN500,071.90","37,505.39","537,577.29",NGN,paid
INV-007898,WO-008940,CUST00011,1768232512000,"625,718.02",NGN 46928.85,"NGN672,646.87",NGN,UNPAID
INV-007899,WO-008943,CUST00319,2026-02-05 17:53:20,NGN 217725.00,16329.38,234054.38,NGN,partial
INV-007900,WO-008944,CUST00707,04/11/2024,664824.31,"49,861.82","714,686.13",NGN,partial
INV-007901,WO-008945,CUST01538,01/11/2024,"672,430.05","50,432.25",722862.30,NGN,paid
INV-007902,WO-008946,CUST00826,1738078853000,"NGN88,829.83",NGN 6662.24,"95,492.07",NGN,PAID
INV-007903,WO-008949,CUST00291,20/04/2026,NGN 82612.25,"NGN6,195.92",88808.17,NGN,PAID
INV-007904,WO-008950,CUST01029,21/02/2025,NGN 499445.35,37458.40,"536,903.75",NGN,paid
INV-007905,WO-008951,CUST00382,1777549143000,28350.00,"2,126.25","30,476.25",NGN,partial
INV-007906,WO-008952,CUST00914,23/06/2025,"124,656.85","9,349.26","134,006.11",NGN,paid
INV-007907,WO-008953,CUST00099,15/09/2025,103654.87,"7,774.11","NGN111,428.98",NGN,paid
INV-007908,WO-008954,CUST00472,14/05/2026,"NGN1,041,154.37","78,086.58","NGN1,119,240.95",NGN,paid
INV-007909,WO-008955,CUST00854,04/04/2025,135561.05,NGN 10167.08,"145,728.13",ngn,partial
INV-007910,WO-008956,CUST01314,18/11/2025,NGN 675795.63,NGN 50684.67,726480.30,NGN,written_off
INV-007911,WO-008957,CUST00943,2025-02-08 04:06:17,"295,067.71","22,130.08",317197.79,NGN,PAID
INV-007912,WO-008958,CUST00860,29/08/2026,974054.33,"73,054.08",NGN 1047108.41,NGN,paid
INV-007913,WO-008959,CUST00403,2026-05-18 03:42:50,"NGN13,700.00",NGN 1027.50,"NGN14,727.50",NGN,UNPAID
INV-007914,WO-008960,CUST01894,1757664847000,"522,202.43",NGN 39165.18,"561,367.61",NGN,PAID
INV-007915,WO-008962,CUST00501,02/02/2025,"39,239.10",2942.93,"42,182.03",NGN,paid
INV-007916,WO-008963,CUST00299,2025-08-27 20:39:01,"NGN262,620.00",19696.50,"NGN282,316.50",NGN,partial
INV-007917,WO-008964,CUST00595,1766204382000,441391.45,"33,104.36","474,495.81",NGN,unpaid
INV-007918,WO-008965,CUST01008,1748264617000,"921,434.64",69107.60,"990,542.24",NGN,paid
INV-007919,WO-008966,CUST00200,2026-07-31 14:09:11,"NGN253,550.60","19,016.30",NGN 272566.90,ngn,paid
INV-007920,WO-008967,CUST01068,2025-07-26 19:41:13,NGN 285746.11,"21,430.96",307177.07,NGN,UNPAID
INV-007921,WO-008968,CUST00389,21/10/2025,"NGN351,739.22","NGN26,380.44","NGN378,119.66",ngn,paid
INV-007922,WO-008969,CUST00157,29/06/2025,"170,410.60",NGN 12780.80,"183,191.40",NGN,paid
INV-007923,WO-008970,CUST00634,04/04/2025,NGN 399406.11,NGN 29955.46,NGN 429361.57,NGN,partial
INV-007924,WO-008971,CUST00078,1739135351000,"556,572.59","NGN41,742.94",NGN 598315.53,NGN,paid
INV-007925,WO-008972,CUST00990,1769866373000,"912,023.75",68401.78,"980,425.53",NGN,PAID
INV-007926,WO-008973,CUST00234,16/07/2025,1845767.60,138432.57,1984200.17,ngn,paid
INV-007927,WO-008974,CUST00306,26/02/2025,1057768.10,"79,332.61",1137100.71,NGN,paid
INV-007928,WO-008975,CUST00533,20/12/2025,38175.00,NGN 2863.12,NGN 41038.12,NGN,unpaid
INV-007929,WO-008976,CUST00306,1744738333000,NGN 219992.25,NGN 16499.42,NGN 236491.67,NGN,paid
INV-007930,WO-008977,CUST00563,1756600686000,"2,925.00",219.38,NGN 3144.38,NGN,paid
INV-007931,WO-008978,CUST00192,2025-12-22 20:48:47,48498.62,"3,637.40",52136.02,ngn,paid
INV-007932,WO-008980,CUST01192,16/02/2026,17199.36,"NGN1,289.95",NGN 18489.31,NGN,paid
INV-007933,WO-008981,CUST00023,1773193022000,1404762.19,"105,357.16",1510119.35,NGN,PAID
INV-007934,WO-008982,CUST00307,1746916890000,46144.63,NGN 3460.85,49605.48,ngn,written_off
INV-007935,WO-008983,CUST00882,1777345846000,NGN 1825374.69,"NGN136,903.10","1,962,277.79",ngn,PAID
INV-007936,WO-008984,CUST00767,2026-02-07 16:05:38,445479.72,NGN 33410.98,NGN 478890.70,ngn,unpaid
INV-007937,WO-008985,CUST00582,2026-07-17 21:58:26,NGN 5625.00,NGN421.88,6046.88,NGN,unpaid
INV-007938,WO-008986,CUST00537,2025-12-10 21:38:39,"NGN286,532.49","21,489.94",308022.43,NGN,paid
INV-007939,WO-008987,CUST01110,2026-05-02 23:05:56,"NGN769,771.40",57732.85,"NGN827,504.25",NGN,paid
INV-007940,WO-008988,CUST00296,2025-12-20 03:01:05,NGN 2275.00,170.62,2445.62,NGN,unpaid
INV-007941,WO-008989,CUST00086,2026-01-18 04:48:28,121492.36,9111.93,130604.29,NGN,paid
INV-007942,WO-008990,CUST01030,1743153372000,"NGN258,538.63","19,390.40",277929.03,NGN,paid
INV-007943,WO-008991,CUST00056,1771026686000,NGN 959330.97,"71,949.82","1,031,280.79",NGN,PAID
INV-007944,WO-008992,CUST01145,2025-10-28 07:45:03,66554.84,4991.61,"71,546.45",NGN,unpaid
INV-007945,WO-008993,CUST00350,2025-09-03 11:13:40,"NGN563,658.28","NGN42,274.37","NGN605,932.65",NGN,unpaid
INV-007946,WO-008994,CUST01092,2025-04-13 22:23:44,NGN 1159040.14,86928.01,"NGN1,245,968.15",NGN,paid
INV-007947,WO-008995,CUST00254,2026-06-21 07:35:52,NGN 650599.80,"NGN48,794.98","699,394.78",NGN,paid
INV-007948,WO-008996,CUST01039,2024-11-14 11:55:32,505827.26,"37,937.04","543,764.30",NGN,paid
INV-007949,WO-008997,CUST00650,31/10/2024,"444,737.32",NGN 33355.30,478092.62,NGN,PAID
INV-007950,WO-008999,CUST00838,11/03/2026,"644,442.30","48,333.17",692775.47,NGN,UNPAID
INV-007951,WO-009000,CUST00733,2024-12-22 02:19:42,"2,275.00",170.62,NGN 2445.62,NGN,paid
INV-007952,WO-009001,CUST01009,1755915919000,"502,993.53","NGN37,724.52","NGN540,718.05",NGN,paid
INV-007953,WO-009002,CUST00329,14/03/2025,NGN 12005.00,NGN900.38,"12,905.38",NGN,paid
INV-007954,WO-009003,CUST00405,1762825551000,"7,110.00",NGN533.25,7643.25,NGN,paid
INV-007955,WO-009004,CUST00088,11/09/2025,977666.63,"73,325.00",1050991.63,NGN,paid
INV-007956,WO-009006,CUST00823,1727139843000,26910.00,"NGN2,018.25","NGN28,928.25",NGN,UNPAID
INV-007957,WO-009007,CUST00055,2026-06-20 20:05:05,NGN 21075.00,"NGN1,580.62","NGN22,655.62",NGN,paid
INV-007958,WO-009008,CUST00169,1768923803000,569661.53,42724.61,"612,386.14",NGN,PAID
INV-007959,WO-009009,CUST00417,2025-01-02 10:57:35,NGN 918057.17,68854.29,NGN 986911.46,NGN,paid
INV-007960,WO-009010,CUST00271,2026-07-28 09:26:30,"NGN4,375.00",328.12,"NGN4,703.12",NGN,paid
INV-007961,WO-009011,CUST01131,1733915371000,NGN 458341.15,"34,375.59","492,716.74",NGN,partial
INV-007962,WO-009012,CUST00243,2024-10-20 09:37:51,"519,975.16",NGN 38998.14,"NGN558,973.30",NGN,partial
INV-007963,WO-009013,CUST00533,1754448523000,1067900.15,80092.51,NGN 1147992.66,NGN,paid
INV-007964,WO-009014,CUST00181,1787013446000,"NGN783,339.27",58750.45,"842,089.72",NGN,UNPAID
INV-007965,WO-009015,CUST01074,12/12/2025,"1,077,920.20",80844.02,NGN 1158764.22,NGN,PAID
INV-007966,WO-009016,CUST00002,16/04/2025,"541,201.74","NGN40,590.13","NGN581,791.87",NGN,partial
INV-007967,WO-009017,CUST00305,2026-01-07 00:12:52,NGN 225662.58,NGN 16924.69,"242,587.27",NGN,paid
INV-007968,WO-009018,CUST00475,1743921271000,"1,164,198.33",NGN 87314.87,1251513.20,NGN,unpaid
INV-007969,WO-009019,CUST01717,2026-02-05 19:47:33,"341,046.05",25578.45,"366,624.50",NGN,PAID
INV-007970,WO-009020,CUST00643,2025-09-10 19:24:30,164565.48,NGN 12342.41,NGN 176907.89,NGN,partial
INV-007971,WO-009022,CUST00241,1782905465000,"666,174.03",NGN 49963.05,"716,137.08",NGN,UNPAID
INV-007972,WO-009023,CUST00729,1749700184000,"NGN795,461.90",NGN 59659.64,855121.54,NGN,paid
INV-007973,WO-009025,CUST01010,1758299178000,"NGN192,242.41",14418.18,206660.59,NGN,UNPAID
INV-007974,WO-009026,CUST00450,03/11/2025,NGN 686916.84,NGN 51518.76,738435.60,NGN,paid
INV-007975,WO-009027,CUST00774,26/02/2025,"136,148.64","NGN10,211.15",NGN 146359.79,NGN,paid
INV-007976,WO-009028,CUST00744,1758813923000,"802,664.43",NGN 60199.83,"862,864.26",NGN,PAID
INV-007977,WO-009029,CUST00503,2026-07-21 20:29:12,"215,734.39",NGN 16180.08,"231,914.47",NGN,paid
INV-007978,WO-009030,CUST00267,1787669792000,333698.38,"NGN25,027.38",NGN 358725.76,NGN,unpaid
INV-007979,WO-009031,CUST00605,2026-05-07 05:19:17,NGN 6120.00,NGN459.00,"NGN6,579.00",NGN,UNPAID
INV-007980,WO-009032,CUST00014,2024-12-22 13:53:15,"7,875.00",590.62,"NGN8,465.62",NGN,paid
INV-007981,WO-009034,CUST00931,1767811363000,176338.17,"13,225.36",189563.53,NGN,PAID
INV-007982,WO-009036,CUST00136,09/05/2026,NGN 295264.98,"22,144.87","NGN317,409.85",NGN,paid
INV-007983,WO-009037,CUST00404,1770123262000,365928.27,"27,444.62",NGN 393372.89,NGN,paid
INV-007984,WO-009038,CUST00411,2025-07-18 10:43:29,NGN 42840.00,"3,213.00","NGN46,053.00",NGN,partial
INV-007985,WO-009040,CUST02041,09/04/2025,NGN 10890.00,NGN816.75,"NGN11,706.75",NGN,partial
INV-007986,WO-009041,CUST00543,2025-08-19 21:06:01,"626,439.96","46,983.00",673422.96,NGN,PAID
INV-007987,WO-009043,CUST02060,2026-08-14 01:55:36,175817.28,NGN 13186.30,189003.58,NGN,paid
INV-007988,WO-009045,CUST00703,2025-01-26 21:17:09,NGN 1073084.47,NGN 80481.34,1153565.81,NGN,paid
INV-007989,WO-009046,CUST01047,2025-01-09 07:07:01,"NGN261,173.24",NGN 19587.99,"280,761.23",NGN,unpaid
INV-007990,WO-009048,CUST01191,2025-11-25 19:47:59,"39,200.00",2940.00,42140.00,NGN,paid
INV-007991,WO-009049,CUST00664,2026-05-20 03:44:31,NGN 109946.98,"8,246.02",NGN 118193.00,NGN,PAID
INV-007992,WO-009050,CUST00109,2024-11-02 23:27:47,"174,106.65",NGN 13058.00,NGN 187164.65,NGN,unpaid
INV-007993,WO-009051,CUST00701,2026-06-10 05:56:30,"855,858.87",64189.41,"920,048.28",NGN,written_off
INV-007994,WO-009052,CUST00289,2026-08-04 20:36:12,830453.66,62284.02,"892,737.68",NGN,paid
INV-007995,WO-009053,CUST00467,1754754625000,NGN 1890.00,141.75,2031.75,NGN,UNPAID
INV-007996,WO-009054,CUST00098,1732206649000,"125,066.36","NGN9,379.98",134446.34,NGN,unpaid
INV-007997,WO-009055,CUST01021,2025-04-19 23:38:44,"6,975.00",523.12,"NGN7,498.12",NGN,paid
INV-007998,WO-009056,CUST00519,1746571814000,"NGN124,548.99","NGN9,341.17",NGN 133890.16,NGN,paid
INV-007999,WO-009057,CUST01188,1767234391000,"NGN74,576.20","5,593.22","NGN80,169.42",NGN,paid
INV-008000,WO-009058,CUST00105,2025-12-12 16:34:57,"NGN742,928.12","NGN55,719.61",798647.73,NGN,paid
INV-008001,WO-009060,CUST00533,2025-01-06 12:16:07,NGN 1015884.96,"76,191.37",NGN 1092076.33,NGN,paid
INV-008002,WO-009061,CUST01314,2025-01-03 07:14:23,482281.57,NGN 36171.12,"NGN518,452.69",NGN,paid
INV-008003,WO-009062,CUST00462,2025-04-25 20:41:03,"138,155.61","10,361.67","148,517.28",NGN,paid
INV-008004,WO-009063,CUST00686,1784132225000,100695.32,"NGN7,552.15",NGN 108247.47,NGN,UNPAID
INV-008005,WO-009064,CUST00725,1764628460000,NGN 826676.34,"62,000.73",NGN 888677.07,NGN,PAID
INV-008006,WO-009066,CUST00510,26/11/2025,NGN 163292.14,NGN 12246.91,NGN 175539.05,NGN,unpaid
INV-008007,WO-009067,CUST00663,24/03/2026,NGN 269232.62,20192.45,NGN 289425.07,NGN,PAID
INV-008008,WO-009068,CUST00693,2026-07-29 03:24:02,NGN 567342.98,"NGN42,550.72","NGN609,893.70",NGN,paid
INV-008009,WO-009069,CUST00849,18/03/2025,NGN 64585.28,"4,843.90",NGN 69429.18,NGN,paid
INV-008010,WO-009070,CUST00175,2025-08-17 03:20:08,NGN 77004.12,"NGN5,775.31","NGN82,779.43",NGN,paid
INV-008011,WO-009071,CUST00186,16/10/2025,"NGN113,130.12",8484.76,"NGN121,614.88",NGN,PAID
INV-008012,WO-009072,CUST00552,03/11/2025,"1,465,469.57","NGN109,910.22",NGN 1575379.79,NGN,paid
INV-008013,WO-009073,CUST00956,1771467501000,NGN 474844.97,35613.37,"510,458.34",NGN,unpaid
INV-008014,WO-009074,CUST01752,1770486084000,"NGN376,348.28","NGN28,226.12","404,574.40",NGN,PAID
INV-008015,WO-009076,CUST00737,1744442127000,426144.86,31960.86,"458,105.72",NGN,paid
INV-008016,WO-009078,CUST00666,27/01/2025,"NGN181,324.61",NGN 13599.35,194923.96,NGN,paid
INV-008017,WO-009079,CUST00991,11/03/2025,NGN 134700.00,10102.50,"NGN144,802.50",ngn,PAID
INV-008018,WO-009080,CUST00688,1751552756000,"641,710.68",48128.30,"689,838.98",NGN,paid
INV-008019,WO-009081,CUST01001,1745521792000,42225.00,3166.88,"NGN45,391.88",ngn,unpaid
INV-008020,WO-009082,CUST01012,1781956532000,"209,797.66",NGN 15734.82,225532.48,NGN,paid
INV-008021,WO-009083,CUST00983,08/08/2025,52650.00,3948.75,NGN 56598.75,NGN,paid
INV-008022,WO-009084,CUST01154,1732208056000,NGN 108556.20,"NGN8,141.72","NGN116,697.92",ngn,PAID
INV-008023,WO-009085,CUST00883,23/07/2026,NGN 1137824.32,85336.82,NGN 1223161.14,NGN,unpaid
INV-008024,WO-009086,CUST00092,1753158299000,982698.13,"73,702.36","NGN1,056,400.49",NGN,paid
INV-008025,WO-009087,CUST00715,1775062696000,"NGN669,380.83","50,203.56","NGN719,584.39",NGN,PAID
INV-008026,WO-009088,CUST00547,18/08/2025,141547.86,NGN 10616.09,"NGN152,163.95",NGN,paid
INV-008027,WO-009089,CUST00305,1775101724000,"990,231.90",74267.39,NGN 1064499.29,NGN,paid
INV-008028,WO-009090,CUST01856,1754861130000,"6,200.00",NGN 465.00,"6,665.00",NGN,PAID
INV-008029,WO-009091,CUST00891,22/02/2026,NGN 294897.20,22117.29,"NGN317,014.49",NGN,PAID
INV-008030,WO-009092,CUST00363,20/09/2025,"NGN319,359.48","NGN23,951.96",343311.44,NGN,paid
INV-008031,WO-009093,CUST00762,2026-02-09 10:34:54,NGN 795558.41,"59,666.88",NGN 855225.29,NGN,paid
INV-008032,WO-009094,CUST00356,1760220823000,NGN 579626.21,NGN 43471.97,NGN 623098.18,NGN,paid
INV-008033,WO-009095,CUST01576,2024-10-25 04:44:46,"312,611.29",23445.85,"336,057.14",ngn,partial
INV-008034,WO-009096,CUST00967,22/08/2025,"8,400.00",630.00,NGN 9030.00,NGN,partial
INV-008035,WO-009097,CUST00714,2025-10-23 21:34:50,"NGN340,216.33",25516.22,"NGN365,732.55",NGN,paid
INV-008036,WO-009098,CUST02041,03/12/2025,"76,860.00",NGN 5764.50,"NGN82,624.50",NGN,paid
INV-008037,WO-009099,CUST00854,1781952819000,"NGN51,129.70",3834.73,"54,964.43",NGN,unpaid
INV-008038,WO-009100,CUST01200,1734551565000,262228.16,NGN 19667.11,NGN 281895.27,NGN,paid
INV-008039,WO-009101,CUST02343,24/01/2025,NGN 335712.65,"NGN25,178.45","NGN360,891.10",NGN,unpaid
INV-008040,WO-009102,CUST00272,2025-07-20 13:50:21,"121,885.66","NGN9,141.42",NGN 131027.08,NGN,paid
INV-008041,WO-009103,CUST01157,20/05/2025,NGN 2300.00,172.50,"NGN2,472.50",NGN,unpaid
INV-008042,WO-009104,CUST01535,2025-01-09 16:39:49,"177,861.28","NGN13,339.60","191,200.88",NGN,paid
INV-008043,WO-009105,CUST00714,23/12/2025,"450,653.37",NGN 33799.00,"484,452.37",NGN,partial
INV-008044,WO-009106,CUST00311,2025-08-23 02:04:49,"6,900.00",NGN 517.50,"7,417.50",NGN,paid
INV-008045,WO-009108,CUST00171,06/08/2025,NGN 696476.11,"52,235.71","NGN748,711.82",NGN,paid
INV-008046,WO-009109,CUST00911,2025-07-08 20:32:29,"NGN1,003,507.48",75263.06,"1,078,770.54",NGN,PAID
INV-008047,WO-009110,CUST00336,2026-07-01 14:42:16,"NGN8,550.00",641.25,"NGN9,191.25",NGN,partial
INV-008048,WO-009111,CUST00670,12/04/2025,"NGN5,625.00",421.88,6046.88,NGN,partial
INV-008049,WO-009112,CUST00797,1745291151000,NGN 689872.97,51740.47,"741,613.44",NGN,PAID
INV-008050,WO-009113,CUST01862,2025-02-21 11:30:02,"88,885.86",NGN 6666.44,95552.30,NGN,paid
INV-008051,WO-009114,CUST01403,07/06/2026,264822.25,"NGN19,861.67",NGN 284683.92,NGN,paid
INV-008052,WO-009116,CUST00019,27/03/2026,"500,911.17",NGN 37568.34,"538,479.51",NGN,paid
INV-008053,WO-009117,CUST00346,2025-01-09 12:50:07,"64,171.82","NGN4,812.89","NGN68,984.71",NGN,paid
INV-008054,WO-009118,CUST00872,2024-10-03 18:11:44,NGN 26950.00,NGN 2021.25,"NGN28,971.25",NGN,written_off
INV-008055,WO-009119,CUST00461,17/11/2025,"1,180,151.30",NGN 88511.35,1268662.65,NGN,paid
INV-008056,WO-009120,CUST00218,16/11/2024,NGN 24390.00,1829.25,26219.25,ngn,paid
